[2025-06-26T23:43:25.691+0000] {manager.py:483} INFO - Processing files using up to 2 processes at a time 
[2025-06-26T23:43:25.705+0000] {manager.py:484} INFO - Process each file at most once every 30 seconds
[2025-06-26T23:43:25.708+0000] {manager.py:485} INFO - Checking for new files in /opt/airflow/dags every 300 seconds
[2025-06-26T23:43:25.710+0000] {manager.py:821} INFO - Searching for files in /opt/airflow/dags
[2025-06-26T23:43:25.737+0000] {manager.py:824} INFO - There are 0 files in /opt/airflow/dags
[2025-06-26T23:48:25.825+0000] {manager.py:821} INFO - Searching for files in /opt/airflow/dags
[2025-06-26T23:48:26.333+0000] {manager.py:824} INFO - There are 0 files in /opt/airflow/dags
[2025-06-26T23:53:26.948+0000] {manager.py:821} INFO - Searching for files in /opt/airflow/dags
[2025-06-26T23:53:28.598+0000] {manager.py:824} INFO - There are 0 files in /opt/airflow/dags
[2025-06-26T23:58:29.981+0000] {manager.py:821} INFO - Searching for files in /opt/airflow/dags
[2025-06-26T23:58:36.477+0000] {manager.py:824} INFO - There are 0 files in /opt/airflow/dags
[2025-06-27T00:03:29.981+0000] {manager.py:821} INFO - Searching for files in /opt/airflow/dags
[2025-06-27T00:03:30.182+0000] {manager.py:824} INFO - There are 0 files in /opt/airflow/dags
[2025-06-27T00:08:30.040+0000] {manager.py:821} INFO - Searching for files in /opt/airflow/dags
[2025-06-27T00:08:30.252+0000] {manager.py:824} INFO - There are 0 files in /opt/airflow/dags
[2025-06-27T00:13:30.110+0000] {manager.py:821} INFO - Searching for files in /opt/airflow/dags
[2025-06-27T00:13:31.315+0000] {manager.py:824} INFO - There are 0 files in /opt/airflow/dags
[2025-06-27T18:01:41.394+0000] {manager.py:483} INFO - Processing files using up to 2 processes at a time 
[2025-06-27T18:01:41.404+0000] {manager.py:484} INFO - Process each file at most once every 30 seconds
[2025-06-27T18:01:41.405+0000] {manager.py:485} INFO - Checking for new files in /opt/airflow/dags every 300 seconds
[2025-06-27T18:01:41.408+0000] {manager.py:821} INFO - Searching for files in /opt/airflow/dags
[2025-06-27T18:01:41.421+0000] {manager.py:824} INFO - There are 0 files in /opt/airflow/dags
[2025-06-27T18:06:41.426+0000] {manager.py:821} INFO - Searching for files in /opt/airflow/dags
[2025-06-27T18:06:41.540+0000] {manager.py:824} INFO - There are 0 files in /opt/airflow/dags
[2025-06-27T18:11:42.045+0000] {manager.py:821} INFO - Searching for files in /opt/airflow/dags
[2025-06-27T18:11:42.066+0000] {manager.py:824} INFO - There are 0 files in /opt/airflow/dags
[2025-06-27T18:54:45.715+0000] {manager.py:483} INFO - Processing files using up to 2 processes at a time 
[2025-06-27T18:54:45.738+0000] {manager.py:484} INFO - Process each file at most once every 30 seconds
[2025-06-27T18:54:45.755+0000] {manager.py:485} INFO - Checking for new files in /opt/airflow/dags every 300 seconds
[2025-06-27T18:54:45.757+0000] {manager.py:821} INFO - Searching for files in /opt/airflow/dags
[2025-06-27T18:54:45.815+0000] {manager.py:824} INFO - There are 0 files in /opt/airflow/dags
[2025-06-27T18:59:46.460+0000] {manager.py:821} INFO - Searching for files in /opt/airflow/dags
[2025-06-27T18:59:48.288+0000] {manager.py:824} INFO - There are 0 files in /opt/airflow/dags
[2025-06-27T19:08:08.963+0000] {manager.py:483} INFO - Processing files using up to 2 processes at a time 
[2025-06-27T19:08:08.988+0000] {manager.py:484} INFO - Process each file at most once every 30 seconds
[2025-06-27T19:08:08.992+0000] {manager.py:485} INFO - Checking for new files in /opt/airflow/dags every 300 seconds
[2025-06-27T19:08:08.994+0000] {manager.py:821} INFO - Searching for files in /opt/airflow/dags
[2025-06-27T19:08:09.041+0000] {manager.py:824} INFO - There are 0 files in /opt/airflow/dags
[2025-06-27T19:12:35.864+0000] {manager.py:465} INFO - Exiting gracefully upon receiving signal 15
[2025-06-27T20:16:53.271+0000] {manager.py:483} INFO - Processing files using up to 2 processes at a time 
[2025-06-27T20:16:53.286+0000] {manager.py:484} INFO - Process each file at most once every 30 seconds
[2025-06-27T20:16:53.287+0000] {manager.py:485} INFO - Checking for new files in /opt/airflow/dags every 300 seconds
[2025-06-27T20:16:53.297+0000] {manager.py:821} INFO - Searching for files in /opt/airflow/dags
[2025-06-27T20:16:53.405+0000] {manager.py:824} INFO - There are 1 files in /opt/airflow/dags
[2025-06-27T20:16:54.801+0000] {manager.py:997} INFO - 
================================================================================
DAG File Processing Stats

File Path                                    PID  Runtime      # DAGs    # Errors  Last Runtime    Last Run      Last # of DB Queries
-----------------------------------------  -----  ---------  --------  ----------  --------------  ----------  ----------------------
/opt/airflow/dags/driven_data_pipeline.py     74  0.65s             0           0                                                   0
================================================================================
[2025-06-27T20:17:25.470+0000] {manager.py:997} INFO - 
================================================================================
DAG File Processing Stats

File Path                                  PID    Runtime      # DAGs    # Errors  Last Runtime    Last Run               Last # of DB Queries
-----------------------------------------  -----  ---------  --------  ----------  --------------  -------------------  ----------------------
/opt/airflow/dags/driven_data_pipeline.py                           0           1  1.47s           2025-06-27T20:16:55                       3
================================================================================
[2025-06-27T20:17:55.557+0000] {manager.py:997} INFO - 
================================================================================
DAG File Processing Stats

File Path                                  PID    Runtime      # DAGs    # Errors  Last Runtime    Last Run               Last # of DB Queries
-----------------------------------------  -----  ---------  --------  ----------  --------------  -------------------  ----------------------
/opt/airflow/dags/driven_data_pipeline.py                           0           1  0.50s           2025-06-27T20:17:26                       5
================================================================================
[2025-06-27T20:18:25.606+0000] {manager.py:997} INFO - 
================================================================================
DAG File Processing Stats

File Path                                  PID    Runtime      # DAGs    # Errors  Last Runtime    Last Run               Last # of DB Queries
-----------------------------------------  -----  ---------  --------  ----------  --------------  -------------------  ----------------------
/opt/airflow/dags/driven_data_pipeline.py                           0           1  1.84s           2025-06-27T20:17:58                       5
================================================================================
[2025-06-27T20:18:56.708+0000] {manager.py:997} INFO - 
================================================================================
DAG File Processing Stats

File Path                                  PID    Runtime      # DAGs    # Errors  Last Runtime    Last Run               Last # of DB Queries
-----------------------------------------  -----  ---------  --------  ----------  --------------  -------------------  ----------------------
/opt/airflow/dags/driven_data_pipeline.py                           0           1  0.48s           2025-06-27T20:18:29                       5
================================================================================
[2025-06-27T20:19:27.113+0000] {manager.py:997} INFO - 
================================================================================
DAG File Processing Stats

File Path                                  PID    Runtime      # DAGs    # Errors  Last Runtime    Last Run               Last # of DB Queries
-----------------------------------------  -----  ---------  --------  ----------  --------------  -------------------  ----------------------
/opt/airflow/dags/driven_data_pipeline.py                           0           1  14.65s          2025-06-27T20:19:20                       5
================================================================================
[2025-06-27T20:19:57.405+0000] {manager.py:997} INFO - 
================================================================================
DAG File Processing Stats

File Path                                  PID    Runtime      # DAGs    # Errors  Last Runtime    Last Run               Last # of DB Queries
-----------------------------------------  -----  ---------  --------  ----------  --------------  -------------------  ----------------------
/opt/airflow/dags/driven_data_pipeline.py                           0           1  0.38s           2025-06-27T20:19:51                       5
================================================================================
[2025-06-27T20:20:27.906+0000] {manager.py:997} INFO - 
================================================================================
DAG File Processing Stats

File Path                                  PID    Runtime      # DAGs    # Errors  Last Runtime    Last Run               Last # of DB Queries
-----------------------------------------  -----  ---------  --------  ----------  --------------  -------------------  ----------------------
/opt/airflow/dags/driven_data_pipeline.py                           0           1  1.13s           2025-06-27T20:20:23                       5
================================================================================
[2025-06-27T20:20:58.521+0000] {manager.py:997} INFO - 
================================================================================
DAG File Processing Stats

File Path                                  PID    Runtime      # DAGs    # Errors  Last Runtime    Last Run               Last # of DB Queries
-----------------------------------------  -----  ---------  --------  ----------  --------------  -------------------  ----------------------
/opt/airflow/dags/driven_data_pipeline.py                           0           1  0.42s           2025-06-27T20:20:53                       5
================================================================================
[2025-06-27T20:21:28.855+0000] {manager.py:997} INFO - 
================================================================================
DAG File Processing Stats

File Path                                  PID    Runtime      # DAGs    # Errors  Last Runtime    Last Run               Last # of DB Queries
-----------------------------------------  -----  ---------  --------  ----------  --------------  -------------------  ----------------------
/opt/airflow/dags/driven_data_pipeline.py                           0           1  0.15s           2025-06-27T20:21:23                       5
================================================================================
[2025-06-27T20:21:54.148+0000] {manager.py:821} INFO - Searching for files in /opt/airflow/dags
[2025-06-27T20:21:54.180+0000] {manager.py:824} INFO - There are 1 files in /opt/airflow/dags
[2025-06-27T20:21:59.367+0000] {manager.py:997} INFO - 
================================================================================
DAG File Processing Stats

File Path                                  PID    Runtime      # DAGs    # Errors  Last Runtime    Last Run               Last # of DB Queries
-----------------------------------------  -----  ---------  --------  ----------  --------------  -------------------  ----------------------
/opt/airflow/dags/driven_data_pipeline.py                           0           1  0.15s           2025-06-27T20:21:54                       5
================================================================================
[2025-06-27T20:22:29.831+0000] {manager.py:997} INFO - 
================================================================================
DAG File Processing Stats

File Path                                  PID    Runtime      # DAGs    # Errors  Last Runtime    Last Run               Last # of DB Queries
-----------------------------------------  -----  ---------  --------  ----------  --------------  -------------------  ----------------------
/opt/airflow/dags/driven_data_pipeline.py                           0           1  0.16s           2025-06-27T20:22:24                       5
================================================================================
[2025-06-27T20:23:00.239+0000] {manager.py:997} INFO - 
================================================================================
DAG File Processing Stats

File Path                                  PID    Runtime      # DAGs    # Errors  Last Runtime    Last Run               Last # of DB Queries
-----------------------------------------  -----  ---------  --------  ----------  --------------  -------------------  ----------------------
/opt/airflow/dags/driven_data_pipeline.py                           0           1  0.17s           2025-06-27T20:22:55                       5
================================================================================
[2025-06-27T20:23:30.783+0000] {manager.py:997} INFO - 
================================================================================
DAG File Processing Stats

File Path                                  PID    Runtime      # DAGs    # Errors  Last Runtime    Last Run               Last # of DB Queries
-----------------------------------------  -----  ---------  --------  ----------  --------------  -------------------  ----------------------
/opt/airflow/dags/driven_data_pipeline.py                           0           1  0.39s           2025-06-27T20:23:25                       5
================================================================================
[2025-06-27T20:24:01.170+0000] {manager.py:997} INFO - 
================================================================================
DAG File Processing Stats

File Path                                  PID    Runtime      # DAGs    # Errors  Last Runtime    Last Run               Last # of DB Queries
-----------------------------------------  -----  ---------  --------  ----------  --------------  -------------------  ----------------------
/opt/airflow/dags/driven_data_pipeline.py                           0           1  0.23s           2025-06-27T20:23:56                       5
================================================================================
[2025-06-27T20:24:31.514+0000] {manager.py:997} INFO - 
================================================================================
DAG File Processing Stats

File Path                                  PID    Runtime      # DAGs    # Errors  Last Runtime    Last Run               Last # of DB Queries
-----------------------------------------  -----  ---------  --------  ----------  --------------  -------------------  ----------------------
/opt/airflow/dags/driven_data_pipeline.py                           0           1  0.14s           2025-06-27T20:24:26                       5
================================================================================
[2025-06-27T20:25:01.939+0000] {manager.py:997} INFO - 
================================================================================
DAG File Processing Stats

File Path                                  PID    Runtime      # DAGs    # Errors  Last Runtime    Last Run               Last # of DB Queries
-----------------------------------------  -----  ---------  --------  ----------  --------------  -------------------  ----------------------
/opt/airflow/dags/driven_data_pipeline.py                           0           1  0.13s           2025-06-27T20:24:56                       5
================================================================================
[2025-06-27T20:25:32.293+0000] {manager.py:997} INFO - 
================================================================================
DAG File Processing Stats

File Path                                  PID    Runtime      # DAGs    # Errors  Last Runtime    Last Run               Last # of DB Queries
-----------------------------------------  -----  ---------  --------  ----------  --------------  -------------------  ----------------------
/opt/airflow/dags/driven_data_pipeline.py                           0           1  0.13s           2025-06-27T20:25:27                       5
================================================================================
[2025-06-27T20:26:02.687+0000] {manager.py:997} INFO - 
================================================================================
DAG File Processing Stats

File Path                                  PID    Runtime      # DAGs    # Errors  Last Runtime    Last Run               Last # of DB Queries
-----------------------------------------  -----  ---------  --------  ----------  --------------  -------------------  ----------------------
/opt/airflow/dags/driven_data_pipeline.py                           0           1  0.13s           2025-06-27T20:25:57                       5
================================================================================
[2025-06-27T20:26:33.040+0000] {manager.py:997} INFO - 
================================================================================
DAG File Processing Stats

File Path                                  PID    Runtime      # DAGs    # Errors  Last Runtime    Last Run               Last # of DB Queries
-----------------------------------------  -----  ---------  --------  ----------  --------------  -------------------  ----------------------
/opt/airflow/dags/driven_data_pipeline.py                           0           1  0.14s           2025-06-27T20:26:28                       5
================================================================================
[2025-06-27T20:26:54.247+0000] {manager.py:821} INFO - Searching for files in /opt/airflow/dags
[2025-06-27T20:26:54.268+0000] {manager.py:824} INFO - There are 1 files in /opt/airflow/dags
[2025-06-27T20:27:03.481+0000] {manager.py:997} INFO - 
================================================================================
DAG File Processing Stats

File Path                                  PID    Runtime      # DAGs    # Errors  Last Runtime    Last Run               Last # of DB Queries
-----------------------------------------  -----  ---------  --------  ----------  --------------  -------------------  ----------------------
/opt/airflow/dags/driven_data_pipeline.py                           0           1  0.13s           2025-06-27T20:26:58                       5
================================================================================
[2025-06-27T20:27:33.862+0000] {manager.py:997} INFO - 
================================================================================
DAG File Processing Stats

File Path                                  PID    Runtime      # DAGs    # Errors  Last Runtime    Last Run               Last # of DB Queries
-----------------------------------------  -----  ---------  --------  ----------  --------------  -------------------  ----------------------
/opt/airflow/dags/driven_data_pipeline.py                           0           1  0.22s           2025-06-27T20:27:28                       5
================================================================================
[2025-06-27T20:28:04.374+0000] {manager.py:997} INFO - 
================================================================================
DAG File Processing Stats

File Path                                  PID    Runtime      # DAGs    # Errors  Last Runtime    Last Run               Last # of DB Queries
-----------------------------------------  -----  ---------  --------  ----------  --------------  -------------------  ----------------------
/opt/airflow/dags/driven_data_pipeline.py                           0           1  0.24s           2025-06-27T20:27:59                       5
================================================================================
[2025-06-27T20:28:34.830+0000] {manager.py:997} INFO - 
================================================================================
DAG File Processing Stats

File Path                                  PID    Runtime      # DAGs    # Errors  Last Runtime    Last Run               Last # of DB Queries
-----------------------------------------  -----  ---------  --------  ----------  --------------  -------------------  ----------------------
/opt/airflow/dags/driven_data_pipeline.py                           0           1  0.25s           2025-06-27T20:28:29                       5
================================================================================
[2025-06-27T20:29:05.187+0000] {manager.py:997} INFO - 
================================================================================
DAG File Processing Stats

File Path                                  PID    Runtime      # DAGs    # Errors  Last Runtime    Last Run               Last # of DB Queries
-----------------------------------------  -----  ---------  --------  ----------  --------------  -------------------  ----------------------
/opt/airflow/dags/driven_data_pipeline.py                           0           1  0.15s           2025-06-27T20:29:00                       5
================================================================================
[2025-06-27T20:29:35.656+0000] {manager.py:997} INFO - 
================================================================================
DAG File Processing Stats

File Path                                  PID    Runtime      # DAGs    # Errors  Last Runtime    Last Run               Last # of DB Queries
-----------------------------------------  -----  ---------  --------  ----------  --------------  -------------------  ----------------------
/opt/airflow/dags/driven_data_pipeline.py                           0           1  0.21s           2025-06-27T20:29:30                       5
================================================================================
[2025-06-27T20:30:06.114+0000] {manager.py:997} INFO - 
================================================================================
DAG File Processing Stats

File Path                                  PID    Runtime      # DAGs    # Errors  Last Runtime    Last Run               Last # of DB Queries
-----------------------------------------  -----  ---------  --------  ----------  --------------  -------------------  ----------------------
/opt/airflow/dags/driven_data_pipeline.py                           0           1  0.23s           2025-06-27T20:30:01                       5
================================================================================
[2025-06-27T20:30:36.521+0000] {manager.py:997} INFO - 
================================================================================
DAG File Processing Stats

File Path                                  PID    Runtime      # DAGs    # Errors  Last Runtime    Last Run               Last # of DB Queries
-----------------------------------------  -----  ---------  --------  ----------  --------------  -------------------  ----------------------
/opt/airflow/dags/driven_data_pipeline.py                           0           1  0.15s           2025-06-27T20:30:31                       5
================================================================================
[2025-06-27T20:31:06.948+0000] {manager.py:997} INFO - 
================================================================================
DAG File Processing Stats

File Path                                  PID    Runtime      # DAGs    # Errors  Last Runtime    Last Run               Last # of DB Queries
-----------------------------------------  -----  ---------  --------  ----------  --------------  -------------------  ----------------------
/opt/airflow/dags/driven_data_pipeline.py                           0           1  0.16s           2025-06-27T20:31:01                       5
================================================================================
[2025-06-27T20:31:37.341+0000] {manager.py:997} INFO - 
================================================================================
DAG File Processing Stats

File Path                                  PID    Runtime      # DAGs    # Errors  Last Runtime    Last Run               Last # of DB Queries
-----------------------------------------  -----  ---------  --------  ----------  --------------  -------------------  ----------------------
/opt/airflow/dags/driven_data_pipeline.py                           0           1  0.13s           2025-06-27T20:31:32                       5
================================================================================
[2025-06-27T20:31:54.548+0000] {manager.py:821} INFO - Searching for files in /opt/airflow/dags
[2025-06-27T20:31:54.566+0000] {manager.py:824} INFO - There are 1 files in /opt/airflow/dags
[2025-06-27T20:32:07.830+0000] {manager.py:997} INFO - 
================================================================================
DAG File Processing Stats

File Path                                  PID    Runtime      # DAGs    # Errors  Last Runtime    Last Run               Last # of DB Queries
-----------------------------------------  -----  ---------  --------  ----------  --------------  -------------------  ----------------------
/opt/airflow/dags/driven_data_pipeline.py                           0           1  0.17s           2025-06-27T20:32:02                       5
================================================================================
[2025-06-27T20:32:38.270+0000] {manager.py:997} INFO - 
================================================================================
DAG File Processing Stats

File Path                                  PID    Runtime      # DAGs    # Errors  Last Runtime    Last Run               Last # of DB Queries
-----------------------------------------  -----  ---------  --------  ----------  --------------  -------------------  ----------------------
/opt/airflow/dags/driven_data_pipeline.py                           0           1  0.14s           2025-06-27T20:32:33                       5
================================================================================
[2025-06-27T20:33:08.680+0000] {manager.py:997} INFO - 
================================================================================
DAG File Processing Stats

File Path                                  PID    Runtime      # DAGs    # Errors  Last Runtime    Last Run               Last # of DB Queries
-----------------------------------------  -----  ---------  --------  ----------  --------------  -------------------  ----------------------
/opt/airflow/dags/driven_data_pipeline.py                           0           1  0.35s           2025-06-27T20:33:03                       5
================================================================================
[2025-06-27T20:33:39.043+0000] {manager.py:997} INFO - 
================================================================================
DAG File Processing Stats

File Path                                  PID    Runtime      # DAGs    # Errors  Last Runtime    Last Run               Last # of DB Queries
-----------------------------------------  -----  ---------  --------  ----------  --------------  -------------------  ----------------------
/opt/airflow/dags/driven_data_pipeline.py                           0           1  0.16s           2025-06-27T20:33:34                       5
================================================================================
[2025-06-27T20:34:09.568+0000] {manager.py:997} INFO - 
================================================================================
DAG File Processing Stats

File Path                                  PID    Runtime      # DAGs    # Errors  Last Runtime    Last Run               Last # of DB Queries
-----------------------------------------  -----  ---------  --------  ----------  --------------  -------------------  ----------------------
/opt/airflow/dags/driven_data_pipeline.py                           0           1  0.23s           2025-06-27T20:34:04                       5
================================================================================
[2025-06-27T20:34:39.983+0000] {manager.py:997} INFO - 
================================================================================
DAG File Processing Stats

File Path                                  PID    Runtime      # DAGs    # Errors  Last Runtime    Last Run               Last # of DB Queries
-----------------------------------------  -----  ---------  --------  ----------  --------------  -------------------  ----------------------
/opt/airflow/dags/driven_data_pipeline.py                           0           1  0.13s           2025-06-27T20:34:34                       5
================================================================================
[2025-06-27T20:35:10.353+0000] {manager.py:997} INFO - 
================================================================================
DAG File Processing Stats

File Path                                  PID    Runtime      # DAGs    # Errors  Last Runtime    Last Run               Last # of DB Queries
-----------------------------------------  -----  ---------  --------  ----------  --------------  -------------------  ----------------------
/opt/airflow/dags/driven_data_pipeline.py                           0           1  0.16s           2025-06-27T20:35:05                       5
================================================================================
[2025-06-27T20:35:40.793+0000] {manager.py:997} INFO - 
================================================================================
DAG File Processing Stats

File Path                                  PID    Runtime      # DAGs    # Errors  Last Runtime    Last Run               Last # of DB Queries
-----------------------------------------  -----  ---------  --------  ----------  --------------  -------------------  ----------------------
/opt/airflow/dags/driven_data_pipeline.py                           0           1  0.20s           2025-06-27T20:35:35                       5
================================================================================
[2025-06-27T20:36:11.228+0000] {manager.py:997} INFO - 
================================================================================
DAG File Processing Stats

File Path                                  PID    Runtime      # DAGs    # Errors  Last Runtime    Last Run               Last # of DB Queries
-----------------------------------------  -----  ---------  --------  ----------  --------------  -------------------  ----------------------
/opt/airflow/dags/driven_data_pipeline.py                           0           1  0.14s           2025-06-27T20:36:06                       5
================================================================================
[2025-06-27T20:36:41.618+0000] {manager.py:997} INFO - 
================================================================================
DAG File Processing Stats

File Path                                  PID    Runtime      # DAGs    # Errors  Last Runtime    Last Run               Last # of DB Queries
-----------------------------------------  -----  ---------  --------  ----------  --------------  -------------------  ----------------------
/opt/airflow/dags/driven_data_pipeline.py                           0           1  0.16s           2025-06-27T20:36:36                       5
================================================================================
[2025-06-27T20:36:54.773+0000] {manager.py:821} INFO - Searching for files in /opt/airflow/dags
[2025-06-27T20:36:54.794+0000] {manager.py:824} INFO - There are 1 files in /opt/airflow/dags
[2025-06-27T20:37:12.079+0000] {manager.py:997} INFO - 
================================================================================
DAG File Processing Stats

File Path                                  PID    Runtime      # DAGs    # Errors  Last Runtime    Last Run               Last # of DB Queries
-----------------------------------------  -----  ---------  --------  ----------  --------------  -------------------  ----------------------
/opt/airflow/dags/driven_data_pipeline.py                           0           1  0.18s           2025-06-27T20:37:07                       5
================================================================================
[2025-06-27T20:37:42.593+0000] {manager.py:997} INFO - 
================================================================================
DAG File Processing Stats

File Path                                  PID    Runtime      # DAGs    # Errors  Last Runtime    Last Run               Last # of DB Queries
-----------------------------------------  -----  ---------  --------  ----------  --------------  -------------------  ----------------------
/opt/airflow/dags/driven_data_pipeline.py                           0           1  0.22s           2025-06-27T20:37:37                       5
================================================================================
[2025-06-27T20:38:13.379+0000] {manager.py:997} INFO - 
================================================================================
DAG File Processing Stats

File Path                                  PID    Runtime      # DAGs    # Errors  Last Runtime    Last Run               Last # of DB Queries
-----------------------------------------  -----  ---------  --------  ----------  --------------  -------------------  ----------------------
/opt/airflow/dags/driven_data_pipeline.py                           0           1  0.17s           2025-06-27T20:38:12                       5
================================================================================
[2025-06-27T20:38:43.845+0000] {manager.py:997} INFO - 
================================================================================
DAG File Processing Stats

File Path                                  PID    Runtime      # DAGs    # Errors  Last Runtime    Last Run               Last # of DB Queries
-----------------------------------------  -----  ---------  --------  ----------  --------------  -------------------  ----------------------
/opt/airflow/dags/driven_data_pipeline.py                           0           1  0.15s           2025-06-27T20:38:34                       5
================================================================================
[2025-06-27T20:39:14.510+0000] {manager.py:997} INFO - 
================================================================================
DAG File Processing Stats

File Path                                    PID  Runtime      # DAGs    # Errors  Last Runtime    Last Run               Last # of DB Queries
-----------------------------------------  -----  ---------  --------  ----------  --------------  -------------------  ----------------------
/opt/airflow/dags/driven_data_pipeline.py    402  0.01s             0           1  0.17s           2025-06-27T20:39:13                       5
================================================================================
[2025-06-27T20:39:45.265+0000] {manager.py:997} INFO - 
================================================================================
DAG File Processing Stats

File Path                                  PID    Runtime      # DAGs    # Errors  Last Runtime    Last Run               Last # of DB Queries
-----------------------------------------  -----  ---------  --------  ----------  --------------  -------------------  ----------------------
/opt/airflow/dags/driven_data_pipeline.py                           0           1  0.16s           2025-06-27T20:39:28                       5
================================================================================
[2025-06-27T20:40:15.673+0000] {manager.py:997} INFO - 
================================================================================
DAG File Processing Stats

File Path                                  PID    Runtime      # DAGs    # Errors  Last Runtime    Last Run               Last # of DB Queries
-----------------------------------------  -----  ---------  --------  ----------  --------------  -------------------  ----------------------
/opt/airflow/dags/driven_data_pipeline.py                           0           1  0.18s           2025-06-27T20:39:58                       5
================================================================================
[2025-06-27T20:40:49.215+0000] {manager.py:997} INFO - 
================================================================================
DAG File Processing Stats

File Path                                    PID  Runtime      # DAGs    # Errors  Last Runtime    Last Run               Last # of DB Queries
-----------------------------------------  -----  ---------  --------  ----------  --------------  -------------------  ----------------------
/opt/airflow/dags/driven_data_pipeline.py    427  0.01s             0           1  0.14s           2025-06-27T20:40:28                       5
================================================================================
[2025-06-27T20:41:19.560+0000] {manager.py:997} INFO - 
================================================================================
DAG File Processing Stats

File Path                                  PID    Runtime      # DAGs    # Errors  Last Runtime    Last Run               Last # of DB Queries
-----------------------------------------  -----  ---------  --------  ----------  --------------  -------------------  ----------------------
/opt/airflow/dags/driven_data_pipeline.py                           1           0  2.64s           2025-06-27T20:40:51                      45
================================================================================
[2025-06-27T20:41:49.742+0000] {manager.py:997} INFO - 
================================================================================
DAG File Processing Stats

File Path                                  PID    Runtime      # DAGs    # Errors  Last Runtime    Last Run               Last # of DB Queries
-----------------------------------------  -----  ---------  --------  ----------  --------------  -------------------  ----------------------
/opt/airflow/dags/driven_data_pipeline.py                           1           0  0.79s           2025-06-27T20:41:35                      12
================================================================================
[2025-06-27T20:41:54.784+0000] {manager.py:821} INFO - Searching for files in /opt/airflow/dags
[2025-06-27T20:41:54.819+0000] {manager.py:824} INFO - There are 1 files in /opt/airflow/dags
[2025-06-27T20:42:02.224+0000] {manager.py:465} INFO - Exiting gracefully upon receiving signal 15
[2025-06-27T20:42:43.738+0000] {manager.py:483} INFO - Processing files using up to 2 processes at a time 
[2025-06-27T20:42:43.740+0000] {manager.py:484} INFO - Process each file at most once every 30 seconds
[2025-06-27T20:42:43.741+0000] {manager.py:485} INFO - Checking for new files in /opt/airflow/dags every 300 seconds
[2025-06-27T20:42:43.742+0000] {manager.py:821} INFO - Searching for files in /opt/airflow/dags
[2025-06-27T20:42:43.783+0000] {manager.py:824} INFO - There are 1 files in /opt/airflow/dags
[2025-06-27T20:42:44.132+0000] {manager.py:997} INFO - 
================================================================================
DAG File Processing Stats

File Path                                    PID  Runtime      # DAGs    # Errors  Last Runtime    Last Run      Last # of DB Queries
-----------------------------------------  -----  ---------  --------  ----------  --------------  ----------  ----------------------
/opt/airflow/dags/driven_data_pipeline.py     55  0.19s             0           0                                                   0
================================================================================
[2025-06-27T20:43:14.339+0000] {manager.py:997} INFO - 
================================================================================
DAG File Processing Stats

File Path                                  PID    Runtime      # DAGs    # Errors  Last Runtime    Last Run               Last # of DB Queries
-----------------------------------------  -----  ---------  --------  ----------  --------------  -------------------  ----------------------
/opt/airflow/dags/driven_data_pipeline.py                           1           0  2.95s           2025-06-27T20:42:46                      12
================================================================================
[2025-06-27T20:43:44.652+0000] {manager.py:997} INFO - 
================================================================================
DAG File Processing Stats

File Path                                  PID    Runtime      # DAGs    # Errors  Last Runtime    Last Run               Last # of DB Queries
-----------------------------------------  -----  ---------  --------  ----------  --------------  -------------------  ----------------------
/opt/airflow/dags/driven_data_pipeline.py                           1           0  0.97s           2025-06-27T20:43:18                      12
================================================================================
[2025-06-27T20:44:14.801+0000] {manager.py:997} INFO - 
================================================================================
DAG File Processing Stats

File Path                                  PID    Runtime      # DAGs    # Errors  Last Runtime    Last Run               Last # of DB Queries
-----------------------------------------  -----  ---------  --------  ----------  --------------  -------------------  ----------------------
/opt/airflow/dags/driven_data_pipeline.py                           1           0  0.80s           2025-06-27T20:43:49                      12
================================================================================
[2025-06-27T20:44:44.888+0000] {manager.py:997} INFO - 
================================================================================
DAG File Processing Stats

File Path                                  PID    Runtime      # DAGs    # Errors  Last Runtime    Last Run               Last # of DB Queries
-----------------------------------------  -----  ---------  --------  ----------  --------------  -------------------  ----------------------
/opt/airflow/dags/driven_data_pipeline.py                           1           0  1.78s           2025-06-27T20:44:21                      12
================================================================================
[2025-06-27T20:45:14.957+0000] {manager.py:997} INFO - 
================================================================================
DAG File Processing Stats

File Path                                  PID    Runtime      # DAGs    # Errors  Last Runtime    Last Run               Last # of DB Queries
-----------------------------------------  -----  ---------  --------  ----------  --------------  -------------------  ----------------------
/opt/airflow/dags/driven_data_pipeline.py                           1           0  0.97s           2025-06-27T20:44:52                      12
================================================================================
[2025-06-27T20:45:45.026+0000] {manager.py:997} INFO - 
================================================================================
DAG File Processing Stats

File Path                                  PID    Runtime      # DAGs    # Errors  Last Runtime    Last Run               Last # of DB Queries
-----------------------------------------  -----  ---------  --------  ----------  --------------  -------------------  ----------------------
/opt/airflow/dags/driven_data_pipeline.py                           1           0  0.74s           2025-06-27T20:45:23                      12
================================================================================
[2025-06-27T20:46:15.844+0000] {manager.py:997} INFO - 
================================================================================
DAG File Processing Stats

File Path                                  PID    Runtime      # DAGs    # Errors  Last Runtime    Last Run               Last # of DB Queries
-----------------------------------------  -----  ---------  --------  ----------  --------------  -------------------  ----------------------
/opt/airflow/dags/driven_data_pipeline.py                           1           0  0.47s           2025-06-27T20:45:54                      12
================================================================================
[2025-06-27T20:46:46.098+0000] {manager.py:997} INFO - 
================================================================================
DAG File Processing Stats

File Path                                  PID    Runtime      # DAGs    # Errors  Last Runtime    Last Run               Last # of DB Queries
-----------------------------------------  -----  ---------  --------  ----------  --------------  -------------------  ----------------------
/opt/airflow/dags/driven_data_pipeline.py                           1           0  0.83s           2025-06-27T20:46:25                      12
================================================================================
[2025-06-27T20:47:16.767+0000] {manager.py:997} INFO - 
================================================================================
DAG File Processing Stats

File Path                                  PID    Runtime      # DAGs    # Errors  Last Runtime    Last Run               Last # of DB Queries
-----------------------------------------  -----  ---------  --------  ----------  --------------  -------------------  ----------------------
/opt/airflow/dags/driven_data_pipeline.py                           1           0  0.61s           2025-06-27T20:46:56                      12
================================================================================
[2025-06-27T20:47:44.302+0000] {manager.py:821} INFO - Searching for files in /opt/airflow/dags
[2025-06-27T20:47:44.335+0000] {manager.py:824} INFO - There are 1 files in /opt/airflow/dags
[2025-06-27T20:47:47.403+0000] {manager.py:997} INFO - 
================================================================================
DAG File Processing Stats

File Path                                  PID    Runtime      # DAGs    # Errors  Last Runtime    Last Run               Last # of DB Queries
-----------------------------------------  -----  ---------  --------  ----------  --------------  -------------------  ----------------------
/opt/airflow/dags/driven_data_pipeline.py                           1           0  0.52s           2025-06-27T20:47:27                      12
================================================================================
[2025-06-27T20:48:17.940+0000] {manager.py:997} INFO - 
================================================================================
DAG File Processing Stats

File Path                                  PID    Runtime      # DAGs    # Errors  Last Runtime    Last Run               Last # of DB Queries
-----------------------------------------  -----  ---------  --------  ----------  --------------  -------------------  ----------------------
/opt/airflow/dags/driven_data_pipeline.py                           1           0  0.51s           2025-06-27T20:47:58                      12
================================================================================
[2025-06-27T20:48:48.529+0000] {manager.py:997} INFO - 
================================================================================
DAG File Processing Stats

File Path                                  PID    Runtime      # DAGs    # Errors  Last Runtime    Last Run               Last # of DB Queries
-----------------------------------------  -----  ---------  --------  ----------  --------------  -------------------  ----------------------
/opt/airflow/dags/driven_data_pipeline.py                           1           0  0.57s           2025-06-27T20:48:28                      12
================================================================================
[2025-06-27T20:49:18.772+0000] {manager.py:997} INFO - 
================================================================================
DAG File Processing Stats

File Path                                  PID    Runtime      # DAGs    # Errors  Last Runtime    Last Run               Last # of DB Queries
-----------------------------------------  -----  ---------  --------  ----------  --------------  -------------------  ----------------------
/opt/airflow/dags/driven_data_pipeline.py                           1           0  0.50s           2025-06-27T20:48:59                      12
================================================================================
[2025-06-27T20:49:49.683+0000] {manager.py:997} INFO - 
================================================================================
DAG File Processing Stats

File Path                                  PID    Runtime      # DAGs    # Errors  Last Runtime    Last Run               Last # of DB Queries
-----------------------------------------  -----  ---------  --------  ----------  --------------  -------------------  ----------------------
/opt/airflow/dags/driven_data_pipeline.py                           1           0  0.55s           2025-06-27T20:49:30                      12
================================================================================
[2025-06-27T20:50:20.049+0000] {manager.py:997} INFO - 
================================================================================
DAG File Processing Stats

File Path                                  PID    Runtime      # DAGs    # Errors  Last Runtime    Last Run               Last # of DB Queries
-----------------------------------------  -----  ---------  --------  ----------  --------------  -------------------  ----------------------
/opt/airflow/dags/driven_data_pipeline.py                           1           0  0.57s           2025-06-27T20:50:01                      12
================================================================================
[2025-06-27T20:50:50.282+0000] {manager.py:997} INFO - 
================================================================================
DAG File Processing Stats

File Path                                  PID    Runtime      # DAGs    # Errors  Last Runtime    Last Run               Last # of DB Queries
-----------------------------------------  -----  ---------  --------  ----------  --------------  -------------------  ----------------------
/opt/airflow/dags/driven_data_pipeline.py                           1           0  3.87s           2025-06-27T20:50:35                      12
================================================================================
[2025-06-27T20:51:20.420+0000] {manager.py:997} INFO - 
================================================================================
DAG File Processing Stats

File Path                                  PID    Runtime      # DAGs    # Errors  Last Runtime    Last Run               Last # of DB Queries
-----------------------------------------  -----  ---------  --------  ----------  --------------  -------------------  ----------------------
/opt/airflow/dags/driven_data_pipeline.py                           1           0  13.89s          2025-06-27T20:51:20                      12
================================================================================
[2025-06-27T20:51:51.558+0000] {manager.py:997} INFO - 
================================================================================
DAG File Processing Stats

File Path                                    PID  Runtime      # DAGs    # Errors  Last Runtime    Last Run               Last # of DB Queries
-----------------------------------------  -----  ---------  --------  ----------  --------------  -------------------  ----------------------
/opt/airflow/dags/driven_data_pipeline.py    200  0.11s             1           0  13.89s          2025-06-27T20:51:20                      12
================================================================================
[2025-06-27T20:52:21.742+0000] {manager.py:997} INFO - 
================================================================================
DAG File Processing Stats

File Path                                  PID    Runtime      # DAGs    # Errors  Last Runtime    Last Run               Last # of DB Queries
-----------------------------------------  -----  ---------  --------  ----------  --------------  -------------------  ----------------------
/opt/airflow/dags/driven_data_pipeline.py                           1           0  6.65s           2025-06-27T20:51:57                      12
================================================================================
[2025-06-27T20:52:44.425+0000] {manager.py:821} INFO - Searching for files in /opt/airflow/dags
[2025-06-27T20:52:44.512+0000] {manager.py:824} INFO - There are 1 files in /opt/airflow/dags
[2025-06-27T20:52:52.694+0000] {manager.py:997} INFO - 
================================================================================
DAG File Processing Stats

File Path                                  PID    Runtime      # DAGs    # Errors  Last Runtime    Last Run               Last # of DB Queries
-----------------------------------------  -----  ---------  --------  ----------  --------------  -------------------  ----------------------
/opt/airflow/dags/driven_data_pipeline.py                           1           0  3.26s           2025-06-27T20:52:31                      12
================================================================================
[2025-06-27T20:53:23.223+0000] {manager.py:997} INFO - 
================================================================================
DAG File Processing Stats

File Path                                  PID    Runtime      # DAGs    # Errors  Last Runtime    Last Run               Last # of DB Queries
-----------------------------------------  -----  ---------  --------  ----------  --------------  -------------------  ----------------------
/opt/airflow/dags/driven_data_pipeline.py                           1           0  1.95s           2025-06-27T20:52:54                      18
================================================================================
[2025-06-27T20:53:53.609+0000] {manager.py:997} INFO - 
================================================================================
DAG File Processing Stats

File Path                                  PID    Runtime      # DAGs    # Errors  Last Runtime    Last Run               Last # of DB Queries
-----------------------------------------  -----  ---------  --------  ----------  --------------  -------------------  ----------------------
/opt/airflow/dags/driven_data_pipeline.py                           1           0  0.58s           2025-06-27T20:53:25                      12
================================================================================
[2025-06-27T20:54:23.936+0000] {manager.py:997} INFO - 
================================================================================
DAG File Processing Stats

File Path                                  PID    Runtime      # DAGs    # Errors  Last Runtime    Last Run               Last # of DB Queries
-----------------------------------------  -----  ---------  --------  ----------  --------------  -------------------  ----------------------
/opt/airflow/dags/driven_data_pipeline.py                           1           0  0.56s           2025-06-27T20:53:56                      12
================================================================================
[2025-06-27T20:54:54.728+0000] {manager.py:997} INFO - 
================================================================================
DAG File Processing Stats

File Path                                  PID    Runtime      # DAGs    # Errors  Last Runtime    Last Run               Last # of DB Queries
-----------------------------------------  -----  ---------  --------  ----------  --------------  -------------------  ----------------------
/opt/airflow/dags/driven_data_pipeline.py                           1           0  1.83s           2025-06-27T20:54:28                      12
================================================================================
[2025-06-27T20:55:25.239+0000] {manager.py:997} INFO - 
================================================================================
DAG File Processing Stats

File Path                                  PID    Runtime      # DAGs    # Errors  Last Runtime    Last Run               Last # of DB Queries
-----------------------------------------  -----  ---------  --------  ----------  --------------  -------------------  ----------------------
/opt/airflow/dags/driven_data_pipeline.py                           1           0  2.30s           2025-06-27T20:55:02                      12
================================================================================
[2025-06-27T20:55:55.577+0000] {manager.py:997} INFO - 
================================================================================
DAG File Processing Stats

File Path                                  PID    Runtime      # DAGs    # Errors  Last Runtime    Last Run               Last # of DB Queries
-----------------------------------------  -----  ---------  --------  ----------  --------------  -------------------  ----------------------
/opt/airflow/dags/driven_data_pipeline.py                           1           0  0.73s           2025-06-27T20:55:33                      12
================================================================================
[2025-06-27T20:56:25.666+0000] {manager.py:997} INFO - 
================================================================================
DAG File Processing Stats

File Path                                  PID    Runtime      # DAGs    # Errors  Last Runtime    Last Run               Last # of DB Queries
-----------------------------------------  -----  ---------  --------  ----------  --------------  -------------------  ----------------------
/opt/airflow/dags/driven_data_pipeline.py                           1           0  0.75s           2025-06-27T20:56:04                      12
================================================================================
[2025-06-27T20:56:56.565+0000] {manager.py:997} INFO - 
================================================================================
DAG File Processing Stats

File Path                                  PID    Runtime      # DAGs    # Errors  Last Runtime    Last Run               Last # of DB Queries
-----------------------------------------  -----  ---------  --------  ----------  --------------  -------------------  ----------------------
/opt/airflow/dags/driven_data_pipeline.py                           1           0  0.66s           2025-06-27T20:56:35                      12
================================================================================
[2025-06-27T20:57:26.773+0000] {manager.py:997} INFO - 
================================================================================
DAG File Processing Stats

File Path                                  PID    Runtime      # DAGs    # Errors  Last Runtime    Last Run               Last # of DB Queries
-----------------------------------------  -----  ---------  --------  ----------  --------------  -------------------  ----------------------
/opt/airflow/dags/driven_data_pipeline.py                           1           0  0.81s           2025-06-27T20:57:06                      12
================================================================================
[2025-06-27T20:57:44.512+0000] {manager.py:821} INFO - Searching for files in /opt/airflow/dags
[2025-06-27T20:57:44.571+0000] {manager.py:824} INFO - There are 1 files in /opt/airflow/dags
[2025-06-27T20:57:57.365+0000] {manager.py:997} INFO - 
================================================================================
DAG File Processing Stats

File Path                                  PID    Runtime      # DAGs    # Errors  Last Runtime    Last Run               Last # of DB Queries
-----------------------------------------  -----  ---------  --------  ----------  --------------  -------------------  ----------------------
/opt/airflow/dags/driven_data_pipeline.py                           1           0  0.55s           2025-06-27T20:57:37                      12
================================================================================
[2025-06-27T20:58:27.729+0000] {manager.py:997} INFO - 
================================================================================
DAG File Processing Stats

File Path                                  PID    Runtime      # DAGs    # Errors  Last Runtime    Last Run               Last # of DB Queries
-----------------------------------------  -----  ---------  --------  ----------  --------------  -------------------  ----------------------
/opt/airflow/dags/driven_data_pipeline.py                           1           0  4.96s           2025-06-27T20:58:12                      12
================================================================================
[2025-06-27T20:58:58.073+0000] {manager.py:997} INFO - 
================================================================================
DAG File Processing Stats

File Path                                  PID    Runtime      # DAGs    # Errors  Last Runtime    Last Run               Last # of DB Queries
-----------------------------------------  -----  ---------  --------  ----------  --------------  -------------------  ----------------------
/opt/airflow/dags/driven_data_pipeline.py                           1           0  0.97s           2025-06-27T20:58:43                      12
================================================================================
[2025-06-27T20:59:28.209+0000] {manager.py:997} INFO - 
================================================================================
DAG File Processing Stats

File Path                                  PID    Runtime      # DAGs    # Errors  Last Runtime    Last Run               Last # of DB Queries
-----------------------------------------  -----  ---------  --------  ----------  --------------  -------------------  ----------------------
/opt/airflow/dags/driven_data_pipeline.py                           1           0  0.77s           2025-06-27T20:59:15                      12
================================================================================
[2025-06-27T20:59:59.053+0000] {manager.py:997} INFO - 
================================================================================
DAG File Processing Stats

File Path                                  PID    Runtime      # DAGs    # Errors  Last Runtime    Last Run               Last # of DB Queries
-----------------------------------------  -----  ---------  --------  ----------  --------------  -------------------  ----------------------
/opt/airflow/dags/driven_data_pipeline.py                           1           0  0.51s           2025-06-27T20:59:45                      12
================================================================================
[2025-06-27T21:00:29.111+0000] {manager.py:997} INFO - 
================================================================================
DAG File Processing Stats

File Path                                  PID    Runtime      # DAGs    # Errors  Last Runtime    Last Run               Last # of DB Queries
-----------------------------------------  -----  ---------  --------  ----------  --------------  -------------------  ----------------------
/opt/airflow/dags/driven_data_pipeline.py                           1           0  2.64s           2025-06-27T21:00:18                      12
================================================================================
[2025-06-27T21:00:59.198+0000] {manager.py:997} INFO - 
================================================================================
DAG File Processing Stats

File Path                                  PID    Runtime      # DAGs    # Errors  Last Runtime    Last Run               Last # of DB Queries
-----------------------------------------  -----  ---------  --------  ----------  --------------  -------------------  ----------------------
/opt/airflow/dags/driven_data_pipeline.py                           1           0  0.64s           2025-06-27T21:00:50                      12
================================================================================
[2025-06-27T21:01:29.521+0000] {manager.py:997} INFO - 
================================================================================
DAG File Processing Stats

File Path                                  PID    Runtime      # DAGs    # Errors  Last Runtime    Last Run               Last # of DB Queries
-----------------------------------------  -----  ---------  --------  ----------  --------------  -------------------  ----------------------
/opt/airflow/dags/driven_data_pipeline.py                           1           0  0.55s           2025-06-27T21:01:20                      12
================================================================================
[2025-06-27T21:01:59.843+0000] {manager.py:997} INFO - 
================================================================================
DAG File Processing Stats

File Path                                  PID    Runtime      # DAGs    # Errors  Last Runtime    Last Run               Last # of DB Queries
-----------------------------------------  -----  ---------  --------  ----------  --------------  -------------------  ----------------------
/opt/airflow/dags/driven_data_pipeline.py                           1           0  0.57s           2025-06-27T21:01:51                      12
================================================================================
[2025-06-27T21:02:30.148+0000] {manager.py:997} INFO - 
================================================================================
DAG File Processing Stats

File Path                                  PID    Runtime      # DAGs    # Errors  Last Runtime    Last Run               Last # of DB Queries
-----------------------------------------  -----  ---------  --------  ----------  --------------  -------------------  ----------------------
/opt/airflow/dags/driven_data_pipeline.py                           1           0  1.95s           2025-06-27T21:02:24                      12
================================================================================
[2025-06-27T21:02:44.687+0000] {manager.py:821} INFO - Searching for files in /opt/airflow/dags
[2025-06-27T21:02:44.730+0000] {manager.py:824} INFO - There are 1 files in /opt/airflow/dags
[2025-06-27T21:03:00.929+0000] {manager.py:997} INFO - 
================================================================================
DAG File Processing Stats

File Path                                  PID    Runtime      # DAGs    # Errors  Last Runtime    Last Run               Last # of DB Queries
-----------------------------------------  -----  ---------  --------  ----------  --------------  -------------------  ----------------------
/opt/airflow/dags/driven_data_pipeline.py                           1           0  0.62s           2025-06-27T21:02:55                      12
================================================================================
[2025-06-27T21:03:31.080+0000] {manager.py:997} INFO - 
================================================================================
DAG File Processing Stats

File Path                                  PID    Runtime      # DAGs    # Errors  Last Runtime    Last Run               Last # of DB Queries
-----------------------------------------  -----  ---------  --------  ----------  --------------  -------------------  ----------------------
/opt/airflow/dags/driven_data_pipeline.py                           1           0  0.64s           2025-06-27T21:03:25                      12
================================================================================
[2025-06-27T21:03:48.765+0000] {manager.py:465} INFO - Exiting gracefully upon receiving signal 15
[2025-06-27T21:08:51.644+0000] {manager.py:483} INFO - Processing files using up to 2 processes at a time 
[2025-06-27T21:08:51.660+0000] {manager.py:484} INFO - Process each file at most once every 30 seconds
[2025-06-27T21:08:51.665+0000] {manager.py:485} INFO - Checking for new files in /opt/airflow/dags every 300 seconds
[2025-06-27T21:08:51.680+0000] {manager.py:821} INFO - Searching for files in /opt/airflow/dags
[2025-06-27T21:08:52.110+0000] {manager.py:824} INFO - There are 1 files in /opt/airflow/dags
[2025-06-27T21:08:57.189+0000] {manager.py:997} INFO - 
================================================================================
DAG File Processing Stats

File Path                                    PID  Runtime      # DAGs    # Errors  Last Runtime    Last Run      Last # of DB Queries
-----------------------------------------  -----  ---------  --------  ----------  --------------  ----------  ----------------------
/opt/airflow/dags/driven_data_pipeline.py     76  0.38s             0           0                                                   0
================================================================================
[2025-06-27T21:09:28.149+0000] {manager.py:997} INFO - 
================================================================================
DAG File Processing Stats

File Path                                  PID    Runtime      # DAGs    # Errors  Last Runtime    Last Run               Last # of DB Queries
-----------------------------------------  -----  ---------  --------  ----------  --------------  -------------------  ----------------------
/opt/airflow/dags/driven_data_pipeline.py                           1           0  16.03s          2025-06-27T21:09:12                      12
================================================================================
[2025-06-27T21:09:58.498+0000] {manager.py:997} INFO - 
================================================================================
DAG File Processing Stats

File Path                                  PID    Runtime      # DAGs    # Errors  Last Runtime    Last Run               Last # of DB Queries
-----------------------------------------  -----  ---------  --------  ----------  --------------  -------------------  ----------------------
/opt/airflow/dags/driven_data_pipeline.py                           1           0  6.32s           2025-06-27T21:09:49                      12
================================================================================
[2025-06-27T21:10:28.796+0000] {manager.py:997} INFO - 
================================================================================
DAG File Processing Stats

File Path                                  PID    Runtime      # DAGs    # Errors  Last Runtime    Last Run               Last # of DB Queries
-----------------------------------------  -----  ---------  --------  ----------  --------------  -------------------  ----------------------
/opt/airflow/dags/driven_data_pipeline.py                           1           0  4.23s           2025-06-27T21:10:23                      12
================================================================================
[2025-06-27T21:10:58.988+0000] {manager.py:997} INFO - 
================================================================================
DAG File Processing Stats

File Path                                    PID  Runtime      # DAGs    # Errors  Last Runtime    Last Run               Last # of DB Queries
-----------------------------------------  -----  ---------  --------  ----------  --------------  -------------------  ----------------------
/opt/airflow/dags/driven_data_pipeline.py    107  1.31s             1           0  4.23s           2025-06-27T21:10:23                      12
================================================================================
[2025-06-27T21:11:29.813+0000] {manager.py:997} INFO - 
================================================================================
DAG File Processing Stats

File Path                                    PID  Runtime      # DAGs    # Errors  Last Runtime    Last Run               Last # of DB Queries
-----------------------------------------  -----  ---------  --------  ----------  --------------  -------------------  ----------------------
/opt/airflow/dags/driven_data_pipeline.py    107  32.32s            1           0  4.23s           2025-06-27T21:10:23                      12
================================================================================
[2025-06-27T21:12:00.523+0000] {manager.py:997} INFO - 
================================================================================
DAG File Processing Stats

File Path                                  PID    Runtime      # DAGs    # Errors  Last Runtime    Last Run               Last # of DB Queries
-----------------------------------------  -----  ---------  --------  ----------  --------------  -------------------  ----------------------
/opt/airflow/dags/driven_data_pipeline.py                           1           0  49.46s          2025-06-27T21:11:46                      12
================================================================================
[2025-06-27T21:12:30.850+0000] {manager.py:997} INFO - 
================================================================================
DAG File Processing Stats

File Path                                  PID    Runtime      # DAGs    # Errors  Last Runtime    Last Run               Last # of DB Queries
-----------------------------------------  -----  ---------  --------  ----------  --------------  -------------------  ----------------------
/opt/airflow/dags/driven_data_pipeline.py                           1           0  3.35s           2025-06-27T21:12:20                      12
================================================================================
[2025-06-27T21:13:01.690+0000] {manager.py:997} INFO - 
================================================================================
DAG File Processing Stats

File Path                                    PID  Runtime      # DAGs    # Errors  Last Runtime    Last Run               Last # of DB Queries
-----------------------------------------  -----  ---------  --------  ----------  --------------  -------------------  ----------------------
/opt/airflow/dags/driven_data_pipeline.py    134  10.30s            1           0  3.35s           2025-06-27T21:12:20                      12
================================================================================
[2025-06-27T21:13:32.204+0000] {manager.py:997} INFO - 
================================================================================
DAG File Processing Stats

File Path                                  PID    Runtime      # DAGs    # Errors  Last Runtime    Last Run               Last # of DB Queries
-----------------------------------------  -----  ---------  --------  ----------  --------------  -------------------  ----------------------
/opt/airflow/dags/driven_data_pipeline.py                           1           0  17.82s          2025-06-27T21:13:09                      12
================================================================================
[2025-06-27T21:13:52.251+0000] {manager.py:821} INFO - Searching for files in /opt/airflow/dags
[2025-06-27T21:13:52.406+0000] {manager.py:824} INFO - There are 1 files in /opt/airflow/dags
[2025-06-27T21:14:02.912+0000] {manager.py:997} INFO - 
================================================================================
DAG File Processing Stats

File Path                                  PID    Runtime      # DAGs    # Errors  Last Runtime    Last Run               Last # of DB Queries
-----------------------------------------  -----  ---------  --------  ----------  --------------  -------------------  ----------------------
/opt/airflow/dags/driven_data_pipeline.py                           1           0  5.33s           2025-06-27T21:13:46                      12
================================================================================
[2025-06-27T21:14:33.534+0000] {manager.py:997} INFO - 
================================================================================
DAG File Processing Stats

File Path                                  PID    Runtime      # DAGs    # Errors  Last Runtime    Last Run               Last # of DB Queries
-----------------------------------------  -----  ---------  --------  ----------  --------------  -------------------  ----------------------
/opt/airflow/dags/driven_data_pipeline.py                           1           0  0.96s           2025-06-27T21:14:17                      12
================================================================================
[2025-06-27T21:15:03.830+0000] {manager.py:997} INFO - 
================================================================================
DAG File Processing Stats

File Path                                  PID    Runtime      # DAGs    # Errors  Last Runtime    Last Run               Last # of DB Queries
-----------------------------------------  -----  ---------  --------  ----------  --------------  -------------------  ----------------------
/opt/airflow/dags/driven_data_pipeline.py                           1           0  0.89s           2025-06-27T21:14:48                      12
================================================================================
[2025-06-27T21:15:34.259+0000] {manager.py:997} INFO - 
================================================================================
DAG File Processing Stats

File Path                                  PID    Runtime      # DAGs    # Errors  Last Runtime    Last Run               Last # of DB Queries
-----------------------------------------  -----  ---------  --------  ----------  --------------  -------------------  ----------------------
/opt/airflow/dags/driven_data_pipeline.py                           1           0  2.08s           2025-06-27T21:15:21                      12
================================================================================
[2025-06-27T21:16:04.711+0000] {manager.py:997} INFO - 
================================================================================
DAG File Processing Stats

File Path                                  PID    Runtime      # DAGs    # Errors  Last Runtime    Last Run               Last # of DB Queries
-----------------------------------------  -----  ---------  --------  ----------  --------------  -------------------  ----------------------
/opt/airflow/dags/driven_data_pipeline.py                           1           0  0.91s           2025-06-27T21:15:52                      12
================================================================================
[2025-06-27T21:16:34.926+0000] {manager.py:997} INFO - 
================================================================================
DAG File Processing Stats

File Path                                  PID    Runtime      # DAGs    # Errors  Last Runtime    Last Run               Last # of DB Queries
-----------------------------------------  -----  ---------  --------  ----------  --------------  -------------------  ----------------------
/opt/airflow/dags/driven_data_pipeline.py                           1           0  1.73s           2025-06-27T21:16:24                      12
================================================================================
[2025-06-27T21:17:05.304+0000] {manager.py:997} INFO - 
================================================================================
DAG File Processing Stats

File Path                                  PID    Runtime      # DAGs    # Errors  Last Runtime    Last Run               Last # of DB Queries
-----------------------------------------  -----  ---------  --------  ----------  --------------  -------------------  ----------------------
/opt/airflow/dags/driven_data_pipeline.py                           1           0  1.03s           2025-06-27T21:16:56                      12
================================================================================
[2025-06-27T21:17:36.208+0000] {manager.py:997} INFO - 
================================================================================
DAG File Processing Stats

File Path                                  PID    Runtime      # DAGs    # Errors  Last Runtime    Last Run               Last # of DB Queries
-----------------------------------------  -----  ---------  --------  ----------  --------------  -------------------  ----------------------
/opt/airflow/dags/driven_data_pipeline.py                           1           0  1.58s           2025-06-27T21:17:28                      12
================================================================================
[2025-06-27T21:18:06.614+0000] {manager.py:997} INFO - 
================================================================================
DAG File Processing Stats

File Path                                  PID    Runtime      # DAGs    # Errors  Last Runtime    Last Run               Last # of DB Queries
-----------------------------------------  -----  ---------  --------  ----------  --------------  -------------------  ----------------------
/opt/airflow/dags/driven_data_pipeline.py                           1           0  1.00s           2025-06-27T21:17:59                      12
================================================================================
[2025-06-27T21:18:36.620+0000] {manager.py:997} INFO - 
================================================================================
DAG File Processing Stats

File Path                                  PID    Runtime      # DAGs    # Errors  Last Runtime    Last Run               Last # of DB Queries
-----------------------------------------  -----  ---------  --------  ----------  --------------  -------------------  ----------------------
/opt/airflow/dags/driven_data_pipeline.py                           1           0  0.93s           2025-06-27T21:18:31                      12
================================================================================
[2025-06-27T21:18:52.603+0000] {manager.py:821} INFO - Searching for files in /opt/airflow/dags
[2025-06-27T21:18:52.635+0000] {manager.py:824} INFO - There are 1 files in /opt/airflow/dags
[2025-06-27T21:19:06.960+0000] {manager.py:997} INFO - 
================================================================================
DAG File Processing Stats

File Path                                  PID    Runtime      # DAGs    # Errors  Last Runtime    Last Run               Last # of DB Queries
-----------------------------------------  -----  ---------  --------  ----------  --------------  -------------------  ----------------------
/opt/airflow/dags/driven_data_pipeline.py                           1           0  0.72s           2025-06-27T21:19:02                      12
================================================================================
[2025-06-27T21:19:37.264+0000] {manager.py:997} INFO - 
================================================================================
DAG File Processing Stats

File Path                                  PID    Runtime      # DAGs    # Errors  Last Runtime    Last Run               Last # of DB Queries
-----------------------------------------  -----  ---------  --------  ----------  --------------  -------------------  ----------------------
/opt/airflow/dags/driven_data_pipeline.py                           1           0  0.65s           2025-06-27T21:19:33                      12
================================================================================
[2025-06-27T21:20:07.906+0000] {manager.py:997} INFO - 
================================================================================
DAG File Processing Stats

File Path                                  PID    Runtime      # DAGs    # Errors  Last Runtime    Last Run               Last # of DB Queries
-----------------------------------------  -----  ---------  --------  ----------  --------------  -------------------  ----------------------
/opt/airflow/dags/driven_data_pipeline.py                           1           0  0.61s           2025-06-27T21:20:04                      12
================================================================================
[2025-06-27T21:20:38.221+0000] {manager.py:997} INFO - 
================================================================================
DAG File Processing Stats

File Path                                  PID    Runtime      # DAGs    # Errors  Last Runtime    Last Run               Last # of DB Queries
-----------------------------------------  -----  ---------  --------  ----------  --------------  -------------------  ----------------------
/opt/airflow/dags/driven_data_pipeline.py                           1           0  0.57s           2025-06-27T21:20:35                      12
================================================================================
[2025-06-27T21:21:08.292+0000] {manager.py:997} INFO - 
================================================================================
DAG File Processing Stats

File Path                                  PID    Runtime      # DAGs    # Errors  Last Runtime    Last Run               Last # of DB Queries
-----------------------------------------  -----  ---------  --------  ----------  --------------  -------------------  ----------------------
/opt/airflow/dags/driven_data_pipeline.py                           1           0  0.68s           2025-06-27T21:21:06                      12
================================================================================
[2025-06-27T21:21:38.986+0000] {manager.py:997} INFO - 
================================================================================
DAG File Processing Stats

File Path                                  PID    Runtime      # DAGs    # Errors  Last Runtime    Last Run               Last # of DB Queries
-----------------------------------------  -----  ---------  --------  ----------  --------------  -------------------  ----------------------
/opt/airflow/dags/driven_data_pipeline.py                           1           0  1.42s           2025-06-27T21:21:37                      12
================================================================================
[2025-06-27T21:22:09.503+0000] {manager.py:997} INFO - 
================================================================================
DAG File Processing Stats

File Path                                    PID  Runtime      # DAGs    # Errors  Last Runtime    Last Run               Last # of DB Queries
-----------------------------------------  -----  ---------  --------  ----------  --------------  -------------------  ----------------------
/opt/airflow/dags/driven_data_pipeline.py    274  1.05s             1           0  1.42s           2025-06-27T21:21:37                      12
================================================================================
[2025-06-27T21:22:40.092+0000] {manager.py:997} INFO - 
================================================================================
DAG File Processing Stats

File Path                                    PID  Runtime      # DAGs    # Errors  Last Runtime    Last Run               Last # of DB Queries
-----------------------------------------  -----  ---------  --------  ----------  --------------  -------------------  ----------------------
/opt/airflow/dags/driven_data_pipeline.py    282  0.01s             1           0  1.18s           2025-06-27T21:22:09                      12
================================================================================
[2025-06-27T21:22:40.690+0000] {manager.py:1146} ERROR - Processor for /opt/airflow/dags/driven_data_pipeline.py exited with return code 1.
[2025-06-27T21:23:10.528+0000] {manager.py:997} INFO - 
================================================================================
DAG File Processing Stats

File Path                                  PID    Runtime      # DAGs    # Errors  Last Runtime    Last Run               Last # of DB Queries
-----------------------------------------  -----  ---------  --------  ----------  --------------  -------------------  ----------------------
/opt/airflow/dags/driven_data_pipeline.py                           0          -1  0.61s           2025-06-27T21:22:40                       0
================================================================================
[2025-06-27T21:23:11.564+0000] {manager.py:1146} ERROR - Processor for /opt/airflow/dags/driven_data_pipeline.py exited with return code 1.
[2025-06-27T21:23:40.958+0000] {manager.py:997} INFO - 
================================================================================
DAG File Processing Stats

File Path                                  PID    Runtime      # DAGs    # Errors  Last Runtime    Last Run               Last # of DB Queries
-----------------------------------------  -----  ---------  --------  ----------  --------------  -------------------  ----------------------
/opt/airflow/dags/driven_data_pipeline.py                           0          -1  0.47s           2025-06-27T21:23:11                       0
================================================================================
[2025-06-27T21:23:42.464+0000] {manager.py:1146} ERROR - Processor for /opt/airflow/dags/driven_data_pipeline.py exited with return code 1.
[2025-06-27T21:23:53.146+0000] {manager.py:821} INFO - Searching for files in /opt/airflow/dags
[2025-06-27T21:23:53.285+0000] {manager.py:824} INFO - There are 1 files in /opt/airflow/dags
[2025-06-27T21:24:11.131+0000] {manager.py:997} INFO - 
================================================================================
DAG File Processing Stats

File Path                                  PID    Runtime      # DAGs    # Errors  Last Runtime    Last Run               Last # of DB Queries
-----------------------------------------  -----  ---------  --------  ----------  --------------  -------------------  ----------------------
/opt/airflow/dags/driven_data_pipeline.py                           0          -1  0.47s           2025-06-27T21:23:42                       0
================================================================================
[2025-06-27T21:24:14.259+0000] {manager.py:1146} ERROR - Processor for /opt/airflow/dags/driven_data_pipeline.py exited with return code 1.
[2025-06-27T21:24:41.613+0000] {manager.py:997} INFO - 
================================================================================
DAG File Processing Stats

File Path                                  PID    Runtime      # DAGs    # Errors  Last Runtime    Last Run               Last # of DB Queries
-----------------------------------------  -----  ---------  --------  ----------  --------------  -------------------  ----------------------
/opt/airflow/dags/driven_data_pipeline.py                           0          -1  1.05s           2025-06-27T21:24:14                       0
================================================================================
[2025-06-27T21:24:45.418+0000] {manager.py:1146} ERROR - Processor for /opt/airflow/dags/driven_data_pipeline.py exited with return code 1.
[2025-06-27T21:25:11.894+0000] {manager.py:997} INFO - 
================================================================================
DAG File Processing Stats

File Path                                  PID    Runtime      # DAGs    # Errors  Last Runtime    Last Run               Last # of DB Queries
-----------------------------------------  -----  ---------  --------  ----------  --------------  -------------------  ----------------------
/opt/airflow/dags/driven_data_pipeline.py                           0          -1  0.72s           2025-06-27T21:24:45                       0
================================================================================
[2025-06-27T21:25:16.926+0000] {manager.py:1146} ERROR - Processor for /opt/airflow/dags/driven_data_pipeline.py exited with return code 1.
[2025-06-27T21:25:42.286+0000] {manager.py:997} INFO - 
================================================================================
DAG File Processing Stats

File Path                                  PID    Runtime      # DAGs    # Errors  Last Runtime    Last Run               Last # of DB Queries
-----------------------------------------  -----  ---------  --------  ----------  --------------  -------------------  ----------------------
/opt/airflow/dags/driven_data_pipeline.py                           0          -1  0.94s           2025-06-27T21:25:16                       0
================================================================================
[2025-06-27T22:20:26.766+0000] {manager.py:483} INFO - Processing files using up to 2 processes at a time 
[2025-06-27T22:20:26.771+0000] {manager.py:484} INFO - Process each file at most once every 30 seconds
[2025-06-27T22:20:26.772+0000] {manager.py:485} INFO - Checking for new files in /opt/airflow/dags every 300 seconds
[2025-06-27T22:20:26.774+0000] {manager.py:821} INFO - Searching for files in /opt/airflow/dags
[2025-06-27T22:20:26.874+0000] {manager.py:824} INFO - There are 1 files in /opt/airflow/dags
[2025-06-27T22:20:27.228+0000] {manager.py:997} INFO - 
================================================================================
DAG File Processing Stats

File Path                                    PID  Runtime      # DAGs    # Errors  Last Runtime    Last Run      Last # of DB Queries
-----------------------------------------  -----  ---------  --------  ----------  --------------  ----------  ----------------------
/opt/airflow/dags/driven_data_pipeline.py     61  0.10s             0           0                                                   0
================================================================================
[2025-06-27T22:20:57.950+0000] {manager.py:997} INFO - 
================================================================================
DAG File Processing Stats

File Path                                  PID    Runtime      # DAGs    # Errors  Last Runtime    Last Run               Last # of DB Queries
-----------------------------------------  -----  ---------  --------  ----------  --------------  -------------------  ----------------------
/opt/airflow/dags/driven_data_pipeline.py                           1           0  4.27s           2025-06-27T22:20:31                      34
================================================================================
[2025-06-27T22:21:28.163+0000] {manager.py:997} INFO - 
================================================================================
DAG File Processing Stats

File Path                                  PID    Runtime      # DAGs    # Errors  Last Runtime    Last Run               Last # of DB Queries
-----------------------------------------  -----  ---------  --------  ----------  --------------  -------------------  ----------------------
/opt/airflow/dags/driven_data_pipeline.py                           1           0  7.74s           2025-06-27T22:21:09                      12
================================================================================
[2025-06-27T22:21:58.241+0000] {manager.py:997} INFO - 
================================================================================
DAG File Processing Stats

File Path                                  PID    Runtime      # DAGs    # Errors  Last Runtime    Last Run               Last # of DB Queries
-----------------------------------------  -----  ---------  --------  ----------  --------------  -------------------  ----------------------
/opt/airflow/dags/driven_data_pipeline.py                           1           0  0.76s           2025-06-27T22:21:41                      12
================================================================================
[2025-06-27T22:22:28.548+0000] {manager.py:997} INFO - 
================================================================================
DAG File Processing Stats

File Path                                  PID    Runtime      # DAGs    # Errors  Last Runtime    Last Run               Last # of DB Queries
-----------------------------------------  -----  ---------  --------  ----------  --------------  -------------------  ----------------------
/opt/airflow/dags/driven_data_pipeline.py                           1           0  0.69s           2025-06-27T22:22:11                      12
================================================================================
[2025-06-27T22:22:49.473+0000] {manager.py:465} INFO - Exiting gracefully upon receiving signal 15
[2025-06-27T22:32:27.586+0000] {manager.py:483} INFO - Processing files using up to 2 processes at a time 
[2025-06-27T22:32:27.592+0000] {manager.py:484} INFO - Process each file at most once every 30 seconds
[2025-06-27T22:32:27.597+0000] {manager.py:485} INFO - Checking for new files in /opt/airflow/dags every 300 seconds
[2025-06-27T22:32:27.610+0000] {manager.py:821} INFO - Searching for files in /opt/airflow/dags
[2025-06-27T22:32:27.787+0000] {manager.py:824} INFO - There are 1 files in /opt/airflow/dags
[2025-06-27T22:32:29.279+0000] {manager.py:997} INFO - 
================================================================================
DAG File Processing Stats

File Path                                    PID  Runtime      # DAGs    # Errors  Last Runtime    Last Run      Last # of DB Queries
-----------------------------------------  -----  ---------  --------  ----------  --------------  ----------  ----------------------
/opt/airflow/dags/driven_data_pipeline.py     73  0.21s             0           0                                                   0
================================================================================
[2025-06-27T22:32:59.316+0000] {manager.py:997} INFO - 
================================================================================
DAG File Processing Stats

File Path                                  PID    Runtime      # DAGs    # Errors  Last Runtime    Last Run               Last # of DB Queries
-----------------------------------------  -----  ---------  --------  ----------  --------------  -------------------  ----------------------
/opt/airflow/dags/driven_data_pipeline.py                           1           0  8.44s           2025-06-27T22:32:37                      45
================================================================================
[2025-06-27T22:33:32.092+0000] {manager.py:997} INFO - 
================================================================================
DAG File Processing Stats

File Path                                    PID  Runtime      # DAGs    # Errors  Last Runtime    Last Run               Last # of DB Queries
-----------------------------------------  -----  ---------  --------  ----------  --------------  -------------------  ----------------------
/opt/airflow/dags/driven_data_pipeline.py     81  22.97s            1           0  8.44s           2025-06-27T22:32:37                      45
================================================================================
[2025-06-27T22:34:02.608+0000] {manager.py:997} INFO - 
================================================================================
DAG File Processing Stats

File Path                                  PID    Runtime      # DAGs    # Errors  Last Runtime    Last Run               Last # of DB Queries
-----------------------------------------  -----  ---------  --------  ----------  --------------  -------------------  ----------------------
/opt/airflow/dags/driven_data_pipeline.py                           1           0  30.48s          2025-06-27T22:33:38                      12
================================================================================
[2025-06-27T22:34:32.988+0000] {manager.py:997} INFO - 
================================================================================
DAG File Processing Stats

File Path                                    PID  Runtime      # DAGs    # Errors  Last Runtime    Last Run               Last # of DB Queries
-----------------------------------------  -----  ---------  --------  ----------  --------------  -------------------  ----------------------
/opt/airflow/dags/driven_data_pipeline.py     95  23.95s            1           0  30.48s          2025-06-27T22:33:38                      12
================================================================================
[2025-06-27T22:35:03.565+0000] {manager.py:997} INFO - 
================================================================================
DAG File Processing Stats

File Path                                  PID    Runtime      # DAGs    # Errors  Last Runtime    Last Run               Last # of DB Queries
-----------------------------------------  -----  ---------  --------  ----------  --------------  -------------------  ----------------------
/opt/airflow/dags/driven_data_pipeline.py                           0           1  33.15s          2025-06-27T22:34:42                       3
================================================================================
[2025-06-27T22:35:33.766+0000] {manager.py:997} INFO - 
================================================================================
DAG File Processing Stats

File Path                                  PID    Runtime      # DAGs    # Errors  Last Runtime    Last Run               Last # of DB Queries
-----------------------------------------  -----  ---------  --------  ----------  --------------  -------------------  ----------------------
/opt/airflow/dags/driven_data_pipeline.py                           1           0  4.73s           2025-06-27T22:35:17                      12
================================================================================
[2025-06-27T22:36:03.815+0000] {manager.py:997} INFO - 
================================================================================
DAG File Processing Stats

File Path                                    PID  Runtime      # DAGs    # Errors  Last Runtime    Last Run               Last # of DB Queries
-----------------------------------------  -----  ---------  --------  ----------  --------------  -------------------  ----------------------
/opt/airflow/dags/driven_data_pipeline.py    117  16.09s            1           0  4.73s           2025-06-27T22:35:17                      12
================================================================================
[2025-06-27T22:36:34.430+0000] {manager.py:997} INFO - 
================================================================================
DAG File Processing Stats

File Path                                  PID    Runtime      # DAGs    # Errors  Last Runtime    Last Run               Last # of DB Queries
-----------------------------------------  -----  ---------  --------  ----------  --------------  -------------------  ----------------------
/opt/airflow/dags/driven_data_pipeline.py                           1           0  21.78s          2025-06-27T22:36:09                      12
================================================================================
[2025-06-27T22:37:04.954+0000] {manager.py:997} INFO - 
================================================================================
DAG File Processing Stats

File Path                                  PID    Runtime      # DAGs    # Errors  Last Runtime    Last Run               Last # of DB Queries
-----------------------------------------  -----  ---------  --------  ----------  --------------  -------------------  ----------------------
/opt/airflow/dags/driven_data_pipeline.py                           1           0  11.77s          2025-06-27T22:36:51                      12
================================================================================
[2025-06-27T22:37:27.659+0000] {manager.py:821} INFO - Searching for files in /opt/airflow/dags
[2025-06-27T22:37:27.726+0000] {manager.py:824} INFO - There are 1 files in /opt/airflow/dags
[2025-06-27T22:37:35.169+0000] {manager.py:997} INFO - 
================================================================================
DAG File Processing Stats

File Path                                  PID    Runtime      # DAGs    # Errors  Last Runtime    Last Run               Last # of DB Queries
-----------------------------------------  -----  ---------  --------  ----------  --------------  -------------------  ----------------------
/opt/airflow/dags/driven_data_pipeline.py                           1           0  5.12s           2025-06-27T22:37:27                      12
================================================================================
[2025-06-27T22:38:06.732+0000] {manager.py:997} INFO - 
================================================================================
DAG File Processing Stats

File Path                                    PID  Runtime      # DAGs    # Errors  Last Runtime    Last Run               Last # of DB Queries
-----------------------------------------  -----  ---------  --------  ----------  --------------  -------------------  ----------------------
/opt/airflow/dags/driven_data_pipeline.py    151  0.02s             1           0  5.12s           2025-06-27T22:37:27                      12
================================================================================
[2025-06-27T22:38:37.317+0000] {manager.py:997} INFO - 
================================================================================
DAG File Processing Stats

File Path                                  PID    Runtime      # DAGs    # Errors  Last Runtime    Last Run               Last # of DB Queries
-----------------------------------------  -----  ---------  --------  ----------  --------------  -------------------  ----------------------
/opt/airflow/dags/driven_data_pipeline.py                           1           0  1.37s           2025-06-27T22:38:08                      12
================================================================================
[2025-06-27T22:39:07.505+0000] {manager.py:997} INFO - 
================================================================================
DAG File Processing Stats

File Path                                  PID    Runtime      # DAGs    # Errors  Last Runtime    Last Run               Last # of DB Queries
-----------------------------------------  -----  ---------  --------  ----------  --------------  -------------------  ----------------------
/opt/airflow/dags/driven_data_pipeline.py                           1           0  0.78s           2025-06-27T22:38:39                      12
================================================================================
[2025-06-27T22:39:37.808+0000] {manager.py:997} INFO - 
================================================================================
DAG File Processing Stats

File Path                                  PID    Runtime      # DAGs    # Errors  Last Runtime    Last Run               Last # of DB Queries
-----------------------------------------  -----  ---------  --------  ----------  --------------  -------------------  ----------------------
/opt/airflow/dags/driven_data_pipeline.py                           1           0  6.87s           2025-06-27T22:39:16                      12
================================================================================
[2025-06-27T22:40:08.175+0000] {manager.py:997} INFO - 
================================================================================
DAG File Processing Stats

File Path                                  PID    Runtime      # DAGs    # Errors  Last Runtime    Last Run               Last # of DB Queries
-----------------------------------------  -----  ---------  --------  ----------  --------------  -------------------  ----------------------
/opt/airflow/dags/driven_data_pipeline.py                           1           0  1.01s           2025-06-27T22:39:47                      12
================================================================================
[2025-06-27T22:40:38.763+0000] {manager.py:997} INFO - 
================================================================================
DAG File Processing Stats

File Path                                  PID    Runtime      # DAGs    # Errors  Last Runtime    Last Run               Last # of DB Queries
-----------------------------------------  -----  ---------  --------  ----------  --------------  -------------------  ----------------------
/opt/airflow/dags/driven_data_pipeline.py                           1           0  0.53s           2025-06-27T22:40:18                      12
================================================================================
[2025-06-27T22:41:08.796+0000] {manager.py:997} INFO - 
================================================================================
DAG File Processing Stats

File Path                                  PID    Runtime      # DAGs    # Errors  Last Runtime    Last Run               Last # of DB Queries
-----------------------------------------  -----  ---------  --------  ----------  --------------  -------------------  ----------------------
/opt/airflow/dags/driven_data_pipeline.py                           1           0  0.55s           2025-06-27T22:40:49                      12
================================================================================
[2025-06-27T22:41:39.674+0000] {manager.py:997} INFO - 
================================================================================
DAG File Processing Stats

File Path                                  PID    Runtime      # DAGs    # Errors  Last Runtime    Last Run               Last # of DB Queries
-----------------------------------------  -----  ---------  --------  ----------  --------------  -------------------  ----------------------
/opt/airflow/dags/driven_data_pipeline.py                           1           0  4.56s           2025-06-27T22:41:24                      12
================================================================================
[2025-06-27T22:42:10.349+0000] {manager.py:997} INFO - 
================================================================================
DAG File Processing Stats

File Path                                  PID    Runtime      # DAGs    # Errors  Last Runtime    Last Run               Last # of DB Queries
-----------------------------------------  -----  ---------  --------  ----------  --------------  -------------------  ----------------------
/opt/airflow/dags/driven_data_pipeline.py                           1           0  12.45s          2025-06-27T22:42:07                      12
================================================================================
[2025-06-27T22:42:28.042+0000] {manager.py:821} INFO - Searching for files in /opt/airflow/dags
[2025-06-27T22:42:28.497+0000] {manager.py:824} INFO - There are 1 files in /opt/airflow/dags
[2025-06-27T22:42:41.159+0000] {manager.py:997} INFO - 
================================================================================
DAG File Processing Stats

File Path                                    PID  Runtime      # DAGs    # Errors  Last Runtime    Last Run               Last # of DB Queries
-----------------------------------------  -----  ---------  --------  ----------  --------------  -------------------  ----------------------
/opt/airflow/dags/driven_data_pipeline.py    222  1.91s             1           0  12.45s          2025-06-27T22:42:07                      12
================================================================================
[2025-06-27T22:43:11.932+0000] {manager.py:997} INFO - 
================================================================================
DAG File Processing Stats

File Path                                  PID    Runtime      # DAGs    # Errors  Last Runtime    Last Run               Last # of DB Queries
-----------------------------------------  -----  ---------  --------  ----------  --------------  -------------------  ----------------------
/opt/airflow/dags/driven_data_pipeline.py                           1           0  11.61s          2025-06-27T22:42:50                      12
================================================================================
[2025-06-27T22:53:53.583+0000] {manager.py:483} INFO - Processing files using up to 2 processes at a time 
[2025-06-27T22:53:53.585+0000] {manager.py:484} INFO - Process each file at most once every 30 seconds
[2025-06-27T22:53:53.597+0000] {manager.py:485} INFO - Checking for new files in /opt/airflow/dags every 300 seconds
[2025-06-27T22:53:53.598+0000] {manager.py:821} INFO - Searching for files in /opt/airflow/dags
[2025-06-27T22:53:53.695+0000] {manager.py:824} INFO - There are 1 files in /opt/airflow/dags
[2025-06-27T22:53:54.728+0000] {manager.py:997} INFO - 
================================================================================
DAG File Processing Stats

File Path                                    PID  Runtime      # DAGs    # Errors  Last Runtime    Last Run      Last # of DB Queries
-----------------------------------------  -----  ---------  --------  ----------  --------------  ----------  ----------------------
/opt/airflow/dags/driven_data_pipeline.py     64  0.39s             0           0                                                   0
================================================================================
[2025-06-27T22:54:24.733+0000] {manager.py:997} INFO - 
================================================================================
DAG File Processing Stats

File Path                                  PID    Runtime      # DAGs    # Errors  Last Runtime    Last Run               Last # of DB Queries
-----------------------------------------  -----  ---------  --------  ----------  --------------  -------------------  ----------------------
/opt/airflow/dags/driven_data_pipeline.py                           1           0  4.62s           2025-06-27T22:54:12                      18
================================================================================
[2025-06-27T22:54:54.940+0000] {manager.py:997} INFO - 
================================================================================
DAG File Processing Stats

File Path                                  PID    Runtime      # DAGs    # Errors  Last Runtime    Last Run               Last # of DB Queries
-----------------------------------------  -----  ---------  --------  ----------  --------------  -------------------  ----------------------
/opt/airflow/dags/driven_data_pipeline.py                           1           0  7.20s           2025-06-27T22:54:50                      12
================================================================================
[2025-06-27T22:55:25.161+0000] {manager.py:997} INFO - 
================================================================================
DAG File Processing Stats

File Path                                  PID    Runtime      # DAGs    # Errors  Last Runtime    Last Run               Last # of DB Queries
-----------------------------------------  -----  ---------  --------  ----------  --------------  -------------------  ----------------------
/opt/airflow/dags/driven_data_pipeline.py                           1           0  0.79s           2025-06-27T22:55:22                      12
================================================================================
[2025-06-27T22:55:55.541+0000] {manager.py:997} INFO - 
================================================================================
DAG File Processing Stats

File Path                                  PID    Runtime      # DAGs    # Errors  Last Runtime    Last Run               Last # of DB Queries
-----------------------------------------  -----  ---------  --------  ----------  --------------  -------------------  ----------------------
/opt/airflow/dags/driven_data_pipeline.py                           1           0  0.95s           2025-06-27T22:55:53                      12
================================================================================
[2025-06-27T22:56:25.972+0000] {manager.py:997} INFO - 
================================================================================
DAG File Processing Stats

File Path                                  PID    Runtime      # DAGs    # Errors  Last Runtime    Last Run               Last # of DB Queries
-----------------------------------------  -----  ---------  --------  ----------  --------------  -------------------  ----------------------
/opt/airflow/dags/driven_data_pipeline.py                           1           0  0.98s           2025-06-27T22:56:24                      12
================================================================================
[2025-06-27T22:56:56.038+0000] {manager.py:997} INFO - 
================================================================================
DAG File Processing Stats

File Path                                  PID    Runtime      # DAGs    # Errors  Last Runtime    Last Run               Last # of DB Queries
-----------------------------------------  -----  ---------  --------  ----------  --------------  -------------------  ----------------------
/opt/airflow/dags/driven_data_pipeline.py                           1           0  0.70s           2025-06-27T22:56:56                      12
================================================================================
[2025-06-27T22:57:26.150+0000] {manager.py:997} INFO - 
================================================================================
DAG File Processing Stats

File Path                                    PID  Runtime      # DAGs    # Errors  Last Runtime    Last Run               Last # of DB Queries
-----------------------------------------  -----  ---------  --------  ----------  --------------  -------------------  ----------------------
/opt/airflow/dags/driven_data_pipeline.py    119  0.03s             1           0  0.70s           2025-06-27T22:56:56                      12
================================================================================
[2025-06-27T22:57:56.495+0000] {manager.py:997} INFO - 
================================================================================
DAG File Processing Stats

File Path                                  PID    Runtime      # DAGs    # Errors  Last Runtime    Last Run               Last # of DB Queries
-----------------------------------------  -----  ---------  --------  ----------  --------------  -------------------  ----------------------
/opt/airflow/dags/driven_data_pipeline.py                           1           0  1.17s           2025-06-27T22:57:27                      12
================================================================================
[2025-06-27T22:58:26.859+0000] {manager.py:997} INFO - 
================================================================================
DAG File Processing Stats

File Path                                  PID    Runtime      # DAGs    # Errors  Last Runtime    Last Run               Last # of DB Queries
-----------------------------------------  -----  ---------  --------  ----------  --------------  -------------------  ----------------------
/opt/airflow/dags/driven_data_pipeline.py                           1           0  0.44s           2025-06-27T22:57:57                      12
================================================================================
[2025-06-27T22:58:53.623+0000] {manager.py:821} INFO - Searching for files in /opt/airflow/dags
[2025-06-27T22:58:53.653+0000] {manager.py:824} INFO - There are 1 files in /opt/airflow/dags
[2025-06-27T22:58:57.186+0000] {manager.py:997} INFO - 
================================================================================
DAG File Processing Stats

File Path                                  PID    Runtime      # DAGs    # Errors  Last Runtime    Last Run               Last # of DB Queries
-----------------------------------------  -----  ---------  --------  ----------  --------------  -------------------  ----------------------
/opt/airflow/dags/driven_data_pipeline.py                           1           0  0.54s           2025-06-27T22:58:28                      12
================================================================================
[2025-06-27T22:59:28.040+0000] {manager.py:997} INFO - 
================================================================================
DAG File Processing Stats

File Path                                  PID    Runtime      # DAGs    # Errors  Last Runtime    Last Run               Last # of DB Queries
-----------------------------------------  -----  ---------  --------  ----------  --------------  -------------------  ----------------------
/opt/airflow/dags/driven_data_pipeline.py                           1           0  0.60s           2025-06-27T22:58:59                      12
================================================================================
[2025-06-27T22:59:58.506+0000] {manager.py:997} INFO - 
================================================================================
DAG File Processing Stats

File Path                                  PID    Runtime      # DAGs    # Errors  Last Runtime    Last Run               Last # of DB Queries
-----------------------------------------  -----  ---------  --------  ----------  --------------  -------------------  ----------------------
/opt/airflow/dags/driven_data_pipeline.py                           1           0  0.53s           2025-06-27T22:59:30                      12
================================================================================
[2025-06-27T23:00:28.821+0000] {manager.py:997} INFO - 
================================================================================
DAG File Processing Stats

File Path                                  PID    Runtime      # DAGs    # Errors  Last Runtime    Last Run               Last # of DB Queries
-----------------------------------------  -----  ---------  --------  ----------  --------------  -------------------  ----------------------
/opt/airflow/dags/driven_data_pipeline.py                           1           0  0.51s           2025-06-27T23:00:01                      12
================================================================================
[2025-06-27T23:00:59.630+0000] {manager.py:997} INFO - 
================================================================================
DAG File Processing Stats

File Path                                  PID    Runtime      # DAGs    # Errors  Last Runtime    Last Run               Last # of DB Queries
-----------------------------------------  -----  ---------  --------  ----------  --------------  -------------------  ----------------------
/opt/airflow/dags/driven_data_pipeline.py                           1           0  0.64s           2025-06-27T23:00:32                      12
================================================================================
[2025-06-27T23:01:29.642+0000] {manager.py:997} INFO - 
================================================================================
DAG File Processing Stats

File Path                                  PID    Runtime      # DAGs    # Errors  Last Runtime    Last Run               Last # of DB Queries
-----------------------------------------  -----  ---------  --------  ----------  --------------  -------------------  ----------------------
/opt/airflow/dags/driven_data_pipeline.py                           1           0  0.63s           2025-06-27T23:01:03                      12
================================================================================
[2025-06-27T23:02:00.046+0000] {manager.py:997} INFO - 
================================================================================
DAG File Processing Stats

File Path                                  PID    Runtime      # DAGs    # Errors  Last Runtime    Last Run               Last # of DB Queries
-----------------------------------------  -----  ---------  --------  ----------  --------------  -------------------  ----------------------
/opt/airflow/dags/driven_data_pipeline.py                           1           0  1.01s           2025-06-27T23:01:34                      12
================================================================================
[2025-06-27T23:02:30.379+0000] {manager.py:997} INFO - 
================================================================================
DAG File Processing Stats

File Path                                  PID    Runtime      # DAGs    # Errors  Last Runtime    Last Run               Last # of DB Queries
-----------------------------------------  -----  ---------  --------  ----------  --------------  -------------------  ----------------------
/opt/airflow/dags/driven_data_pipeline.py                           1           0  0.43s           2025-06-27T23:02:05                      12
================================================================================
[2025-06-27T23:03:00.633+0000] {manager.py:997} INFO - 
================================================================================
DAG File Processing Stats

File Path                                  PID    Runtime      # DAGs    # Errors  Last Runtime    Last Run               Last # of DB Queries
-----------------------------------------  -----  ---------  --------  ----------  --------------  -------------------  ----------------------
/opt/airflow/dags/driven_data_pipeline.py                           1           0  0.51s           2025-06-27T23:02:36                      12
================================================================================
[2025-06-27T23:03:31.467+0000] {manager.py:997} INFO - 
================================================================================
DAG File Processing Stats

File Path                                  PID    Runtime      # DAGs    # Errors  Last Runtime    Last Run               Last # of DB Queries
-----------------------------------------  -----  ---------  --------  ----------  --------------  -------------------  ----------------------
/opt/airflow/dags/driven_data_pipeline.py                           1           0  0.58s           2025-06-27T23:03:07                      12
================================================================================
[2025-06-27T23:03:53.700+0000] {manager.py:821} INFO - Searching for files in /opt/airflow/dags
[2025-06-27T23:03:53.730+0000] {manager.py:824} INFO - There are 1 files in /opt/airflow/dags
[2025-06-27T23:04:01.860+0000] {manager.py:997} INFO - 
================================================================================
DAG File Processing Stats

File Path                                  PID    Runtime      # DAGs    # Errors  Last Runtime    Last Run               Last # of DB Queries
-----------------------------------------  -----  ---------  --------  ----------  --------------  -------------------  ----------------------
/opt/airflow/dags/driven_data_pipeline.py                           1           0  0.48s           2025-06-27T23:03:38                      12
================================================================================
[2025-06-27T23:04:31.991+0000] {manager.py:997} INFO - 
================================================================================
DAG File Processing Stats

File Path                                  PID    Runtime      # DAGs    # Errors  Last Runtime    Last Run               Last # of DB Queries
-----------------------------------------  -----  ---------  --------  ----------  --------------  -------------------  ----------------------
/opt/airflow/dags/driven_data_pipeline.py                           1           0  0.46s           2025-06-27T23:04:08                      12
================================================================================
[2025-06-27T23:05:02.333+0000] {manager.py:997} INFO - 
================================================================================
DAG File Processing Stats

File Path                                  PID    Runtime      # DAGs    # Errors  Last Runtime    Last Run               Last # of DB Queries
-----------------------------------------  -----  ---------  --------  ----------  --------------  -------------------  ----------------------
/opt/airflow/dags/driven_data_pipeline.py                           1           0  0.48s           2025-06-27T23:04:39                      12
================================================================================
[2025-06-27T23:05:32.629+0000] {manager.py:997} INFO - 
================================================================================
DAG File Processing Stats

File Path                                  PID    Runtime      # DAGs    # Errors  Last Runtime    Last Run               Last # of DB Queries
-----------------------------------------  -----  ---------  --------  ----------  --------------  -------------------  ----------------------
/opt/airflow/dags/driven_data_pipeline.py                           1           0  0.59s           2025-06-27T23:05:10                      12
================================================================================
[2025-06-27T23:06:02.758+0000] {manager.py:997} INFO - 
================================================================================
DAG File Processing Stats

File Path                                  PID    Runtime      # DAGs    # Errors  Last Runtime    Last Run               Last # of DB Queries
-----------------------------------------  -----  ---------  --------  ----------  --------------  -------------------  ----------------------
/opt/airflow/dags/driven_data_pipeline.py                           1           0  0.78s           2025-06-27T23:05:41                      12
================================================================================
[2025-06-27T23:07:02.517+0000] {manager.py:997} INFO - 
================================================================================
DAG File Processing Stats

File Path                                    PID  Runtime      # DAGs    # Errors  Last Runtime    Last Run               Last # of DB Queries
-----------------------------------------  -----  ---------  --------  ----------  --------------  -------------------  ----------------------
/opt/airflow/dags/driven_data_pipeline.py    259  0.96s             1           0  0.49s           2025-06-27T23:06:12                      12
================================================================================
[2025-06-27T23:07:33.005+0000] {manager.py:997} INFO - 
================================================================================
DAG File Processing Stats

File Path                                  PID    Runtime      # DAGs    # Errors  Last Runtime    Last Run               Last # of DB Queries
-----------------------------------------  -----  ---------  --------  ----------  --------------  -------------------  ----------------------
/opt/airflow/dags/driven_data_pipeline.py                           1           0  6.32s           2025-06-27T23:07:07                      12
================================================================================
[2025-06-27T23:08:03.544+0000] {manager.py:997} INFO - 
================================================================================
DAG File Processing Stats

File Path                                  PID    Runtime      # DAGs    # Errors  Last Runtime    Last Run               Last # of DB Queries
-----------------------------------------  -----  ---------  --------  ----------  --------------  -------------------  ----------------------
/opt/airflow/dags/driven_data_pipeline.py                           1           0  1.03s           2025-06-27T23:07:39                      12
================================================================================
[2025-06-27T23:08:34.030+0000] {manager.py:997} INFO - 
================================================================================
DAG File Processing Stats

File Path                                  PID    Runtime      # DAGs    # Errors  Last Runtime    Last Run               Last # of DB Queries
-----------------------------------------  -----  ---------  --------  ----------  --------------  -------------------  ----------------------
/opt/airflow/dags/driven_data_pipeline.py                           1           0  0.96s           2025-06-27T23:08:10                      12
================================================================================
[2025-06-27T23:08:54.427+0000] {manager.py:821} INFO - Searching for files in /opt/airflow/dags
[2025-06-27T23:08:54.487+0000] {manager.py:824} INFO - There are 1 files in /opt/airflow/dags
[2025-06-27T23:09:04.708+0000] {manager.py:997} INFO - 
================================================================================
DAG File Processing Stats

File Path                                  PID    Runtime      # DAGs    # Errors  Last Runtime    Last Run               Last # of DB Queries
-----------------------------------------  -----  ---------  --------  ----------  --------------  -------------------  ----------------------
/opt/airflow/dags/driven_data_pipeline.py                           1           0  1.09s           2025-06-27T23:08:42                      12
================================================================================
[2025-06-27T23:09:35.393+0000] {manager.py:997} INFO - 
================================================================================
DAG File Processing Stats

File Path                                  PID    Runtime      # DAGs    # Errors  Last Runtime    Last Run               Last # of DB Queries
-----------------------------------------  -----  ---------  --------  ----------  --------------  -------------------  ----------------------
/opt/airflow/dags/driven_data_pipeline.py                           1           0  1.22s           2025-06-27T23:09:14                      12
================================================================================
[2025-06-27T23:10:05.630+0000] {manager.py:997} INFO - 
================================================================================
DAG File Processing Stats

File Path                                  PID    Runtime      # DAGs    # Errors  Last Runtime    Last Run               Last # of DB Queries
-----------------------------------------  -----  ---------  --------  ----------  --------------  -------------------  ----------------------
/opt/airflow/dags/driven_data_pipeline.py                           1           0  0.78s           2025-06-27T23:09:45                      12
================================================================================
[2025-06-27T23:10:36.049+0000] {manager.py:997} INFO - 
================================================================================
DAG File Processing Stats

File Path                                  PID    Runtime      # DAGs    # Errors  Last Runtime    Last Run               Last # of DB Queries
-----------------------------------------  -----  ---------  --------  ----------  --------------  -------------------  ----------------------
/opt/airflow/dags/driven_data_pipeline.py                           1           0  0.84s           2025-06-27T23:10:16                      12
================================================================================
[2025-06-27T23:11:06.496+0000] {manager.py:997} INFO - 
================================================================================
DAG File Processing Stats

File Path                                  PID    Runtime      # DAGs    # Errors  Last Runtime    Last Run               Last # of DB Queries
-----------------------------------------  -----  ---------  --------  ----------  --------------  -------------------  ----------------------
/opt/airflow/dags/driven_data_pipeline.py                           1           0  0.65s           2025-06-27T23:10:47                      12
================================================================================
[2025-06-27T23:11:36.747+0000] {manager.py:997} INFO - 
================================================================================
DAG File Processing Stats

File Path                                  PID    Runtime      # DAGs    # Errors  Last Runtime    Last Run               Last # of DB Queries
-----------------------------------------  -----  ---------  --------  ----------  --------------  -------------------  ----------------------
/opt/airflow/dags/driven_data_pipeline.py                           1           0  0.67s           2025-06-27T23:11:18                      12
================================================================================
[2025-06-27T23:12:06.871+0000] {manager.py:997} INFO - 
================================================================================
DAG File Processing Stats

File Path                                  PID    Runtime      # DAGs    # Errors  Last Runtime    Last Run               Last # of DB Queries
-----------------------------------------  -----  ---------  --------  ----------  --------------  -------------------  ----------------------
/opt/airflow/dags/driven_data_pipeline.py                           1           0  1.41s           2025-06-27T23:11:49                      12
================================================================================
[2025-06-27T23:12:37.368+0000] {manager.py:997} INFO - 
================================================================================
DAG File Processing Stats

File Path                                  PID    Runtime      # DAGs    # Errors  Last Runtime    Last Run               Last # of DB Queries
-----------------------------------------  -----  ---------  --------  ----------  --------------  -------------------  ----------------------
/opt/airflow/dags/driven_data_pipeline.py                           1           0  1.15s           2025-06-27T23:12:21                      12
================================================================================
[2025-06-27T23:13:08.081+0000] {manager.py:997} INFO - 
================================================================================
DAG File Processing Stats

File Path                                  PID    Runtime      # DAGs    # Errors  Last Runtime    Last Run               Last # of DB Queries
-----------------------------------------  -----  ---------  --------  ----------  --------------  -------------------  ----------------------
/opt/airflow/dags/driven_data_pipeline.py                           1           0  1.25s           2025-06-27T23:12:52                      12
================================================================================
[2025-06-27T23:13:38.324+0000] {manager.py:997} INFO - 
================================================================================
DAG File Processing Stats

File Path                                  PID    Runtime      # DAGs    # Errors  Last Runtime    Last Run               Last # of DB Queries
-----------------------------------------  -----  ---------  --------  ----------  --------------  -------------------  ----------------------
/opt/airflow/dags/driven_data_pipeline.py                           1           0  0.69s           2025-06-27T23:13:24                      12
================================================================================
[2025-06-27T23:13:54.564+0000] {manager.py:821} INFO - Searching for files in /opt/airflow/dags
[2025-06-27T23:13:54.624+0000] {manager.py:824} INFO - There are 1 files in /opt/airflow/dags
[2025-06-27T23:14:08.575+0000] {manager.py:997} INFO - 
================================================================================
DAG File Processing Stats

File Path                                  PID    Runtime      # DAGs    # Errors  Last Runtime    Last Run               Last # of DB Queries
-----------------------------------------  -----  ---------  --------  ----------  --------------  -------------------  ----------------------
/opt/airflow/dags/driven_data_pipeline.py                           1           0  0.71s           2025-06-27T23:13:55                      12
================================================================================
[2025-06-27T23:14:39.101+0000] {manager.py:997} INFO - 
================================================================================
DAG File Processing Stats

File Path                                  PID    Runtime      # DAGs    # Errors  Last Runtime    Last Run               Last # of DB Queries
-----------------------------------------  -----  ---------  --------  ----------  --------------  -------------------  ----------------------
/opt/airflow/dags/driven_data_pipeline.py                           1           0  0.67s           2025-06-27T23:14:26                      12
================================================================================
[2025-06-27T23:15:09.190+0000] {manager.py:997} INFO - 
================================================================================
DAG File Processing Stats

File Path                                  PID    Runtime      # DAGs    # Errors  Last Runtime    Last Run               Last # of DB Queries
-----------------------------------------  -----  ---------  --------  ----------  --------------  -------------------  ----------------------
/opt/airflow/dags/driven_data_pipeline.py                           1           0  0.93s           2025-06-27T23:14:57                      12
================================================================================
[2025-06-27T23:15:39.216+0000] {manager.py:997} INFO - 
================================================================================
DAG File Processing Stats

File Path                                  PID    Runtime      # DAGs    # Errors  Last Runtime    Last Run               Last # of DB Queries
-----------------------------------------  -----  ---------  --------  ----------  --------------  -------------------  ----------------------
/opt/airflow/dags/driven_data_pipeline.py                           1           0  0.67s           2025-06-27T23:15:28                      12
================================================================================
[2025-06-27T23:16:09.724+0000] {manager.py:997} INFO - 
================================================================================
DAG File Processing Stats

File Path                                  PID    Runtime      # DAGs    # Errors  Last Runtime    Last Run               Last # of DB Queries
-----------------------------------------  -----  ---------  --------  ----------  --------------  -------------------  ----------------------
/opt/airflow/dags/driven_data_pipeline.py                           1           0  1.25s           2025-06-27T23:15:59                      12
================================================================================
[2025-06-27T23:16:39.858+0000] {manager.py:997} INFO - 
================================================================================
DAG File Processing Stats

File Path                                  PID    Runtime      # DAGs    # Errors  Last Runtime    Last Run               Last # of DB Queries
-----------------------------------------  -----  ---------  --------  ----------  --------------  -------------------  ----------------------
/opt/airflow/dags/driven_data_pipeline.py                           1           0  0.68s           2025-06-27T23:16:30                      12
================================================================================
[2025-06-27T23:17:09.992+0000] {manager.py:997} INFO - 
================================================================================
DAG File Processing Stats

File Path                                  PID    Runtime      # DAGs    # Errors  Last Runtime    Last Run               Last # of DB Queries
-----------------------------------------  -----  ---------  --------  ----------  --------------  -------------------  ----------------------
/opt/airflow/dags/driven_data_pipeline.py                           1           0  0.98s           2025-06-27T23:17:01                      12
================================================================================
[2025-06-27T23:17:40.203+0000] {manager.py:997} INFO - 
================================================================================
DAG File Processing Stats

File Path                                  PID    Runtime      # DAGs    # Errors  Last Runtime    Last Run               Last # of DB Queries
-----------------------------------------  -----  ---------  --------  ----------  --------------  -------------------  ----------------------
/opt/airflow/dags/driven_data_pipeline.py                           1           0  0.66s           2025-06-27T23:17:33                      12
================================================================================
[2025-06-27T23:18:10.540+0000] {manager.py:997} INFO - 
================================================================================
DAG File Processing Stats

File Path                                  PID    Runtime      # DAGs    # Errors  Last Runtime    Last Run               Last # of DB Queries
-----------------------------------------  -----  ---------  --------  ----------  --------------  -------------------  ----------------------
/opt/airflow/dags/driven_data_pipeline.py                           1           0  1.05s           2025-06-27T23:18:04                      12
================================================================================
[2025-06-27T23:18:40.782+0000] {manager.py:997} INFO - 
================================================================================
DAG File Processing Stats

File Path                                  PID    Runtime      # DAGs    # Errors  Last Runtime    Last Run               Last # of DB Queries
-----------------------------------------  -----  ---------  --------  ----------  --------------  -------------------  ----------------------
/opt/airflow/dags/driven_data_pipeline.py                           1           0  0.70s           2025-06-27T23:18:35                      12
================================================================================
[2025-06-27T23:18:54.569+0000] {manager.py:821} INFO - Searching for files in /opt/airflow/dags
[2025-06-27T23:18:54.617+0000] {manager.py:824} INFO - There are 1 files in /opt/airflow/dags
[2025-06-27T23:19:11.291+0000] {manager.py:997} INFO - 
================================================================================
DAG File Processing Stats

File Path                                  PID    Runtime      # DAGs    # Errors  Last Runtime    Last Run               Last # of DB Queries
-----------------------------------------  -----  ---------  --------  ----------  --------------  -------------------  ----------------------
/opt/airflow/dags/driven_data_pipeline.py                           1           0  0.71s           2025-06-27T23:19:06                      12
================================================================================
[2025-06-27T23:19:41.525+0000] {manager.py:997} INFO - 
================================================================================
DAG File Processing Stats

File Path                                  PID    Runtime      # DAGs    # Errors  Last Runtime    Last Run               Last # of DB Queries
-----------------------------------------  -----  ---------  --------  ----------  --------------  -------------------  ----------------------
/opt/airflow/dags/driven_data_pipeline.py                           1           0  0.72s           2025-06-27T23:19:37                      12
================================================================================
[2025-06-27T23:20:12.012+0000] {manager.py:997} INFO - 
================================================================================
DAG File Processing Stats

File Path                                  PID    Runtime      # DAGs    # Errors  Last Runtime    Last Run               Last # of DB Queries
-----------------------------------------  -----  ---------  --------  ----------  --------------  -------------------  ----------------------
/opt/airflow/dags/driven_data_pipeline.py                           1           0  0.65s           2025-06-27T23:20:08                      12
================================================================================
[2025-06-27T23:20:42.334+0000] {manager.py:997} INFO - 
================================================================================
DAG File Processing Stats

File Path                                  PID    Runtime      # DAGs    # Errors  Last Runtime    Last Run               Last # of DB Queries
-----------------------------------------  -----  ---------  --------  ----------  --------------  -------------------  ----------------------
/opt/airflow/dags/driven_data_pipeline.py                           1           0  0.75s           2025-06-27T23:20:39                      12
================================================================================
[2025-06-27T23:21:12.545+0000] {manager.py:997} INFO - 
================================================================================
DAG File Processing Stats

File Path                                  PID    Runtime      # DAGs    # Errors  Last Runtime    Last Run               Last # of DB Queries
-----------------------------------------  -----  ---------  --------  ----------  --------------  -------------------  ----------------------
/opt/airflow/dags/driven_data_pipeline.py                           1           0  1.17s           2025-06-27T23:21:10                      12
================================================================================
[2025-06-27T23:21:42.954+0000] {manager.py:997} INFO - 
================================================================================
DAG File Processing Stats

File Path                                  PID    Runtime      # DAGs    # Errors  Last Runtime    Last Run               Last # of DB Queries
-----------------------------------------  -----  ---------  --------  ----------  --------------  -------------------  ----------------------
/opt/airflow/dags/driven_data_pipeline.py                           1           0  0.91s           2025-06-27T23:21:41                      12
================================================================================
[2025-06-27T23:22:13.677+0000] {manager.py:997} INFO - 
================================================================================
DAG File Processing Stats

File Path                                    PID  Runtime      # DAGs    # Errors  Last Runtime    Last Run               Last # of DB Queries
-----------------------------------------  -----  ---------  --------  ----------  --------------  -------------------  ----------------------
/opt/airflow/dags/driven_data_pipeline.py    499  1.19s             1           0  0.91s           2025-06-27T23:21:41                      12
================================================================================
[2025-06-27T23:22:44.027+0000] {manager.py:997} INFO - 
================================================================================
DAG File Processing Stats

File Path                                  PID    Runtime      # DAGs    # Errors  Last Runtime    Last Run               Last # of DB Queries
-----------------------------------------  -----  ---------  --------  ----------  --------------  -------------------  ----------------------
/opt/airflow/dags/driven_data_pipeline.py                           1           0  1.90s           2025-06-27T23:22:14                      12
================================================================================
[2025-06-27T23:23:14.118+0000] {manager.py:997} INFO - 
================================================================================
DAG File Processing Stats

File Path                                  PID    Runtime      # DAGs    # Errors  Last Runtime    Last Run               Last # of DB Queries
-----------------------------------------  -----  ---------  --------  ----------  --------------  -------------------  ----------------------
/opt/airflow/dags/driven_data_pipeline.py                           1           0  1.02s           2025-06-27T23:22:45                      12
================================================================================
[2025-06-27T23:23:44.694+0000] {manager.py:997} INFO - 
================================================================================
DAG File Processing Stats

File Path                                  PID    Runtime      # DAGs    # Errors  Last Runtime    Last Run               Last # of DB Queries
-----------------------------------------  -----  ---------  --------  ----------  --------------  -------------------  ----------------------
/opt/airflow/dags/driven_data_pipeline.py                           1           0  0.76s           2025-06-27T23:23:16                      12
================================================================================
[2025-06-27T23:23:54.702+0000] {manager.py:821} INFO - Searching for files in /opt/airflow/dags
[2025-06-27T23:23:54.769+0000] {manager.py:824} INFO - There are 1 files in /opt/airflow/dags
[2025-06-27T23:24:15.115+0000] {manager.py:997} INFO - 
================================================================================
DAG File Processing Stats

File Path                                  PID    Runtime      # DAGs    # Errors  Last Runtime    Last Run               Last # of DB Queries
-----------------------------------------  -----  ---------  --------  ----------  --------------  -------------------  ----------------------
/opt/airflow/dags/driven_data_pipeline.py                           1           0  0.74s           2025-06-27T23:23:47                      12
================================================================================
[2025-06-27T23:24:45.697+0000] {manager.py:997} INFO - 
================================================================================
DAG File Processing Stats

File Path                                  PID    Runtime      # DAGs    # Errors  Last Runtime    Last Run               Last # of DB Queries
-----------------------------------------  -----  ---------  --------  ----------  --------------  -------------------  ----------------------
/opt/airflow/dags/driven_data_pipeline.py                           1           0  0.80s           2025-06-27T23:24:18                      12
================================================================================
[2025-06-27T23:25:15.984+0000] {manager.py:997} INFO - 
================================================================================
DAG File Processing Stats

File Path                                  PID    Runtime      # DAGs    # Errors  Last Runtime    Last Run               Last # of DB Queries
-----------------------------------------  -----  ---------  --------  ----------  --------------  -------------------  ----------------------
/opt/airflow/dags/driven_data_pipeline.py                           1           0  0.77s           2025-06-27T23:24:49                      12
================================================================================
[2025-06-27T23:25:46.121+0000] {manager.py:997} INFO - 
================================================================================
DAG File Processing Stats

File Path                                  PID    Runtime      # DAGs    # Errors  Last Runtime    Last Run               Last # of DB Queries
-----------------------------------------  -----  ---------  --------  ----------  --------------  -------------------  ----------------------
/opt/airflow/dags/driven_data_pipeline.py                           1           0  0.67s           2025-06-27T23:25:20                      12
================================================================================
[2025-06-27T23:26:16.697+0000] {manager.py:997} INFO - 
================================================================================
DAG File Processing Stats

File Path                                  PID    Runtime      # DAGs    # Errors  Last Runtime    Last Run               Last # of DB Queries
-----------------------------------------  -----  ---------  --------  ----------  --------------  -------------------  ----------------------
/opt/airflow/dags/driven_data_pipeline.py                           1           0  1.23s           2025-06-27T23:25:52                      12
================================================================================
[2025-06-27T23:26:47.089+0000] {manager.py:997} INFO - 
================================================================================
DAG File Processing Stats

File Path                                  PID    Runtime      # DAGs    # Errors  Last Runtime    Last Run               Last # of DB Queries
-----------------------------------------  -----  ---------  --------  ----------  --------------  -------------------  ----------------------
/opt/airflow/dags/driven_data_pipeline.py                           1           0  0.85s           2025-06-27T23:26:23                      12
================================================================================
[2025-06-27T23:27:17.244+0000] {manager.py:997} INFO - 
================================================================================
DAG File Processing Stats

File Path                                  PID    Runtime      # DAGs    # Errors  Last Runtime    Last Run               Last # of DB Queries
-----------------------------------------  -----  ---------  --------  ----------  --------------  -------------------  ----------------------
/opt/airflow/dags/driven_data_pipeline.py                           1           0  0.70s           2025-06-27T23:26:54                      12
================================================================================
[2025-06-27T23:27:47.765+0000] {manager.py:997} INFO - 
================================================================================
DAG File Processing Stats

File Path                                  PID    Runtime      # DAGs    # Errors  Last Runtime    Last Run               Last # of DB Queries
-----------------------------------------  -----  ---------  --------  ----------  --------------  -------------------  ----------------------
/opt/airflow/dags/driven_data_pipeline.py                           1           0  0.85s           2025-06-27T23:27:25                      12
================================================================================
[2025-06-27T23:28:17.978+0000] {manager.py:997} INFO - 
================================================================================
DAG File Processing Stats

File Path                                  PID    Runtime      # DAGs    # Errors  Last Runtime    Last Run               Last # of DB Queries
-----------------------------------------  -----  ---------  --------  ----------  --------------  -------------------  ----------------------
/opt/airflow/dags/driven_data_pipeline.py                           1           0  0.69s           2025-06-27T23:27:56                      12
================================================================================
[2025-06-27T23:28:48.410+0000] {manager.py:997} INFO - 
================================================================================
DAG File Processing Stats

File Path                                  PID    Runtime      # DAGs    # Errors  Last Runtime    Last Run               Last # of DB Queries
-----------------------------------------  -----  ---------  --------  ----------  --------------  -------------------  ----------------------
/opt/airflow/dags/driven_data_pipeline.py                           1           0  0.67s           2025-06-27T23:28:27                      12
================================================================================
[2025-06-27T23:28:55.074+0000] {manager.py:821} INFO - Searching for files in /opt/airflow/dags
[2025-06-27T23:28:55.136+0000] {manager.py:824} INFO - There are 1 files in /opt/airflow/dags
[2025-06-27T23:29:18.588+0000] {manager.py:997} INFO - 
================================================================================
DAG File Processing Stats

File Path                                  PID    Runtime      # DAGs    # Errors  Last Runtime    Last Run               Last # of DB Queries
-----------------------------------------  -----  ---------  --------  ----------  --------------  -------------------  ----------------------
/opt/airflow/dags/driven_data_pipeline.py                           1           0  0.71s           2025-06-27T23:28:58                      12
================================================================================
[2025-06-27T23:29:49.339+0000] {manager.py:997} INFO - 
================================================================================
DAG File Processing Stats

File Path                                  PID    Runtime      # DAGs    # Errors  Last Runtime    Last Run               Last # of DB Queries
-----------------------------------------  -----  ---------  --------  ----------  --------------  -------------------  ----------------------
/opt/airflow/dags/driven_data_pipeline.py                           1           0  1.23s           2025-06-27T23:29:30                      12
================================================================================
[2025-06-27T23:30:19.465+0000] {manager.py:997} INFO - 
================================================================================
DAG File Processing Stats

File Path                                  PID    Runtime      # DAGs    # Errors  Last Runtime    Last Run               Last # of DB Queries
-----------------------------------------  -----  ---------  --------  ----------  --------------  -------------------  ----------------------
/opt/airflow/dags/driven_data_pipeline.py                           1           0  0.67s           2025-06-27T23:30:01                      12
================================================================================
[2025-06-27T23:30:49.939+0000] {manager.py:997} INFO - 
================================================================================
DAG File Processing Stats

File Path                                  PID    Runtime      # DAGs    # Errors  Last Runtime    Last Run               Last # of DB Queries
-----------------------------------------  -----  ---------  --------  ----------  --------------  -------------------  ----------------------
/opt/airflow/dags/driven_data_pipeline.py                           1           0  0.93s           2025-06-27T23:30:32                      12
================================================================================
[2025-06-27T23:31:19.978+0000] {manager.py:997} INFO - 
================================================================================
DAG File Processing Stats

File Path                                  PID    Runtime      # DAGs    # Errors  Last Runtime    Last Run               Last # of DB Queries
-----------------------------------------  -----  ---------  --------  ----------  --------------  -------------------  ----------------------
/opt/airflow/dags/driven_data_pipeline.py                           1           0  0.69s           2025-06-27T23:31:03                      12
================================================================================
[2025-06-27T23:31:50.172+0000] {manager.py:997} INFO - 
================================================================================
DAG File Processing Stats

File Path                                  PID    Runtime      # DAGs    # Errors  Last Runtime    Last Run               Last # of DB Queries
-----------------------------------------  -----  ---------  --------  ----------  --------------  -------------------  ----------------------
/opt/airflow/dags/driven_data_pipeline.py                           1           0  0.68s           2025-06-27T23:31:34                      12
================================================================================
[2025-06-27T23:32:20.624+0000] {manager.py:997} INFO - 
================================================================================
DAG File Processing Stats

File Path                                  PID    Runtime      # DAGs    # Errors  Last Runtime    Last Run               Last # of DB Queries
-----------------------------------------  -----  ---------  --------  ----------  --------------  -------------------  ----------------------
/opt/airflow/dags/driven_data_pipeline.py                           1           0  0.67s           2025-06-27T23:32:05                      12
================================================================================
[2025-06-27T23:32:51.062+0000] {manager.py:997} INFO - 
================================================================================
DAG File Processing Stats

File Path                                  PID    Runtime      # DAGs    # Errors  Last Runtime    Last Run               Last # of DB Queries
-----------------------------------------  -----  ---------  --------  ----------  --------------  -------------------  ----------------------
/opt/airflow/dags/driven_data_pipeline.py                           1           0  0.88s           2025-06-27T23:32:36                      12
================================================================================
[2025-06-27T23:33:21.515+0000] {manager.py:997} INFO - 
================================================================================
DAG File Processing Stats

File Path                                  PID    Runtime      # DAGs    # Errors  Last Runtime    Last Run               Last # of DB Queries
-----------------------------------------  -----  ---------  --------  ----------  --------------  -------------------  ----------------------
/opt/airflow/dags/driven_data_pipeline.py                           1           0  0.85s           2025-06-27T23:33:08                      12
================================================================================
[2025-06-27T23:33:51.546+0000] {manager.py:997} INFO - 
================================================================================
DAG File Processing Stats

File Path                                  PID    Runtime      # DAGs    # Errors  Last Runtime    Last Run               Last # of DB Queries
-----------------------------------------  -----  ---------  --------  ----------  --------------  -------------------  ----------------------
/opt/airflow/dags/driven_data_pipeline.py                           1           0  1.15s           2025-06-27T23:33:39                      12
================================================================================
[2025-06-27T23:33:55.169+0000] {manager.py:821} INFO - Searching for files in /opt/airflow/dags
[2025-06-27T23:33:55.231+0000] {manager.py:824} INFO - There are 1 files in /opt/airflow/dags
[2025-06-27T23:34:22.163+0000] {manager.py:997} INFO - 
================================================================================
DAG File Processing Stats

File Path                                  PID    Runtime      # DAGs    # Errors  Last Runtime    Last Run               Last # of DB Queries
-----------------------------------------  -----  ---------  --------  ----------  --------------  -------------------  ----------------------
/opt/airflow/dags/driven_data_pipeline.py                           1           0  0.73s           2025-06-27T23:34:11                      12
================================================================================
[2025-06-27T23:34:52.677+0000] {manager.py:997} INFO - 
================================================================================
DAG File Processing Stats

File Path                                  PID    Runtime      # DAGs    # Errors  Last Runtime    Last Run               Last # of DB Queries
-----------------------------------------  -----  ---------  --------  ----------  --------------  -------------------  ----------------------
/opt/airflow/dags/driven_data_pipeline.py                           1           0  1.03s           2025-06-27T23:34:42                      12
================================================================================
[2025-06-27T23:35:22.999+0000] {manager.py:997} INFO - 
================================================================================
DAG File Processing Stats

File Path                                  PID    Runtime      # DAGs    # Errors  Last Runtime    Last Run               Last # of DB Queries
-----------------------------------------  -----  ---------  --------  ----------  --------------  -------------------  ----------------------
/opt/airflow/dags/driven_data_pipeline.py                           1           0  0.75s           2025-06-27T23:35:13                      12
================================================================================
[2025-06-27T23:35:53.342+0000] {manager.py:997} INFO - 
================================================================================
DAG File Processing Stats

File Path                                  PID    Runtime      # DAGs    # Errors  Last Runtime    Last Run               Last # of DB Queries
-----------------------------------------  -----  ---------  --------  ----------  --------------  -------------------  ----------------------
/opt/airflow/dags/driven_data_pipeline.py                           1           0  0.78s           2025-06-27T23:35:45                      12
================================================================================
[2025-06-27T23:36:23.835+0000] {manager.py:997} INFO - 
================================================================================
DAG File Processing Stats

File Path                                  PID    Runtime      # DAGs    # Errors  Last Runtime    Last Run               Last # of DB Queries
-----------------------------------------  -----  ---------  --------  ----------  --------------  -------------------  ----------------------
/opt/airflow/dags/driven_data_pipeline.py                           1           0  0.82s           2025-06-27T23:36:16                      12
================================================================================
[2025-06-27T23:36:54.196+0000] {manager.py:997} INFO - 
================================================================================
DAG File Processing Stats

File Path                                  PID    Runtime      # DAGs    # Errors  Last Runtime    Last Run               Last # of DB Queries
-----------------------------------------  -----  ---------  --------  ----------  --------------  -------------------  ----------------------
/opt/airflow/dags/driven_data_pipeline.py                           1           0  2.04s           2025-06-27T23:36:48                      12
================================================================================
[2025-06-27T23:37:24.202+0000] {manager.py:997} INFO - 
================================================================================
DAG File Processing Stats

File Path                                  PID    Runtime      # DAGs    # Errors  Last Runtime    Last Run               Last # of DB Queries
-----------------------------------------  -----  ---------  --------  ----------  --------------  -------------------  ----------------------
/opt/airflow/dags/driven_data_pipeline.py                           1           0  0.65s           2025-06-27T23:37:19                      12
================================================================================
[2025-06-27T23:37:54.731+0000] {manager.py:997} INFO - 
================================================================================
DAG File Processing Stats

File Path                                  PID    Runtime      # DAGs    # Errors  Last Runtime    Last Run               Last # of DB Queries
-----------------------------------------  -----  ---------  --------  ----------  --------------  -------------------  ----------------------
/opt/airflow/dags/driven_data_pipeline.py                           1           0  1.04s           2025-06-27T23:37:50                      12
================================================================================
[2025-06-27T23:38:25.065+0000] {manager.py:997} INFO - 
================================================================================
DAG File Processing Stats

File Path                                  PID    Runtime      # DAGs    # Errors  Last Runtime    Last Run               Last # of DB Queries
-----------------------------------------  -----  ---------  --------  ----------  --------------  -------------------  ----------------------
/opt/airflow/dags/driven_data_pipeline.py                           1           0  0.78s           2025-06-27T23:38:21                      12
================================================================================
[2025-06-27T23:38:55.373+0000] {manager.py:821} INFO - Searching for files in /opt/airflow/dags
[2025-06-27T23:38:55.433+0000] {manager.py:824} INFO - There are 1 files in /opt/airflow/dags
[2025-06-27T23:38:55.474+0000] {manager.py:997} INFO - 
================================================================================
DAG File Processing Stats

File Path                                  PID    Runtime      # DAGs    # Errors  Last Runtime    Last Run               Last # of DB Queries
-----------------------------------------  -----  ---------  --------  ----------  --------------  -------------------  ----------------------
/opt/airflow/dags/driven_data_pipeline.py                           1           0  0.81s           2025-06-27T23:38:53                      12
================================================================================
[2025-06-27T23:39:26.039+0000] {manager.py:997} INFO - 
================================================================================
DAG File Processing Stats

File Path                                  PID    Runtime      # DAGs    # Errors  Last Runtime    Last Run               Last # of DB Queries
-----------------------------------------  -----  ---------  --------  ----------  --------------  -------------------  ----------------------
/opt/airflow/dags/driven_data_pipeline.py                           1           0  0.87s           2025-06-27T23:39:24                      12
================================================================================
[2025-06-27T23:39:56.777+0000] {manager.py:997} INFO - 
================================================================================
DAG File Processing Stats

File Path                                  PID    Runtime      # DAGs    # Errors  Last Runtime    Last Run               Last # of DB Queries
-----------------------------------------  -----  ---------  --------  ----------  --------------  -------------------  ----------------------
/opt/airflow/dags/driven_data_pipeline.py                           1           0  1.23s           2025-06-27T23:39:55                      12
================================================================================
[2025-06-27T23:40:26.989+0000] {manager.py:997} INFO - 
================================================================================
DAG File Processing Stats

File Path                                  PID    Runtime      # DAGs    # Errors  Last Runtime    Last Run               Last # of DB Queries
-----------------------------------------  -----  ---------  --------  ----------  --------------  -------------------  ----------------------
/opt/airflow/dags/driven_data_pipeline.py                           1           0  0.67s           2025-06-27T23:40:26                      12
================================================================================
[2025-06-27T23:40:57.078+0000] {manager.py:997} INFO - 
================================================================================
DAG File Processing Stats

File Path                                    PID  Runtime      # DAGs    # Errors  Last Runtime    Last Run               Last # of DB Queries
-----------------------------------------  -----  ---------  --------  ----------  --------------  -------------------  ----------------------
/opt/airflow/dags/driven_data_pipeline.py    794  0.01s             1           0  0.67s           2025-06-27T23:40:26                      12
================================================================================
[2025-06-27T23:41:27.200+0000] {manager.py:997} INFO - 
================================================================================
DAG File Processing Stats

File Path                                  PID    Runtime      # DAGs    # Errors  Last Runtime    Last Run               Last # of DB Queries
-----------------------------------------  -----  ---------  --------  ----------  --------------  -------------------  ----------------------
/opt/airflow/dags/driven_data_pipeline.py                           1           0  0.69s           2025-06-27T23:40:57                      12
================================================================================
[2025-06-27T23:41:57.342+0000] {manager.py:997} INFO - 
================================================================================
DAG File Processing Stats

File Path                                  PID    Runtime      # DAGs    # Errors  Last Runtime    Last Run               Last # of DB Queries
-----------------------------------------  -----  ---------  --------  ----------  --------------  -------------------  ----------------------
/opt/airflow/dags/driven_data_pipeline.py                           1           0  0.71s           2025-06-27T23:41:28                      12
================================================================================
[2025-06-27T23:42:27.874+0000] {manager.py:997} INFO - 
================================================================================
DAG File Processing Stats

File Path                                  PID    Runtime      # DAGs    # Errors  Last Runtime    Last Run               Last # of DB Queries
-----------------------------------------  -----  ---------  --------  ----------  --------------  -------------------  ----------------------
/opt/airflow/dags/driven_data_pipeline.py                           1           0  0.76s           2025-06-27T23:41:59                      12
================================================================================
[2025-06-27T23:42:58.414+0000] {manager.py:997} INFO - 
================================================================================
DAG File Processing Stats

File Path                                  PID    Runtime      # DAGs    # Errors  Last Runtime    Last Run               Last # of DB Queries
-----------------------------------------  -----  ---------  --------  ----------  --------------  -------------------  ----------------------
/opt/airflow/dags/driven_data_pipeline.py                           1           0  2.02s           2025-06-27T23:42:31                      12
================================================================================
[2025-06-27T23:43:28.717+0000] {manager.py:997} INFO - 
================================================================================
DAG File Processing Stats

File Path                                  PID    Runtime      # DAGs    # Errors  Last Runtime    Last Run               Last # of DB Queries
-----------------------------------------  -----  ---------  --------  ----------  --------------  -------------------  ----------------------
/opt/airflow/dags/driven_data_pipeline.py                           1           0  0.73s           2025-06-27T23:43:03                      12
================================================================================
[2025-06-27T23:43:55.676+0000] {manager.py:821} INFO - Searching for files in /opt/airflow/dags
[2025-06-27T23:43:55.762+0000] {manager.py:824} INFO - There are 1 files in /opt/airflow/dags
[2025-06-27T23:43:58.841+0000] {manager.py:997} INFO - 
================================================================================
DAG File Processing Stats

File Path                                  PID    Runtime      # DAGs    # Errors  Last Runtime    Last Run               Last # of DB Queries
-----------------------------------------  -----  ---------  --------  ----------  --------------  -------------------  ----------------------
/opt/airflow/dags/driven_data_pipeline.py                           1           0  0.74s           2025-06-27T23:43:34                      12
================================================================================
[2025-06-27T23:44:29.389+0000] {manager.py:997} INFO - 
================================================================================
DAG File Processing Stats

File Path                                  PID    Runtime      # DAGs    # Errors  Last Runtime    Last Run               Last # of DB Queries
-----------------------------------------  -----  ---------  --------  ----------  --------------  -------------------  ----------------------
/opt/airflow/dags/driven_data_pipeline.py                           1           0  0.70s           2025-06-27T23:44:05                      12
================================================================================
[2025-06-27T23:44:59.665+0000] {manager.py:997} INFO - 
================================================================================
DAG File Processing Stats

File Path                                  PID    Runtime      # DAGs    # Errors  Last Runtime    Last Run               Last # of DB Queries
-----------------------------------------  -----  ---------  --------  ----------  --------------  -------------------  ----------------------
/opt/airflow/dags/driven_data_pipeline.py                           1           0  0.71s           2025-06-27T23:44:36                      12
================================================================================
[2025-06-27T23:45:30.280+0000] {manager.py:997} INFO - 
================================================================================
DAG File Processing Stats

File Path                                  PID    Runtime      # DAGs    # Errors  Last Runtime    Last Run               Last # of DB Queries
-----------------------------------------  -----  ---------  --------  ----------  --------------  -------------------  ----------------------
/opt/airflow/dags/driven_data_pipeline.py                           1           0  1.30s           2025-06-27T23:45:08                      12
================================================================================
[2025-06-27T23:46:00.518+0000] {manager.py:997} INFO - 
================================================================================
DAG File Processing Stats

File Path                                  PID    Runtime      # DAGs    # Errors  Last Runtime    Last Run               Last # of DB Queries
-----------------------------------------  -----  ---------  --------  ----------  --------------  -------------------  ----------------------
/opt/airflow/dags/driven_data_pipeline.py                           1           0  0.66s           2025-06-27T23:45:39                      12
================================================================================
[2025-06-27T23:46:31.227+0000] {manager.py:997} INFO - 
================================================================================
DAG File Processing Stats

File Path                                  PID    Runtime      # DAGs    # Errors  Last Runtime    Last Run               Last # of DB Queries
-----------------------------------------  -----  ---------  --------  ----------  --------------  -------------------  ----------------------
/opt/airflow/dags/driven_data_pipeline.py                           1           0  0.67s           2025-06-27T23:46:09                      12
================================================================================
[2025-06-27T23:47:01.604+0000] {manager.py:997} INFO - 
================================================================================
DAG File Processing Stats

File Path                                  PID    Runtime      # DAGs    # Errors  Last Runtime    Last Run               Last # of DB Queries
-----------------------------------------  -----  ---------  --------  ----------  --------------  -------------------  ----------------------
/opt/airflow/dags/driven_data_pipeline.py                           1           0  0.84s           2025-06-27T23:46:41                      12
================================================================================
[2025-06-27T23:47:31.935+0000] {manager.py:997} INFO - 
================================================================================
DAG File Processing Stats

File Path                                  PID    Runtime      # DAGs    # Errors  Last Runtime    Last Run               Last # of DB Queries
-----------------------------------------  -----  ---------  --------  ----------  --------------  -------------------  ----------------------
/opt/airflow/dags/driven_data_pipeline.py                           1           0  0.82s           2025-06-27T23:47:12                      12
================================================================================
[2025-06-27T23:48:02.524+0000] {manager.py:997} INFO - 
================================================================================
DAG File Processing Stats

File Path                                  PID    Runtime      # DAGs    # Errors  Last Runtime    Last Run               Last # of DB Queries
-----------------------------------------  -----  ---------  --------  ----------  --------------  -------------------  ----------------------
/opt/airflow/dags/driven_data_pipeline.py                           1           0  1.03s           2025-06-27T23:47:44                      12
================================================================================
[2025-06-27T23:48:32.868+0000] {manager.py:997} INFO - 
================================================================================
DAG File Processing Stats

File Path                                  PID    Runtime      # DAGs    # Errors  Last Runtime    Last Run               Last # of DB Queries
-----------------------------------------  -----  ---------  --------  ----------  --------------  -------------------  ----------------------
/opt/airflow/dags/driven_data_pipeline.py                           1           0  0.76s           2025-06-27T23:48:15                      12
================================================================================
[2025-06-27T23:48:56.252+0000] {manager.py:821} INFO - Searching for files in /opt/airflow/dags
[2025-06-27T23:48:56.332+0000] {manager.py:824} INFO - There are 1 files in /opt/airflow/dags
[2025-06-27T23:49:03.612+0000] {manager.py:997} INFO - 
================================================================================
DAG File Processing Stats

File Path                                  PID    Runtime      # DAGs    # Errors  Last Runtime    Last Run               Last # of DB Queries
-----------------------------------------  -----  ---------  --------  ----------  --------------  -------------------  ----------------------
/opt/airflow/dags/driven_data_pipeline.py                           1           0  0.68s           2025-06-27T23:48:46                      12
================================================================================
[2025-06-27T23:49:33.845+0000] {manager.py:997} INFO - 
================================================================================
DAG File Processing Stats

File Path                                  PID    Runtime      # DAGs    # Errors  Last Runtime    Last Run               Last # of DB Queries
-----------------------------------------  -----  ---------  --------  ----------  --------------  -------------------  ----------------------
/opt/airflow/dags/driven_data_pipeline.py                           1           0  0.65s           2025-06-27T23:49:17                      12
================================================================================
[2025-06-27T23:50:04.094+0000] {manager.py:997} INFO - 
================================================================================
DAG File Processing Stats

File Path                                  PID    Runtime      # DAGs    # Errors  Last Runtime    Last Run               Last # of DB Queries
-----------------------------------------  -----  ---------  --------  ----------  --------------  -------------------  ----------------------
/opt/airflow/dags/driven_data_pipeline.py                           1           0  0.75s           2025-06-27T23:49:48                      12
================================================================================
[2025-06-27T23:50:34.117+0000] {manager.py:997} INFO - 
================================================================================
DAG File Processing Stats

File Path                                  PID    Runtime      # DAGs    # Errors  Last Runtime    Last Run               Last # of DB Queries
-----------------------------------------  -----  ---------  --------  ----------  --------------  -------------------  ----------------------
/opt/airflow/dags/driven_data_pipeline.py                           1           0  0.67s           2025-06-27T23:50:19                      12
================================================================================
[2025-06-27T23:51:04.319+0000] {manager.py:997} INFO - 
================================================================================
DAG File Processing Stats

File Path                                  PID    Runtime      # DAGs    # Errors  Last Runtime    Last Run               Last # of DB Queries
-----------------------------------------  -----  ---------  --------  ----------  --------------  -------------------  ----------------------
/opt/airflow/dags/driven_data_pipeline.py                           1           0  1.86s           2025-06-27T23:50:52                      12
================================================================================
[2025-06-27T23:51:35.037+0000] {manager.py:997} INFO - 
================================================================================
DAG File Processing Stats

File Path                                  PID    Runtime      # DAGs    # Errors  Last Runtime    Last Run               Last # of DB Queries
-----------------------------------------  -----  ---------  --------  ----------  --------------  -------------------  ----------------------
/opt/airflow/dags/driven_data_pipeline.py                           1           0  1.41s           2025-06-27T23:51:24                      12
================================================================================
[2025-06-27T23:52:05.418+0000] {manager.py:997} INFO - 
================================================================================
DAG File Processing Stats

File Path                                  PID    Runtime      # DAGs    # Errors  Last Runtime    Last Run               Last # of DB Queries
-----------------------------------------  -----  ---------  --------  ----------  --------------  -------------------  ----------------------
/opt/airflow/dags/driven_data_pipeline.py                           1           0  0.71s           2025-06-27T23:51:55                      12
================================================================================
[2025-06-27T23:52:35.622+0000] {manager.py:997} INFO - 
================================================================================
DAG File Processing Stats

File Path                                  PID    Runtime      # DAGs    # Errors  Last Runtime    Last Run               Last # of DB Queries
-----------------------------------------  -----  ---------  --------  ----------  --------------  -------------------  ----------------------
/opt/airflow/dags/driven_data_pipeline.py                           1           0  0.68s           2025-06-27T23:52:26                      12
================================================================================
[2025-06-27T23:53:06.192+0000] {manager.py:997} INFO - 
================================================================================
DAG File Processing Stats

File Path                                  PID    Runtime      # DAGs    # Errors  Last Runtime    Last Run               Last # of DB Queries
-----------------------------------------  -----  ---------  --------  ----------  --------------  -------------------  ----------------------
/opt/airflow/dags/driven_data_pipeline.py                           1           0  0.66s           2025-06-27T23:52:57                      12
================================================================================
[2025-06-27T23:53:36.739+0000] {manager.py:997} INFO - 
================================================================================
DAG File Processing Stats

File Path                                  PID    Runtime      # DAGs    # Errors  Last Runtime    Last Run               Last # of DB Queries
-----------------------------------------  -----  ---------  --------  ----------  --------------  -------------------  ----------------------
/opt/airflow/dags/driven_data_pipeline.py                           1           0  1.12s           2025-06-27T23:53:28                      12
================================================================================
[2025-06-27T23:53:57.156+0000] {manager.py:821} INFO - Searching for files in /opt/airflow/dags
[2025-06-27T23:53:57.215+0000] {manager.py:824} INFO - There are 1 files in /opt/airflow/dags
[2025-06-27T23:54:07.508+0000] {manager.py:997} INFO - 
================================================================================
DAG File Processing Stats

File Path                                  PID    Runtime      # DAGs    # Errors  Last Runtime    Last Run               Last # of DB Queries
-----------------------------------------  -----  ---------  --------  ----------  --------------  -------------------  ----------------------
/opt/airflow/dags/driven_data_pipeline.py                           1           0  2.14s           2025-06-27T23:54:01                      12
================================================================================
[2025-06-27T23:54:38.128+0000] {manager.py:997} INFO - 
================================================================================
DAG File Processing Stats

File Path                                  PID    Runtime      # DAGs    # Errors  Last Runtime    Last Run               Last # of DB Queries
-----------------------------------------  -----  ---------  --------  ----------  --------------  -------------------  ----------------------
/opt/airflow/dags/driven_data_pipeline.py                           1           0  1.09s           2025-06-27T23:54:33                      12
================================================================================
[2025-06-27T23:55:08.526+0000] {manager.py:997} INFO - 
================================================================================
DAG File Processing Stats

File Path                                  PID    Runtime      # DAGs    # Errors  Last Runtime    Last Run               Last # of DB Queries
-----------------------------------------  -----  ---------  --------  ----------  --------------  -------------------  ----------------------
/opt/airflow/dags/driven_data_pipeline.py                           1           0  0.86s           2025-06-27T23:55:04                      12
================================================================================
[2025-06-27T23:55:38.707+0000] {manager.py:997} INFO - 
================================================================================
DAG File Processing Stats

File Path                                  PID    Runtime      # DAGs    # Errors  Last Runtime    Last Run               Last # of DB Queries
-----------------------------------------  -----  ---------  --------  ----------  --------------  -------------------  ----------------------
/opt/airflow/dags/driven_data_pipeline.py                           1           0  0.66s           2025-06-27T23:55:35                      12
================================================================================
[2025-06-27T23:56:09.427+0000] {manager.py:997} INFO - 
================================================================================
DAG File Processing Stats

File Path                                  PID    Runtime      # DAGs    # Errors  Last Runtime    Last Run               Last # of DB Queries
-----------------------------------------  -----  ---------  --------  ----------  --------------  -------------------  ----------------------
/opt/airflow/dags/driven_data_pipeline.py                           1           0  0.66s           2025-06-27T23:56:06                      12
================================================================================
[2025-06-27T23:56:39.882+0000] {manager.py:997} INFO - 
================================================================================
DAG File Processing Stats

File Path                                  PID    Runtime      # DAGs    # Errors  Last Runtime    Last Run               Last # of DB Queries
-----------------------------------------  -----  ---------  --------  ----------  --------------  -------------------  ----------------------
/opt/airflow/dags/driven_data_pipeline.py                           1           0  0.92s           2025-06-27T23:56:37                      12
================================================================================
[2025-06-27T23:57:10.270+0000] {manager.py:997} INFO - 
================================================================================
DAG File Processing Stats

File Path                                  PID    Runtime      # DAGs    # Errors  Last Runtime    Last Run               Last # of DB Queries
-----------------------------------------  -----  ---------  --------  ----------  --------------  -------------------  ----------------------
/opt/airflow/dags/driven_data_pipeline.py                           1           0  0.88s           2025-06-27T23:57:09                      12
================================================================================
[2025-06-27T23:57:40.689+0000] {manager.py:997} INFO - 
================================================================================
DAG File Processing Stats

File Path                                  PID    Runtime      # DAGs    # Errors  Last Runtime    Last Run               Last # of DB Queries
-----------------------------------------  -----  ---------  --------  ----------  --------------  -------------------  ----------------------
/opt/airflow/dags/driven_data_pipeline.py                           1           0  0.87s           2025-06-27T23:57:40                      12
================================================================================
[2025-06-27T23:58:11.240+0000] {manager.py:997} INFO - 
================================================================================
DAG File Processing Stats

File Path                                    PID  Runtime      # DAGs    # Errors  Last Runtime    Last Run               Last # of DB Queries
-----------------------------------------  -----  ---------  --------  ----------  --------------  -------------------  ----------------------
/opt/airflow/dags/driven_data_pipeline.py   1059  0.02s             1           0  0.87s           2025-06-27T23:57:40                      12
================================================================================
[2025-06-27T23:58:41.396+0000] {manager.py:997} INFO - 
================================================================================
DAG File Processing Stats

File Path                                  PID    Runtime      # DAGs    # Errors  Last Runtime    Last Run               Last # of DB Queries
-----------------------------------------  -----  ---------  --------  ----------  --------------  -------------------  ----------------------
/opt/airflow/dags/driven_data_pipeline.py                           1           0  0.67s           2025-06-27T23:58:11                      12
================================================================================
[2025-06-27T23:58:57.445+0000] {manager.py:821} INFO - Searching for files in /opt/airflow/dags
[2025-06-27T23:58:57.518+0000] {manager.py:824} INFO - There are 1 files in /opt/airflow/dags
[2025-06-27T23:59:11.823+0000] {manager.py:997} INFO - 
================================================================================
DAG File Processing Stats

File Path                                  PID    Runtime      # DAGs    # Errors  Last Runtime    Last Run               Last # of DB Queries
-----------------------------------------  -----  ---------  --------  ----------  --------------  -------------------  ----------------------
/opt/airflow/dags/driven_data_pipeline.py                           1           0  0.87s           2025-06-27T23:58:43                      12
================================================================================
[2025-06-27T23:59:42.330+0000] {manager.py:997} INFO - 
================================================================================
DAG File Processing Stats

File Path                                  PID    Runtime      # DAGs    # Errors  Last Runtime    Last Run               Last # of DB Queries
-----------------------------------------  -----  ---------  --------  ----------  --------------  -------------------  ----------------------
/opt/airflow/dags/driven_data_pipeline.py                           1           0  0.83s           2025-06-27T23:59:14                      12
================================================================================
[2025-06-28T00:00:12.523+0000] {manager.py:997} INFO - 
================================================================================
DAG File Processing Stats

File Path                                  PID    Runtime      # DAGs    # Errors  Last Runtime    Last Run               Last # of DB Queries
-----------------------------------------  -----  ---------  --------  ----------  --------------  -------------------  ----------------------
/opt/airflow/dags/driven_data_pipeline.py                           1           0  0.69s           2025-06-27T23:59:46                      12
================================================================================
[2025-06-28T00:00:42.559+0000] {manager.py:997} INFO - 
================================================================================
DAG File Processing Stats

File Path                                  PID    Runtime      # DAGs    # Errors  Last Runtime    Last Run               Last # of DB Queries
-----------------------------------------  -----  ---------  --------  ----------  --------------  -------------------  ----------------------
/opt/airflow/dags/driven_data_pipeline.py                           1           0  0.75s           2025-06-28T00:00:17                      12
================================================================================
[2025-06-28T00:01:12.841+0000] {manager.py:997} INFO - 
================================================================================
DAG File Processing Stats

File Path                                  PID    Runtime      # DAGs    # Errors  Last Runtime    Last Run               Last # of DB Queries
-----------------------------------------  -----  ---------  --------  ----------  --------------  -------------------  ----------------------
/opt/airflow/dags/driven_data_pipeline.py                           1           0  0.67s           2025-06-28T00:00:48                      12
================================================================================
[2025-06-28T00:01:43.078+0000] {manager.py:997} INFO - 
================================================================================
DAG File Processing Stats

File Path                                  PID    Runtime      # DAGs    # Errors  Last Runtime    Last Run               Last # of DB Queries
-----------------------------------------  -----  ---------  --------  ----------  --------------  -------------------  ----------------------
/opt/airflow/dags/driven_data_pipeline.py                           1           0  0.74s           2025-06-28T00:01:19                      12
================================================================================
[2025-06-28T00:02:13.662+0000] {manager.py:997} INFO - 
================================================================================
DAG File Processing Stats

File Path                                  PID    Runtime      # DAGs    # Errors  Last Runtime    Last Run               Last # of DB Queries
-----------------------------------------  -----  ---------  --------  ----------  --------------  -------------------  ----------------------
/opt/airflow/dags/driven_data_pipeline.py                           1           0  0.67s           2025-06-28T00:01:50                      12
================================================================================
[2025-06-28T00:02:44.167+0000] {manager.py:997} INFO - 
================================================================================
DAG File Processing Stats

File Path                                  PID    Runtime      # DAGs    # Errors  Last Runtime    Last Run               Last # of DB Queries
-----------------------------------------  -----  ---------  --------  ----------  --------------  -------------------  ----------------------
/opt/airflow/dags/driven_data_pipeline.py                           1           0  1.17s           2025-06-28T00:02:21                      12
================================================================================
[2025-06-28T00:03:14.472+0000] {manager.py:997} INFO - 
================================================================================
DAG File Processing Stats

File Path                                  PID    Runtime      # DAGs    # Errors  Last Runtime    Last Run               Last # of DB Queries
-----------------------------------------  -----  ---------  --------  ----------  --------------  -------------------  ----------------------
/opt/airflow/dags/driven_data_pipeline.py                           1           0  0.74s           2025-06-28T00:02:53                      12
================================================================================
[2025-06-28T00:03:45.082+0000] {manager.py:997} INFO - 
================================================================================
DAG File Processing Stats

File Path                                  PID    Runtime      # DAGs    # Errors  Last Runtime    Last Run               Last # of DB Queries
-----------------------------------------  -----  ---------  --------  ----------  --------------  -------------------  ----------------------
/opt/airflow/dags/driven_data_pipeline.py                           1           0  1.09s           2025-06-28T00:03:24                      12
================================================================================
[2025-06-28T00:03:58.082+0000] {manager.py:821} INFO - Searching for files in /opt/airflow/dags
[2025-06-28T00:03:58.124+0000] {manager.py:824} INFO - There are 1 files in /opt/airflow/dags
[2025-06-28T00:04:15.464+0000] {manager.py:997} INFO - 
================================================================================
DAG File Processing Stats

File Path                                  PID    Runtime      # DAGs    # Errors  Last Runtime    Last Run               Last # of DB Queries
-----------------------------------------  -----  ---------  --------  ----------  --------------  -------------------  ----------------------
/opt/airflow/dags/driven_data_pipeline.py                           1           0  0.73s           2025-06-28T00:03:56                      12
================================================================================
[2025-06-28T00:04:45.780+0000] {manager.py:997} INFO - 
================================================================================
DAG File Processing Stats

File Path                                  PID    Runtime      # DAGs    # Errors  Last Runtime    Last Run               Last # of DB Queries
-----------------------------------------  -----  ---------  --------  ----------  --------------  -------------------  ----------------------
/opt/airflow/dags/driven_data_pipeline.py                           1           0  0.77s           2025-06-28T00:04:27                      12
================================================================================
[2025-06-28T00:05:16.136+0000] {manager.py:997} INFO - 
================================================================================
DAG File Processing Stats

File Path                                  PID    Runtime      # DAGs    # Errors  Last Runtime    Last Run               Last # of DB Queries
-----------------------------------------  -----  ---------  --------  ----------  --------------  -------------------  ----------------------
/opt/airflow/dags/driven_data_pipeline.py                           1           0  0.82s           2025-06-28T00:04:58                      12
================================================================================
[2025-06-28T00:05:46.339+0000] {manager.py:997} INFO - 
================================================================================
DAG File Processing Stats

File Path                                  PID    Runtime      # DAGs    # Errors  Last Runtime    Last Run               Last # of DB Queries
-----------------------------------------  -----  ---------  --------  ----------  --------------  -------------------  ----------------------
/opt/airflow/dags/driven_data_pipeline.py                           1           0  0.67s           2025-06-28T00:05:30                      12
================================================================================
[2025-06-28T00:06:16.944+0000] {manager.py:997} INFO - 
================================================================================
DAG File Processing Stats

File Path                                  PID    Runtime      # DAGs    # Errors  Last Runtime    Last Run               Last # of DB Queries
-----------------------------------------  -----  ---------  --------  ----------  --------------  -------------------  ----------------------
/opt/airflow/dags/driven_data_pipeline.py                           1           0  0.66s           2025-06-28T00:06:01                      12
================================================================================
[2025-06-28T00:06:47.486+0000] {manager.py:997} INFO - 
================================================================================
DAG File Processing Stats

File Path                                  PID    Runtime      # DAGs    # Errors  Last Runtime    Last Run               Last # of DB Queries
-----------------------------------------  -----  ---------  --------  ----------  --------------  -------------------  ----------------------
/opt/airflow/dags/driven_data_pipeline.py                           1           0  1.30s           2025-06-28T00:06:32                      12
================================================================================
[2025-06-28T00:07:17.855+0000] {manager.py:997} INFO - 
================================================================================
DAG File Processing Stats

File Path                                  PID    Runtime      # DAGs    # Errors  Last Runtime    Last Run               Last # of DB Queries
-----------------------------------------  -----  ---------  --------  ----------  --------------  -------------------  ----------------------
/opt/airflow/dags/driven_data_pipeline.py                           1           0  0.87s           2025-06-28T00:07:03                      12
================================================================================
[2025-06-28T00:07:48.124+0000] {manager.py:997} INFO - 
================================================================================
DAG File Processing Stats

File Path                                  PID    Runtime      # DAGs    # Errors  Last Runtime    Last Run               Last # of DB Queries
-----------------------------------------  -----  ---------  --------  ----------  --------------  -------------------  ----------------------
/opt/airflow/dags/driven_data_pipeline.py                           1           0  0.81s           2025-06-28T00:07:34                      12
================================================================================
[2025-06-28T00:08:18.155+0000] {manager.py:997} INFO - 
================================================================================
DAG File Processing Stats

File Path                                  PID    Runtime      # DAGs    # Errors  Last Runtime    Last Run               Last # of DB Queries
-----------------------------------------  -----  ---------  --------  ----------  --------------  -------------------  ----------------------
/opt/airflow/dags/driven_data_pipeline.py                           1           0  0.89s           2025-06-28T00:08:05                      12
================================================================================
[2025-06-28T00:08:48.257+0000] {manager.py:997} INFO - 
================================================================================
DAG File Processing Stats

File Path                                  PID    Runtime      # DAGs    # Errors  Last Runtime    Last Run               Last # of DB Queries
-----------------------------------------  -----  ---------  --------  ----------  --------------  -------------------  ----------------------
/opt/airflow/dags/driven_data_pipeline.py                           1           0  0.67s           2025-06-28T00:08:37                      12
================================================================================
[2025-06-28T00:08:58.268+0000] {manager.py:821} INFO - Searching for files in /opt/airflow/dags
[2025-06-28T00:08:58.324+0000] {manager.py:824} INFO - There are 1 files in /opt/airflow/dags
[2025-06-28T00:09:18.334+0000] {manager.py:997} INFO - 
================================================================================
DAG File Processing Stats

File Path                                  PID    Runtime      # DAGs    # Errors  Last Runtime    Last Run               Last # of DB Queries
-----------------------------------------  -----  ---------  --------  ----------  --------------  -------------------  ----------------------
/opt/airflow/dags/driven_data_pipeline.py                           1           0  0.66s           2025-06-28T00:09:08                      12
================================================================================
[2025-06-28T00:09:48.958+0000] {manager.py:997} INFO - 
================================================================================
DAG File Processing Stats

File Path                                  PID    Runtime      # DAGs    # Errors  Last Runtime    Last Run               Last # of DB Queries
-----------------------------------------  -----  ---------  --------  ----------  --------------  -------------------  ----------------------
/opt/airflow/dags/driven_data_pipeline.py                           1           0  1.27s           2025-06-28T00:09:39                      12
================================================================================
[2025-06-28T00:10:19.283+0000] {manager.py:997} INFO - 
================================================================================
DAG File Processing Stats

File Path                                  PID    Runtime      # DAGs    # Errors  Last Runtime    Last Run               Last # of DB Queries
-----------------------------------------  -----  ---------  --------  ----------  --------------  -------------------  ----------------------
/opt/airflow/dags/driven_data_pipeline.py                           1           0  0.81s           2025-06-28T00:10:11                      12
================================================================================
[2025-06-28T00:10:49.660+0000] {manager.py:997} INFO - 
================================================================================
DAG File Processing Stats

File Path                                  PID    Runtime      # DAGs    # Errors  Last Runtime    Last Run               Last # of DB Queries
-----------------------------------------  -----  ---------  --------  ----------  --------------  -------------------  ----------------------
/opt/airflow/dags/driven_data_pipeline.py                           1           0  0.86s           2025-06-28T00:10:42                      12
================================================================================
[2025-06-28T00:11:20.119+0000] {manager.py:997} INFO - 
================================================================================
DAG File Processing Stats

File Path                                  PID    Runtime      # DAGs    # Errors  Last Runtime    Last Run               Last # of DB Queries
-----------------------------------------  -----  ---------  --------  ----------  --------------  -------------------  ----------------------
/opt/airflow/dags/driven_data_pipeline.py                           1           0  0.92s           2025-06-28T00:11:14                      12
================================================================================
[2025-06-28T00:11:50.222+0000] {manager.py:997} INFO - 
================================================================================
DAG File Processing Stats

File Path                                  PID    Runtime      # DAGs    # Errors  Last Runtime    Last Run               Last # of DB Queries
-----------------------------------------  -----  ---------  --------  ----------  --------------  -------------------  ----------------------
/opt/airflow/dags/driven_data_pipeline.py                           1           0  1.15s           2025-06-28T00:11:45                      12
================================================================================
[2025-06-28T00:12:20.422+0000] {manager.py:997} INFO - 
================================================================================
DAG File Processing Stats

File Path                                  PID    Runtime      # DAGs    # Errors  Last Runtime    Last Run               Last # of DB Queries
-----------------------------------------  -----  ---------  --------  ----------  --------------  -------------------  ----------------------
/opt/airflow/dags/driven_data_pipeline.py                           1           0  0.73s           2025-06-28T00:12:16                      12
================================================================================
[2025-06-28T00:12:50.701+0000] {manager.py:997} INFO - 
================================================================================
DAG File Processing Stats

File Path                                  PID    Runtime      # DAGs    # Errors  Last Runtime    Last Run               Last # of DB Queries
-----------------------------------------  -----  ---------  --------  ----------  --------------  -------------------  ----------------------
/opt/airflow/dags/driven_data_pipeline.py                           1           0  0.76s           2025-06-28T00:12:47                      12
================================================================================
[2025-06-28T00:13:20.707+0000] {manager.py:997} INFO - 
================================================================================
DAG File Processing Stats

File Path                                  PID    Runtime      # DAGs    # Errors  Last Runtime    Last Run               Last # of DB Queries
-----------------------------------------  -----  ---------  --------  ----------  --------------  -------------------  ----------------------
/opt/airflow/dags/driven_data_pipeline.py                           1           0  0.80s           2025-06-28T00:13:19                      12
================================================================================
[2025-06-28T00:13:50.978+0000] {manager.py:997} INFO - 
================================================================================
DAG File Processing Stats

File Path                                  PID    Runtime      # DAGs    # Errors  Last Runtime    Last Run               Last # of DB Queries
-----------------------------------------  -----  ---------  --------  ----------  --------------  -------------------  ----------------------
/opt/airflow/dags/driven_data_pipeline.py                           1           0  0.73s           2025-06-28T00:13:49                      12
================================================================================
[2025-06-28T00:13:58.690+0000] {manager.py:821} INFO - Searching for files in /opt/airflow/dags
[2025-06-28T00:13:58.754+0000] {manager.py:824} INFO - There are 1 files in /opt/airflow/dags
[2025-06-28T00:14:21.451+0000] {manager.py:997} INFO - 
================================================================================
DAG File Processing Stats

File Path                                  PID    Runtime      # DAGs    # Errors  Last Runtime    Last Run               Last # of DB Queries
-----------------------------------------  -----  ---------  --------  ----------  --------------  -------------------  ----------------------
/opt/airflow/dags/driven_data_pipeline.py                           1           0  0.66s           2025-06-28T00:14:20                      12
================================================================================
[2025-06-28T00:14:51.577+0000] {manager.py:997} INFO - 
================================================================================
DAG File Processing Stats

File Path                                  PID    Runtime      # DAGs    # Errors  Last Runtime    Last Run               Last # of DB Queries
-----------------------------------------  -----  ---------  --------  ----------  --------------  -------------------  ----------------------
/opt/airflow/dags/driven_data_pipeline.py                           1           0  0.65s           2025-06-28T00:14:51                      12
================================================================================
[2025-06-28T00:15:21.920+0000] {manager.py:997} INFO - 
================================================================================
DAG File Processing Stats

File Path                                    PID  Runtime      # DAGs    # Errors  Last Runtime    Last Run               Last # of DB Queries
-----------------------------------------  -----  ---------  --------  ----------  --------------  -------------------  ----------------------
/opt/airflow/dags/driven_data_pipeline.py   1333  0.04s             1           0  0.65s           2025-06-28T00:14:51                      12
================================================================================
[2025-06-28T00:15:52.548+0000] {manager.py:997} INFO - 
================================================================================
DAG File Processing Stats

File Path                                  PID    Runtime      # DAGs    # Errors  Last Runtime    Last Run               Last # of DB Queries
-----------------------------------------  -----  ---------  --------  ----------  --------------  -------------------  ----------------------
/opt/airflow/dags/driven_data_pipeline.py                           1           0  1.13s           2025-06-28T00:15:22                      12
================================================================================
[2025-06-28T00:16:22.819+0000] {manager.py:997} INFO - 
================================================================================
DAG File Processing Stats

File Path                                  PID    Runtime      # DAGs    # Errors  Last Runtime    Last Run               Last # of DB Queries
-----------------------------------------  -----  ---------  --------  ----------  --------------  -------------------  ----------------------
/opt/airflow/dags/driven_data_pipeline.py                           1           0  2.64s           2025-06-28T00:15:56                      12
================================================================================
[2025-06-28T00:16:53.056+0000] {manager.py:997} INFO - 
================================================================================
DAG File Processing Stats

File Path                                  PID    Runtime      # DAGs    # Errors  Last Runtime    Last Run               Last # of DB Queries
-----------------------------------------  -----  ---------  --------  ----------  --------------  -------------------  ----------------------
/opt/airflow/dags/driven_data_pipeline.py                           1           0  1.00s           2025-06-28T00:16:27                      12
================================================================================
[2025-06-28T00:17:23.334+0000] {manager.py:997} INFO - 
================================================================================
DAG File Processing Stats

File Path                                  PID    Runtime      # DAGs    # Errors  Last Runtime    Last Run               Last # of DB Queries
-----------------------------------------  -----  ---------  --------  ----------  --------------  -------------------  ----------------------
/opt/airflow/dags/driven_data_pipeline.py                           1           0  0.67s           2025-06-28T00:16:58                      12
================================================================================
[2025-06-28T00:17:53.529+0000] {manager.py:997} INFO - 
================================================================================
DAG File Processing Stats

File Path                                  PID    Runtime      # DAGs    # Errors  Last Runtime    Last Run               Last # of DB Queries
-----------------------------------------  -----  ---------  --------  ----------  --------------  -------------------  ----------------------
/opt/airflow/dags/driven_data_pipeline.py                           1           0  0.66s           2025-06-28T00:17:30                      12
================================================================================
[2025-06-28T00:18:24.079+0000] {manager.py:997} INFO - 
================================================================================
DAG File Processing Stats

File Path                                  PID    Runtime      # DAGs    # Errors  Last Runtime    Last Run               Last # of DB Queries
-----------------------------------------  -----  ---------  --------  ----------  --------------  -------------------  ----------------------
/opt/airflow/dags/driven_data_pipeline.py                           1           0  0.65s           2025-06-28T00:18:01                      12
================================================================================
[2025-06-28T00:18:54.808+0000] {manager.py:997} INFO - 
================================================================================
DAG File Processing Stats

File Path                                  PID    Runtime      # DAGs    # Errors  Last Runtime    Last Run               Last # of DB Queries
-----------------------------------------  -----  ---------  --------  ----------  --------------  -------------------  ----------------------
/opt/airflow/dags/driven_data_pipeline.py                           1           0  1.17s           2025-06-28T00:18:32                      12
================================================================================
[2025-06-28T00:18:58.864+0000] {manager.py:821} INFO - Searching for files in /opt/airflow/dags
[2025-06-28T00:18:58.913+0000] {manager.py:824} INFO - There are 1 files in /opt/airflow/dags
[2025-06-28T00:19:25.169+0000] {manager.py:997} INFO - 
================================================================================
DAG File Processing Stats

File Path                                  PID    Runtime      # DAGs    # Errors  Last Runtime    Last Run               Last # of DB Queries
-----------------------------------------  -----  ---------  --------  ----------  --------------  -------------------  ----------------------
/opt/airflow/dags/driven_data_pipeline.py                           1           0  0.75s           2025-06-28T00:19:03                      12
================================================================================
[2025-06-28T00:19:55.656+0000] {manager.py:997} INFO - 
================================================================================
DAG File Processing Stats

File Path                                  PID    Runtime      # DAGs    # Errors  Last Runtime    Last Run               Last # of DB Queries
-----------------------------------------  -----  ---------  --------  ----------  --------------  -------------------  ----------------------
/opt/airflow/dags/driven_data_pipeline.py                           1           0  0.91s           2025-06-28T00:19:35                      12
================================================================================
[2025-06-28T00:20:25.887+0000] {manager.py:997} INFO - 
================================================================================
DAG File Processing Stats

File Path                                  PID    Runtime      # DAGs    # Errors  Last Runtime    Last Run               Last # of DB Queries
-----------------------------------------  -----  ---------  --------  ----------  --------------  -------------------  ----------------------
/opt/airflow/dags/driven_data_pipeline.py                           1           0  0.72s           2025-06-28T00:20:06                      12
================================================================================
[2025-06-28T00:20:56.366+0000] {manager.py:997} INFO - 
================================================================================
DAG File Processing Stats

File Path                                  PID    Runtime      # DAGs    # Errors  Last Runtime    Last Run               Last # of DB Queries
-----------------------------------------  -----  ---------  --------  ----------  --------------  -------------------  ----------------------
/opt/airflow/dags/driven_data_pipeline.py                           1           0  0.66s           2025-06-28T00:20:37                      12
================================================================================
[2025-06-28T00:21:26.521+0000] {manager.py:997} INFO - 
================================================================================
DAG File Processing Stats

File Path                                  PID    Runtime      # DAGs    # Errors  Last Runtime    Last Run               Last # of DB Queries
-----------------------------------------  -----  ---------  --------  ----------  --------------  -------------------  ----------------------
/opt/airflow/dags/driven_data_pipeline.py                           1           0  0.68s           2025-06-28T00:21:08                      12
================================================================================
[2025-06-28T00:21:56.988+0000] {manager.py:997} INFO - 
================================================================================
DAG File Processing Stats

File Path                                  PID    Runtime      # DAGs    # Errors  Last Runtime    Last Run               Last # of DB Queries
-----------------------------------------  -----  ---------  --------  ----------  --------------  -------------------  ----------------------
/opt/airflow/dags/driven_data_pipeline.py                           1           0  0.67s           2025-06-28T00:21:38                      12
================================================================================
[2025-06-28T00:22:27.385+0000] {manager.py:997} INFO - 
================================================================================
DAG File Processing Stats

File Path                                  PID    Runtime      # DAGs    # Errors  Last Runtime    Last Run               Last # of DB Queries
-----------------------------------------  -----  ---------  --------  ----------  --------------  -------------------  ----------------------
/opt/airflow/dags/driven_data_pipeline.py                           1           0  0.84s           2025-06-28T00:22:10                      12
================================================================================
[2025-06-28T00:22:57.653+0000] {manager.py:997} INFO - 
================================================================================
DAG File Processing Stats

File Path                                  PID    Runtime      # DAGs    # Errors  Last Runtime    Last Run               Last # of DB Queries
-----------------------------------------  -----  ---------  --------  ----------  --------------  -------------------  ----------------------
/opt/airflow/dags/driven_data_pipeline.py                           1           0  0.78s           2025-06-28T00:22:41                      12
================================================================================
[2025-06-28T00:23:27.771+0000] {manager.py:997} INFO - 
================================================================================
DAG File Processing Stats

File Path                                  PID    Runtime      # DAGs    # Errors  Last Runtime    Last Run               Last # of DB Queries
-----------------------------------------  -----  ---------  --------  ----------  --------------  -------------------  ----------------------
/opt/airflow/dags/driven_data_pipeline.py                           1           0  0.86s           2025-06-28T00:23:12                      12
================================================================================
[2025-06-28T00:23:57.781+0000] {manager.py:997} INFO - 
================================================================================
DAG File Processing Stats

File Path                                  PID    Runtime      # DAGs    # Errors  Last Runtime    Last Run               Last # of DB Queries
-----------------------------------------  -----  ---------  --------  ----------  --------------  -------------------  ----------------------
/opt/airflow/dags/driven_data_pipeline.py                           1           0  0.70s           2025-06-28T00:23:43                      12
================================================================================
[2025-06-28T00:23:59.008+0000] {manager.py:821} INFO - Searching for files in /opt/airflow/dags
[2025-06-28T00:23:59.161+0000] {manager.py:824} INFO - There are 1 files in /opt/airflow/dags
[2025-06-28T00:24:28.025+0000] {manager.py:997} INFO - 
================================================================================
DAG File Processing Stats

File Path                                  PID    Runtime      # DAGs    # Errors  Last Runtime    Last Run               Last # of DB Queries
-----------------------------------------  -----  ---------  --------  ----------  --------------  -------------------  ----------------------
/opt/airflow/dags/driven_data_pipeline.py                           1           0  0.72s           2025-06-28T00:24:14                      12
================================================================================
[2025-06-28T00:24:58.716+0000] {manager.py:997} INFO - 
================================================================================
DAG File Processing Stats

File Path                                  PID    Runtime      # DAGs    # Errors  Last Runtime    Last Run               Last # of DB Queries
-----------------------------------------  -----  ---------  --------  ----------  --------------  -------------------  ----------------------
/opt/airflow/dags/driven_data_pipeline.py                           1           0  1.45s           2025-06-28T00:24:46                      12
================================================================================
[2025-06-28T00:25:28.982+0000] {manager.py:997} INFO - 
================================================================================
DAG File Processing Stats

File Path                                  PID    Runtime      # DAGs    # Errors  Last Runtime    Last Run               Last # of DB Queries
-----------------------------------------  -----  ---------  --------  ----------  --------------  -------------------  ----------------------
/opt/airflow/dags/driven_data_pipeline.py                           1           0  0.75s           2025-06-28T00:25:17                      12
================================================================================
[2025-06-28T00:25:59.296+0000] {manager.py:997} INFO - 
================================================================================
DAG File Processing Stats

File Path                                  PID    Runtime      # DAGs    # Errors  Last Runtime    Last Run               Last # of DB Queries
-----------------------------------------  -----  ---------  --------  ----------  --------------  -------------------  ----------------------
/opt/airflow/dags/driven_data_pipeline.py                           1           0  0.79s           2025-06-28T00:25:49                      12
================================================================================
[2025-06-28T00:26:29.881+0000] {manager.py:997} INFO - 
================================================================================
DAG File Processing Stats

File Path                                  PID    Runtime      # DAGs    # Errors  Last Runtime    Last Run               Last # of DB Queries
-----------------------------------------  -----  ---------  --------  ----------  --------------  -------------------  ----------------------
/opt/airflow/dags/driven_data_pipeline.py                           1           0  0.71s           2025-06-28T00:26:20                      12
================================================================================
[2025-06-28T00:27:00.087+0000] {manager.py:997} INFO - 
================================================================================
DAG File Processing Stats

File Path                                  PID    Runtime      # DAGs    # Errors  Last Runtime    Last Run               Last # of DB Queries
-----------------------------------------  -----  ---------  --------  ----------  --------------  -------------------  ----------------------
/opt/airflow/dags/driven_data_pipeline.py                           1           0  0.70s           2025-06-28T00:26:50                      12
================================================================================
[2025-06-28T00:27:30.646+0000] {manager.py:997} INFO - 
================================================================================
DAG File Processing Stats

File Path                                  PID    Runtime      # DAGs    # Errors  Last Runtime    Last Run               Last # of DB Queries
-----------------------------------------  -----  ---------  --------  ----------  --------------  -------------------  ----------------------
/opt/airflow/dags/driven_data_pipeline.py                           1           0  0.74s           2025-06-28T00:27:21                      12
================================================================================
[2025-06-28T00:28:01.124+0000] {manager.py:997} INFO - 
================================================================================
DAG File Processing Stats

File Path                                  PID    Runtime      # DAGs    # Errors  Last Runtime    Last Run               Last # of DB Queries
-----------------------------------------  -----  ---------  --------  ----------  --------------  -------------------  ----------------------
/opt/airflow/dags/driven_data_pipeline.py                           1           0  0.96s           2025-06-28T00:27:52                      12
================================================================================
[2025-06-28T00:28:31.166+0000] {manager.py:997} INFO - 
================================================================================
DAG File Processing Stats

File Path                                  PID    Runtime      # DAGs    # Errors  Last Runtime    Last Run               Last # of DB Queries
-----------------------------------------  -----  ---------  --------  ----------  --------------  -------------------  ----------------------
/opt/airflow/dags/driven_data_pipeline.py                           1           0  1.99s           2025-06-28T00:28:25                      12
================================================================================
[2025-06-28T00:28:59.634+0000] {manager.py:821} INFO - Searching for files in /opt/airflow/dags
[2025-06-28T00:28:59.703+0000] {manager.py:824} INFO - There are 1 files in /opt/airflow/dags
[2025-06-28T00:29:01.806+0000] {manager.py:997} INFO - 
================================================================================
DAG File Processing Stats

File Path                                  PID    Runtime      # DAGs    # Errors  Last Runtime    Last Run               Last # of DB Queries
-----------------------------------------  -----  ---------  --------  ----------  --------------  -------------------  ----------------------
/opt/airflow/dags/driven_data_pipeline.py                           1           0  0.77s           2025-06-28T00:28:56                      12
================================================================================
[2025-06-28T00:29:32.102+0000] {manager.py:997} INFO - 
================================================================================
DAG File Processing Stats

File Path                                  PID    Runtime      # DAGs    # Errors  Last Runtime    Last Run               Last # of DB Queries
-----------------------------------------  -----  ---------  --------  ----------  --------------  -------------------  ----------------------
/opt/airflow/dags/driven_data_pipeline.py                           1           0  0.70s           2025-06-28T00:29:28                      12
================================================================================
[2025-06-28T00:30:02.385+0000] {manager.py:997} INFO - 
================================================================================
DAG File Processing Stats

File Path                                  PID    Runtime      # DAGs    # Errors  Last Runtime    Last Run               Last # of DB Queries
-----------------------------------------  -----  ---------  --------  ----------  --------------  -------------------  ----------------------
/opt/airflow/dags/driven_data_pipeline.py                           1           0  0.67s           2025-06-28T00:29:59                      12
================================================================================
[2025-06-28T00:30:32.895+0000] {manager.py:997} INFO - 
================================================================================
DAG File Processing Stats

File Path                                  PID    Runtime      # DAGs    # Errors  Last Runtime    Last Run               Last # of DB Queries
-----------------------------------------  -----  ---------  --------  ----------  --------------  -------------------  ----------------------
/opt/airflow/dags/driven_data_pipeline.py                           1           0  0.72s           2025-06-28T00:30:30                      12
================================================================================
[2025-06-28T00:31:03.248+0000] {manager.py:997} INFO - 
================================================================================
DAG File Processing Stats

File Path                                  PID    Runtime      # DAGs    # Errors  Last Runtime    Last Run               Last # of DB Queries
-----------------------------------------  -----  ---------  --------  ----------  --------------  -------------------  ----------------------
/opt/airflow/dags/driven_data_pipeline.py                           1           0  0.75s           2025-06-28T00:31:01                      12
================================================================================
[2025-06-28T00:31:33.453+0000] {manager.py:997} INFO - 
================================================================================
DAG File Processing Stats

File Path                                    PID  Runtime      # DAGs    # Errors  Last Runtime    Last Run               Last # of DB Queries
-----------------------------------------  -----  ---------  --------  ----------  --------------  -------------------  ----------------------
/opt/airflow/dags/driven_data_pipeline.py   1594  2.11s             1           0  0.75s           2025-06-28T00:31:01                      12
================================================================================
[2025-06-28T00:32:04.047+0000] {manager.py:997} INFO - 
================================================================================
DAG File Processing Stats

File Path                                    PID  Runtime      # DAGs    # Errors  Last Runtime    Last Run               Last # of DB Queries
-----------------------------------------  -----  ---------  --------  ----------  --------------  -------------------  ----------------------
/opt/airflow/dags/driven_data_pipeline.py   1601  0.01s             1           0  2.24s           2025-06-28T00:31:33                      12
================================================================================
[2025-06-28T00:32:34.405+0000] {manager.py:997} INFO - 
================================================================================
DAG File Processing Stats

File Path                                  PID    Runtime      # DAGs    # Errors  Last Runtime    Last Run               Last # of DB Queries
-----------------------------------------  -----  ---------  --------  ----------  --------------  -------------------  ----------------------
/opt/airflow/dags/driven_data_pipeline.py                           1           0  0.79s           2025-06-28T00:32:04                      12
================================================================================
[2025-06-28T00:33:04.840+0000] {manager.py:997} INFO - 
================================================================================
DAG File Processing Stats

File Path                                  PID    Runtime      # DAGs    # Errors  Last Runtime    Last Run               Last # of DB Queries
-----------------------------------------  -----  ---------  --------  ----------  --------------  -------------------  ----------------------
/opt/airflow/dags/driven_data_pipeline.py                           1           0  0.84s           2025-06-28T00:32:36                      12
================================================================================
[2025-06-28T00:33:35.097+0000] {manager.py:997} INFO - 
================================================================================
DAG File Processing Stats

File Path                                  PID    Runtime      # DAGs    # Errors  Last Runtime    Last Run               Last # of DB Queries
-----------------------------------------  -----  ---------  --------  ----------  --------------  -------------------  ----------------------
/opt/airflow/dags/driven_data_pipeline.py                           1           0  0.69s           2025-06-28T00:33:07                      12
================================================================================
[2025-06-28T00:33:59.814+0000] {manager.py:821} INFO - Searching for files in /opt/airflow/dags
[2025-06-28T00:33:59.864+0000] {manager.py:824} INFO - There are 1 files in /opt/airflow/dags
[2025-06-28T00:34:05.741+0000] {manager.py:997} INFO - 
================================================================================
DAG File Processing Stats

File Path                                  PID    Runtime      # DAGs    # Errors  Last Runtime    Last Run               Last # of DB Queries
-----------------------------------------  -----  ---------  --------  ----------  --------------  -------------------  ----------------------
/opt/airflow/dags/driven_data_pipeline.py                           1           0  0.76s           2025-06-28T00:33:38                      12
================================================================================
[2025-06-28T00:34:36.334+0000] {manager.py:997} INFO - 
================================================================================
DAG File Processing Stats

File Path                                  PID    Runtime      # DAGs    # Errors  Last Runtime    Last Run               Last # of DB Queries
-----------------------------------------  -----  ---------  --------  ----------  --------------  -------------------  ----------------------
/opt/airflow/dags/driven_data_pipeline.py                           1           0  1.00s           2025-06-28T00:34:09                      12
================================================================================
[2025-06-28T00:35:06.349+0000] {manager.py:997} INFO - 
================================================================================
DAG File Processing Stats

File Path                                  PID    Runtime      # DAGs    # Errors  Last Runtime    Last Run               Last # of DB Queries
-----------------------------------------  -----  ---------  --------  ----------  --------------  -------------------  ----------------------
/opt/airflow/dags/driven_data_pipeline.py                           1           0  1.47s           2025-06-28T00:34:41                      12
================================================================================
[2025-06-28T00:35:36.568+0000] {manager.py:997} INFO - 
================================================================================
DAG File Processing Stats

File Path                                  PID    Runtime      # DAGs    # Errors  Last Runtime    Last Run               Last # of DB Queries
-----------------------------------------  -----  ---------  --------  ----------  --------------  -------------------  ----------------------
/opt/airflow/dags/driven_data_pipeline.py                           1           0  0.88s           2025-06-28T00:35:13                      12
================================================================================
[2025-06-28T00:36:06.934+0000] {manager.py:997} INFO - 
================================================================================
DAG File Processing Stats

File Path                                  PID    Runtime      # DAGs    # Errors  Last Runtime    Last Run               Last # of DB Queries
-----------------------------------------  -----  ---------  --------  ----------  --------------  -------------------  ----------------------
/opt/airflow/dags/driven_data_pipeline.py                           1           0  0.71s           2025-06-28T00:35:44                      12
================================================================================
[2025-06-28T00:36:37.450+0000] {manager.py:997} INFO - 
================================================================================
DAG File Processing Stats

File Path                                  PID    Runtime      # DAGs    # Errors  Last Runtime    Last Run               Last # of DB Queries
-----------------------------------------  -----  ---------  --------  ----------  --------------  -------------------  ----------------------
/opt/airflow/dags/driven_data_pipeline.py                           1           0  0.75s           2025-06-28T00:36:15                      12
================================================================================
[2025-06-28T00:37:07.921+0000] {manager.py:997} INFO - 
================================================================================
DAG File Processing Stats

File Path                                  PID    Runtime      # DAGs    # Errors  Last Runtime    Last Run               Last # of DB Queries
-----------------------------------------  -----  ---------  --------  ----------  --------------  -------------------  ----------------------
/opt/airflow/dags/driven_data_pipeline.py                           1           0  0.91s           2025-06-28T00:36:46                      12
================================================================================
[2025-06-28T00:37:38.587+0000] {manager.py:997} INFO - 
================================================================================
DAG File Processing Stats

File Path                                  PID    Runtime      # DAGs    # Errors  Last Runtime    Last Run               Last # of DB Queries
-----------------------------------------  -----  ---------  --------  ----------  --------------  -------------------  ----------------------
/opt/airflow/dags/driven_data_pipeline.py                           1           0  1.39s           2025-06-28T00:37:18                      12
================================================================================
[2025-06-28T00:38:08.872+0000] {manager.py:997} INFO - 
================================================================================
DAG File Processing Stats

File Path                                  PID    Runtime      # DAGs    # Errors  Last Runtime    Last Run               Last # of DB Queries
-----------------------------------------  -----  ---------  --------  ----------  --------------  -------------------  ----------------------
/opt/airflow/dags/driven_data_pipeline.py                           1           0  0.68s           2025-06-28T00:37:49                      12
================================================================================
[2025-06-28T00:38:39.503+0000] {manager.py:997} INFO - 
================================================================================
DAG File Processing Stats

File Path                                  PID    Runtime      # DAGs    # Errors  Last Runtime    Last Run               Last # of DB Queries
-----------------------------------------  -----  ---------  --------  ----------  --------------  -------------------  ----------------------
/opt/airflow/dags/driven_data_pipeline.py                           1           0  0.66s           2025-06-28T00:38:20                      12
================================================================================
[2025-06-28T00:38:59.952+0000] {manager.py:821} INFO - Searching for files in /opt/airflow/dags
[2025-06-28T00:39:00.002+0000] {manager.py:824} INFO - There are 1 files in /opt/airflow/dags
[2025-06-28T00:39:09.664+0000] {manager.py:997} INFO - 
================================================================================
DAG File Processing Stats

File Path                                  PID    Runtime      # DAGs    # Errors  Last Runtime    Last Run               Last # of DB Queries
-----------------------------------------  -----  ---------  --------  ----------  --------------  -------------------  ----------------------
/opt/airflow/dags/driven_data_pipeline.py                           1           0  0.67s           2025-06-28T00:38:51                      12
================================================================================
[2025-06-28T00:39:40.281+0000] {manager.py:997} INFO - 
================================================================================
DAG File Processing Stats

File Path                                  PID    Runtime      # DAGs    # Errors  Last Runtime    Last Run               Last # of DB Queries
-----------------------------------------  -----  ---------  --------  ----------  --------------  -------------------  ----------------------
/opt/airflow/dags/driven_data_pipeline.py                           1           0  0.67s           2025-06-28T00:39:22                      12
================================================================================
[2025-06-28T00:40:10.777+0000] {manager.py:997} INFO - 
================================================================================
DAG File Processing Stats

File Path                                  PID    Runtime      # DAGs    # Errors  Last Runtime    Last Run               Last # of DB Queries
-----------------------------------------  -----  ---------  --------  ----------  --------------  -------------------  ----------------------
/opt/airflow/dags/driven_data_pipeline.py                           1           0  2.99s           2025-06-28T00:39:55                      12
================================================================================
[2025-06-28T00:40:41.373+0000] {manager.py:997} INFO - 
================================================================================
DAG File Processing Stats

File Path                                  PID    Runtime      # DAGs    # Errors  Last Runtime    Last Run               Last # of DB Queries
-----------------------------------------  -----  ---------  --------  ----------  --------------  -------------------  ----------------------
/opt/airflow/dags/driven_data_pipeline.py                           1           0  1.11s           2025-06-28T00:40:27                      12
================================================================================
[2025-06-28T00:41:11.585+0000] {manager.py:997} INFO - 
================================================================================
DAG File Processing Stats

File Path                                  PID    Runtime      # DAGs    # Errors  Last Runtime    Last Run               Last # of DB Queries
-----------------------------------------  -----  ---------  --------  ----------  --------------  -------------------  ----------------------
/opt/airflow/dags/driven_data_pipeline.py                           1           0  0.73s           2025-06-28T00:40:58                      12
================================================================================
[2025-06-28T00:41:41.740+0000] {manager.py:997} INFO - 
================================================================================
DAG File Processing Stats

File Path                                  PID    Runtime      # DAGs    # Errors  Last Runtime    Last Run               Last # of DB Queries
-----------------------------------------  -----  ---------  --------  ----------  --------------  -------------------  ----------------------
/opt/airflow/dags/driven_data_pipeline.py                           1           0  0.68s           2025-06-28T00:41:29                      12
================================================================================
[2025-06-28T00:42:12.259+0000] {manager.py:997} INFO - 
================================================================================
DAG File Processing Stats

File Path                                  PID    Runtime      # DAGs    # Errors  Last Runtime    Last Run               Last # of DB Queries
-----------------------------------------  -----  ---------  --------  ----------  --------------  -------------------  ----------------------
/opt/airflow/dags/driven_data_pipeline.py                           1           0  0.72s           2025-06-28T00:42:00                      12
================================================================================
[2025-06-28T00:42:42.508+0000] {manager.py:997} INFO - 
================================================================================
DAG File Processing Stats

File Path                                  PID    Runtime      # DAGs    # Errors  Last Runtime    Last Run               Last # of DB Queries
-----------------------------------------  -----  ---------  --------  ----------  --------------  -------------------  ----------------------
/opt/airflow/dags/driven_data_pipeline.py                           1           0  0.69s           2025-06-28T00:42:31                      12
================================================================================
[2025-06-28T00:43:12.537+0000] {manager.py:997} INFO - 
================================================================================
DAG File Processing Stats

File Path                                  PID    Runtime      # DAGs    # Errors  Last Runtime    Last Run               Last # of DB Queries
-----------------------------------------  -----  ---------  --------  ----------  --------------  -------------------  ----------------------
/opt/airflow/dags/driven_data_pipeline.py                           1           0  0.80s           2025-06-28T00:43:02                      12
================================================================================
[2025-06-28T00:43:42.767+0000] {manager.py:997} INFO - 
================================================================================
DAG File Processing Stats

File Path                                  PID    Runtime      # DAGs    # Errors  Last Runtime    Last Run               Last # of DB Queries
-----------------------------------------  -----  ---------  --------  ----------  --------------  -------------------  ----------------------
/opt/airflow/dags/driven_data_pipeline.py                           1           0  1.26s           2025-06-28T00:43:33                      12
================================================================================
[2025-06-28T00:44:00.080+0000] {manager.py:821} INFO - Searching for files in /opt/airflow/dags
[2025-06-28T00:44:00.119+0000] {manager.py:824} INFO - There are 1 files in /opt/airflow/dags
[2025-06-28T00:44:13.236+0000] {manager.py:997} INFO - 
================================================================================
DAG File Processing Stats

File Path                                  PID    Runtime      # DAGs    # Errors  Last Runtime    Last Run               Last # of DB Queries
-----------------------------------------  -----  ---------  --------  ----------  --------------  -------------------  ----------------------
/opt/airflow/dags/driven_data_pipeline.py                           1           0  0.85s           2025-06-28T00:44:05                      12
================================================================================
[2025-06-28T00:44:43.648+0000] {manager.py:997} INFO - 
================================================================================
DAG File Processing Stats

File Path                                  PID    Runtime      # DAGs    # Errors  Last Runtime    Last Run               Last # of DB Queries
-----------------------------------------  -----  ---------  --------  ----------  --------------  -------------------  ----------------------
/opt/airflow/dags/driven_data_pipeline.py                           1           0  0.82s           2025-06-28T00:44:36                      12
================================================================================
[2025-06-28T00:45:13.853+0000] {manager.py:997} INFO - 
================================================================================
DAG File Processing Stats

File Path                                  PID    Runtime      # DAGs    # Errors  Last Runtime    Last Run               Last # of DB Queries
-----------------------------------------  -----  ---------  --------  ----------  --------------  -------------------  ----------------------
/opt/airflow/dags/driven_data_pipeline.py                           1           0  0.69s           2025-06-28T00:45:07                      12
================================================================================
[2025-06-28T00:45:44.337+0000] {manager.py:997} INFO - 
================================================================================
DAG File Processing Stats

File Path                                  PID    Runtime      # DAGs    # Errors  Last Runtime    Last Run               Last # of DB Queries
-----------------------------------------  -----  ---------  --------  ----------  --------------  -------------------  ----------------------
/opt/airflow/dags/driven_data_pipeline.py                           1           0  0.68s           2025-06-28T00:45:38                      12
================================================================================
[2025-06-28T00:46:14.627+0000] {manager.py:997} INFO - 
================================================================================
DAG File Processing Stats

File Path                                  PID    Runtime      # DAGs    # Errors  Last Runtime    Last Run               Last # of DB Queries
-----------------------------------------  -----  ---------  --------  ----------  --------------  -------------------  ----------------------
/opt/airflow/dags/driven_data_pipeline.py                           1           0  0.77s           2025-06-28T00:46:09                      12
================================================================================
[2025-06-28T00:46:44.637+0000] {manager.py:997} INFO - 
================================================================================
DAG File Processing Stats

File Path                                  PID    Runtime      # DAGs    # Errors  Last Runtime    Last Run               Last # of DB Queries
-----------------------------------------  -----  ---------  --------  ----------  --------------  -------------------  ----------------------
/opt/airflow/dags/driven_data_pipeline.py                           1           0  0.92s           2025-06-28T00:46:40                      12
================================================================================
[2025-06-28T00:47:14.816+0000] {manager.py:997} INFO - 
================================================================================
DAG File Processing Stats

File Path                                  PID    Runtime      # DAGs    # Errors  Last Runtime    Last Run               Last # of DB Queries
-----------------------------------------  -----  ---------  --------  ----------  --------------  -------------------  ----------------------
/opt/airflow/dags/driven_data_pipeline.py                           1           0  0.74s           2025-06-28T00:47:11                      12
================================================================================
[2025-06-28T00:47:44.825+0000] {manager.py:997} INFO - 
================================================================================
DAG File Processing Stats

File Path                                  PID    Runtime      # DAGs    # Errors  Last Runtime    Last Run               Last # of DB Queries
-----------------------------------------  -----  ---------  --------  ----------  --------------  -------------------  ----------------------
/opt/airflow/dags/driven_data_pipeline.py                           1           0  0.74s           2025-06-28T00:47:42                      12
================================================================================
[2025-06-28T00:48:15.450+0000] {manager.py:997} INFO - 
================================================================================
DAG File Processing Stats

File Path                                  PID    Runtime      # DAGs    # Errors  Last Runtime    Last Run               Last # of DB Queries
-----------------------------------------  -----  ---------  --------  ----------  --------------  -------------------  ----------------------
/opt/airflow/dags/driven_data_pipeline.py                           1           0  0.92s           2025-06-28T00:48:13                      12
================================================================================
[2025-06-28T00:48:45.837+0000] {manager.py:997} INFO - 
================================================================================
DAG File Processing Stats

File Path                                  PID    Runtime      # DAGs    # Errors  Last Runtime    Last Run               Last # of DB Queries
-----------------------------------------  -----  ---------  --------  ----------  --------------  -------------------  ----------------------
/opt/airflow/dags/driven_data_pipeline.py                           1           0  0.82s           2025-06-28T00:48:44                      12
================================================================================
[2025-06-28T00:49:00.480+0000] {manager.py:821} INFO - Searching for files in /opt/airflow/dags
[2025-06-28T00:49:00.576+0000] {manager.py:824} INFO - There are 1 files in /opt/airflow/dags
[2025-06-28T00:49:15.893+0000] {manager.py:997} INFO - 
================================================================================
DAG File Processing Stats

File Path                                    PID  Runtime      # DAGs    # Errors  Last Runtime    Last Run               Last # of DB Queries
-----------------------------------------  -----  ---------  --------  ----------  --------------  -------------------  ----------------------
/opt/airflow/dags/driven_data_pipeline.py   1869  1.05s             1           0  0.82s           2025-06-28T00:48:44                      12
================================================================================
[2025-06-28T00:49:46.440+0000] {manager.py:997} INFO - 
================================================================================
DAG File Processing Stats

File Path                                    PID  Runtime      # DAGs    # Errors  Last Runtime    Last Run               Last # of DB Queries
-----------------------------------------  -----  ---------  --------  ----------  --------------  -------------------  ----------------------
/opt/airflow/dags/driven_data_pipeline.py   1877  0.01s             1           0  1.14s           2025-06-28T00:49:15                      12
================================================================================
[2025-06-28T00:50:16.804+0000] {manager.py:997} INFO - 
================================================================================
DAG File Processing Stats

File Path                                  PID    Runtime      # DAGs    # Errors  Last Runtime    Last Run               Last # of DB Queries
-----------------------------------------  -----  ---------  --------  ----------  --------------  -------------------  ----------------------
/opt/airflow/dags/driven_data_pipeline.py                           1           0  0.81s           2025-06-28T00:49:47                      12
================================================================================
[2025-06-28T00:50:47.123+0000] {manager.py:997} INFO - 
================================================================================
DAG File Processing Stats

File Path                                  PID    Runtime      # DAGs    # Errors  Last Runtime    Last Run               Last # of DB Queries
-----------------------------------------  -----  ---------  --------  ----------  --------------  -------------------  ----------------------
/opt/airflow/dags/driven_data_pipeline.py                           1           0  0.78s           2025-06-28T00:50:18                      12
================================================================================
[2025-06-28T00:51:17.385+0000] {manager.py:997} INFO - 
================================================================================
DAG File Processing Stats

File Path                                  PID    Runtime      # DAGs    # Errors  Last Runtime    Last Run               Last # of DB Queries
-----------------------------------------  -----  ---------  --------  ----------  --------------  -------------------  ----------------------
/opt/airflow/dags/driven_data_pipeline.py                           1           0  0.70s           2025-06-28T00:50:49                      12
================================================================================
[2025-06-28T00:51:48.010+0000] {manager.py:997} INFO - 
================================================================================
DAG File Processing Stats

File Path                                  PID    Runtime      # DAGs    # Errors  Last Runtime    Last Run               Last # of DB Queries
-----------------------------------------  -----  ---------  --------  ----------  --------------  -------------------  ----------------------
/opt/airflow/dags/driven_data_pipeline.py                           1           0  0.75s           2025-06-28T00:51:20                      12
================================================================================
[2025-06-28T00:52:18.173+0000] {manager.py:997} INFO - 
================================================================================
DAG File Processing Stats

File Path                                  PID    Runtime      # DAGs    # Errors  Last Runtime    Last Run               Last # of DB Queries
-----------------------------------------  -----  ---------  --------  ----------  --------------  -------------------  ----------------------
/opt/airflow/dags/driven_data_pipeline.py                           1           0  0.67s           2025-06-28T00:51:51                      12
================================================================================
[2025-06-28T00:52:48.356+0000] {manager.py:997} INFO - 
================================================================================
DAG File Processing Stats

File Path                                  PID    Runtime      # DAGs    # Errors  Last Runtime    Last Run               Last # of DB Queries
-----------------------------------------  -----  ---------  --------  ----------  --------------  -------------------  ----------------------
/opt/airflow/dags/driven_data_pipeline.py                           1           0  0.91s           2025-06-28T00:52:22                      12
================================================================================
[2025-06-28T00:53:18.502+0000] {manager.py:997} INFO - 
================================================================================
DAG File Processing Stats

File Path                                  PID    Runtime      # DAGs    # Errors  Last Runtime    Last Run               Last # of DB Queries
-----------------------------------------  -----  ---------  --------  ----------  --------------  -------------------  ----------------------
/opt/airflow/dags/driven_data_pipeline.py                           1           0  1.62s           2025-06-28T00:52:55                      12
================================================================================
[2025-06-28T00:53:48.733+0000] {manager.py:997} INFO - 
================================================================================
DAG File Processing Stats

File Path                                  PID    Runtime      # DAGs    # Errors  Last Runtime    Last Run               Last # of DB Queries
-----------------------------------------  -----  ---------  --------  ----------  --------------  -------------------  ----------------------
/opt/airflow/dags/driven_data_pipeline.py                           1           0  1.00s           2025-06-28T00:53:26                      12
================================================================================
[2025-06-28T00:54:00.633+0000] {manager.py:821} INFO - Searching for files in /opt/airflow/dags
[2025-06-28T00:54:00.695+0000] {manager.py:824} INFO - There are 1 files in /opt/airflow/dags
[2025-06-28T00:54:19.203+0000] {manager.py:997} INFO - 
================================================================================
DAG File Processing Stats

File Path                                  PID    Runtime      # DAGs    # Errors  Last Runtime    Last Run               Last # of DB Queries
-----------------------------------------  -----  ---------  --------  ----------  --------------  -------------------  ----------------------
/opt/airflow/dags/driven_data_pipeline.py                           1           0  0.70s           2025-06-28T00:53:57                      12
================================================================================
[2025-06-28T00:54:49.710+0000] {manager.py:997} INFO - 
================================================================================
DAG File Processing Stats

File Path                                  PID    Runtime      # DAGs    # Errors  Last Runtime    Last Run               Last # of DB Queries
-----------------------------------------  -----  ---------  --------  ----------  --------------  -------------------  ----------------------
/opt/airflow/dags/driven_data_pipeline.py                           1           0  0.69s           2025-06-28T00:54:28                      12
================================================================================
[2025-06-28T00:55:19.940+0000] {manager.py:997} INFO - 
================================================================================
DAG File Processing Stats

File Path                                  PID    Runtime      # DAGs    # Errors  Last Runtime    Last Run               Last # of DB Queries
-----------------------------------------  -----  ---------  --------  ----------  --------------  -------------------  ----------------------
/opt/airflow/dags/driven_data_pipeline.py                           1           0  0.67s           2025-06-28T00:54:59                      12
================================================================================
[2025-06-28T00:55:49.961+0000] {manager.py:997} INFO - 
================================================================================
DAG File Processing Stats

File Path                                  PID    Runtime      # DAGs    # Errors  Last Runtime    Last Run               Last # of DB Queries
-----------------------------------------  -----  ---------  --------  ----------  --------------  -------------------  ----------------------
/opt/airflow/dags/driven_data_pipeline.py                           1           0  0.95s           2025-06-28T00:55:30                      12
================================================================================
[2025-06-28T00:56:20.382+0000] {manager.py:997} INFO - 
================================================================================
DAG File Processing Stats

File Path                                  PID    Runtime      # DAGs    # Errors  Last Runtime    Last Run               Last # of DB Queries
-----------------------------------------  -----  ---------  --------  ----------  --------------  -------------------  ----------------------
/opt/airflow/dags/driven_data_pipeline.py                           1           0  0.80s           2025-06-28T00:56:02                      12
================================================================================
[2025-06-28T00:56:50.961+0000] {manager.py:997} INFO - 
================================================================================
DAG File Processing Stats

File Path                                  PID    Runtime      # DAGs    # Errors  Last Runtime    Last Run               Last # of DB Queries
-----------------------------------------  -----  ---------  --------  ----------  --------------  -------------------  ----------------------
/opt/airflow/dags/driven_data_pipeline.py                           1           0  1.03s           2025-06-28T00:56:33                      12
================================================================================
[2025-06-28T00:57:21.372+0000] {manager.py:997} INFO - 
================================================================================
DAG File Processing Stats

File Path                                  PID    Runtime      # DAGs    # Errors  Last Runtime    Last Run               Last # of DB Queries
-----------------------------------------  -----  ---------  --------  ----------  --------------  -------------------  ----------------------
/opt/airflow/dags/driven_data_pipeline.py                           1           0  0.79s           2025-06-28T00:57:04                      12
================================================================================
[2025-06-28T00:57:51.472+0000] {manager.py:997} INFO - 
================================================================================
DAG File Processing Stats

File Path                                  PID    Runtime      # DAGs    # Errors  Last Runtime    Last Run               Last # of DB Queries
-----------------------------------------  -----  ---------  --------  ----------  --------------  -------------------  ----------------------
/opt/airflow/dags/driven_data_pipeline.py                           1           0  1.10s           2025-06-28T00:57:36                      12
================================================================================
[2025-06-28T00:58:22.071+0000] {manager.py:997} INFO - 
================================================================================
DAG File Processing Stats

File Path                                  PID    Runtime      # DAGs    # Errors  Last Runtime    Last Run               Last # of DB Queries
-----------------------------------------  -----  ---------  --------  ----------  --------------  -------------------  ----------------------
/opt/airflow/dags/driven_data_pipeline.py                           1           0  1.25s           2025-06-28T00:58:08                      12
================================================================================
[2025-06-28T00:58:52.397+0000] {manager.py:997} INFO - 
================================================================================
DAG File Processing Stats

File Path                                  PID    Runtime      # DAGs    # Errors  Last Runtime    Last Run               Last # of DB Queries
-----------------------------------------  -----  ---------  --------  ----------  --------------  -------------------  ----------------------
/opt/airflow/dags/driven_data_pipeline.py                           1           0  0.67s           2025-06-28T00:58:39                      12
================================================================================
[2025-06-28T00:59:00.870+0000] {manager.py:821} INFO - Searching for files in /opt/airflow/dags
[2025-06-28T00:59:00.920+0000] {manager.py:824} INFO - There are 1 files in /opt/airflow/dags
[2025-06-28T00:59:22.518+0000] {manager.py:997} INFO - 
================================================================================
DAG File Processing Stats

File Path                                  PID    Runtime      # DAGs    # Errors  Last Runtime    Last Run               Last # of DB Queries
-----------------------------------------  -----  ---------  --------  ----------  --------------  -------------------  ----------------------
/opt/airflow/dags/driven_data_pipeline.py                           1           0  0.67s           2025-06-28T00:59:10                      12
================================================================================
[2025-06-28T00:59:52.525+0000] {manager.py:997} INFO - 
================================================================================
DAG File Processing Stats

File Path                                  PID    Runtime      # DAGs    # Errors  Last Runtime    Last Run               Last # of DB Queries
-----------------------------------------  -----  ---------  --------  ----------  --------------  -------------------  ----------------------
/opt/airflow/dags/driven_data_pipeline.py                           1           0  0.73s           2025-06-28T00:59:41                      12
================================================================================
[2025-06-28T01:00:22.742+0000] {manager.py:997} INFO - 
================================================================================
DAG File Processing Stats

File Path                                  PID    Runtime      # DAGs    # Errors  Last Runtime    Last Run               Last # of DB Queries
-----------------------------------------  -----  ---------  --------  ----------  --------------  -------------------  ----------------------
/opt/airflow/dags/driven_data_pipeline.py                           1           0  1.12s           2025-06-28T01:00:12                      12
================================================================================
[2025-06-28T01:00:52.904+0000] {manager.py:997} INFO - 
================================================================================
DAG File Processing Stats

File Path                                  PID    Runtime      # DAGs    # Errors  Last Runtime    Last Run               Last # of DB Queries
-----------------------------------------  -----  ---------  --------  ----------  --------------  -------------------  ----------------------
/opt/airflow/dags/driven_data_pipeline.py                           1           0  0.65s           2025-06-28T01:00:43                      12
================================================================================
[2025-06-28T01:01:23.387+0000] {manager.py:997} INFO - 
================================================================================
DAG File Processing Stats

File Path                                  PID    Runtime      # DAGs    # Errors  Last Runtime    Last Run               Last # of DB Queries
-----------------------------------------  -----  ---------  --------  ----------  --------------  -------------------  ----------------------
/opt/airflow/dags/driven_data_pipeline.py                           1           0  0.81s           2025-06-28T01:01:15                      12
================================================================================
[2025-06-28T01:01:53.623+0000] {manager.py:997} INFO - 
================================================================================
DAG File Processing Stats

File Path                                  PID    Runtime      # DAGs    # Errors  Last Runtime    Last Run               Last # of DB Queries
-----------------------------------------  -----  ---------  --------  ----------  --------------  -------------------  ----------------------
/opt/airflow/dags/driven_data_pipeline.py                           1           0  0.70s           2025-06-28T01:01:46                      12
================================================================================
[2025-06-28T01:02:24.154+0000] {manager.py:997} INFO - 
================================================================================
DAG File Processing Stats

File Path                                  PID    Runtime      # DAGs    # Errors  Last Runtime    Last Run               Last # of DB Queries
-----------------------------------------  -----  ---------  --------  ----------  --------------  -------------------  ----------------------
/opt/airflow/dags/driven_data_pipeline.py                           1           0  0.85s           2025-06-28T01:02:17                      12
================================================================================
[2025-06-28T01:02:54.668+0000] {manager.py:997} INFO - 
================================================================================
DAG File Processing Stats

File Path                                  PID    Runtime      # DAGs    # Errors  Last Runtime    Last Run               Last # of DB Queries
-----------------------------------------  -----  ---------  --------  ----------  --------------  -------------------  ----------------------
/opt/airflow/dags/driven_data_pipeline.py                           1           0  0.96s           2025-06-28T01:02:48                      12
================================================================================
[2025-06-28T01:03:25.030+0000] {manager.py:997} INFO - 
================================================================================
DAG File Processing Stats

File Path                                  PID    Runtime      # DAGs    # Errors  Last Runtime    Last Run               Last # of DB Queries
-----------------------------------------  -----  ---------  --------  ----------  --------------  -------------------  ----------------------
/opt/airflow/dags/driven_data_pipeline.py                           1           0  0.82s           2025-06-28T01:03:19                      12
================================================================================
[2025-06-28T01:03:55.512+0000] {manager.py:997} INFO - 
================================================================================
DAG File Processing Stats

File Path                                  PID    Runtime      # DAGs    # Errors  Last Runtime    Last Run               Last # of DB Queries
-----------------------------------------  -----  ---------  --------  ----------  --------------  -------------------  ----------------------
/opt/airflow/dags/driven_data_pipeline.py                           1           0  0.66s           2025-06-28T01:03:50                      12
================================================================================
[2025-06-28T01:04:00.893+0000] {manager.py:821} INFO - Searching for files in /opt/airflow/dags
[2025-06-28T01:04:00.961+0000] {manager.py:824} INFO - There are 1 files in /opt/airflow/dags
[2025-06-28T01:04:25.749+0000] {manager.py:997} INFO - 
================================================================================
DAG File Processing Stats

File Path                                  PID    Runtime      # DAGs    # Errors  Last Runtime    Last Run               Last # of DB Queries
-----------------------------------------  -----  ---------  --------  ----------  --------------  -------------------  ----------------------
/opt/airflow/dags/driven_data_pipeline.py                           1           0  0.78s           2025-06-28T01:04:21                      12
================================================================================
[2025-06-28T01:04:56.275+0000] {manager.py:997} INFO - 
================================================================================
DAG File Processing Stats

File Path                                  PID    Runtime      # DAGs    # Errors  Last Runtime    Last Run               Last # of DB Queries
-----------------------------------------  -----  ---------  --------  ----------  --------------  -------------------  ----------------------
/opt/airflow/dags/driven_data_pipeline.py                           1           0  0.71s           2025-06-28T01:04:52                      12
================================================================================
[2025-06-28T01:05:26.509+0000] {manager.py:997} INFO - 
================================================================================
DAG File Processing Stats

File Path                                  PID    Runtime      # DAGs    # Errors  Last Runtime    Last Run               Last # of DB Queries
-----------------------------------------  -----  ---------  --------  ----------  --------------  -------------------  ----------------------
/opt/airflow/dags/driven_data_pipeline.py                           1           0  0.70s           2025-06-28T01:05:23                      12
================================================================================
[2025-06-28T01:05:56.586+0000] {manager.py:997} INFO - 
================================================================================
DAG File Processing Stats

File Path                                  PID    Runtime      # DAGs    # Errors  Last Runtime    Last Run               Last # of DB Queries
-----------------------------------------  -----  ---------  --------  ----------  --------------  -------------------  ----------------------
/opt/airflow/dags/driven_data_pipeline.py                           1           0  0.90s           2025-06-28T01:05:54                      12
================================================================================
[2025-06-28T01:06:26.827+0000] {manager.py:997} INFO - 
================================================================================
DAG File Processing Stats

File Path                                  PID    Runtime      # DAGs    # Errors  Last Runtime    Last Run               Last # of DB Queries
-----------------------------------------  -----  ---------  --------  ----------  --------------  -------------------  ----------------------
/opt/airflow/dags/driven_data_pipeline.py                           1           0  0.77s           2025-06-28T01:06:25                      12
================================================================================
[2025-06-28T01:06:57.321+0000] {manager.py:997} INFO - 
================================================================================
DAG File Processing Stats

File Path                                  PID    Runtime      # DAGs    # Errors  Last Runtime    Last Run               Last # of DB Queries
-----------------------------------------  -----  ---------  --------  ----------  --------------  -------------------  ----------------------
/opt/airflow/dags/driven_data_pipeline.py                           1           0  0.78s           2025-06-28T01:06:56                      12
================================================================================
[2025-06-28T01:07:27.755+0000] {manager.py:997} INFO - 
================================================================================
DAG File Processing Stats

File Path                                  PID    Runtime      # DAGs    # Errors  Last Runtime    Last Run               Last # of DB Queries
-----------------------------------------  -----  ---------  --------  ----------  --------------  -------------------  ----------------------
/opt/airflow/dags/driven_data_pipeline.py                           1           0  0.90s           2025-06-28T01:07:27                      12
================================================================================
[2025-06-28T01:07:57.818+0000] {manager.py:997} INFO - 
================================================================================
DAG File Processing Stats

File Path                                    PID  Runtime      # DAGs    # Errors  Last Runtime    Last Run               Last # of DB Queries
-----------------------------------------  -----  ---------  --------  ----------  --------------  -------------------  ----------------------
/opt/airflow/dags/driven_data_pipeline.py   2161  0.01s             1           0  0.90s           2025-06-28T01:07:27                      12
================================================================================
[2025-06-28T01:08:27.932+0000] {manager.py:997} INFO - 
================================================================================
DAG File Processing Stats

File Path                                  PID    Runtime      # DAGs    # Errors  Last Runtime    Last Run               Last # of DB Queries
-----------------------------------------  -----  ---------  --------  ----------  --------------  -------------------  ----------------------
/opt/airflow/dags/driven_data_pipeline.py                           1           0  0.69s           2025-06-28T01:07:58                      12
================================================================================
[2025-06-28T01:08:58.454+0000] {manager.py:997} INFO - 
================================================================================
DAG File Processing Stats

File Path                                  PID    Runtime      # DAGs    # Errors  Last Runtime    Last Run               Last # of DB Queries
-----------------------------------------  -----  ---------  --------  ----------  --------------  -------------------  ----------------------
/opt/airflow/dags/driven_data_pipeline.py                           1           0  0.68s           2025-06-28T01:08:29                      12
================================================================================
[2025-06-28T01:09:00.915+0000] {manager.py:821} INFO - Searching for files in /opt/airflow/dags
[2025-06-28T01:09:00.976+0000] {manager.py:824} INFO - There are 1 files in /opt/airflow/dags
[2025-06-28T01:09:28.532+0000] {manager.py:997} INFO - 
================================================================================
DAG File Processing Stats

File Path                                  PID    Runtime      # DAGs    # Errors  Last Runtime    Last Run               Last # of DB Queries
-----------------------------------------  -----  ---------  --------  ----------  --------------  -------------------  ----------------------
/opt/airflow/dags/driven_data_pipeline.py                           1           0  0.71s           2025-06-28T01:09:00                      12
================================================================================
[2025-06-28T01:09:58.933+0000] {manager.py:997} INFO - 
================================================================================
DAG File Processing Stats

File Path                                  PID    Runtime      # DAGs    # Errors  Last Runtime    Last Run               Last # of DB Queries
-----------------------------------------  -----  ---------  --------  ----------  --------------  -------------------  ----------------------
/opt/airflow/dags/driven_data_pipeline.py                           1           0  0.86s           2025-06-28T01:09:31                      12
================================================================================
[2025-06-28T01:10:29.125+0000] {manager.py:997} INFO - 
================================================================================
DAG File Processing Stats

File Path                                  PID    Runtime      # DAGs    # Errors  Last Runtime    Last Run               Last # of DB Queries
-----------------------------------------  -----  ---------  --------  ----------  --------------  -------------------  ----------------------
/opt/airflow/dags/driven_data_pipeline.py                           1           0  0.69s           2025-06-28T01:10:02                      12
================================================================================
[2025-06-28T01:10:59.259+0000] {manager.py:997} INFO - 
================================================================================
DAG File Processing Stats

File Path                                  PID    Runtime      # DAGs    # Errors  Last Runtime    Last Run               Last # of DB Queries
-----------------------------------------  -----  ---------  --------  ----------  --------------  -------------------  ----------------------
/opt/airflow/dags/driven_data_pipeline.py                           1           0  0.95s           2025-06-28T01:10:33                      12
================================================================================
[2025-06-28T01:11:29.714+0000] {manager.py:997} INFO - 
================================================================================
DAG File Processing Stats

File Path                                  PID    Runtime      # DAGs    # Errors  Last Runtime    Last Run               Last # of DB Queries
-----------------------------------------  -----  ---------  --------  ----------  --------------  -------------------  ----------------------
/opt/airflow/dags/driven_data_pipeline.py                           1           0  0.97s           2025-06-28T01:11:05                      12
================================================================================
[2025-06-28T01:11:59.729+0000] {manager.py:997} INFO - 
================================================================================
DAG File Processing Stats

File Path                                  PID    Runtime      # DAGs    # Errors  Last Runtime    Last Run               Last # of DB Queries
-----------------------------------------  -----  ---------  --------  ----------  --------------  -------------------  ----------------------
/opt/airflow/dags/driven_data_pipeline.py                           1           0  0.83s           2025-06-28T01:11:36                      12
================================================================================
[2025-06-28T01:12:29.815+0000] {manager.py:997} INFO - 
================================================================================
DAG File Processing Stats

File Path                                  PID    Runtime      # DAGs    # Errors  Last Runtime    Last Run               Last # of DB Queries
-----------------------------------------  -----  ---------  --------  ----------  --------------  -------------------  ----------------------
/opt/airflow/dags/driven_data_pipeline.py                           1           0  0.78s           2025-06-28T01:12:07                      12
================================================================================
[2025-06-28T01:13:00.035+0000] {manager.py:997} INFO - 
================================================================================
DAG File Processing Stats

File Path                                  PID    Runtime      # DAGs    # Errors  Last Runtime    Last Run               Last # of DB Queries
-----------------------------------------  -----  ---------  --------  ----------  --------------  -------------------  ----------------------
/opt/airflow/dags/driven_data_pipeline.py                           1           0  0.67s           2025-06-28T01:12:38                      12
================================================================================
[2025-06-28T01:13:30.560+0000] {manager.py:997} INFO - 
================================================================================
DAG File Processing Stats

File Path                                  PID    Runtime      # DAGs    # Errors  Last Runtime    Last Run               Last # of DB Queries
-----------------------------------------  -----  ---------  --------  ----------  --------------  -------------------  ----------------------
/opt/airflow/dags/driven_data_pipeline.py                           1           0  0.88s           2025-06-28T01:13:09                      12
================================================================================
[2025-06-28T01:14:00.806+0000] {manager.py:997} INFO - 
================================================================================
DAG File Processing Stats

File Path                                  PID    Runtime      # DAGs    # Errors  Last Runtime    Last Run               Last # of DB Queries
-----------------------------------------  -----  ---------  --------  ----------  --------------  -------------------  ----------------------
/opt/airflow/dags/driven_data_pipeline.py                           1           0  0.76s           2025-06-28T01:13:40                      12
================================================================================
[2025-06-28T01:14:01.561+0000] {manager.py:821} INFO - Searching for files in /opt/airflow/dags
[2025-06-28T01:14:01.618+0000] {manager.py:824} INFO - There are 1 files in /opt/airflow/dags
[2025-06-28T01:14:31.098+0000] {manager.py:997} INFO - 
================================================================================
DAG File Processing Stats

File Path                                  PID    Runtime      # DAGs    # Errors  Last Runtime    Last Run               Last # of DB Queries
-----------------------------------------  -----  ---------  --------  ----------  --------------  -------------------  ----------------------
/opt/airflow/dags/driven_data_pipeline.py                           1           0  0.86s           2025-06-28T01:14:11                      12
================================================================================
[2025-06-28T01:15:01.408+0000] {manager.py:997} INFO - 
================================================================================
DAG File Processing Stats

File Path                                  PID    Runtime      # DAGs    # Errors  Last Runtime    Last Run               Last # of DB Queries
-----------------------------------------  -----  ---------  --------  ----------  --------------  -------------------  ----------------------
/opt/airflow/dags/driven_data_pipeline.py                           1           0  0.73s           2025-06-28T01:14:43                      12
================================================================================
[2025-06-28T01:15:31.894+0000] {manager.py:997} INFO - 
================================================================================
DAG File Processing Stats

File Path                                  PID    Runtime      # DAGs    # Errors  Last Runtime    Last Run               Last # of DB Queries
-----------------------------------------  -----  ---------  --------  ----------  --------------  -------------------  ----------------------
/opt/airflow/dags/driven_data_pipeline.py                           1           0  0.76s           2025-06-28T01:15:13                      12
================================================================================
[2025-06-28T01:16:02.355+0000] {manager.py:997} INFO - 
================================================================================
DAG File Processing Stats

File Path                                  PID    Runtime      # DAGs    # Errors  Last Runtime    Last Run               Last # of DB Queries
-----------------------------------------  -----  ---------  --------  ----------  --------------  -------------------  ----------------------
/opt/airflow/dags/driven_data_pipeline.py                           1           0  0.88s           2025-06-28T01:15:45                      12
================================================================================
[2025-06-28T01:16:32.966+0000] {manager.py:997} INFO - 
================================================================================
DAG File Processing Stats

File Path                                  PID    Runtime      # DAGs    # Errors  Last Runtime    Last Run               Last # of DB Queries
-----------------------------------------  -----  ---------  --------  ----------  --------------  -------------------  ----------------------
/opt/airflow/dags/driven_data_pipeline.py                           1           0  1.04s           2025-06-28T01:16:16                      12
================================================================================
[2025-06-28T01:17:03.540+0000] {manager.py:997} INFO - 
================================================================================
DAG File Processing Stats

File Path                                  PID    Runtime      # DAGs    # Errors  Last Runtime    Last Run               Last # of DB Queries
-----------------------------------------  -----  ---------  --------  ----------  --------------  -------------------  ----------------------
/opt/airflow/dags/driven_data_pipeline.py                           1           0  1.13s           2025-06-28T01:16:48                      12
================================================================================
[2025-06-28T01:17:33.771+0000] {manager.py:997} INFO - 
================================================================================
DAG File Processing Stats

File Path                                  PID    Runtime      # DAGs    # Errors  Last Runtime    Last Run               Last # of DB Queries
-----------------------------------------  -----  ---------  --------  ----------  --------------  -------------------  ----------------------
/opt/airflow/dags/driven_data_pipeline.py                           1           0  0.67s           2025-06-28T01:17:19                      12
================================================================================
[2025-06-28T01:18:03.912+0000] {manager.py:997} INFO - 
================================================================================
DAG File Processing Stats

File Path                                  PID    Runtime      # DAGs    # Errors  Last Runtime    Last Run               Last # of DB Queries
-----------------------------------------  -----  ---------  --------  ----------  --------------  -------------------  ----------------------
/opt/airflow/dags/driven_data_pipeline.py                           1           0  0.67s           2025-06-28T01:17:50                      12
================================================================================
[2025-06-28T01:18:34.529+0000] {manager.py:997} INFO - 
================================================================================
DAG File Processing Stats

File Path                                  PID    Runtime      # DAGs    # Errors  Last Runtime    Last Run               Last # of DB Queries
-----------------------------------------  -----  ---------  --------  ----------  --------------  -------------------  ----------------------
/opt/airflow/dags/driven_data_pipeline.py                           1           0  0.66s           2025-06-28T01:18:21                      12
================================================================================
[2025-06-28T01:19:01.716+0000] {manager.py:821} INFO - Searching for files in /opt/airflow/dags
[2025-06-28T01:19:01.772+0000] {manager.py:824} INFO - There are 1 files in /opt/airflow/dags
[2025-06-28T01:19:04.862+0000] {manager.py:997} INFO - 
================================================================================
DAG File Processing Stats

File Path                                  PID    Runtime      # DAGs    # Errors  Last Runtime    Last Run               Last # of DB Queries
-----------------------------------------  -----  ---------  --------  ----------  --------------  -------------------  ----------------------
/opt/airflow/dags/driven_data_pipeline.py                           1           0  0.68s           2025-06-28T01:18:52                      12
================================================================================
[2025-06-28T01:19:34.978+0000] {manager.py:997} INFO - 
================================================================================
DAG File Processing Stats

File Path                                  PID    Runtime      # DAGs    # Errors  Last Runtime    Last Run               Last # of DB Queries
-----------------------------------------  -----  ---------  --------  ----------  --------------  -------------------  ----------------------
/opt/airflow/dags/driven_data_pipeline.py                           1           0  0.89s           2025-06-28T01:19:23                      12
================================================================================
[2025-06-28T01:20:05.039+0000] {manager.py:997} INFO - 
================================================================================
DAG File Processing Stats

File Path                                  PID    Runtime      # DAGs    # Errors  Last Runtime    Last Run               Last # of DB Queries
-----------------------------------------  -----  ---------  --------  ----------  --------------  -------------------  ----------------------
/opt/airflow/dags/driven_data_pipeline.py                           1           0  1.50s           2025-06-28T01:19:55                      12
================================================================================
[2025-06-28T01:20:35.111+0000] {manager.py:997} INFO - 
================================================================================
DAG File Processing Stats

File Path                                  PID    Runtime      # DAGs    # Errors  Last Runtime    Last Run               Last # of DB Queries
-----------------------------------------  -----  ---------  --------  ----------  --------------  -------------------  ----------------------
/opt/airflow/dags/driven_data_pipeline.py                           1           0  0.81s           2025-06-28T01:20:26                      12
================================================================================
[2025-06-28T01:21:05.665+0000] {manager.py:997} INFO - 
================================================================================
DAG File Processing Stats

File Path                                  PID    Runtime      # DAGs    # Errors  Last Runtime    Last Run               Last # of DB Queries
-----------------------------------------  -----  ---------  --------  ----------  --------------  -------------------  ----------------------
/opt/airflow/dags/driven_data_pipeline.py                           1           0  0.75s           2025-06-28T01:20:57                      12
================================================================================
[2025-06-28T01:21:35.945+0000] {manager.py:997} INFO - 
================================================================================
DAG File Processing Stats

File Path                                  PID    Runtime      # DAGs    # Errors  Last Runtime    Last Run               Last # of DB Queries
-----------------------------------------  -----  ---------  --------  ----------  --------------  -------------------  ----------------------
/opt/airflow/dags/driven_data_pipeline.py                           1           0  0.72s           2025-06-28T01:21:28                      12
================================================================================
[2025-06-28T01:22:06.531+0000] {manager.py:997} INFO - 
================================================================================
DAG File Processing Stats

File Path                                  PID    Runtime      # DAGs    # Errors  Last Runtime    Last Run               Last # of DB Queries
-----------------------------------------  -----  ---------  --------  ----------  --------------  -------------------  ----------------------
/opt/airflow/dags/driven_data_pipeline.py                           1           0  0.72s           2025-06-28T01:21:59                      12
================================================================================
[2025-06-28T01:22:36.814+0000] {manager.py:997} INFO - 
================================================================================
DAG File Processing Stats

File Path                                  PID    Runtime      # DAGs    # Errors  Last Runtime    Last Run               Last # of DB Queries
-----------------------------------------  -----  ---------  --------  ----------  --------------  -------------------  ----------------------
/opt/airflow/dags/driven_data_pipeline.py                           1           0  1.73s           2025-06-28T01:22:31                      12
================================================================================
[2025-06-28T01:23:06.987+0000] {manager.py:997} INFO - 
================================================================================
DAG File Processing Stats

File Path                                  PID    Runtime      # DAGs    # Errors  Last Runtime    Last Run               Last # of DB Queries
-----------------------------------------  -----  ---------  --------  ----------  --------------  -------------------  ----------------------
/opt/airflow/dags/driven_data_pipeline.py                           1           0  0.68s           2025-06-28T01:23:02                      12
================================================================================
[2025-06-28T01:23:37.053+0000] {manager.py:997} INFO - 
================================================================================
DAG File Processing Stats

File Path                                  PID    Runtime      # DAGs    # Errors  Last Runtime    Last Run               Last # of DB Queries
-----------------------------------------  -----  ---------  --------  ----------  --------------  -------------------  ----------------------
/opt/airflow/dags/driven_data_pipeline.py                           1           0  0.66s           2025-06-28T01:23:33                      12
================================================================================
[2025-06-28T01:24:02.050+0000] {manager.py:821} INFO - Searching for files in /opt/airflow/dags
[2025-06-28T01:24:02.099+0000] {manager.py:824} INFO - There are 1 files in /opt/airflow/dags
[2025-06-28T01:24:07.654+0000] {manager.py:997} INFO - 
================================================================================
DAG File Processing Stats

File Path                                  PID    Runtime      # DAGs    # Errors  Last Runtime    Last Run               Last # of DB Queries
-----------------------------------------  -----  ---------  --------  ----------  --------------  -------------------  ----------------------
/opt/airflow/dags/driven_data_pipeline.py                           1           0  0.71s           2025-06-28T01:24:04                      12
================================================================================
[2025-06-28T01:24:37.973+0000] {manager.py:997} INFO - 
================================================================================
DAG File Processing Stats

File Path                                  PID    Runtime      # DAGs    # Errors  Last Runtime    Last Run               Last # of DB Queries
-----------------------------------------  -----  ---------  --------  ----------  --------------  -------------------  ----------------------
/opt/airflow/dags/driven_data_pipeline.py                           1           0  0.67s           2025-06-28T01:24:35                      12
================================================================================
[2025-06-28T01:25:08.095+0000] {manager.py:997} INFO - 
================================================================================
DAG File Processing Stats

File Path                                    PID  Runtime      # DAGs    # Errors  Last Runtime    Last Run               Last # of DB Queries
-----------------------------------------  -----  ---------  --------  ----------  --------------  -------------------  ----------------------
/opt/airflow/dags/driven_data_pipeline.py   2431  1.54s             1           0  0.67s           2025-06-28T01:24:35                      12
================================================================================
[2025-06-28T01:25:38.652+0000] {manager.py:997} INFO - 
================================================================================
DAG File Processing Stats

File Path                                    PID  Runtime      # DAGs    # Errors  Last Runtime    Last Run               Last # of DB Queries
-----------------------------------------  -----  ---------  --------  ----------  --------------  -------------------  ----------------------
/opt/airflow/dags/driven_data_pipeline.py   2439  0.01s             1           0  1.71s           2025-06-28T01:25:08                      12
================================================================================
[2025-06-28T01:26:09.062+0000] {manager.py:997} INFO - 
================================================================================
DAG File Processing Stats

File Path                                  PID    Runtime      # DAGs    # Errors  Last Runtime    Last Run               Last # of DB Queries
-----------------------------------------  -----  ---------  --------  ----------  --------------  -------------------  ----------------------
/opt/airflow/dags/driven_data_pipeline.py                           1           0  0.68s           2025-06-28T01:25:39                      12
================================================================================
[2025-06-28T01:26:39.313+0000] {manager.py:997} INFO - 
================================================================================
DAG File Processing Stats

File Path                                  PID    Runtime      # DAGs    # Errors  Last Runtime    Last Run               Last # of DB Queries
-----------------------------------------  -----  ---------  --------  ----------  --------------  -------------------  ----------------------
/opt/airflow/dags/driven_data_pipeline.py                           1           0  0.71s           2025-06-28T01:26:10                      12
================================================================================
[2025-06-28T01:27:09.351+0000] {manager.py:997} INFO - 
================================================================================
DAG File Processing Stats

File Path                                  PID    Runtime      # DAGs    # Errors  Last Runtime    Last Run               Last # of DB Queries
-----------------------------------------  -----  ---------  --------  ----------  --------------  -------------------  ----------------------
/opt/airflow/dags/driven_data_pipeline.py                           1           0  0.67s           2025-06-28T01:26:42                      12
================================================================================
[2025-06-28T01:27:39.586+0000] {manager.py:997} INFO - 
================================================================================
DAG File Processing Stats

File Path                                  PID    Runtime      # DAGs    # Errors  Last Runtime    Last Run               Last # of DB Queries
-----------------------------------------  -----  ---------  --------  ----------  --------------  -------------------  ----------------------
/opt/airflow/dags/driven_data_pipeline.py                           1           0  0.70s           2025-06-28T01:27:13                      12
================================================================================
[2025-06-28T01:28:10.037+0000] {manager.py:997} INFO - 
================================================================================
DAG File Processing Stats

File Path                                  PID    Runtime      # DAGs    # Errors  Last Runtime    Last Run               Last # of DB Queries
-----------------------------------------  -----  ---------  --------  ----------  --------------  -------------------  ----------------------
/opt/airflow/dags/driven_data_pipeline.py                           1           0  0.71s           2025-06-28T01:27:43                      12
================================================================================
[2025-06-28T01:28:40.062+0000] {manager.py:997} INFO - 
================================================================================
DAG File Processing Stats

File Path                                  PID    Runtime      # DAGs    # Errors  Last Runtime    Last Run               Last # of DB Queries
-----------------------------------------  -----  ---------  --------  ----------  --------------  -------------------  ----------------------
/opt/airflow/dags/driven_data_pipeline.py                           1           0  1.50s           2025-06-28T01:28:15                      12
================================================================================
[2025-06-28T01:29:02.324+0000] {manager.py:821} INFO - Searching for files in /opt/airflow/dags
[2025-06-28T01:29:02.377+0000] {manager.py:824} INFO - There are 1 files in /opt/airflow/dags
[2025-06-28T01:29:10.533+0000] {manager.py:997} INFO - 
================================================================================
DAG File Processing Stats

File Path                                  PID    Runtime      # DAGs    # Errors  Last Runtime    Last Run               Last # of DB Queries
-----------------------------------------  -----  ---------  --------  ----------  --------------  -------------------  ----------------------
/opt/airflow/dags/driven_data_pipeline.py                           1           0  0.73s           2025-06-28T01:28:46                      12
================================================================================
[2025-06-28T01:29:40.880+0000] {manager.py:997} INFO - 
================================================================================
DAG File Processing Stats

File Path                                  PID    Runtime      # DAGs    # Errors  Last Runtime    Last Run               Last # of DB Queries
-----------------------------------------  -----  ---------  --------  ----------  --------------  -------------------  ----------------------
/opt/airflow/dags/driven_data_pipeline.py                           1           0  0.81s           2025-06-28T01:29:18                      12
================================================================================
[2025-06-28T01:30:11.108+0000] {manager.py:997} INFO - 
================================================================================
DAG File Processing Stats

File Path                                  PID    Runtime      # DAGs    # Errors  Last Runtime    Last Run               Last # of DB Queries
-----------------------------------------  -----  ---------  --------  ----------  --------------  -------------------  ----------------------
/opt/airflow/dags/driven_data_pipeline.py                           1           0  0.73s           2025-06-28T01:29:49                      12
================================================================================
[2025-06-28T01:30:41.597+0000] {manager.py:997} INFO - 
================================================================================
DAG File Processing Stats

File Path                                  PID    Runtime      # DAGs    # Errors  Last Runtime    Last Run               Last # of DB Queries
-----------------------------------------  -----  ---------  --------  ----------  --------------  -------------------  ----------------------
/opt/airflow/dags/driven_data_pipeline.py                           1           0  0.66s           2025-06-28T01:30:20                      12
================================================================================
[2025-06-28T01:31:11.962+0000] {manager.py:997} INFO - 
================================================================================
DAG File Processing Stats

File Path                                  PID    Runtime      # DAGs    # Errors  Last Runtime    Last Run               Last # of DB Queries
-----------------------------------------  -----  ---------  --------  ----------  --------------  -------------------  ----------------------
/opt/airflow/dags/driven_data_pipeline.py                           1           0  0.78s           2025-06-28T01:30:51                      12
================================================================================
[2025-06-28T01:31:42.472+0000] {manager.py:997} INFO - 
================================================================================
DAG File Processing Stats

File Path                                  PID    Runtime      # DAGs    # Errors  Last Runtime    Last Run               Last # of DB Queries
-----------------------------------------  -----  ---------  --------  ----------  --------------  -------------------  ----------------------
/opt/airflow/dags/driven_data_pipeline.py                           1           0  0.74s           2025-06-28T01:31:22                      12
================================================================================
[2025-06-28T01:32:12.724+0000] {manager.py:997} INFO - 
================================================================================
DAG File Processing Stats

File Path                                  PID    Runtime      # DAGs    # Errors  Last Runtime    Last Run               Last # of DB Queries
-----------------------------------------  -----  ---------  --------  ----------  --------------  -------------------  ----------------------
/opt/airflow/dags/driven_data_pipeline.py                           1           0  0.66s           2025-06-28T01:31:53                      12
================================================================================
[2025-06-28T01:32:43.138+0000] {manager.py:997} INFO - 
================================================================================
DAG File Processing Stats

File Path                                  PID    Runtime      # DAGs    # Errors  Last Runtime    Last Run               Last # of DB Queries
-----------------------------------------  -----  ---------  --------  ----------  --------------  -------------------  ----------------------
/opt/airflow/dags/driven_data_pipeline.py                           1           0  0.68s           2025-06-28T01:32:24                      12
================================================================================
[2025-06-28T01:33:13.629+0000] {manager.py:997} INFO - 
================================================================================
DAG File Processing Stats

File Path                                  PID    Runtime      # DAGs    # Errors  Last Runtime    Last Run               Last # of DB Queries
-----------------------------------------  -----  ---------  --------  ----------  --------------  -------------------  ----------------------
/opt/airflow/dags/driven_data_pipeline.py                           1           0  0.89s           2025-06-28T01:32:55                      12
================================================================================
[2025-06-28T01:33:43.832+0000] {manager.py:997} INFO - 
================================================================================
DAG File Processing Stats

File Path                                  PID    Runtime      # DAGs    # Errors  Last Runtime    Last Run               Last # of DB Queries
-----------------------------------------  -----  ---------  --------  ----------  --------------  -------------------  ----------------------
/opt/airflow/dags/driven_data_pipeline.py                           1           0  0.69s           2025-06-28T01:33:26                      12
================================================================================
[2025-06-28T01:34:03.017+0000] {manager.py:821} INFO - Searching for files in /opt/airflow/dags
[2025-06-28T01:34:03.078+0000] {manager.py:824} INFO - There are 1 files in /opt/airflow/dags
[2025-06-28T01:34:14.299+0000] {manager.py:997} INFO - 
================================================================================
DAG File Processing Stats

File Path                                  PID    Runtime      # DAGs    # Errors  Last Runtime    Last Run               Last # of DB Queries
-----------------------------------------  -----  ---------  --------  ----------  --------------  -------------------  ----------------------
/opt/airflow/dags/driven_data_pipeline.py                           1           0  1.20s           2025-06-28T01:33:58                      12
================================================================================
[2025-06-28T01:34:44.646+0000] {manager.py:997} INFO - 
================================================================================
DAG File Processing Stats

File Path                                  PID    Runtime      # DAGs    # Errors  Last Runtime    Last Run               Last # of DB Queries
-----------------------------------------  -----  ---------  --------  ----------  --------------  -------------------  ----------------------
/opt/airflow/dags/driven_data_pipeline.py                           1           0  0.76s           2025-06-28T01:34:29                      12
================================================================================
[2025-06-28T01:35:14.870+0000] {manager.py:997} INFO - 
================================================================================
DAG File Processing Stats

File Path                                  PID    Runtime      # DAGs    # Errors  Last Runtime    Last Run               Last # of DB Queries
-----------------------------------------  -----  ---------  --------  ----------  --------------  -------------------  ----------------------
/opt/airflow/dags/driven_data_pipeline.py                           1           0  0.73s           2025-06-28T01:35:00                      12
================================================================================
[2025-06-28T01:35:44.911+0000] {manager.py:997} INFO - 
================================================================================
DAG File Processing Stats

File Path                                  PID    Runtime      # DAGs    # Errors  Last Runtime    Last Run               Last # of DB Queries
-----------------------------------------  -----  ---------  --------  ----------  --------------  -------------------  ----------------------
/opt/airflow/dags/driven_data_pipeline.py                           1           0  0.68s           2025-06-28T01:35:31                      12
================================================================================
[2025-06-28T01:36:15.093+0000] {manager.py:997} INFO - 
================================================================================
DAG File Processing Stats

File Path                                  PID    Runtime      # DAGs    # Errors  Last Runtime    Last Run               Last # of DB Queries
-----------------------------------------  -----  ---------  --------  ----------  --------------  -------------------  ----------------------
/opt/airflow/dags/driven_data_pipeline.py                           1           0  0.65s           2025-06-28T01:36:02                      12
================================================================================
[2025-06-28T01:36:45.238+0000] {manager.py:997} INFO - 
================================================================================
DAG File Processing Stats

File Path                                  PID    Runtime      # DAGs    # Errors  Last Runtime    Last Run               Last # of DB Queries
-----------------------------------------  -----  ---------  --------  ----------  --------------  -------------------  ----------------------
/opt/airflow/dags/driven_data_pipeline.py                           1           0  0.65s           2025-06-28T01:36:34                      12
================================================================================
[2025-06-28T01:37:15.801+0000] {manager.py:997} INFO - 
================================================================================
DAG File Processing Stats

File Path                                  PID    Runtime      # DAGs    # Errors  Last Runtime    Last Run               Last # of DB Queries
-----------------------------------------  -----  ---------  --------  ----------  --------------  -------------------  ----------------------
/opt/airflow/dags/driven_data_pipeline.py                           1           0  0.73s           2025-06-28T01:37:05                      12
================================================================================
[2025-06-28T01:37:46.290+0000] {manager.py:997} INFO - 
================================================================================
DAG File Processing Stats

File Path                                  PID    Runtime      # DAGs    # Errors  Last Runtime    Last Run               Last # of DB Queries
-----------------------------------------  -----  ---------  --------  ----------  --------------  -------------------  ----------------------
/opt/airflow/dags/driven_data_pipeline.py                           1           0  0.99s           2025-06-28T01:37:36                      12
================================================================================
[2025-06-28T01:38:16.899+0000] {manager.py:997} INFO - 
================================================================================
DAG File Processing Stats

File Path                                  PID    Runtime      # DAGs    # Errors  Last Runtime    Last Run               Last # of DB Queries
-----------------------------------------  -----  ---------  --------  ----------  --------------  -------------------  ----------------------
/opt/airflow/dags/driven_data_pipeline.py                           1           0  1.15s           2025-06-28T01:38:07                      12
================================================================================
[2025-06-28T01:38:47.256+0000] {manager.py:997} INFO - 
================================================================================
DAG File Processing Stats

File Path                                  PID    Runtime      # DAGs    # Errors  Last Runtime    Last Run               Last # of DB Queries
-----------------------------------------  -----  ---------  --------  ----------  --------------  -------------------  ----------------------
/opt/airflow/dags/driven_data_pipeline.py                           1           0  0.88s           2025-06-28T01:38:39                      12
================================================================================
[2025-06-28T01:39:03.505+0000] {manager.py:821} INFO - Searching for files in /opt/airflow/dags
[2025-06-28T01:39:03.569+0000] {manager.py:824} INFO - There are 1 files in /opt/airflow/dags
[2025-06-28T01:39:17.552+0000] {manager.py:997} INFO - 
================================================================================
DAG File Processing Stats

File Path                                  PID    Runtime      # DAGs    # Errors  Last Runtime    Last Run               Last # of DB Queries
-----------------------------------------  -----  ---------  --------  ----------  --------------  -------------------  ----------------------
/opt/airflow/dags/driven_data_pipeline.py                           1           0  0.68s           2025-06-28T01:39:10                      12
================================================================================
[2025-06-28T01:39:47.823+0000] {manager.py:997} INFO - 
================================================================================
DAG File Processing Stats

File Path                                  PID    Runtime      # DAGs    # Errors  Last Runtime    Last Run               Last # of DB Queries
-----------------------------------------  -----  ---------  --------  ----------  --------------  -------------------  ----------------------
/opt/airflow/dags/driven_data_pipeline.py                           1           0  0.70s           2025-06-28T01:39:41                      12
================================================================================
[2025-06-28T01:40:18.152+0000] {manager.py:997} INFO - 
================================================================================
DAG File Processing Stats

File Path                                  PID    Runtime      # DAGs    # Errors  Last Runtime    Last Run               Last # of DB Queries
-----------------------------------------  -----  ---------  --------  ----------  --------------  -------------------  ----------------------
/opt/airflow/dags/driven_data_pipeline.py                           1           0  1.18s           2025-06-28T01:40:13                      12
================================================================================
[2025-06-28T01:40:48.300+0000] {manager.py:997} INFO - 
================================================================================
DAG File Processing Stats

File Path                                  PID    Runtime      # DAGs    # Errors  Last Runtime    Last Run               Last # of DB Queries
-----------------------------------------  -----  ---------  --------  ----------  --------------  -------------------  ----------------------
/opt/airflow/dags/driven_data_pipeline.py                           1           0  0.70s           2025-06-28T01:40:44                      12
================================================================================
[2025-06-28T01:41:18.797+0000] {manager.py:997} INFO - 
================================================================================
DAG File Processing Stats

File Path                                  PID    Runtime      # DAGs    # Errors  Last Runtime    Last Run               Last # of DB Queries
-----------------------------------------  -----  ---------  --------  ----------  --------------  -------------------  ----------------------
/opt/airflow/dags/driven_data_pipeline.py                           1           0  0.66s           2025-06-28T01:41:14                      12
================================================================================
[2025-06-28T01:41:49.299+0000] {manager.py:997} INFO - 
================================================================================
DAG File Processing Stats

File Path                                  PID    Runtime      # DAGs    # Errors  Last Runtime    Last Run               Last # of DB Queries
-----------------------------------------  -----  ---------  --------  ----------  --------------  -------------------  ----------------------
/opt/airflow/dags/driven_data_pipeline.py                           1           0  1.10s           2025-06-28T01:41:46                      12
================================================================================
[2025-06-28T01:42:19.452+0000] {manager.py:997} INFO - 
================================================================================
DAG File Processing Stats

File Path                                  PID    Runtime      # DAGs    # Errors  Last Runtime    Last Run               Last # of DB Queries
-----------------------------------------  -----  ---------  --------  ----------  --------------  -------------------  ----------------------
/opt/airflow/dags/driven_data_pipeline.py                           1           0  0.68s           2025-06-28T01:42:17                      12
================================================================================
[2025-06-28T01:42:50.017+0000] {manager.py:997} INFO - 
================================================================================
DAG File Processing Stats

File Path                                  PID    Runtime      # DAGs    # Errors  Last Runtime    Last Run               Last # of DB Queries
-----------------------------------------  -----  ---------  --------  ----------  --------------  -------------------  ----------------------
/opt/airflow/dags/driven_data_pipeline.py                           1           0  0.91s           2025-06-28T01:42:48                      12
================================================================================
[2025-06-28T01:43:20.555+0000] {manager.py:997} INFO - 
================================================================================
DAG File Processing Stats

File Path                                  PID    Runtime      # DAGs    # Errors  Last Runtime    Last Run               Last # of DB Queries
-----------------------------------------  -----  ---------  --------  ----------  --------------  -------------------  ----------------------
/opt/airflow/dags/driven_data_pipeline.py                           1           0  1.12s           2025-06-28T01:43:19                      12
================================================================================
[2025-06-28T01:43:50.808+0000] {manager.py:997} INFO - 
================================================================================
DAG File Processing Stats

File Path                                  PID    Runtime      # DAGs    # Errors  Last Runtime    Last Run               Last # of DB Queries
-----------------------------------------  -----  ---------  --------  ----------  --------------  -------------------  ----------------------
/opt/airflow/dags/driven_data_pipeline.py                           1           0  0.75s           2025-06-28T01:43:50                      12
================================================================================
[2025-06-28T01:44:04.046+0000] {manager.py:821} INFO - Searching for files in /opt/airflow/dags
[2025-06-28T01:44:04.091+0000] {manager.py:824} INFO - There are 1 files in /opt/airflow/dags
[2025-06-28T01:44:21.478+0000] {manager.py:997} INFO - 
================================================================================
DAG File Processing Stats

File Path                                    PID  Runtime      # DAGs    # Errors  Last Runtime    Last Run               Last # of DB Queries
-----------------------------------------  -----  ---------  --------  ----------  --------------  -------------------  ----------------------
/opt/airflow/dags/driven_data_pipeline.py   2734  0.01s             1           0  0.75s           2025-06-28T01:43:50                      12
================================================================================
[2025-06-28T01:44:51.592+0000] {manager.py:997} INFO - 
================================================================================
DAG File Processing Stats

File Path                                  PID    Runtime      # DAGs    # Errors  Last Runtime    Last Run               Last # of DB Queries
-----------------------------------------  -----  ---------  --------  ----------  --------------  -------------------  ----------------------
/opt/airflow/dags/driven_data_pipeline.py                           1           0  0.68s           2025-06-28T01:44:22                      12
================================================================================
[2025-06-28T01:45:21.708+0000] {manager.py:997} INFO - 
================================================================================
DAG File Processing Stats

File Path                                  PID    Runtime      # DAGs    # Errors  Last Runtime    Last Run               Last # of DB Queries
-----------------------------------------  -----  ---------  --------  ----------  --------------  -------------------  ----------------------
/opt/airflow/dags/driven_data_pipeline.py                           1           0  1.00s           2025-06-28T01:44:53                      12
================================================================================
[2025-06-28T01:45:52.335+0000] {manager.py:997} INFO - 
================================================================================
DAG File Processing Stats

File Path                                  PID    Runtime      # DAGs    # Errors  Last Runtime    Last Run               Last # of DB Queries
-----------------------------------------  -----  ---------  --------  ----------  --------------  -------------------  ----------------------
/opt/airflow/dags/driven_data_pipeline.py                           1           0  0.75s           2025-06-28T01:45:24                      12
================================================================================
[2025-06-28T01:46:22.405+0000] {manager.py:997} INFO - 
================================================================================
DAG File Processing Stats

File Path                                  PID    Runtime      # DAGs    # Errors  Last Runtime    Last Run               Last # of DB Queries
-----------------------------------------  -----  ---------  --------  ----------  --------------  -------------------  ----------------------
/opt/airflow/dags/driven_data_pipeline.py                           1           0  1.55s           2025-06-28T01:45:55                      12
================================================================================
[2025-06-28T01:46:52.876+0000] {manager.py:997} INFO - 
================================================================================
DAG File Processing Stats

File Path                                  PID    Runtime      # DAGs    # Errors  Last Runtime    Last Run               Last # of DB Queries
-----------------------------------------  -----  ---------  --------  ----------  --------------  -------------------  ----------------------
/opt/airflow/dags/driven_data_pipeline.py                           1           0  0.77s           2025-06-28T01:46:26                      12
================================================================================
[2025-06-28T01:47:23.455+0000] {manager.py:997} INFO - 
================================================================================
DAG File Processing Stats

File Path                                  PID    Runtime      # DAGs    # Errors  Last Runtime    Last Run               Last # of DB Queries
-----------------------------------------  -----  ---------  --------  ----------  --------------  -------------------  ----------------------
/opt/airflow/dags/driven_data_pipeline.py                           1           0  1.13s           2025-06-28T01:46:58                      12
================================================================================
[2025-06-28T01:47:53.859+0000] {manager.py:997} INFO - 
================================================================================
DAG File Processing Stats

File Path                                  PID    Runtime      # DAGs    # Errors  Last Runtime    Last Run               Last # of DB Queries
-----------------------------------------  -----  ---------  --------  ----------  --------------  -------------------  ----------------------
/opt/airflow/dags/driven_data_pipeline.py                           1           0  0.86s           2025-06-28T01:47:29                      12
================================================================================
[2025-06-28T01:48:24.369+0000] {manager.py:997} INFO - 
================================================================================
DAG File Processing Stats

File Path                                  PID    Runtime      # DAGs    # Errors  Last Runtime    Last Run               Last # of DB Queries
-----------------------------------------  -----  ---------  --------  ----------  --------------  -------------------  ----------------------
/opt/airflow/dags/driven_data_pipeline.py                           1           0  0.93s           2025-06-28T01:48:00                      12
================================================================================
[2025-06-28T01:48:54.822+0000] {manager.py:997} INFO - 
================================================================================
DAG File Processing Stats

File Path                                  PID    Runtime      # DAGs    # Errors  Last Runtime    Last Run               Last # of DB Queries
-----------------------------------------  -----  ---------  --------  ----------  --------------  -------------------  ----------------------
/opt/airflow/dags/driven_data_pipeline.py                           1           0  0.96s           2025-06-28T01:48:32                      12
================================================================================
[2025-06-28T01:49:04.049+0000] {manager.py:821} INFO - Searching for files in /opt/airflow/dags
[2025-06-28T01:49:04.128+0000] {manager.py:824} INFO - There are 1 files in /opt/airflow/dags
[2025-06-28T01:49:25.083+0000] {manager.py:997} INFO - 
================================================================================
DAG File Processing Stats

File Path                                  PID    Runtime      # DAGs    # Errors  Last Runtime    Last Run               Last # of DB Queries
-----------------------------------------  -----  ---------  --------  ----------  --------------  -------------------  ----------------------
/opt/airflow/dags/driven_data_pipeline.py                           1           0  0.70s           2025-06-28T01:49:03                      12
================================================================================
[2025-06-28T01:49:55.351+0000] {manager.py:997} INFO - 
================================================================================
DAG File Processing Stats

File Path                                  PID    Runtime      # DAGs    # Errors  Last Runtime    Last Run               Last # of DB Queries
-----------------------------------------  -----  ---------  --------  ----------  --------------  -------------------  ----------------------
/opt/airflow/dags/driven_data_pipeline.py                           1           0  0.66s           2025-06-28T01:49:35                      12
================================================================================
[2025-06-28T01:50:25.847+0000] {manager.py:997} INFO - 
================================================================================
DAG File Processing Stats

File Path                                  PID    Runtime      # DAGs    # Errors  Last Runtime    Last Run               Last # of DB Queries
-----------------------------------------  -----  ---------  --------  ----------  --------------  -------------------  ----------------------
/opt/airflow/dags/driven_data_pipeline.py                           1           0  0.73s           2025-06-28T01:50:05                      12
================================================================================
[2025-06-28T01:50:55.869+0000] {manager.py:997} INFO - 
================================================================================
DAG File Processing Stats

File Path                                  PID    Runtime      # DAGs    # Errors  Last Runtime    Last Run               Last # of DB Queries
-----------------------------------------  -----  ---------  --------  ----------  --------------  -------------------  ----------------------
/opt/airflow/dags/driven_data_pipeline.py                           1           0  0.93s           2025-06-28T01:50:36                      12
================================================================================
[2025-06-28T01:51:26.053+0000] {manager.py:997} INFO - 
================================================================================
DAG File Processing Stats

File Path                                  PID    Runtime      # DAGs    # Errors  Last Runtime    Last Run               Last # of DB Queries
-----------------------------------------  -----  ---------  --------  ----------  --------------  -------------------  ----------------------
/opt/airflow/dags/driven_data_pipeline.py                           1           0  0.71s           2025-06-28T01:51:07                      12
================================================================================
[2025-06-28T01:51:56.349+0000] {manager.py:997} INFO - 
================================================================================
DAG File Processing Stats

File Path                                  PID    Runtime      # DAGs    # Errors  Last Runtime    Last Run               Last # of DB Queries
-----------------------------------------  -----  ---------  --------  ----------  --------------  -------------------  ----------------------
/opt/airflow/dags/driven_data_pipeline.py                           1           0  1.02s           2025-06-28T01:51:39                      12
================================================================================
[2025-06-28T01:52:26.513+0000] {manager.py:997} INFO - 
================================================================================
DAG File Processing Stats

File Path                                  PID    Runtime      # DAGs    # Errors  Last Runtime    Last Run               Last # of DB Queries
-----------------------------------------  -----  ---------  --------  ----------  --------------  -------------------  ----------------------
/opt/airflow/dags/driven_data_pipeline.py                           1           0  0.66s           2025-06-28T01:52:10                      12
================================================================================
[2025-06-30T21:00:09.770+0000] {manager.py:821} INFO - Searching for files in /opt/airflow/dags
[2025-06-30T21:00:22.484+0000] {manager.py:824} INFO - There are 1 files in /opt/airflow/dags
[2025-06-30T21:01:18.479+0000] {manager.py:997} INFO - 
================================================================================
DAG File Processing Stats

File Path                                    PID  Runtime      # DAGs    # Errors  Last Runtime    Last Run               Last # of DB Queries
-----------------------------------------  -----  ---------  --------  ----------  --------------  -------------------  ----------------------
/opt/airflow/dags/driven_data_pipeline.py   2876  16.72s            1           0  0.67s           2025-06-28T01:52:41                      12
================================================================================
[2025-06-30T21:02:00.849+0000] {manager.py:1366} ERROR - Processor for /opt/airflow/dags/driven_data_pipeline.py with PID 2876 started at 2025-06-30T21:00:55.603148+00:00 has timed out, killing it.
[2025-07-02T19:15:09.799+0000] {manager.py:997} INFO - 
================================================================================
DAG File Processing Stats

File Path                                    PID  Runtime      # DAGs    # Errors  Last Runtime    Last Run               Last # of DB Queries
-----------------------------------------  -----  ---------  --------  ----------  --------------  -------------------  ----------------------
/opt/airflow/dags/driven_data_pipeline.py   2889  0.23s             0           1  65.20s          2025-06-30T21:02:00                       0
================================================================================
[2025-07-02T19:15:13.456+0000] {manager.py:821} INFO - Searching for files in /opt/airflow/dags
[2025-07-02T19:15:14.234+0000] {manager.py:824} INFO - There are 1 files in /opt/airflow/dags
[2025-07-02T19:15:39.998+0000] {manager.py:997} INFO - 
================================================================================
DAG File Processing Stats

File Path                                    PID  Runtime      # DAGs    # Errors  Last Runtime    Last Run               Last # of DB Queries
-----------------------------------------  -----  ---------  --------  ----------  --------------  -------------------  ----------------------
/opt/airflow/dags/driven_data_pipeline.py   2889  30.44s            0           1  65.20s          2025-06-30T21:02:00                       0
================================================================================
[2025-07-02T19:16:10.332+0000] {manager.py:997} INFO - 
================================================================================
DAG File Processing Stats

File Path                                  PID    Runtime      # DAGs    # Errors  Last Runtime    Last Run               Last # of DB Queries
-----------------------------------------  -----  ---------  --------  ----------  --------------  -------------------  ----------------------
/opt/airflow/dags/driven_data_pipeline.py                           1           0  42.08s          2025-07-02T19:15:51                      34
================================================================================
[2025-07-02T19:16:40.673+0000] {manager.py:997} INFO - 
================================================================================
DAG File Processing Stats

File Path                                  PID    Runtime      # DAGs    # Errors  Last Runtime    Last Run               Last # of DB Queries
-----------------------------------------  -----  ---------  --------  ----------  --------------  -------------------  ----------------------
/opt/airflow/dags/driven_data_pipeline.py                           1           0  10.34s          2025-07-02T19:16:32                      12
================================================================================
[2025-07-02T19:17:11.210+0000] {manager.py:997} INFO - 
================================================================================
DAG File Processing Stats

File Path                                  PID    Runtime      # DAGs    # Errors  Last Runtime    Last Run               Last # of DB Queries
-----------------------------------------  -----  ---------  --------  ----------  --------------  -------------------  ----------------------
/opt/airflow/dags/driven_data_pipeline.py                           1           0  3.16s           2025-07-02T19:17:06                      12
================================================================================
[2025-07-02T19:17:41.460+0000] {manager.py:997} INFO - 
================================================================================
DAG File Processing Stats

File Path                                  PID    Runtime      # DAGs    # Errors  Last Runtime    Last Run               Last # of DB Queries
-----------------------------------------  -----  ---------  --------  ----------  --------------  -------------------  ----------------------
/opt/airflow/dags/driven_data_pipeline.py                           1           0  3.20s           2025-07-02T19:17:40                      12
================================================================================
[2025-07-02T19:18:11.535+0000] {manager.py:997} INFO - 
================================================================================
DAG File Processing Stats

File Path                                  PID    Runtime      # DAGs    # Errors  Last Runtime    Last Run               Last # of DB Queries
-----------------------------------------  -----  ---------  --------  ----------  --------------  -------------------  ----------------------
/opt/airflow/dags/driven_data_pipeline.py                           1           0  0.62s           2025-07-02T19:18:11                      12
================================================================================
[2025-07-02T19:18:41.953+0000] {manager.py:997} INFO - 
================================================================================
DAG File Processing Stats

File Path                                    PID  Runtime      # DAGs    # Errors  Last Runtime    Last Run               Last # of DB Queries
-----------------------------------------  -----  ---------  --------  ----------  --------------  -------------------  ----------------------
/opt/airflow/dags/driven_data_pipeline.py   2940  0.02s             1           0  0.62s           2025-07-02T19:18:11                      12
================================================================================
[2025-07-02T19:19:12.931+0000] {manager.py:997} INFO - 
================================================================================
DAG File Processing Stats

File Path                                    PID  Runtime      # DAGs    # Errors  Last Runtime    Last Run               Last # of DB Queries
-----------------------------------------  -----  ---------  --------  ----------  --------------  -------------------  ----------------------
/opt/airflow/dags/driven_data_pipeline.py   2948  0.01s             1           0  0.52s           2025-07-02T19:18:42                      12
================================================================================
[2025-07-02T19:19:43.303+0000] {manager.py:997} INFO - 
================================================================================
DAG File Processing Stats

File Path                                  PID    Runtime      # DAGs    # Errors  Last Runtime    Last Run               Last # of DB Queries
-----------------------------------------  -----  ---------  --------  ----------  --------------  -------------------  ----------------------
/opt/airflow/dags/driven_data_pipeline.py                           1           0  0.55s           2025-07-02T19:19:13                      12
================================================================================
[2025-07-02T19:20:13.752+0000] {manager.py:821} INFO - Searching for files in /opt/airflow/dags
[2025-07-02T19:20:13.801+0000] {manager.py:824} INFO - There are 1 files in /opt/airflow/dags
[2025-07-02T19:20:13.892+0000] {manager.py:997} INFO - 
================================================================================
DAG File Processing Stats

File Path                                  PID    Runtime      # DAGs    # Errors  Last Runtime    Last Run               Last # of DB Queries
-----------------------------------------  -----  ---------  --------  ----------  --------------  -------------------  ----------------------
/opt/airflow/dags/driven_data_pipeline.py                           1           0  0.57s           2025-07-02T19:19:44                      12
================================================================================
[2025-07-02T19:20:44.286+0000] {manager.py:997} INFO - 
================================================================================
DAG File Processing Stats

File Path                                  PID    Runtime      # DAGs    # Errors  Last Runtime    Last Run               Last # of DB Queries
-----------------------------------------  -----  ---------  --------  ----------  --------------  -------------------  ----------------------
/opt/airflow/dags/driven_data_pipeline.py                           1           0  0.57s           2025-07-02T19:20:15                      12
================================================================================
[2025-07-02T19:21:14.782+0000] {manager.py:997} INFO - 
================================================================================
DAG File Processing Stats

File Path                                  PID    Runtime      # DAGs    # Errors  Last Runtime    Last Run               Last # of DB Queries
-----------------------------------------  -----  ---------  --------  ----------  --------------  -------------------  ----------------------
/opt/airflow/dags/driven_data_pipeline.py                           1           0  0.90s           2025-07-02T19:20:46                      12
================================================================================
[2025-07-02T19:21:45.435+0000] {manager.py:997} INFO - 
================================================================================
DAG File Processing Stats

File Path                                  PID    Runtime      # DAGs    # Errors  Last Runtime    Last Run               Last # of DB Queries
-----------------------------------------  -----  ---------  --------  ----------  --------------  -------------------  ----------------------
/opt/airflow/dags/driven_data_pipeline.py                           1           0  2.20s           2025-07-02T19:21:19                      12
================================================================================
[2025-07-02T19:22:16.379+0000] {manager.py:997} INFO - 
================================================================================
DAG File Processing Stats

File Path                                  PID    Runtime      # DAGs    # Errors  Last Runtime    Last Run               Last # of DB Queries
-----------------------------------------  -----  ---------  --------  ----------  --------------  -------------------  ----------------------
/opt/airflow/dags/driven_data_pipeline.py                           1           0  6.12s           2025-07-02T19:21:56                      12
================================================================================
[2025-07-02T19:22:46.433+0000] {manager.py:997} INFO - 
================================================================================
DAG File Processing Stats

File Path                                  PID    Runtime      # DAGs    # Errors  Last Runtime    Last Run               Last # of DB Queries
-----------------------------------------  -----  ---------  --------  ----------  --------------  -------------------  ----------------------
/opt/airflow/dags/driven_data_pipeline.py                           1           0  2.64s           2025-07-02T19:22:29                      12
================================================================================
[2025-07-02T19:23:16.675+0000] {manager.py:997} INFO - 
================================================================================
DAG File Processing Stats

File Path                                  PID    Runtime      # DAGs    # Errors  Last Runtime    Last Run               Last # of DB Queries
-----------------------------------------  -----  ---------  --------  ----------  --------------  -------------------  ----------------------
/opt/airflow/dags/driven_data_pipeline.py                           1           0  0.80s           2025-07-02T19:23:00                      12
================================================================================
[2025-07-02T19:23:46.739+0000] {manager.py:997} INFO - 
================================================================================
DAG File Processing Stats

File Path                                  PID    Runtime      # DAGs    # Errors  Last Runtime    Last Run               Last # of DB Queries
-----------------------------------------  -----  ---------  --------  ----------  --------------  -------------------  ----------------------
/opt/airflow/dags/driven_data_pipeline.py                           1           0  0.67s           2025-07-02T19:23:31                      12
================================================================================
[2025-07-02T19:24:16.859+0000] {manager.py:997} INFO - 
================================================================================
DAG File Processing Stats

File Path                                  PID    Runtime      # DAGs    # Errors  Last Runtime    Last Run               Last # of DB Queries
-----------------------------------------  -----  ---------  --------  ----------  --------------  -------------------  ----------------------
/opt/airflow/dags/driven_data_pipeline.py                           1           0  0.97s           2025-07-02T19:24:02                      33
================================================================================
[2025-07-02T19:24:46.960+0000] {manager.py:997} INFO - 
================================================================================
DAG File Processing Stats

File Path                                  PID    Runtime      # DAGs    # Errors  Last Runtime    Last Run               Last # of DB Queries
-----------------------------------------  -----  ---------  --------  ----------  --------------  -------------------  ----------------------
/opt/airflow/dags/driven_data_pipeline.py                           1           0  1.86s           2025-07-02T19:24:35                      12
================================================================================
[2025-07-02T19:25:13.902+0000] {manager.py:821} INFO - Searching for files in /opt/airflow/dags
[2025-07-02T19:25:13.943+0000] {manager.py:824} INFO - There are 1 files in /opt/airflow/dags
[2025-07-02T19:25:17.064+0000] {manager.py:997} INFO - 
================================================================================
DAG File Processing Stats

File Path                                  PID    Runtime      # DAGs    # Errors  Last Runtime    Last Run               Last # of DB Queries
-----------------------------------------  -----  ---------  --------  ----------  --------------  -------------------  ----------------------
/opt/airflow/dags/driven_data_pipeline.py                           1           0  0.77s           2025-07-02T19:25:06                      12
================================================================================
[2025-07-02T19:25:47.723+0000] {manager.py:997} INFO - 
================================================================================
DAG File Processing Stats

File Path                                  PID    Runtime      # DAGs    # Errors  Last Runtime    Last Run               Last # of DB Queries
-----------------------------------------  -----  ---------  --------  ----------  --------------  -------------------  ----------------------
/opt/airflow/dags/driven_data_pipeline.py                           1           0  1.00s           2025-07-02T19:25:35                      12
================================================================================
[2025-07-02T19:26:18.293+0000] {manager.py:997} INFO - 
================================================================================
DAG File Processing Stats

File Path                                  PID    Runtime      # DAGs    # Errors  Last Runtime    Last Run               Last # of DB Queries
-----------------------------------------  -----  ---------  --------  ----------  --------------  -------------------  ----------------------
/opt/airflow/dags/driven_data_pipeline.py                           1           0  1.23s           2025-07-02T19:26:07                      33
================================================================================
[2025-07-02T19:26:48.378+0000] {manager.py:997} INFO - 
================================================================================
DAG File Processing Stats

File Path                                  PID    Runtime      # DAGs    # Errors  Last Runtime    Last Run               Last # of DB Queries
-----------------------------------------  -----  ---------  --------  ----------  --------------  -------------------  ----------------------
/opt/airflow/dags/driven_data_pipeline.py                           1           0  3.72s           2025-07-02T19:26:31                      11
================================================================================
[2025-07-02T19:27:18.663+0000] {manager.py:997} INFO - 
================================================================================
DAG File Processing Stats

File Path                                  PID    Runtime      # DAGs    # Errors  Last Runtime    Last Run               Last # of DB Queries
-----------------------------------------  -----  ---------  --------  ----------  --------------  -------------------  ----------------------
/opt/airflow/dags/driven_data_pipeline.py                           1           0  0.53s           2025-07-02T19:27:13                      12
================================================================================
[2025-07-02T19:27:49.091+0000] {manager.py:997} INFO - 
================================================================================
DAG File Processing Stats

File Path                                  PID    Runtime      # DAGs    # Errors  Last Runtime    Last Run               Last # of DB Queries
-----------------------------------------  -----  ---------  --------  ----------  --------------  -------------------  ----------------------
/opt/airflow/dags/driven_data_pipeline.py                           1           0  0.55s           2025-07-02T19:27:44                      12
================================================================================
[2025-07-02T19:28:19.753+0000] {manager.py:997} INFO - 
================================================================================
DAG File Processing Stats

File Path                                  PID    Runtime      # DAGs    # Errors  Last Runtime    Last Run               Last # of DB Queries
-----------------------------------------  -----  ---------  --------  ----------  --------------  -------------------  ----------------------
/opt/airflow/dags/driven_data_pipeline.py                           1           0  0.95s           2025-07-02T19:28:15                      12
================================================================================
[2025-07-02T19:28:49.861+0000] {manager.py:997} INFO - 
================================================================================
DAG File Processing Stats

File Path                                  PID    Runtime      # DAGs    # Errors  Last Runtime    Last Run               Last # of DB Queries
-----------------------------------------  -----  ---------  --------  ----------  --------------  -------------------  ----------------------
/opt/airflow/dags/driven_data_pipeline.py                           1           0  1.62s           2025-07-02T19:28:47                      12
================================================================================
[2025-07-02T19:29:20.150+0000] {manager.py:997} INFO - 
================================================================================
DAG File Processing Stats

File Path                                  PID    Runtime      # DAGs    # Errors  Last Runtime    Last Run               Last # of DB Queries
-----------------------------------------  -----  ---------  --------  ----------  --------------  -------------------  ----------------------
/opt/airflow/dags/driven_data_pipeline.py                           1           0  0.72s           2025-07-02T19:29:19                      12
================================================================================
[2025-07-02T19:29:30.159+0000] {manager.py:465} INFO - Exiting gracefully upon receiving signal 15
[2025-07-02T19:34:21.266+0000] {manager.py:483} INFO - Processing files using up to 2 processes at a time 
[2025-07-02T19:34:21.273+0000] {manager.py:484} INFO - Process each file at most once every 30 seconds
[2025-07-02T19:34:21.276+0000] {manager.py:485} INFO - Checking for new files in /opt/airflow/dags every 300 seconds
[2025-07-02T19:34:21.277+0000] {manager.py:821} INFO - Searching for files in /opt/airflow/dags
[2025-07-02T19:34:21.345+0000] {manager.py:824} INFO - There are 1 files in /opt/airflow/dags
[2025-07-02T19:34:22.129+0000] {manager.py:997} INFO - 
================================================================================
DAG File Processing Stats

File Path                                    PID  Runtime      # DAGs    # Errors  Last Runtime    Last Run      Last # of DB Queries
-----------------------------------------  -----  ---------  --------  ----------  --------------  ----------  ----------------------
/opt/airflow/dags/driven_data_pipeline.py     71  0.13s             0           0                                                   0
================================================================================
[2025-07-02T19:34:52.191+0000] {manager.py:997} INFO - 
================================================================================
DAG File Processing Stats

File Path                                  PID    Runtime      # DAGs    # Errors  Last Runtime    Last Run               Last # of DB Queries
-----------------------------------------  -----  ---------  --------  ----------  --------------  -------------------  ----------------------
/opt/airflow/dags/driven_data_pipeline.py                           1           0  5.54s           2025-07-02T19:34:27                      12
================================================================================
[2025-07-02T19:35:22.239+0000] {manager.py:997} INFO - 
================================================================================
DAG File Processing Stats

File Path                                  PID    Runtime      # DAGs    # Errors  Last Runtime    Last Run               Last # of DB Queries
-----------------------------------------  -----  ---------  --------  ----------  --------------  -------------------  ----------------------
/opt/airflow/dags/driven_data_pipeline.py                           1           0  2.94s           2025-07-02T19:35:01                      12
================================================================================
[2025-07-02T19:35:41.063+0000] {manager.py:465} INFO - Exiting gracefully upon receiving signal 15
[2025-07-02T19:38:06.213+0000] {manager.py:483} INFO - Processing files using up to 2 processes at a time 
[2025-07-02T19:38:06.221+0000] {manager.py:484} INFO - Process each file at most once every 30 seconds
[2025-07-02T19:38:06.222+0000] {manager.py:485} INFO - Checking for new files in /opt/airflow/dags every 300 seconds
[2025-07-02T19:38:06.224+0000] {manager.py:821} INFO - Searching for files in /opt/airflow/dags
[2025-07-02T19:38:06.298+0000] {manager.py:824} INFO - There are 1 files in /opt/airflow/dags
[2025-07-02T19:38:07.213+0000] {manager.py:997} INFO - 
================================================================================
DAG File Processing Stats

File Path                                    PID  Runtime      # DAGs    # Errors  Last Runtime    Last Run      Last # of DB Queries
-----------------------------------------  -----  ---------  --------  ----------  --------------  ----------  ----------------------
/opt/airflow/dags/driven_data_pipeline.py     65  0.16s             0           0                                                   0
================================================================================
[2025-07-02T19:38:37.851+0000] {manager.py:997} INFO - 
================================================================================
DAG File Processing Stats

File Path                                  PID    Runtime      # DAGs    # Errors  Last Runtime    Last Run               Last # of DB Queries
-----------------------------------------  -----  ---------  --------  ----------  --------------  -------------------  ----------------------
/opt/airflow/dags/driven_data_pipeline.py                           1           0  3.46s           2025-07-02T19:38:10                      12
================================================================================
[2025-07-02T19:39:07.697+0000] {manager.py:997} INFO - 
================================================================================
DAG File Processing Stats

File Path                                  PID    Runtime      # DAGs    # Errors  Last Runtime    Last Run               Last # of DB Queries
-----------------------------------------  -----  ---------  --------  ----------  --------------  -------------------  ----------------------
/opt/airflow/dags/driven_data_pipeline.py                           1           0  5.58s           2025-07-02T19:38:46                      12
================================================================================
[2025-07-02T19:39:38.105+0000] {manager.py:997} INFO - 
================================================================================
DAG File Processing Stats

File Path                                  PID    Runtime      # DAGs    # Errors  Last Runtime    Last Run               Last # of DB Queries
-----------------------------------------  -----  ---------  --------  ----------  --------------  -------------------  ----------------------
/opt/airflow/dags/driven_data_pipeline.py                           1           0  5.20s           2025-07-02T19:39:22                      12
================================================================================
[2025-07-02T19:40:08.748+0000] {manager.py:997} INFO - 
================================================================================
DAG File Processing Stats

File Path                                  PID    Runtime      # DAGs    # Errors  Last Runtime    Last Run               Last # of DB Queries
-----------------------------------------  -----  ---------  --------  ----------  --------------  -------------------  ----------------------
/opt/airflow/dags/driven_data_pipeline.py                           1           0  1.45s           2025-07-02T19:39:53                      12
================================================================================
[2025-07-02T19:40:39.107+0000] {manager.py:997} INFO - 
================================================================================
DAG File Processing Stats

File Path                                  PID    Runtime      # DAGs    # Errors  Last Runtime    Last Run               Last # of DB Queries
-----------------------------------------  -----  ---------  --------  ----------  --------------  -------------------  ----------------------
/opt/airflow/dags/driven_data_pipeline.py                           1           0  0.87s           2025-07-02T19:40:25                      12
================================================================================
[2025-07-02T19:41:09.212+0000] {manager.py:997} INFO - 
================================================================================
DAG File Processing Stats

File Path                                  PID    Runtime      # DAGs    # Errors  Last Runtime    Last Run               Last # of DB Queries
-----------------------------------------  -----  ---------  --------  ----------  --------------  -------------------  ----------------------
/opt/airflow/dags/driven_data_pipeline.py                           1           0  0.72s           2025-07-02T19:40:56                      12
================================================================================
[2025-07-02T19:41:39.347+0000] {manager.py:997} INFO - 
================================================================================
DAG File Processing Stats

File Path                                  PID    Runtime      # DAGs    # Errors  Last Runtime    Last Run               Last # of DB Queries
-----------------------------------------  -----  ---------  --------  ----------  --------------  -------------------  ----------------------
/opt/airflow/dags/driven_data_pipeline.py                           1           0  0.78s           2025-07-02T19:41:27                      12
================================================================================
[2025-07-02T19:42:09.625+0000] {manager.py:997} INFO - 
================================================================================
DAG File Processing Stats

File Path                                  PID    Runtime      # DAGs    # Errors  Last Runtime    Last Run               Last # of DB Queries
-----------------------------------------  -----  ---------  --------  ----------  --------------  -------------------  ----------------------
/opt/airflow/dags/driven_data_pipeline.py                           1           0  0.75s           2025-07-02T19:41:58                      12
================================================================================
[2025-07-02T19:42:40.050+0000] {manager.py:997} INFO - 
================================================================================
DAG File Processing Stats

File Path                                  PID    Runtime      # DAGs    # Errors  Last Runtime    Last Run               Last # of DB Queries
-----------------------------------------  -----  ---------  --------  ----------  --------------  -------------------  ----------------------
/opt/airflow/dags/driven_data_pipeline.py                           1           0  1.86s           2025-07-02T19:42:30                      12
================================================================================
[2025-07-02T19:43:06.300+0000] {manager.py:821} INFO - Searching for files in /opt/airflow/dags
[2025-07-02T19:43:06.334+0000] {manager.py:824} INFO - There are 1 files in /opt/airflow/dags
[2025-07-02T19:43:10.469+0000] {manager.py:997} INFO - 
================================================================================
DAG File Processing Stats

File Path                                  PID    Runtime      # DAGs    # Errors  Last Runtime    Last Run               Last # of DB Queries
-----------------------------------------  -----  ---------  --------  ----------  --------------  -------------------  ----------------------
/opt/airflow/dags/driven_data_pipeline.py                           1           0  1.48s           2025-07-02T19:43:02                      12
================================================================================
[2025-07-02T19:43:40.901+0000] {manager.py:997} INFO - 
================================================================================
DAG File Processing Stats

File Path                                  PID    Runtime      # DAGs    # Errors  Last Runtime    Last Run               Last # of DB Queries
-----------------------------------------  -----  ---------  --------  ----------  --------------  -------------------  ----------------------
/opt/airflow/dags/driven_data_pipeline.py                           1           0  0.96s           2025-07-02T19:43:33                      12
================================================================================
[2025-07-02T19:44:10.963+0000] {manager.py:997} INFO - 
================================================================================
DAG File Processing Stats

File Path                                  PID    Runtime      # DAGs    # Errors  Last Runtime    Last Run               Last # of DB Queries
-----------------------------------------  -----  ---------  --------  ----------  --------------  -------------------  ----------------------
/opt/airflow/dags/driven_data_pipeline.py                           1           0  2.23s           2025-07-02T19:44:05                      12
================================================================================
[2025-07-02T19:44:41.214+0000] {manager.py:997} INFO - 
================================================================================
DAG File Processing Stats

File Path                                  PID    Runtime      # DAGs    # Errors  Last Runtime    Last Run               Last # of DB Queries
-----------------------------------------  -----  ---------  --------  ----------  --------------  -------------------  ----------------------
/opt/airflow/dags/driven_data_pipeline.py                           1           0  1.02s           2025-07-02T19:44:37                      12
================================================================================
[2025-07-02T19:45:11.434+0000] {manager.py:997} INFO - 
================================================================================
DAG File Processing Stats

File Path                                  PID    Runtime      # DAGs    # Errors  Last Runtime    Last Run               Last # of DB Queries
-----------------------------------------  -----  ---------  --------  ----------  --------------  -------------------  ----------------------
/opt/airflow/dags/driven_data_pipeline.py                           1           0  0.89s           2025-07-02T19:45:08                      12
================================================================================
[2025-07-02T19:45:41.806+0000] {manager.py:997} INFO - 
================================================================================
DAG File Processing Stats

File Path                                  PID    Runtime      # DAGs    # Errors  Last Runtime    Last Run               Last # of DB Queries
-----------------------------------------  -----  ---------  --------  ----------  --------------  -------------------  ----------------------
/opt/airflow/dags/driven_data_pipeline.py                           1           0  1.13s           2025-07-02T19:45:39                      12
================================================================================
[2025-07-02T19:46:11.884+0000] {manager.py:997} INFO - 
================================================================================
DAG File Processing Stats

File Path                                  PID    Runtime      # DAGs    # Errors  Last Runtime    Last Run               Last # of DB Queries
-----------------------------------------  -----  ---------  --------  ----------  --------------  -------------------  ----------------------
/opt/airflow/dags/driven_data_pipeline.py                           1           0  0.76s           2025-07-02T19:46:10                      12
================================================================================
[2025-07-02T19:46:42.037+0000] {manager.py:997} INFO - 
================================================================================
DAG File Processing Stats

File Path                                  PID    Runtime      # DAGs    # Errors  Last Runtime    Last Run               Last # of DB Queries
-----------------------------------------  -----  ---------  --------  ----------  --------------  -------------------  ----------------------
/opt/airflow/dags/driven_data_pipeline.py                           1           0  0.86s           2025-07-02T19:46:42                      12
================================================================================
[2025-07-02T19:47:12.698+0000] {manager.py:997} INFO - 
================================================================================
DAG File Processing Stats

File Path                                    PID  Runtime      # DAGs    # Errors  Last Runtime    Last Run               Last # of DB Queries
-----------------------------------------  -----  ---------  --------  ----------  --------------  -------------------  ----------------------
/opt/airflow/dags/driven_data_pipeline.py    207  0.01s             1           0  0.86s           2025-07-02T19:46:42                      12
================================================================================
[2025-07-02T19:47:43.234+0000] {manager.py:997} INFO - 
================================================================================
DAG File Processing Stats

File Path                                  PID    Runtime      # DAGs    # Errors  Last Runtime    Last Run               Last # of DB Queries
-----------------------------------------  -----  ---------  --------  ----------  --------------  -------------------  ----------------------
/opt/airflow/dags/driven_data_pipeline.py                           1           0  0.57s           2025-07-02T19:47:13                      12
================================================================================
[2025-07-02T19:48:06.452+0000] {manager.py:821} INFO - Searching for files in /opt/airflow/dags
[2025-07-02T19:48:06.502+0000] {manager.py:824} INFO - There are 1 files in /opt/airflow/dags
[2025-07-02T19:48:13.649+0000] {manager.py:997} INFO - 
================================================================================
DAG File Processing Stats

File Path                                  PID    Runtime      # DAGs    # Errors  Last Runtime    Last Run               Last # of DB Queries
-----------------------------------------  -----  ---------  --------  ----------  --------------  -------------------  ----------------------
/opt/airflow/dags/driven_data_pipeline.py                           1           0  0.56s           2025-07-02T19:47:44                      12
================================================================================
[2025-07-02T19:48:44.304+0000] {manager.py:997} INFO - 
================================================================================
DAG File Processing Stats

File Path                                  PID    Runtime      # DAGs    # Errors  Last Runtime    Last Run               Last # of DB Queries
-----------------------------------------  -----  ---------  --------  ----------  --------------  -------------------  ----------------------
/opt/airflow/dags/driven_data_pipeline.py                           1           0  0.50s           2025-07-02T19:48:15                      12
================================================================================
[2025-07-02T19:49:14.855+0000] {manager.py:997} INFO - 
================================================================================
DAG File Processing Stats

File Path                                  PID    Runtime      # DAGs    # Errors  Last Runtime    Last Run               Last # of DB Queries
-----------------------------------------  -----  ---------  --------  ----------  --------------  -------------------  ----------------------
/opt/airflow/dags/driven_data_pipeline.py                           1           0  0.60s           2025-07-02T19:48:45                      12
================================================================================
[2025-07-02T19:49:45.067+0000] {manager.py:997} INFO - 
================================================================================
DAG File Processing Stats

File Path                                  PID    Runtime      # DAGs    # Errors  Last Runtime    Last Run               Last # of DB Queries
-----------------------------------------  -----  ---------  --------  ----------  --------------  -------------------  ----------------------
/opt/airflow/dags/driven_data_pipeline.py                           1           0  0.49s           2025-07-02T19:49:16                      12
================================================================================
[2025-07-02T19:49:57.163+0000] {manager.py:465} INFO - Exiting gracefully upon receiving signal 15
[2025-07-02T19:56:06.217+0000] {manager.py:483} INFO - Processing files using up to 2 processes at a time 
[2025-07-02T19:56:06.231+0000] {manager.py:484} INFO - Process each file at most once every 30 seconds
[2025-07-02T19:56:06.237+0000] {manager.py:485} INFO - Checking for new files in /opt/airflow/dags every 300 seconds
[2025-07-02T19:56:06.239+0000] {manager.py:821} INFO - Searching for files in /opt/airflow/dags
[2025-07-02T19:56:06.327+0000] {manager.py:824} INFO - There are 1 files in /opt/airflow/dags
[2025-07-02T19:56:06.997+0000] {manager.py:997} INFO - 
================================================================================
DAG File Processing Stats

File Path                                    PID  Runtime      # DAGs    # Errors  Last Runtime    Last Run      Last # of DB Queries
-----------------------------------------  -----  ---------  --------  ----------  --------------  ----------  ----------------------
/opt/airflow/dags/driven_data_pipeline.py     70  0.13s             0           0                                                   0
================================================================================
[2025-07-02T19:56:37.235+0000] {manager.py:997} INFO - 
================================================================================
DAG File Processing Stats

File Path                                  PID    Runtime      # DAGs    # Errors  Last Runtime    Last Run               Last # of DB Queries
-----------------------------------------  -----  ---------  --------  ----------  --------------  -------------------  ----------------------
/opt/airflow/dags/driven_data_pipeline.py                           1           0  10.83s          2025-07-02T19:56:17                      45
================================================================================
[2025-07-02T19:56:39.478+0000] {manager.py:465} INFO - Exiting gracefully upon receiving signal 15
[2025-07-02T19:58:28.480+0000] {manager.py:483} INFO - Processing files using up to 2 processes at a time 
[2025-07-02T19:58:28.488+0000] {manager.py:484} INFO - Process each file at most once every 30 seconds
[2025-07-02T19:58:28.490+0000] {manager.py:485} INFO - Checking for new files in /opt/airflow/dags every 300 seconds
[2025-07-02T19:58:28.491+0000] {manager.py:821} INFO - Searching for files in /opt/airflow/dags
[2025-07-02T19:58:28.532+0000] {manager.py:824} INFO - There are 1 files in /opt/airflow/dags
[2025-07-02T19:58:28.853+0000] {manager.py:997} INFO - 
================================================================================
DAG File Processing Stats

File Path                                    PID  Runtime      # DAGs    # Errors  Last Runtime    Last Run      Last # of DB Queries
-----------------------------------------  -----  ---------  --------  ----------  --------------  ----------  ----------------------
/opt/airflow/dags/driven_data_pipeline.py     58  0.12s             0           0                                                   0
================================================================================
[2025-07-02T19:58:59.351+0000] {manager.py:997} INFO - 
================================================================================
DAG File Processing Stats

File Path                                  PID    Runtime      # DAGs    # Errors  Last Runtime    Last Run               Last # of DB Queries
-----------------------------------------  -----  ---------  --------  ----------  --------------  -------------------  ----------------------
/opt/airflow/dags/driven_data_pipeline.py                           1           0  2.01s           2025-07-02T19:58:30                      12
================================================================================
[2025-07-02T19:59:29.751+0000] {manager.py:997} INFO - 
================================================================================
DAG File Processing Stats

File Path                                  PID    Runtime      # DAGs    # Errors  Last Runtime    Last Run               Last # of DB Queries
-----------------------------------------  -----  ---------  --------  ----------  --------------  -------------------  ----------------------
/opt/airflow/dags/driven_data_pipeline.py                           1           0  1.51s           2025-07-02T19:59:02                      12
================================================================================
[2025-07-02T20:00:00.023+0000] {manager.py:997} INFO - 
================================================================================
DAG File Processing Stats

File Path                                  PID    Runtime      # DAGs    # Errors  Last Runtime    Last Run               Last # of DB Queries
-----------------------------------------  -----  ---------  --------  ----------  --------------  -------------------  ----------------------
/opt/airflow/dags/driven_data_pipeline.py                           1           0  0.80s           2025-07-02T19:59:34                      12
================================================================================
[2025-07-02T20:00:30.279+0000] {manager.py:997} INFO - 
================================================================================
DAG File Processing Stats

File Path                                  PID    Runtime      # DAGs    # Errors  Last Runtime    Last Run               Last # of DB Queries
-----------------------------------------  -----  ---------  --------  ----------  --------------  -------------------  ----------------------
/opt/airflow/dags/driven_data_pipeline.py                           1           0  0.91s           2025-07-02T20:00:05                      12
================================================================================
[2025-07-02T20:01:00.887+0000] {manager.py:997} INFO - 
================================================================================
DAG File Processing Stats

File Path                                  PID    Runtime      # DAGs    # Errors  Last Runtime    Last Run               Last # of DB Queries
-----------------------------------------  -----  ---------  --------  ----------  --------------  -------------------  ----------------------
/opt/airflow/dags/driven_data_pipeline.py                           1           0  1.51s           2025-07-02T20:00:36                      12
================================================================================
[2025-07-02T20:01:31.142+0000] {manager.py:997} INFO - 
================================================================================
DAG File Processing Stats

File Path                                  PID    Runtime      # DAGs    # Errors  Last Runtime    Last Run               Last # of DB Queries
-----------------------------------------  -----  ---------  --------  ----------  --------------  -------------------  ----------------------
/opt/airflow/dags/driven_data_pipeline.py                           1           0  0.81s           2025-07-02T20:01:07                      12
================================================================================
[2025-07-02T20:02:01.176+0000] {manager.py:997} INFO - 
================================================================================
DAG File Processing Stats

File Path                                  PID    Runtime      # DAGs    # Errors  Last Runtime    Last Run               Last # of DB Queries
-----------------------------------------  -----  ---------  --------  ----------  --------------  -------------------  ----------------------
/opt/airflow/dags/driven_data_pipeline.py                           1           0  0.47s           2025-07-02T20:01:38                      12
================================================================================
[2025-07-02T20:02:31.544+0000] {manager.py:997} INFO - 
================================================================================
DAG File Processing Stats

File Path                                  PID    Runtime      # DAGs    # Errors  Last Runtime    Last Run               Last # of DB Queries
-----------------------------------------  -----  ---------  --------  ----------  --------------  -------------------  ----------------------
/opt/airflow/dags/driven_data_pipeline.py                           1           0  0.44s           2025-07-02T20:02:09                      12
================================================================================
[2025-07-02T20:03:01.658+0000] {manager.py:997} INFO - 
================================================================================
DAG File Processing Stats

File Path                                  PID    Runtime      # DAGs    # Errors  Last Runtime    Last Run               Last # of DB Queries
-----------------------------------------  -----  ---------  --------  ----------  --------------  -------------------  ----------------------
/opt/airflow/dags/driven_data_pipeline.py                           1           0  0.46s           2025-07-02T20:02:40                      12
================================================================================
[2025-07-02T20:03:28.569+0000] {manager.py:821} INFO - Searching for files in /opt/airflow/dags
[2025-07-02T20:03:28.616+0000] {manager.py:824} INFO - There are 1 files in /opt/airflow/dags
[2025-07-02T20:03:31.677+0000] {manager.py:997} INFO - 
================================================================================
DAG File Processing Stats

File Path                                  PID    Runtime      # DAGs    # Errors  Last Runtime    Last Run               Last # of DB Queries
-----------------------------------------  -----  ---------  --------  ----------  --------------  -------------------  ----------------------
/opt/airflow/dags/driven_data_pipeline.py                           1           0  0.63s           2025-07-02T20:03:11                      12
================================================================================
[2025-07-02T20:04:02.491+0000] {manager.py:997} INFO - 
================================================================================
DAG File Processing Stats

File Path                                  PID    Runtime      # DAGs    # Errors  Last Runtime    Last Run               Last # of DB Queries
-----------------------------------------  -----  ---------  --------  ----------  --------------  -------------------  ----------------------
/opt/airflow/dags/driven_data_pipeline.py                           1           0  0.60s           2025-07-02T20:03:48                      12
================================================================================
[2025-07-02T20:04:33.010+0000] {manager.py:997} INFO - 
================================================================================
DAG File Processing Stats

File Path                                  PID    Runtime      # DAGs    # Errors  Last Runtime    Last Run               Last # of DB Queries
-----------------------------------------  -----  ---------  --------  ----------  --------------  -------------------  ----------------------
/opt/airflow/dags/driven_data_pipeline.py                           1           0  0.65s           2025-07-02T20:04:19                      12
================================================================================
[2025-07-02T20:05:03.321+0000] {manager.py:997} INFO - 
================================================================================
DAG File Processing Stats

File Path                                  PID    Runtime      # DAGs    # Errors  Last Runtime    Last Run               Last # of DB Queries
-----------------------------------------  -----  ---------  --------  ----------  --------------  -------------------  ----------------------
/opt/airflow/dags/driven_data_pipeline.py                           1           0  0.85s           2025-07-02T20:04:50                      33
================================================================================
[2025-07-02T20:05:34.144+0000] {manager.py:997} INFO - 
================================================================================
DAG File Processing Stats

File Path                                  PID    Runtime      # DAGs    # Errors  Last Runtime    Last Run               Last # of DB Queries
-----------------------------------------  -----  ---------  --------  ----------  --------------  -------------------  ----------------------
/opt/airflow/dags/driven_data_pipeline.py                           1           0  1.20s           2025-07-02T20:05:22                      12
================================================================================
[2025-07-02T20:06:04.529+0000] {manager.py:997} INFO - 
================================================================================
DAG File Processing Stats

File Path                                  PID    Runtime      # DAGs    # Errors  Last Runtime    Last Run               Last # of DB Queries
-----------------------------------------  -----  ---------  --------  ----------  --------------  -------------------  ----------------------
/opt/airflow/dags/driven_data_pipeline.py                           1           0  0.44s           2025-07-02T20:05:52                      12
================================================================================
[2025-07-02T20:06:34.721+0000] {manager.py:997} INFO - 
================================================================================
DAG File Processing Stats

File Path                                  PID    Runtime      # DAGs    # Errors  Last Runtime    Last Run               Last # of DB Queries
-----------------------------------------  -----  ---------  --------  ----------  --------------  -------------------  ----------------------
/opt/airflow/dags/driven_data_pipeline.py                           1           0  0.52s           2025-07-02T20:06:23                      12
================================================================================
[2025-07-02T20:07:05.499+0000] {manager.py:997} INFO - 
================================================================================
DAG File Processing Stats

File Path                                  PID    Runtime      # DAGs    # Errors  Last Runtime    Last Run               Last # of DB Queries
-----------------------------------------  -----  ---------  --------  ----------  --------------  -------------------  ----------------------
/opt/airflow/dags/driven_data_pipeline.py                           1           0  0.53s           2025-07-02T20:06:54                      12
================================================================================
[2025-07-02T20:07:35.826+0000] {manager.py:997} INFO - 
================================================================================
DAG File Processing Stats

File Path                                  PID    Runtime      # DAGs    # Errors  Last Runtime    Last Run               Last # of DB Queries
-----------------------------------------  -----  ---------  --------  ----------  --------------  -------------------  ----------------------
/opt/airflow/dags/driven_data_pipeline.py                           1           0  0.52s           2025-07-02T20:07:25                      12
================================================================================
[2025-07-02T20:08:06.095+0000] {manager.py:997} INFO - 
================================================================================
DAG File Processing Stats

File Path                                  PID    Runtime      # DAGs    # Errors  Last Runtime    Last Run               Last # of DB Queries
-----------------------------------------  -----  ---------  --------  ----------  --------------  -------------------  ----------------------
/opt/airflow/dags/driven_data_pipeline.py                           1           0  0.48s           2025-07-02T20:07:55                      12
================================================================================
[2025-07-02T20:08:28.855+0000] {manager.py:821} INFO - Searching for files in /opt/airflow/dags
[2025-07-02T20:08:28.886+0000] {manager.py:824} INFO - There are 1 files in /opt/airflow/dags
[2025-07-02T20:08:36.992+0000] {manager.py:997} INFO - 
================================================================================
DAG File Processing Stats

File Path                                  PID    Runtime      # DAGs    # Errors  Last Runtime    Last Run               Last # of DB Queries
-----------------------------------------  -----  ---------  --------  ----------  --------------  -------------------  ----------------------
/opt/airflow/dags/driven_data_pipeline.py                           1           0  0.56s           2025-07-02T20:08:26                      12
================================================================================
[2025-07-02T20:09:07.355+0000] {manager.py:997} INFO - 
================================================================================
DAG File Processing Stats

File Path                                  PID    Runtime      # DAGs    # Errors  Last Runtime    Last Run               Last # of DB Queries
-----------------------------------------  -----  ---------  --------  ----------  --------------  -------------------  ----------------------
/opt/airflow/dags/driven_data_pipeline.py                           1           0  0.64s           2025-07-02T20:08:57                      33
================================================================================
[2025-07-02T20:09:08.342+0000] {manager.py:465} INFO - Exiting gracefully upon receiving signal 15
[2025-07-02T20:11:59.311+0000] {manager.py:483} INFO - Processing files using up to 2 processes at a time 
[2025-07-02T20:11:59.318+0000] {manager.py:484} INFO - Process each file at most once every 30 seconds
[2025-07-02T20:11:59.319+0000] {manager.py:485} INFO - Checking for new files in /opt/airflow/dags every 300 seconds
[2025-07-02T20:11:59.326+0000] {manager.py:821} INFO - Searching for files in /opt/airflow/dags
[2025-07-02T20:11:59.390+0000] {manager.py:824} INFO - There are 1 files in /opt/airflow/dags
[2025-07-02T20:12:00.424+0000] {manager.py:997} INFO - 
================================================================================
DAG File Processing Stats

File Path                                    PID  Runtime      # DAGs    # Errors  Last Runtime    Last Run      Last # of DB Queries
-----------------------------------------  -----  ---------  --------  ----------  --------------  ----------  ----------------------
/opt/airflow/dags/driven_data_pipeline.py     64  0.19s             0           0                                                   0
================================================================================
[2025-07-02T20:12:30.561+0000] {manager.py:997} INFO - 
================================================================================
DAG File Processing Stats

File Path                                  PID    Runtime      # DAGs    # Errors  Last Runtime    Last Run               Last # of DB Queries
-----------------------------------------  -----  ---------  --------  ----------  --------------  -------------------  ----------------------
/opt/airflow/dags/driven_data_pipeline.py                           1           0  4.89s           2025-07-02T20:12:05                      45
================================================================================
[2025-07-02T20:13:01.140+0000] {manager.py:997} INFO - 
================================================================================
DAG File Processing Stats

File Path                                  PID    Runtime      # DAGs    # Errors  Last Runtime    Last Run               Last # of DB Queries
-----------------------------------------  -----  ---------  --------  ----------  --------------  -------------------  ----------------------
/opt/airflow/dags/driven_data_pipeline.py                           1           0  17.72s          2025-07-02T20:12:53                      12
================================================================================
[2025-07-02T20:13:31.449+0000] {manager.py:997} INFO - 
================================================================================
DAG File Processing Stats

File Path                                  PID    Runtime      # DAGs    # Errors  Last Runtime    Last Run               Last # of DB Queries
-----------------------------------------  -----  ---------  --------  ----------  --------------  -------------------  ----------------------
/opt/airflow/dags/driven_data_pipeline.py                           1           0  0.72s           2025-07-02T20:13:24                      12
================================================================================
[2025-07-02T20:14:01.493+0000] {manager.py:997} INFO - 
================================================================================
DAG File Processing Stats

File Path                                  PID    Runtime      # DAGs    # Errors  Last Runtime    Last Run               Last # of DB Queries
-----------------------------------------  -----  ---------  --------  ----------  --------------  -------------------  ----------------------
/opt/airflow/dags/driven_data_pipeline.py                           1           0  0.70s           2025-07-02T20:13:55                      12
================================================================================
[2025-07-02T20:14:31.970+0000] {manager.py:997} INFO - 
================================================================================
DAG File Processing Stats

File Path                                  PID    Runtime      # DAGs    # Errors  Last Runtime    Last Run               Last # of DB Queries
-----------------------------------------  -----  ---------  --------  ----------  --------------  -------------------  ----------------------
/opt/airflow/dags/driven_data_pipeline.py                           1           0  2.38s           2025-07-02T20:14:28                      12
================================================================================
[2025-07-02T20:15:02.272+0000] {manager.py:997} INFO - 
================================================================================
DAG File Processing Stats

File Path                                  PID    Runtime      # DAGs    # Errors  Last Runtime    Last Run               Last # of DB Queries
-----------------------------------------  -----  ---------  --------  ----------  --------------  -------------------  ----------------------
/opt/airflow/dags/driven_data_pipeline.py                           1           0  0.74s           2025-07-02T20:14:59                      12
================================================================================
[2025-07-02T20:15:32.595+0000] {manager.py:997} INFO - 
================================================================================
DAG File Processing Stats

File Path                                  PID    Runtime      # DAGs    # Errors  Last Runtime    Last Run               Last # of DB Queries
-----------------------------------------  -----  ---------  --------  ----------  --------------  -------------------  ----------------------
/opt/airflow/dags/driven_data_pipeline.py                           1           0  0.96s           2025-07-02T20:15:30                      12
================================================================================
[2025-07-02T20:16:02.888+0000] {manager.py:997} INFO - 
================================================================================
DAG File Processing Stats

File Path                                  PID    Runtime      # DAGs    # Errors  Last Runtime    Last Run               Last # of DB Queries
-----------------------------------------  -----  ---------  --------  ----------  --------------  -------------------  ----------------------
/opt/airflow/dags/driven_data_pipeline.py                           1           0  0.96s           2025-07-02T20:16:01                      12
================================================================================
[2025-07-02T20:16:33.301+0000] {manager.py:997} INFO - 
================================================================================
DAG File Processing Stats

File Path                                    PID  Runtime      # DAGs    # Errors  Last Runtime    Last Run               Last # of DB Queries
-----------------------------------------  -----  ---------  --------  ----------  --------------  -------------------  ----------------------
/opt/airflow/dags/driven_data_pipeline.py    136  1.04s             1           0  0.96s           2025-07-02T20:16:01                      12
================================================================================
[2025-07-02T20:17:00.301+0000] {manager.py:821} INFO - Searching for files in /opt/airflow/dags
[2025-07-02T20:17:00.339+0000] {manager.py:824} INFO - There are 1 files in /opt/airflow/dags
[2025-07-02T20:17:03.405+0000] {manager.py:997} INFO - 
================================================================================
DAG File Processing Stats

File Path                                  PID    Runtime      # DAGs    # Errors  Last Runtime    Last Run               Last # of DB Queries
-----------------------------------------  -----  ---------  --------  ----------  --------------  -------------------  ----------------------
/opt/airflow/dags/driven_data_pipeline.py                           1           0  1.21s           2025-07-02T20:16:33                      12
================================================================================
[2025-07-02T20:17:33.705+0000] {manager.py:997} INFO - 
================================================================================
DAG File Processing Stats

File Path                                  PID    Runtime      # DAGs    # Errors  Last Runtime    Last Run               Last # of DB Queries
-----------------------------------------  -----  ---------  --------  ----------  --------------  -------------------  ----------------------
/opt/airflow/dags/driven_data_pipeline.py                           1           0  0.47s           2025-07-02T20:17:04                      12
================================================================================
[2025-07-02T20:18:03.865+0000] {manager.py:997} INFO - 
================================================================================
DAG File Processing Stats

File Path                                  PID    Runtime      # DAGs    # Errors  Last Runtime    Last Run               Last # of DB Queries
-----------------------------------------  -----  ---------  --------  ----------  --------------  -------------------  ----------------------
/opt/airflow/dags/driven_data_pipeline.py                           1           0  0.43s           2025-07-02T20:17:35                      12
================================================================================
[2025-07-02T20:18:34.171+0000] {manager.py:997} INFO - 
================================================================================
DAG File Processing Stats

File Path                                  PID    Runtime      # DAGs    # Errors  Last Runtime    Last Run               Last # of DB Queries
-----------------------------------------  -----  ---------  --------  ----------  --------------  -------------------  ----------------------
/opt/airflow/dags/driven_data_pipeline.py                           1           0  0.56s           2025-07-02T20:18:06                      12
================================================================================
[2025-07-02T20:19:04.439+0000] {manager.py:997} INFO - 
================================================================================
DAG File Processing Stats

File Path                                  PID    Runtime      # DAGs    # Errors  Last Runtime    Last Run               Last # of DB Queries
-----------------------------------------  -----  ---------  --------  ----------  --------------  -------------------  ----------------------
/opt/airflow/dags/driven_data_pipeline.py                           1           0  0.47s           2025-07-02T20:18:37                      12
================================================================================
[2025-07-02T20:19:34.511+0000] {manager.py:997} INFO - 
================================================================================
DAG File Processing Stats

File Path                                  PID    Runtime      # DAGs    # Errors  Last Runtime    Last Run               Last # of DB Queries
-----------------------------------------  -----  ---------  --------  ----------  --------------  -------------------  ----------------------
/opt/airflow/dags/driven_data_pipeline.py                           1           0  0.81s           2025-07-02T20:19:08                      12
================================================================================
[2025-07-02T20:20:05.028+0000] {manager.py:997} INFO - 
================================================================================
DAG File Processing Stats

File Path                                  PID    Runtime      # DAGs    # Errors  Last Runtime    Last Run               Last # of DB Queries
-----------------------------------------  -----  ---------  --------  ----------  --------------  -------------------  ----------------------
/opt/airflow/dags/driven_data_pipeline.py                           1           0  0.61s           2025-07-02T20:19:39                      12
================================================================================
[2025-07-02T20:20:35.155+0000] {manager.py:997} INFO - 
================================================================================
DAG File Processing Stats

File Path                                  PID    Runtime      # DAGs    # Errors  Last Runtime    Last Run               Last # of DB Queries
-----------------------------------------  -----  ---------  --------  ----------  --------------  -------------------  ----------------------
/opt/airflow/dags/driven_data_pipeline.py                           1           0  0.45s           2025-07-02T20:20:09                      12
================================================================================
[2025-07-02T20:21:05.455+0000] {manager.py:997} INFO - 
================================================================================
DAG File Processing Stats

File Path                                  PID    Runtime      # DAGs    # Errors  Last Runtime    Last Run               Last # of DB Queries
-----------------------------------------  -----  ---------  --------  ----------  --------------  -------------------  ----------------------
/opt/airflow/dags/driven_data_pipeline.py                           1           0  0.42s           2025-07-02T20:20:40                      12
================================================================================
[2025-07-02T20:21:35.546+0000] {manager.py:997} INFO - 
================================================================================
DAG File Processing Stats

File Path                                  PID    Runtime      # DAGs    # Errors  Last Runtime    Last Run               Last # of DB Queries
-----------------------------------------  -----  ---------  --------  ----------  --------------  -------------------  ----------------------
/opt/airflow/dags/driven_data_pipeline.py                           1           0  0.42s           2025-07-02T20:21:11                      12
================================================================================
[2025-07-02T20:22:00.432+0000] {manager.py:821} INFO - Searching for files in /opt/airflow/dags
[2025-07-02T20:22:00.459+0000] {manager.py:824} INFO - There are 1 files in /opt/airflow/dags
[2025-07-02T20:22:06.534+0000] {manager.py:997} INFO - 
================================================================================
DAG File Processing Stats

File Path                                  PID    Runtime      # DAGs    # Errors  Last Runtime    Last Run               Last # of DB Queries
-----------------------------------------  -----  ---------  --------  ----------  --------------  -------------------  ----------------------
/opt/airflow/dags/driven_data_pipeline.py                           1           0  0.64s           2025-07-02T20:21:42                      12
================================================================================
[2025-07-02T20:22:36.813+0000] {manager.py:997} INFO - 
================================================================================
DAG File Processing Stats

File Path                                  PID    Runtime      # DAGs    # Errors  Last Runtime    Last Run               Last # of DB Queries
-----------------------------------------  -----  ---------  --------  ----------  --------------  -------------------  ----------------------
/opt/airflow/dags/driven_data_pipeline.py                           1           0  0.43s           2025-07-02T20:22:13                      12
================================================================================
[2025-07-02T20:23:06.969+0000] {manager.py:997} INFO - 
================================================================================
DAG File Processing Stats

File Path                                  PID    Runtime      # DAGs    # Errors  Last Runtime    Last Run               Last # of DB Queries
-----------------------------------------  -----  ---------  --------  ----------  --------------  -------------------  ----------------------
/opt/airflow/dags/driven_data_pipeline.py                           1           0  0.44s           2025-07-02T20:22:43                      12
================================================================================
[2025-07-02T20:23:37.824+0000] {manager.py:997} INFO - 
================================================================================
DAG File Processing Stats

File Path                                  PID    Runtime      # DAGs    # Errors  Last Runtime    Last Run               Last # of DB Queries
-----------------------------------------  -----  ---------  --------  ----------  --------------  -------------------  ----------------------
/opt/airflow/dags/driven_data_pipeline.py                           1           0  0.65s           2025-07-02T20:23:14                      12
================================================================================
[2025-07-02T20:24:08.294+0000] {manager.py:997} INFO - 
================================================================================
DAG File Processing Stats

File Path                                  PID    Runtime      # DAGs    # Errors  Last Runtime    Last Run               Last # of DB Queries
-----------------------------------------  -----  ---------  --------  ----------  --------------  -------------------  ----------------------
/opt/airflow/dags/driven_data_pipeline.py                           1           0  0.43s           2025-07-02T20:23:45                      12
================================================================================
[2025-07-02T20:24:38.850+0000] {manager.py:997} INFO - 
================================================================================
DAG File Processing Stats

File Path                                  PID    Runtime      # DAGs    # Errors  Last Runtime    Last Run               Last # of DB Queries
-----------------------------------------  -----  ---------  --------  ----------  --------------  -------------------  ----------------------
/opt/airflow/dags/driven_data_pipeline.py                           1           0  0.48s           2025-07-02T20:24:15                      12
================================================================================
[2025-07-02T20:25:09.440+0000] {manager.py:997} INFO - 
================================================================================
DAG File Processing Stats

File Path                                  PID    Runtime      # DAGs    # Errors  Last Runtime    Last Run               Last # of DB Queries
-----------------------------------------  -----  ---------  --------  ----------  --------------  -------------------  ----------------------
/opt/airflow/dags/driven_data_pipeline.py                           1           0  0.55s           2025-07-02T20:24:46                      12
================================================================================
[2025-07-02T20:25:39.945+0000] {manager.py:997} INFO - 
================================================================================
DAG File Processing Stats

File Path                                  PID    Runtime      # DAGs    # Errors  Last Runtime    Last Run               Last # of DB Queries
-----------------------------------------  -----  ---------  --------  ----------  --------------  -------------------  ----------------------
/opt/airflow/dags/driven_data_pipeline.py                           1           0  0.44s           2025-07-02T20:25:16                      12
================================================================================
[2025-07-02T20:26:10.449+0000] {manager.py:997} INFO - 
================================================================================
DAG File Processing Stats

File Path                                  PID    Runtime      # DAGs    # Errors  Last Runtime    Last Run               Last # of DB Queries
-----------------------------------------  -----  ---------  --------  ----------  --------------  -------------------  ----------------------
/opt/airflow/dags/driven_data_pipeline.py                           1           0  0.41s           2025-07-02T20:25:47                      12
================================================================================
[2025-07-02T20:26:40.901+0000] {manager.py:997} INFO - 
================================================================================
DAG File Processing Stats

File Path                                  PID    Runtime      # DAGs    # Errors  Last Runtime    Last Run               Last # of DB Queries
-----------------------------------------  -----  ---------  --------  ----------  --------------  -------------------  ----------------------
/opt/airflow/dags/driven_data_pipeline.py                           1           0  0.45s           2025-07-02T20:26:17                      12
================================================================================
[2025-07-02T20:27:00.879+0000] {manager.py:821} INFO - Searching for files in /opt/airflow/dags
[2025-07-02T20:27:00.907+0000] {manager.py:824} INFO - There are 1 files in /opt/airflow/dags
[2025-07-02T20:27:11.083+0000] {manager.py:997} INFO - 
================================================================================
DAG File Processing Stats

File Path                                  PID    Runtime      # DAGs    # Errors  Last Runtime    Last Run               Last # of DB Queries
-----------------------------------------  -----  ---------  --------  ----------  --------------  -------------------  ----------------------
/opt/airflow/dags/driven_data_pipeline.py                           1           0  0.50s           2025-07-02T20:26:48                      12
================================================================================
[2025-07-02T20:27:41.833+0000] {manager.py:997} INFO - 
================================================================================
DAG File Processing Stats

File Path                                  PID    Runtime      # DAGs    # Errors  Last Runtime    Last Run               Last # of DB Queries
-----------------------------------------  -----  ---------  --------  ----------  --------------  -------------------  ----------------------
/opt/airflow/dags/driven_data_pipeline.py                           1           0  0.54s           2025-07-02T20:27:19                      12
================================================================================
[2025-07-02T20:28:12.180+0000] {manager.py:997} INFO - 
================================================================================
DAG File Processing Stats

File Path                                  PID    Runtime      # DAGs    # Errors  Last Runtime    Last Run               Last # of DB Queries
-----------------------------------------  -----  ---------  --------  ----------  --------------  -------------------  ----------------------
/opt/airflow/dags/driven_data_pipeline.py                           1           0  0.39s           2025-07-02T20:27:50                      12
================================================================================
[2025-07-02T20:28:42.223+0000] {manager.py:997} INFO - 
================================================================================
DAG File Processing Stats

File Path                                  PID    Runtime      # DAGs    # Errors  Last Runtime    Last Run               Last # of DB Queries
-----------------------------------------  -----  ---------  --------  ----------  --------------  -------------------  ----------------------
/opt/airflow/dags/driven_data_pipeline.py                           1           0  0.47s           2025-07-02T20:28:21                      12
================================================================================
[2025-07-02T20:29:12.521+0000] {manager.py:997} INFO - 
================================================================================
DAG File Processing Stats

File Path                                  PID    Runtime      # DAGs    # Errors  Last Runtime    Last Run               Last # of DB Queries
-----------------------------------------  -----  ---------  --------  ----------  --------------  -------------------  ----------------------
/opt/airflow/dags/driven_data_pipeline.py                           1           0  0.51s           2025-07-02T20:28:51                      12
================================================================================
[2025-07-02T20:29:42.788+0000] {manager.py:997} INFO - 
================================================================================
DAG File Processing Stats

File Path                                  PID    Runtime      # DAGs    # Errors  Last Runtime    Last Run               Last # of DB Queries
-----------------------------------------  -----  ---------  --------  ----------  --------------  -------------------  ----------------------
/opt/airflow/dags/driven_data_pipeline.py                           1           0  0.50s           2025-07-02T20:29:22                      12
================================================================================
[2025-07-02T20:30:13.121+0000] {manager.py:997} INFO - 
================================================================================
DAG File Processing Stats

File Path                                  PID    Runtime      # DAGs    # Errors  Last Runtime    Last Run               Last # of DB Queries
-----------------------------------------  -----  ---------  --------  ----------  --------------  -------------------  ----------------------
/opt/airflow/dags/driven_data_pipeline.py                           1           0  0.65s           2025-07-02T20:29:53                      12
================================================================================
[2025-07-02T20:30:43.452+0000] {manager.py:997} INFO - 
================================================================================
DAG File Processing Stats

File Path                                  PID    Runtime      # DAGs    # Errors  Last Runtime    Last Run               Last # of DB Queries
-----------------------------------------  -----  ---------  --------  ----------  --------------  -------------------  ----------------------
/opt/airflow/dags/driven_data_pipeline.py                           1           0  0.44s           2025-07-02T20:30:24                      12
================================================================================
[2025-07-02T20:31:13.818+0000] {manager.py:997} INFO - 
================================================================================
DAG File Processing Stats

File Path                                  PID    Runtime      # DAGs    # Errors  Last Runtime    Last Run               Last # of DB Queries
-----------------------------------------  -----  ---------  --------  ----------  --------------  -------------------  ----------------------
/opt/airflow/dags/driven_data_pipeline.py                           1           0  0.49s           2025-07-02T20:30:55                      12
================================================================================
[2025-07-02T20:31:44.109+0000] {manager.py:997} INFO - 
================================================================================
DAG File Processing Stats

File Path                                  PID    Runtime      # DAGs    # Errors  Last Runtime    Last Run               Last # of DB Queries
-----------------------------------------  -----  ---------  --------  ----------  --------------  -------------------  ----------------------
/opt/airflow/dags/driven_data_pipeline.py                           1           0  0.55s           2025-07-02T20:31:25                      12
================================================================================
[2025-07-02T20:32:01.360+0000] {manager.py:821} INFO - Searching for files in /opt/airflow/dags
[2025-07-02T20:32:01.392+0000] {manager.py:824} INFO - There are 1 files in /opt/airflow/dags
[2025-07-02T20:32:14.535+0000] {manager.py:997} INFO - 
================================================================================
DAG File Processing Stats

File Path                                  PID    Runtime      # DAGs    # Errors  Last Runtime    Last Run               Last # of DB Queries
-----------------------------------------  -----  ---------  --------  ----------  --------------  -------------------  ----------------------
/opt/airflow/dags/driven_data_pipeline.py                           1           0  0.51s           2025-07-02T20:31:56                      12
================================================================================
[2025-07-02T20:32:44.786+0000] {manager.py:997} INFO - 
================================================================================
DAG File Processing Stats

File Path                                  PID    Runtime      # DAGs    # Errors  Last Runtime    Last Run               Last # of DB Queries
-----------------------------------------  -----  ---------  --------  ----------  --------------  -------------------  ----------------------
/opt/airflow/dags/driven_data_pipeline.py                           1           0  0.49s           2025-07-02T20:32:27                      12
================================================================================
[2025-07-02T20:33:15.096+0000] {manager.py:997} INFO - 
================================================================================
DAG File Processing Stats

File Path                                  PID    Runtime      # DAGs    # Errors  Last Runtime    Last Run               Last # of DB Queries
-----------------------------------------  -----  ---------  --------  ----------  --------------  -------------------  ----------------------
/opt/airflow/dags/driven_data_pipeline.py                           1           0  0.46s           2025-07-02T20:32:58                      12
================================================================================
[2025-07-02T20:33:45.393+0000] {manager.py:997} INFO - 
================================================================================
DAG File Processing Stats

File Path                                  PID    Runtime      # DAGs    # Errors  Last Runtime    Last Run               Last # of DB Queries
-----------------------------------------  -----  ---------  --------  ----------  --------------  -------------------  ----------------------
/opt/airflow/dags/driven_data_pipeline.py                           1           0  0.55s           2025-07-02T20:33:29                      12
================================================================================
[2025-07-02T20:34:16.159+0000] {manager.py:997} INFO - 
================================================================================
DAG File Processing Stats

File Path                                  PID    Runtime      # DAGs    # Errors  Last Runtime    Last Run               Last # of DB Queries
-----------------------------------------  -----  ---------  --------  ----------  --------------  -------------------  ----------------------
/opt/airflow/dags/driven_data_pipeline.py                           1           0  0.42s           2025-07-02T20:33:59                      12
================================================================================
[2025-07-02T20:34:46.521+0000] {manager.py:997} INFO - 
================================================================================
DAG File Processing Stats

File Path                                  PID    Runtime      # DAGs    # Errors  Last Runtime    Last Run               Last # of DB Queries
-----------------------------------------  -----  ---------  --------  ----------  --------------  -------------------  ----------------------
/opt/airflow/dags/driven_data_pipeline.py                           1           0  0.52s           2025-07-02T20:34:30                      12
================================================================================
[2025-07-02T20:35:16.797+0000] {manager.py:997} INFO - 
================================================================================
DAG File Processing Stats

File Path                                  PID    Runtime      # DAGs    # Errors  Last Runtime    Last Run               Last # of DB Queries
-----------------------------------------  -----  ---------  --------  ----------  --------------  -------------------  ----------------------
/opt/airflow/dags/driven_data_pipeline.py                           1           0  0.48s           2025-07-02T20:35:01                      12
================================================================================
[2025-07-02T20:35:47.104+0000] {manager.py:997} INFO - 
================================================================================
DAG File Processing Stats

File Path                                  PID    Runtime      # DAGs    # Errors  Last Runtime    Last Run               Last # of DB Queries
-----------------------------------------  -----  ---------  --------  ----------  --------------  -------------------  ----------------------
/opt/airflow/dags/driven_data_pipeline.py                           1           0  0.42s           2025-07-02T20:35:32                      12
================================================================================
[2025-07-02T20:36:17.330+0000] {manager.py:997} INFO - 
================================================================================
DAG File Processing Stats

File Path                                  PID    Runtime      # DAGs    # Errors  Last Runtime    Last Run               Last # of DB Queries
-----------------------------------------  -----  ---------  --------  ----------  --------------  -------------------  ----------------------
/opt/airflow/dags/driven_data_pipeline.py                           1           0  0.52s           2025-07-02T20:36:03                      12
================================================================================
[2025-07-02T20:36:48.070+0000] {manager.py:997} INFO - 
================================================================================
DAG File Processing Stats

File Path                                  PID    Runtime      # DAGs    # Errors  Last Runtime    Last Run               Last # of DB Queries
-----------------------------------------  -----  ---------  --------  ----------  --------------  -------------------  ----------------------
/opt/airflow/dags/driven_data_pipeline.py                           1           0  0.51s           2025-07-02T20:36:33                      12
================================================================================
[2025-07-02T20:37:02.203+0000] {manager.py:821} INFO - Searching for files in /opt/airflow/dags
[2025-07-02T20:37:02.255+0000] {manager.py:824} INFO - There are 1 files in /opt/airflow/dags
[2025-07-02T20:37:18.484+0000] {manager.py:997} INFO - 
================================================================================
DAG File Processing Stats

File Path                                  PID    Runtime      # DAGs    # Errors  Last Runtime    Last Run               Last # of DB Queries
-----------------------------------------  -----  ---------  --------  ----------  --------------  -------------------  ----------------------
/opt/airflow/dags/driven_data_pipeline.py                           1           0  0.54s           2025-07-02T20:37:04                      12
================================================================================
[2025-07-02T20:37:48.787+0000] {manager.py:997} INFO - 
================================================================================
DAG File Processing Stats

File Path                                  PID    Runtime      # DAGs    # Errors  Last Runtime    Last Run               Last # of DB Queries
-----------------------------------------  -----  ---------  --------  ----------  --------------  -------------------  ----------------------
/opt/airflow/dags/driven_data_pipeline.py                           1           0  0.48s           2025-07-02T20:37:35                      12
================================================================================
[2025-07-02T20:38:19.630+0000] {manager.py:997} INFO - 
================================================================================
DAG File Processing Stats

File Path                                  PID    Runtime      # DAGs    # Errors  Last Runtime    Last Run               Last # of DB Queries
-----------------------------------------  -----  ---------  --------  ----------  --------------  -------------------  ----------------------
/opt/airflow/dags/driven_data_pipeline.py                           1           0  0.56s           2025-07-02T20:38:06                      12
================================================================================
[2025-07-02T20:38:49.986+0000] {manager.py:997} INFO - 
================================================================================
DAG File Processing Stats

File Path                                  PID    Runtime      # DAGs    # Errors  Last Runtime    Last Run               Last # of DB Queries
-----------------------------------------  -----  ---------  --------  ----------  --------------  -------------------  ----------------------
/opt/airflow/dags/driven_data_pipeline.py                           1           0  0.51s           2025-07-02T20:38:37                      12
================================================================================
[2025-07-02T20:39:20.298+0000] {manager.py:997} INFO - 
================================================================================
DAG File Processing Stats

File Path                                  PID    Runtime      # DAGs    # Errors  Last Runtime    Last Run               Last # of DB Queries
-----------------------------------------  -----  ---------  --------  ----------  --------------  -------------------  ----------------------
/opt/airflow/dags/driven_data_pipeline.py                           1           0  0.64s           2025-07-02T20:39:08                      12
================================================================================
[2025-07-02T20:39:50.613+0000] {manager.py:997} INFO - 
================================================================================
DAG File Processing Stats

File Path                                  PID    Runtime      # DAGs    # Errors  Last Runtime    Last Run               Last # of DB Queries
-----------------------------------------  -----  ---------  --------  ----------  --------------  -------------------  ----------------------
/opt/airflow/dags/driven_data_pipeline.py                           1           0  0.55s           2025-07-02T20:39:39                      12
================================================================================
[2025-07-02T20:40:20.941+0000] {manager.py:997} INFO - 
================================================================================
DAG File Processing Stats

File Path                                  PID    Runtime      # DAGs    # Errors  Last Runtime    Last Run               Last # of DB Queries
-----------------------------------------  -----  ---------  --------  ----------  --------------  -------------------  ----------------------
/opt/airflow/dags/driven_data_pipeline.py                           1           0  0.74s           2025-07-02T20:40:10                      12
================================================================================
[2025-07-02T20:40:51.369+0000] {manager.py:997} INFO - 
================================================================================
DAG File Processing Stats

File Path                                  PID    Runtime      # DAGs    # Errors  Last Runtime    Last Run               Last # of DB Queries
-----------------------------------------  -----  ---------  --------  ----------  --------------  -------------------  ----------------------
/opt/airflow/dags/driven_data_pipeline.py                           1           0  0.57s           2025-07-02T20:40:50                      11
================================================================================
[2025-07-02T20:41:21.563+0000] {manager.py:997} INFO - 
================================================================================
DAG File Processing Stats

File Path                                  PID    Runtime      # DAGs    # Errors  Last Runtime    Last Run               Last # of DB Queries
-----------------------------------------  -----  ---------  --------  ----------  --------------  -------------------  ----------------------
/opt/airflow/dags/driven_data_pipeline.py                           1           0  0.47s           2025-07-02T20:41:06                      11
================================================================================
[2025-07-02T20:41:52.131+0000] {manager.py:997} INFO - 
================================================================================
DAG File Processing Stats

File Path                                  PID    Runtime      # DAGs    # Errors  Last Runtime    Last Run               Last # of DB Queries
-----------------------------------------  -----  ---------  --------  ----------  --------------  -------------------  ----------------------
/opt/airflow/dags/driven_data_pipeline.py                           1           0  0.42s           2025-07-02T20:41:26                      11
================================================================================
[2025-07-02T20:42:02.357+0000] {manager.py:821} INFO - Searching for files in /opt/airflow/dags
[2025-07-02T20:42:02.392+0000] {manager.py:824} INFO - There are 1 files in /opt/airflow/dags
[2025-07-02T20:42:22.153+0000] {manager.py:997} INFO - 
================================================================================
DAG File Processing Stats

File Path                                  PID    Runtime      # DAGs    # Errors  Last Runtime    Last Run               Last # of DB Queries
-----------------------------------------  -----  ---------  --------  ----------  --------------  -------------------  ----------------------
/opt/airflow/dags/driven_data_pipeline.py                           1           0  0.54s           2025-07-02T20:41:56                      12
================================================================================
[2025-07-02T20:42:52.982+0000] {manager.py:997} INFO - 
================================================================================
DAG File Processing Stats

File Path                                  PID    Runtime      # DAGs    # Errors  Last Runtime    Last Run               Last # of DB Queries
-----------------------------------------  -----  ---------  --------  ----------  --------------  -------------------  ----------------------
/opt/airflow/dags/driven_data_pipeline.py                           1           0  0.59s           2025-07-02T20:42:27                      12
================================================================================
[2025-07-02T20:43:23.328+0000] {manager.py:997} INFO - 
================================================================================
DAG File Processing Stats

File Path                                  PID    Runtime      # DAGs    # Errors  Last Runtime    Last Run               Last # of DB Queries
-----------------------------------------  -----  ---------  --------  ----------  --------------  -------------------  ----------------------
/opt/airflow/dags/driven_data_pipeline.py                           1           0  0.54s           2025-07-02T20:42:58                      12
================================================================================
[2025-07-02T20:43:53.654+0000] {manager.py:997} INFO - 
================================================================================
DAG File Processing Stats

File Path                                  PID    Runtime      # DAGs    # Errors  Last Runtime    Last Run               Last # of DB Queries
-----------------------------------------  -----  ---------  --------  ----------  --------------  -------------------  ----------------------
/opt/airflow/dags/driven_data_pipeline.py                           1           0  0.49s           2025-07-02T20:43:29                      12
================================================================================
[2025-07-02T20:44:23.728+0000] {manager.py:997} INFO - 
================================================================================
DAG File Processing Stats

File Path                                  PID    Runtime      # DAGs    # Errors  Last Runtime    Last Run               Last # of DB Queries
-----------------------------------------  -----  ---------  --------  ----------  --------------  -------------------  ----------------------
/opt/airflow/dags/driven_data_pipeline.py                           1           0  0.49s           2025-07-02T20:44:20                      12
================================================================================
[2025-07-02T20:44:54.381+0000] {manager.py:997} INFO - 
================================================================================
DAG File Processing Stats

File Path                                  PID    Runtime      # DAGs    # Errors  Last Runtime    Last Run               Last # of DB Queries
-----------------------------------------  -----  ---------  --------  ----------  --------------  -------------------  ----------------------
/opt/airflow/dags/driven_data_pipeline.py                           1           0  0.58s           2025-07-02T20:44:27                      12
================================================================================
[2025-07-02T20:45:24.757+0000] {manager.py:997} INFO - 
================================================================================
DAG File Processing Stats

File Path                                  PID    Runtime      # DAGs    # Errors  Last Runtime    Last Run               Last # of DB Queries
-----------------------------------------  -----  ---------  --------  ----------  --------------  -------------------  ----------------------
/opt/airflow/dags/driven_data_pipeline.py                           1           0  0.67s           2025-07-02T20:45:04                      12
================================================================================
[2025-07-02T20:45:55.214+0000] {manager.py:997} INFO - 
================================================================================
DAG File Processing Stats

File Path                                  PID    Runtime      # DAGs    # Errors  Last Runtime    Last Run               Last # of DB Queries
-----------------------------------------  -----  ---------  --------  ----------  --------------  -------------------  ----------------------
/opt/airflow/dags/driven_data_pipeline.py                           1           0  1.02s           2025-07-02T20:45:35                      12
================================================================================
[2025-07-02T20:46:25.730+0000] {manager.py:997} INFO - 
================================================================================
DAG File Processing Stats

File Path                                  PID    Runtime      # DAGs    # Errors  Last Runtime    Last Run               Last # of DB Queries
-----------------------------------------  -----  ---------  --------  ----------  --------------  -------------------  ----------------------
/opt/airflow/dags/driven_data_pipeline.py                           1           0  1.25s           2025-07-02T20:46:07                      12
================================================================================
[2025-07-02T20:46:56.229+0000] {manager.py:997} INFO - 
================================================================================
DAG File Processing Stats

File Path                                  PID    Runtime      # DAGs    # Errors  Last Runtime    Last Run               Last # of DB Queries
-----------------------------------------  -----  ---------  --------  ----------  --------------  -------------------  ----------------------
/opt/airflow/dags/driven_data_pipeline.py                           1           0  0.48s           2025-07-02T20:46:38                      12
================================================================================
[2025-07-02T20:47:02.572+0000] {manager.py:821} INFO - Searching for files in /opt/airflow/dags
[2025-07-02T20:47:02.606+0000] {manager.py:824} INFO - There are 1 files in /opt/airflow/dags
[2025-07-02T20:47:26.324+0000] {manager.py:997} INFO - 
================================================================================
DAG File Processing Stats

File Path                                  PID    Runtime      # DAGs    # Errors  Last Runtime    Last Run               Last # of DB Queries
-----------------------------------------  -----  ---------  --------  ----------  --------------  -------------------  ----------------------
/opt/airflow/dags/driven_data_pipeline.py                           1           0  0.45s           2025-07-02T20:47:09                      12
================================================================================
[2025-07-02T20:47:56.609+0000] {manager.py:997} INFO - 
================================================================================
DAG File Processing Stats

File Path                                  PID    Runtime      # DAGs    # Errors  Last Runtime    Last Run               Last # of DB Queries
-----------------------------------------  -----  ---------  --------  ----------  --------------  -------------------  ----------------------
/opt/airflow/dags/driven_data_pipeline.py                           1           0  0.54s           2025-07-02T20:47:39                      12
================================================================================
[2025-07-02T20:48:26.943+0000] {manager.py:997} INFO - 
================================================================================
DAG File Processing Stats

File Path                                  PID    Runtime      # DAGs    # Errors  Last Runtime    Last Run               Last # of DB Queries
-----------------------------------------  -----  ---------  --------  ----------  --------------  -------------------  ----------------------
/opt/airflow/dags/driven_data_pipeline.py                           1           0  0.62s           2025-07-02T20:48:11                      12
================================================================================
[2025-07-02T20:48:57.494+0000] {manager.py:997} INFO - 
================================================================================
DAG File Processing Stats

File Path                                  PID    Runtime      # DAGs    # Errors  Last Runtime    Last Run               Last # of DB Queries
-----------------------------------------  -----  ---------  --------  ----------  --------------  -------------------  ----------------------
/opt/airflow/dags/driven_data_pipeline.py                           1           0  0.49s           2025-07-02T20:48:41                      12
================================================================================
[2025-07-02T20:49:27.743+0000] {manager.py:997} INFO - 
================================================================================
DAG File Processing Stats

File Path                                  PID    Runtime      # DAGs    # Errors  Last Runtime    Last Run               Last # of DB Queries
-----------------------------------------  -----  ---------  --------  ----------  --------------  -------------------  ----------------------
/opt/airflow/dags/driven_data_pipeline.py                           1           0  0.51s           2025-07-02T20:49:07                      11
================================================================================
[2025-07-02T20:49:58.189+0000] {manager.py:997} INFO - 
================================================================================
DAG File Processing Stats

File Path                                  PID    Runtime      # DAGs    # Errors  Last Runtime    Last Run               Last # of DB Queries
-----------------------------------------  -----  ---------  --------  ----------  --------------  -------------------  ----------------------
/opt/airflow/dags/driven_data_pipeline.py                           1           0  0.65s           2025-07-02T20:49:38                      12
================================================================================
[2025-07-02T20:50:28.446+0000] {manager.py:997} INFO - 
================================================================================
DAG File Processing Stats

File Path                                  PID    Runtime      # DAGs    # Errors  Last Runtime    Last Run               Last # of DB Queries
-----------------------------------------  -----  ---------  --------  ----------  --------------  -------------------  ----------------------
/opt/airflow/dags/driven_data_pipeline.py                           1           0  0.76s           2025-07-02T20:50:09                      12
================================================================================
[2025-07-02T20:50:59.090+0000] {manager.py:997} INFO - 
================================================================================
DAG File Processing Stats

File Path                                  PID    Runtime      # DAGs    # Errors  Last Runtime    Last Run               Last # of DB Queries
-----------------------------------------  -----  ---------  --------  ----------  --------------  -------------------  ----------------------
/opt/airflow/dags/driven_data_pipeline.py                           1           0  0.47s           2025-07-02T20:50:40                      12
================================================================================
[2025-07-02T20:51:29.385+0000] {manager.py:997} INFO - 
================================================================================
DAG File Processing Stats

File Path                                  PID    Runtime      # DAGs    # Errors  Last Runtime    Last Run               Last # of DB Queries
-----------------------------------------  -----  ---------  --------  ----------  --------------  -------------------  ----------------------
/opt/airflow/dags/driven_data_pipeline.py                           1           0  0.80s           2025-07-02T20:51:11                      12
================================================================================
[2025-07-02T20:51:59.942+0000] {manager.py:997} INFO - 
================================================================================
DAG File Processing Stats

File Path                                  PID    Runtime      # DAGs    # Errors  Last Runtime    Last Run               Last # of DB Queries
-----------------------------------------  -----  ---------  --------  ----------  --------------  -------------------  ----------------------
/opt/airflow/dags/driven_data_pipeline.py                           1           0  0.45s           2025-07-02T20:51:41                      12
================================================================================
[2025-07-02T20:52:02.966+0000] {manager.py:821} INFO - Searching for files in /opt/airflow/dags
[2025-07-02T20:52:03.002+0000] {manager.py:824} INFO - There are 1 files in /opt/airflow/dags
[2025-07-02T20:52:30.387+0000] {manager.py:997} INFO - 
================================================================================
DAG File Processing Stats

File Path                                  PID    Runtime      # DAGs    # Errors  Last Runtime    Last Run               Last # of DB Queries
-----------------------------------------  -----  ---------  --------  ----------  --------------  -------------------  ----------------------
/opt/airflow/dags/driven_data_pipeline.py                           1           0  0.42s           2025-07-02T20:52:12                      12
================================================================================
[2025-07-02T20:53:00.496+0000] {manager.py:997} INFO - 
================================================================================
DAG File Processing Stats

File Path                                  PID    Runtime      # DAGs    # Errors  Last Runtime    Last Run               Last # of DB Queries
-----------------------------------------  -----  ---------  --------  ----------  --------------  -------------------  ----------------------
/opt/airflow/dags/driven_data_pipeline.py                           1           0  0.53s           2025-07-02T20:52:43                      12
================================================================================
[2025-07-02T20:53:30.778+0000] {manager.py:997} INFO - 
================================================================================
DAG File Processing Stats

File Path                                  PID    Runtime      # DAGs    # Errors  Last Runtime    Last Run               Last # of DB Queries
-----------------------------------------  -----  ---------  --------  ----------  --------------  -------------------  ----------------------
/opt/airflow/dags/driven_data_pipeline.py                           1           0  0.43s           2025-07-02T20:53:14                      12
================================================================================
[2025-07-02T20:54:01.033+0000] {manager.py:997} INFO - 
================================================================================
DAG File Processing Stats

File Path                                  PID    Runtime      # DAGs    # Errors  Last Runtime    Last Run               Last # of DB Queries
-----------------------------------------  -----  ---------  --------  ----------  --------------  -------------------  ----------------------
/opt/airflow/dags/driven_data_pipeline.py                           1           0  0.48s           2025-07-02T20:53:44                      12
================================================================================
[2025-07-02T20:54:31.834+0000] {manager.py:997} INFO - 
================================================================================
DAG File Processing Stats

File Path                                  PID    Runtime      # DAGs    # Errors  Last Runtime    Last Run               Last # of DB Queries
-----------------------------------------  -----  ---------  --------  ----------  --------------  -------------------  ----------------------
/opt/airflow/dags/driven_data_pipeline.py                           1           0  0.54s           2025-07-02T20:54:15                      12
================================================================================
[2025-07-02T20:55:02.137+0000] {manager.py:997} INFO - 
================================================================================
DAG File Processing Stats

File Path                                  PID    Runtime      # DAGs    # Errors  Last Runtime    Last Run               Last # of DB Queries
-----------------------------------------  -----  ---------  --------  ----------  --------------  -------------------  ----------------------
/opt/airflow/dags/driven_data_pipeline.py                           1           0  0.46s           2025-07-02T20:54:46                      12
================================================================================
[2025-07-02T20:55:32.321+0000] {manager.py:997} INFO - 
================================================================================
DAG File Processing Stats

File Path                                  PID    Runtime      # DAGs    # Errors  Last Runtime    Last Run               Last # of DB Queries
-----------------------------------------  -----  ---------  --------  ----------  --------------  -------------------  ----------------------
/opt/airflow/dags/driven_data_pipeline.py                           1           0  0.44s           2025-07-02T20:55:17                      12
================================================================================
[2025-07-02T20:56:02.597+0000] {manager.py:997} INFO - 
================================================================================
DAG File Processing Stats

File Path                                  PID    Runtime      # DAGs    # Errors  Last Runtime    Last Run               Last # of DB Queries
-----------------------------------------  -----  ---------  --------  ----------  --------------  -------------------  ----------------------
/opt/airflow/dags/driven_data_pipeline.py                           1           0  0.44s           2025-07-02T20:55:47                      12
================================================================================
[2025-07-02T20:56:32.778+0000] {manager.py:997} INFO - 
================================================================================
DAG File Processing Stats

File Path                                  PID    Runtime      # DAGs    # Errors  Last Runtime    Last Run               Last # of DB Queries
-----------------------------------------  -----  ---------  --------  ----------  --------------  -------------------  ----------------------
/opt/airflow/dags/driven_data_pipeline.py                           1           0  0.46s           2025-07-02T20:56:18                      12
================================================================================
[2025-07-02T20:57:03.065+0000] {manager.py:821} INFO - Searching for files in /opt/airflow/dags
[2025-07-02T20:57:03.090+0000] {manager.py:824} INFO - There are 1 files in /opt/airflow/dags
[2025-07-02T20:57:03.110+0000] {manager.py:997} INFO - 
================================================================================
DAG File Processing Stats

File Path                                  PID    Runtime      # DAGs    # Errors  Last Runtime    Last Run               Last # of DB Queries
-----------------------------------------  -----  ---------  --------  ----------  --------------  -------------------  ----------------------
/opt/airflow/dags/driven_data_pipeline.py                           1           0  0.49s           2025-07-02T20:56:49                      12
================================================================================
[2025-07-02T20:57:33.245+0000] {manager.py:997} INFO - 
================================================================================
DAG File Processing Stats

File Path                                  PID    Runtime      # DAGs    # Errors  Last Runtime    Last Run               Last # of DB Queries
-----------------------------------------  -----  ---------  --------  ----------  --------------  -------------------  ----------------------
/opt/airflow/dags/driven_data_pipeline.py                           1           0  0.43s           2025-07-02T20:57:20                      12
================================================================================
[2025-07-02T20:58:03.528+0000] {manager.py:997} INFO - 
================================================================================
DAG File Processing Stats

File Path                                  PID    Runtime      # DAGs    # Errors  Last Runtime    Last Run               Last # of DB Queries
-----------------------------------------  -----  ---------  --------  ----------  --------------  -------------------  ----------------------
/opt/airflow/dags/driven_data_pipeline.py                           1           0  0.43s           2025-07-02T20:57:50                      12
================================================================================
[2025-07-02T20:58:33.677+0000] {manager.py:997} INFO - 
================================================================================
DAG File Processing Stats

File Path                                  PID    Runtime      # DAGs    # Errors  Last Runtime    Last Run               Last # of DB Queries
-----------------------------------------  -----  ---------  --------  ----------  --------------  -------------------  ----------------------
/opt/airflow/dags/driven_data_pipeline.py                           1           0  0.41s           2025-07-02T20:58:21                      12
================================================================================
[2025-07-02T20:59:03.958+0000] {manager.py:997} INFO - 
================================================================================
DAG File Processing Stats

File Path                                  PID    Runtime      # DAGs    # Errors  Last Runtime    Last Run               Last # of DB Queries
-----------------------------------------  -----  ---------  --------  ----------  --------------  -------------------  ----------------------
/opt/airflow/dags/driven_data_pipeline.py                           1           0  0.42s           2025-07-02T20:58:52                      12
================================================================================
[2025-07-02T20:59:34.157+0000] {manager.py:997} INFO - 
================================================================================
DAG File Processing Stats

File Path                                  PID    Runtime      # DAGs    # Errors  Last Runtime    Last Run               Last # of DB Queries
-----------------------------------------  -----  ---------  --------  ----------  --------------  -------------------  ----------------------
/opt/airflow/dags/driven_data_pipeline.py                           1           0  0.47s           2025-07-02T20:59:23                      12
================================================================================
[2025-07-02T21:00:04.446+0000] {manager.py:997} INFO - 
================================================================================
DAG File Processing Stats

File Path                                  PID    Runtime      # DAGs    # Errors  Last Runtime    Last Run               Last # of DB Queries
-----------------------------------------  -----  ---------  --------  ----------  --------------  -------------------  ----------------------
/opt/airflow/dags/driven_data_pipeline.py                           1           0  0.46s           2025-07-02T20:59:53                      12
================================================================================
[2025-07-02T21:00:34.634+0000] {manager.py:997} INFO - 
================================================================================
DAG File Processing Stats

File Path                                  PID    Runtime      # DAGs    # Errors  Last Runtime    Last Run               Last # of DB Queries
-----------------------------------------  -----  ---------  --------  ----------  --------------  -------------------  ----------------------
/opt/airflow/dags/driven_data_pipeline.py                           1           0  0.43s           2025-07-02T21:00:24                      12
================================================================================
[2025-07-02T21:01:04.908+0000] {manager.py:997} INFO - 
================================================================================
DAG File Processing Stats

File Path                                  PID    Runtime      # DAGs    # Errors  Last Runtime    Last Run               Last # of DB Queries
-----------------------------------------  -----  ---------  --------  ----------  --------------  -------------------  ----------------------
/opt/airflow/dags/driven_data_pipeline.py                           1           0  0.42s           2025-07-02T21:00:55                      12
================================================================================
[2025-07-02T21:01:35.072+0000] {manager.py:997} INFO - 
================================================================================
DAG File Processing Stats

File Path                                  PID    Runtime      # DAGs    # Errors  Last Runtime    Last Run               Last # of DB Queries
-----------------------------------------  -----  ---------  --------  ----------  --------------  -------------------  ----------------------
/opt/airflow/dags/driven_data_pipeline.py                           1           0  0.44s           2025-07-02T21:01:25                      12
================================================================================
[2025-07-02T21:02:03.334+0000] {manager.py:821} INFO - Searching for files in /opt/airflow/dags
[2025-07-02T21:02:03.384+0000] {manager.py:824} INFO - There are 1 files in /opt/airflow/dags
[2025-07-02T21:02:05.436+0000] {manager.py:997} INFO - 
================================================================================
DAG File Processing Stats

File Path                                  PID    Runtime      # DAGs    # Errors  Last Runtime    Last Run               Last # of DB Queries
-----------------------------------------  -----  ---------  --------  ----------  --------------  -------------------  ----------------------
/opt/airflow/dags/driven_data_pipeline.py                           1           0  0.44s           2025-07-02T21:01:56                      12
================================================================================
[2025-07-02T21:02:35.563+0000] {manager.py:997} INFO - 
================================================================================
DAG File Processing Stats

File Path                                  PID    Runtime      # DAGs    # Errors  Last Runtime    Last Run               Last # of DB Queries
-----------------------------------------  -----  ---------  --------  ----------  --------------  -------------------  ----------------------
/opt/airflow/dags/driven_data_pipeline.py                           1           0  0.48s           2025-07-02T21:02:27                      12
================================================================================
[2025-07-02T21:03:05.834+0000] {manager.py:997} INFO - 
================================================================================
DAG File Processing Stats

File Path                                  PID    Runtime      # DAGs    # Errors  Last Runtime    Last Run               Last # of DB Queries
-----------------------------------------  -----  ---------  --------  ----------  --------------  -------------------  ----------------------
/opt/airflow/dags/driven_data_pipeline.py                           1           0  0.40s           2025-07-02T21:02:58                      12
================================================================================
[2025-07-02T21:03:36.000+0000] {manager.py:997} INFO - 
================================================================================
DAG File Processing Stats

File Path                                  PID    Runtime      # DAGs    # Errors  Last Runtime    Last Run               Last # of DB Queries
-----------------------------------------  -----  ---------  --------  ----------  --------------  -------------------  ----------------------
/opt/airflow/dags/driven_data_pipeline.py                           1           0  0.44s           2025-07-02T21:03:28                      12
================================================================================
[2025-07-02T21:04:06.294+0000] {manager.py:997} INFO - 
================================================================================
DAG File Processing Stats

File Path                                  PID    Runtime      # DAGs    # Errors  Last Runtime    Last Run               Last # of DB Queries
-----------------------------------------  -----  ---------  --------  ----------  --------------  -------------------  ----------------------
/opt/airflow/dags/driven_data_pipeline.py                           1           0  0.43s           2025-07-02T21:03:59                      12
================================================================================
[2025-07-02T21:04:36.586+0000] {manager.py:997} INFO - 
================================================================================
DAG File Processing Stats

File Path                                  PID    Runtime      # DAGs    # Errors  Last Runtime    Last Run               Last # of DB Queries
-----------------------------------------  -----  ---------  --------  ----------  --------------  -------------------  ----------------------
/opt/airflow/dags/driven_data_pipeline.py                           1           0  0.52s           2025-07-02T21:04:30                      12
================================================================================
[2025-07-02T21:05:07.299+0000] {manager.py:997} INFO - 
================================================================================
DAG File Processing Stats

File Path                                  PID    Runtime      # DAGs    # Errors  Last Runtime    Last Run               Last # of DB Queries
-----------------------------------------  -----  ---------  --------  ----------  --------------  -------------------  ----------------------
/opt/airflow/dags/driven_data_pipeline.py                           1           0  0.44s           2025-07-02T21:05:01                      12
================================================================================
[2025-07-02T21:05:37.621+0000] {manager.py:997} INFO - 
================================================================================
DAG File Processing Stats

File Path                                  PID    Runtime      # DAGs    # Errors  Last Runtime    Last Run               Last # of DB Queries
-----------------------------------------  -----  ---------  --------  ----------  --------------  -------------------  ----------------------
/opt/airflow/dags/driven_data_pipeline.py                           1           0  0.46s           2025-07-02T21:05:32                      12
================================================================================
[2025-07-02T21:06:07.765+0000] {manager.py:997} INFO - 
================================================================================
DAG File Processing Stats

File Path                                  PID    Runtime      # DAGs    # Errors  Last Runtime    Last Run               Last # of DB Queries
-----------------------------------------  -----  ---------  --------  ----------  --------------  -------------------  ----------------------
/opt/airflow/dags/driven_data_pipeline.py                           1           0  0.42s           2025-07-02T21:06:02                      12
================================================================================
[2025-07-02T21:06:38.032+0000] {manager.py:997} INFO - 
================================================================================
DAG File Processing Stats

File Path                                  PID    Runtime      # DAGs    # Errors  Last Runtime    Last Run               Last # of DB Queries
-----------------------------------------  -----  ---------  --------  ----------  --------------  -------------------  ----------------------
/opt/airflow/dags/driven_data_pipeline.py                           1           0  0.45s           2025-07-02T21:06:33                      12
================================================================================
[2025-07-02T21:07:03.707+0000] {manager.py:821} INFO - Searching for files in /opt/airflow/dags
[2025-07-02T21:07:03.734+0000] {manager.py:824} INFO - There are 1 files in /opt/airflow/dags
[2025-07-02T21:07:08.225+0000] {manager.py:997} INFO - 
================================================================================
DAG File Processing Stats

File Path                                  PID    Runtime      # DAGs    # Errors  Last Runtime    Last Run               Last # of DB Queries
-----------------------------------------  -----  ---------  --------  ----------  --------------  -------------------  ----------------------
/opt/airflow/dags/driven_data_pipeline.py                           1           0  0.41s           2025-07-02T21:07:04                      12
================================================================================
[2025-07-02T21:07:38.522+0000] {manager.py:997} INFO - 
================================================================================
DAG File Processing Stats

File Path                                  PID    Runtime      # DAGs    # Errors  Last Runtime    Last Run               Last # of DB Queries
-----------------------------------------  -----  ---------  --------  ----------  --------------  -------------------  ----------------------
/opt/airflow/dags/driven_data_pipeline.py                           1           0  0.43s           2025-07-02T21:07:34                      12
================================================================================
[2025-07-02T21:08:08.741+0000] {manager.py:997} INFO - 
================================================================================
DAG File Processing Stats

File Path                                  PID    Runtime      # DAGs    # Errors  Last Runtime    Last Run               Last # of DB Queries
-----------------------------------------  -----  ---------  --------  ----------  --------------  -------------------  ----------------------
/opt/airflow/dags/driven_data_pipeline.py                           1           0  0.51s           2025-07-02T21:08:05                      12
================================================================================
[2025-07-02T21:08:39.053+0000] {manager.py:997} INFO - 
================================================================================
DAG File Processing Stats

File Path                                  PID    Runtime      # DAGs    # Errors  Last Runtime    Last Run               Last # of DB Queries
-----------------------------------------  -----  ---------  --------  ----------  --------------  -------------------  ----------------------
/opt/airflow/dags/driven_data_pipeline.py                           1           0  0.44s           2025-07-02T21:08:36                      12
================================================================================
[2025-07-02T21:09:09.256+0000] {manager.py:997} INFO - 
================================================================================
DAG File Processing Stats

File Path                                  PID    Runtime      # DAGs    # Errors  Last Runtime    Last Run               Last # of DB Queries
-----------------------------------------  -----  ---------  --------  ----------  --------------  -------------------  ----------------------
/opt/airflow/dags/driven_data_pipeline.py                           1           0  0.44s           2025-07-02T21:09:07                      12
================================================================================
[2025-07-02T21:09:39.371+0000] {manager.py:997} INFO - 
================================================================================
DAG File Processing Stats

File Path                                  PID    Runtime      # DAGs    # Errors  Last Runtime    Last Run               Last # of DB Queries
-----------------------------------------  -----  ---------  --------  ----------  --------------  -------------------  ----------------------
/opt/airflow/dags/driven_data_pipeline.py                           1           0  0.84s           2025-07-02T21:09:38                      12
================================================================================
[2025-07-02T21:10:09.627+0000] {manager.py:997} INFO - 
================================================================================
DAG File Processing Stats

File Path                                  PID    Runtime      # DAGs    # Errors  Last Runtime    Last Run               Last # of DB Queries
-----------------------------------------  -----  ---------  --------  ----------  --------------  -------------------  ----------------------
/opt/airflow/dags/driven_data_pipeline.py                           1           0  0.52s           2025-07-02T21:10:06                      11
================================================================================
[2025-07-02T21:10:39.763+0000] {manager.py:997} INFO - 
================================================================================
DAG File Processing Stats

File Path                                  PID    Runtime      # DAGs    # Errors  Last Runtime    Last Run               Last # of DB Queries
-----------------------------------------  -----  ---------  --------  ----------  --------------  -------------------  ----------------------
/opt/airflow/dags/driven_data_pipeline.py                           1           0  0.63s           2025-07-02T21:10:36                      34
================================================================================
[2025-07-02T21:11:10.079+0000] {manager.py:997} INFO - 
================================================================================
DAG File Processing Stats

File Path                                  PID    Runtime      # DAGs    # Errors  Last Runtime    Last Run               Last # of DB Queries
-----------------------------------------  -----  ---------  --------  ----------  --------------  -------------------  ----------------------
/opt/airflow/dags/driven_data_pipeline.py                           1           0  0.63s           2025-07-02T21:11:07                      12
================================================================================
[2025-07-02T21:11:40.364+0000] {manager.py:997} INFO - 
================================================================================
DAG File Processing Stats

File Path                                  PID    Runtime      # DAGs    # Errors  Last Runtime    Last Run               Last # of DB Queries
-----------------------------------------  -----  ---------  --------  ----------  --------------  -------------------  ----------------------
/opt/airflow/dags/driven_data_pipeline.py                           1           0  0.48s           2025-07-02T21:11:38                      12
================================================================================
[2025-07-02T21:12:04.237+0000] {manager.py:821} INFO - Searching for files in /opt/airflow/dags
[2025-07-02T21:12:04.276+0000] {manager.py:824} INFO - There are 1 files in /opt/airflow/dags
[2025-07-02T21:12:10.663+0000] {manager.py:997} INFO - 
================================================================================
DAG File Processing Stats

File Path                                  PID    Runtime      # DAGs    # Errors  Last Runtime    Last Run               Last # of DB Queries
-----------------------------------------  -----  ---------  --------  ----------  --------------  -------------------  ----------------------
/opt/airflow/dags/driven_data_pipeline.py                           1           0  0.56s           2025-07-02T21:12:08                      12
================================================================================
[2025-07-02T21:12:40.825+0000] {manager.py:997} INFO - 
================================================================================
DAG File Processing Stats

File Path                                  PID    Runtime      # DAGs    # Errors  Last Runtime    Last Run               Last # of DB Queries
-----------------------------------------  -----  ---------  --------  ----------  --------------  -------------------  ----------------------
/opt/airflow/dags/driven_data_pipeline.py                           1           0  0.60s           2025-07-02T21:12:34                      12
================================================================================
[2025-07-02T21:13:10.836+0000] {manager.py:997} INFO - 
================================================================================
DAG File Processing Stats

File Path                                  PID    Runtime      # DAGs    # Errors  Last Runtime    Last Run               Last # of DB Queries
-----------------------------------------  -----  ---------  --------  ----------  --------------  -------------------  ----------------------
/opt/airflow/dags/driven_data_pipeline.py                           1           0  1.21s           2025-07-02T21:13:05                      12
================================================================================
[2025-07-02T21:13:41.303+0000] {manager.py:997} INFO - 
================================================================================
DAG File Processing Stats

File Path                                  PID    Runtime      # DAGs    # Errors  Last Runtime    Last Run               Last # of DB Queries
-----------------------------------------  -----  ---------  --------  ----------  --------------  -------------------  ----------------------
/opt/airflow/dags/driven_data_pipeline.py                           1           0  0.55s           2025-07-02T21:13:36                      12
================================================================================
[2025-07-02T21:14:11.596+0000] {manager.py:997} INFO - 
================================================================================
DAG File Processing Stats

File Path                                  PID    Runtime      # DAGs    # Errors  Last Runtime    Last Run               Last # of DB Queries
-----------------------------------------  -----  ---------  --------  ----------  --------------  -------------------  ----------------------
/opt/airflow/dags/driven_data_pipeline.py                           1           0  0.51s           2025-07-02T21:14:07                      12
================================================================================
[2025-07-02T21:14:41.986+0000] {manager.py:997} INFO - 
================================================================================
DAG File Processing Stats

File Path                                  PID    Runtime      # DAGs    # Errors  Last Runtime    Last Run               Last # of DB Queries
-----------------------------------------  -----  ---------  --------  ----------  --------------  -------------------  ----------------------
/opt/airflow/dags/driven_data_pipeline.py                           1           0  0.49s           2025-07-02T21:14:38                      12
================================================================================
[2025-07-02T21:15:12.230+0000] {manager.py:997} INFO - 
================================================================================
DAG File Processing Stats

File Path                                  PID    Runtime      # DAGs    # Errors  Last Runtime    Last Run               Last # of DB Queries
-----------------------------------------  -----  ---------  --------  ----------  --------------  -------------------  ----------------------
/opt/airflow/dags/driven_data_pipeline.py                           1           0  0.47s           2025-07-02T21:15:09                      12
================================================================================
[2025-07-02T21:15:42.505+0000] {manager.py:997} INFO - 
================================================================================
DAG File Processing Stats

File Path                                  PID    Runtime      # DAGs    # Errors  Last Runtime    Last Run               Last # of DB Queries
-----------------------------------------  -----  ---------  --------  ----------  --------------  -------------------  ----------------------
/opt/airflow/dags/driven_data_pipeline.py                           1           0  0.45s           2025-07-02T21:15:39                      12
================================================================================
[2025-07-02T21:16:12.819+0000] {manager.py:997} INFO - 
================================================================================
DAG File Processing Stats

File Path                                  PID    Runtime      # DAGs    # Errors  Last Runtime    Last Run               Last # of DB Queries
-----------------------------------------  -----  ---------  --------  ----------  --------------  -------------------  ----------------------
/opt/airflow/dags/driven_data_pipeline.py                           1           0  0.63s           2025-07-02T21:16:10                      12
================================================================================
[2025-07-02T21:16:42.880+0000] {manager.py:997} INFO - 
================================================================================
DAG File Processing Stats

File Path                                  PID    Runtime      # DAGs    # Errors  Last Runtime    Last Run               Last # of DB Queries
-----------------------------------------  -----  ---------  --------  ----------  --------------  -------------------  ----------------------
/opt/airflow/dags/driven_data_pipeline.py                           1           0  0.44s           2025-07-02T21:16:23                      11
================================================================================
[2025-07-02T21:17:04.831+0000] {manager.py:821} INFO - Searching for files in /opt/airflow/dags
[2025-07-02T21:17:04.861+0000] {manager.py:824} INFO - There are 1 files in /opt/airflow/dags
[2025-07-02T21:17:12.967+0000] {manager.py:997} INFO - 
================================================================================
DAG File Processing Stats

File Path                                  PID    Runtime      # DAGs    # Errors  Last Runtime    Last Run               Last # of DB Queries
-----------------------------------------  -----  ---------  --------  ----------  --------------  -------------------  ----------------------
/opt/airflow/dags/driven_data_pipeline.py                           1           0  1.60s           2025-07-02T21:16:54                      12
================================================================================
[2025-07-02T21:17:43.294+0000] {manager.py:997} INFO - 
================================================================================
DAG File Processing Stats

File Path                                  PID    Runtime      # DAGs    # Errors  Last Runtime    Last Run               Last # of DB Queries
-----------------------------------------  -----  ---------  --------  ----------  --------------  -------------------  ----------------------
/opt/airflow/dags/driven_data_pipeline.py                           1           0  0.61s           2025-07-02T21:17:25                      12
================================================================================
[2025-07-02T21:18:13.695+0000] {manager.py:997} INFO - 
================================================================================
DAG File Processing Stats

File Path                                  PID    Runtime      # DAGs    # Errors  Last Runtime    Last Run               Last # of DB Queries
-----------------------------------------  -----  ---------  --------  ----------  --------------  -------------------  ----------------------
/opt/airflow/dags/driven_data_pipeline.py                           1           0  0.48s           2025-07-02T21:18:11                      12
================================================================================
[2025-07-02T21:18:43.949+0000] {manager.py:997} INFO - 
================================================================================
DAG File Processing Stats

File Path                                  PID    Runtime      # DAGs    # Errors  Last Runtime    Last Run               Last # of DB Queries
-----------------------------------------  -----  ---------  --------  ----------  --------------  -------------------  ----------------------
/opt/airflow/dags/driven_data_pipeline.py                           1           0  0.46s           2025-07-02T21:18:30                      12
================================================================================
[2025-07-02T21:19:14.066+0000] {manager.py:997} INFO - 
================================================================================
DAG File Processing Stats

File Path                                  PID    Runtime      # DAGs    # Errors  Last Runtime    Last Run               Last # of DB Queries
-----------------------------------------  -----  ---------  --------  ----------  --------------  -------------------  ----------------------
/opt/airflow/dags/driven_data_pipeline.py                           1           0  0.66s           2025-07-02T21:19:01                      12
================================================================================
[2025-07-02T21:19:44.428+0000] {manager.py:997} INFO - 
================================================================================
DAG File Processing Stats

File Path                                  PID    Runtime      # DAGs    # Errors  Last Runtime    Last Run               Last # of DB Queries
-----------------------------------------  -----  ---------  --------  ----------  --------------  -------------------  ----------------------
/opt/airflow/dags/driven_data_pipeline.py                           1           0  0.52s           2025-07-02T21:19:32                      12
================================================================================
[2025-07-02T21:20:14.585+0000] {manager.py:997} INFO - 
================================================================================
DAG File Processing Stats

File Path                                  PID    Runtime      # DAGs    # Errors  Last Runtime    Last Run               Last # of DB Queries
-----------------------------------------  -----  ---------  --------  ----------  --------------  -------------------  ----------------------
/opt/airflow/dags/driven_data_pipeline.py                           1           0  0.59s           2025-07-02T21:20:03                      12
================================================================================
[2025-07-02T21:20:45.315+0000] {manager.py:997} INFO - 
================================================================================
DAG File Processing Stats

File Path                                  PID    Runtime      # DAGs    # Errors  Last Runtime    Last Run               Last # of DB Queries
-----------------------------------------  -----  ---------  --------  ----------  --------------  -------------------  ----------------------
/opt/airflow/dags/driven_data_pipeline.py                           1           0  0.52s           2025-07-02T21:20:34                      12
================================================================================
[2025-07-02T21:21:15.671+0000] {manager.py:997} INFO - 
================================================================================
DAG File Processing Stats

File Path                                  PID    Runtime      # DAGs    # Errors  Last Runtime    Last Run               Last # of DB Queries
-----------------------------------------  -----  ---------  --------  ----------  --------------  -------------------  ----------------------
/opt/airflow/dags/driven_data_pipeline.py                           1           0  0.45s           2025-07-02T21:21:05                      12
================================================================================
[2025-07-02T21:21:45.877+0000] {manager.py:997} INFO - 
================================================================================
DAG File Processing Stats

File Path                                  PID    Runtime      # DAGs    # Errors  Last Runtime    Last Run               Last # of DB Queries
-----------------------------------------  -----  ---------  --------  ----------  --------------  -------------------  ----------------------
/opt/airflow/dags/driven_data_pipeline.py                           1           0  0.44s           2025-07-02T21:21:35                      12
================================================================================
[2025-07-02T21:22:05.066+0000] {manager.py:821} INFO - Searching for files in /opt/airflow/dags
[2025-07-02T21:22:05.096+0000] {manager.py:824} INFO - There are 1 files in /opt/airflow/dags
[2025-07-02T21:22:08.545+0000] {manager.py:465} INFO - Exiting gracefully upon receiving signal 15
[2025-07-02T21:24:42.270+0000] {manager.py:483} INFO - Processing files using up to 2 processes at a time 
[2025-07-02T21:24:42.276+0000] {manager.py:484} INFO - Process each file at most once every 30 seconds
[2025-07-02T21:24:42.278+0000] {manager.py:485} INFO - Checking for new files in /opt/airflow/dags every 300 seconds
[2025-07-02T21:24:42.280+0000] {manager.py:821} INFO - Searching for files in /opt/airflow/dags
[2025-07-02T21:24:42.356+0000] {manager.py:824} INFO - There are 1 files in /opt/airflow/dags
[2025-07-02T21:24:42.997+0000] {manager.py:997} INFO - 
================================================================================
DAG File Processing Stats

File Path                                    PID  Runtime      # DAGs    # Errors  Last Runtime    Last Run      Last # of DB Queries
-----------------------------------------  -----  ---------  --------  ----------  --------------  ----------  ----------------------
/opt/airflow/dags/driven_data_pipeline.py     67  0.11s             0           0                                                   0
================================================================================
[2025-07-02T21:25:13.172+0000] {manager.py:997} INFO - 
================================================================================
DAG File Processing Stats

File Path                                  PID    Runtime      # DAGs    # Errors  Last Runtime    Last Run               Last # of DB Queries
-----------------------------------------  -----  ---------  --------  ----------  --------------  -------------------  ----------------------
/opt/airflow/dags/driven_data_pipeline.py                           1           0  2.53s           2025-07-02T21:24:45                      12
================================================================================
[2025-07-02T21:25:43.672+0000] {manager.py:997} INFO - 
================================================================================
DAG File Processing Stats

File Path                                  PID    Runtime      # DAGs    # Errors  Last Runtime    Last Run               Last # of DB Queries
-----------------------------------------  -----  ---------  --------  ----------  --------------  -------------------  ----------------------
/opt/airflow/dags/driven_data_pipeline.py                           1           0  21.48s          2025-07-02T21:25:37                      12
================================================================================
[2025-07-02T21:26:14.137+0000] {manager.py:997} INFO - 
================================================================================
DAG File Processing Stats

File Path                                  PID    Runtime      # DAGs    # Errors  Last Runtime    Last Run               Last # of DB Queries
-----------------------------------------  -----  ---------  --------  ----------  --------------  -------------------  ----------------------
/opt/airflow/dags/driven_data_pipeline.py                           1           0  1.90s           2025-07-02T21:26:10                      12
================================================================================
[2025-07-02T21:26:44.311+0000] {manager.py:997} INFO - 
================================================================================
DAG File Processing Stats

File Path                                    PID  Runtime      # DAGs    # Errors  Last Runtime    Last Run               Last # of DB Queries
-----------------------------------------  -----  ---------  --------  ----------  --------------  -------------------  ----------------------
/opt/airflow/dags/driven_data_pipeline.py     97  3.63s             1           0  1.90s           2025-07-02T21:26:10                      12
================================================================================
[2025-07-02T21:27:14.441+0000] {manager.py:997} INFO - 
================================================================================
DAG File Processing Stats

File Path                                  PID    Runtime      # DAGs    # Errors  Last Runtime    Last Run               Last # of DB Queries
-----------------------------------------  -----  ---------  --------  ----------  --------------  -------------------  ----------------------
/opt/airflow/dags/driven_data_pipeline.py                           1           0  8.79s           2025-07-02T21:26:49                      12
================================================================================
[2025-07-02T21:27:44.536+0000] {manager.py:997} INFO - 
================================================================================
DAG File Processing Stats

File Path                                  PID    Runtime      # DAGs    # Errors  Last Runtime    Last Run               Last # of DB Queries
-----------------------------------------  -----  ---------  --------  ----------  --------------  -------------------  ----------------------
/opt/airflow/dags/driven_data_pipeline.py                           1           0  0.80s           2025-07-02T21:27:20                      12
================================================================================
[2025-07-02T21:28:15.274+0000] {manager.py:997} INFO - 
================================================================================
DAG File Processing Stats

File Path                                  PID    Runtime      # DAGs    # Errors  Last Runtime    Last Run               Last # of DB Queries
-----------------------------------------  -----  ---------  --------  ----------  --------------  -------------------  ----------------------
/opt/airflow/dags/driven_data_pipeline.py                           1           0  0.69s           2025-07-02T21:27:51                      12
================================================================================
[2025-07-02T21:28:45.797+0000] {manager.py:997} INFO - 
================================================================================
DAG File Processing Stats

File Path                                  PID    Runtime      # DAGs    # Errors  Last Runtime    Last Run               Last # of DB Queries
-----------------------------------------  -----  ---------  --------  ----------  --------------  -------------------  ----------------------
/opt/airflow/dags/driven_data_pipeline.py                           1           0  0.66s           2025-07-02T21:28:22                      12
================================================================================
[2025-07-02T21:29:16.101+0000] {manager.py:997} INFO - 
================================================================================
DAG File Processing Stats

File Path                                  PID    Runtime      # DAGs    # Errors  Last Runtime    Last Run               Last # of DB Queries
-----------------------------------------  -----  ---------  --------  ----------  --------------  -------------------  ----------------------
/opt/airflow/dags/driven_data_pipeline.py                           1           0  0.74s           2025-07-02T21:28:53                      12
================================================================================
[2025-07-02T21:29:43.236+0000] {manager.py:821} INFO - Searching for files in /opt/airflow/dags
[2025-07-02T21:29:43.283+0000] {manager.py:824} INFO - There are 1 files in /opt/airflow/dags
[2025-07-02T21:29:46.350+0000] {manager.py:997} INFO - 
================================================================================
DAG File Processing Stats

File Path                                  PID    Runtime      # DAGs    # Errors  Last Runtime    Last Run               Last # of DB Queries
-----------------------------------------  -----  ---------  --------  ----------  --------------  -------------------  ----------------------
/opt/airflow/dags/driven_data_pipeline.py                           1           0  0.71s           2025-07-02T21:29:23                      12
================================================================================
[2025-07-02T21:30:16.694+0000] {manager.py:997} INFO - 
================================================================================
DAG File Processing Stats

File Path                                  PID    Runtime      # DAGs    # Errors  Last Runtime    Last Run               Last # of DB Queries
-----------------------------------------  -----  ---------  --------  ----------  --------------  -------------------  ----------------------
/opt/airflow/dags/driven_data_pipeline.py                           1           0  0.49s           2025-07-02T21:29:54                      12
================================================================================
[2025-07-02T21:30:46.933+0000] {manager.py:997} INFO - 
================================================================================
DAG File Processing Stats

File Path                                  PID    Runtime      # DAGs    # Errors  Last Runtime    Last Run               Last # of DB Queries
-----------------------------------------  -----  ---------  --------  ----------  --------------  -------------------  ----------------------
/opt/airflow/dags/driven_data_pipeline.py                           1           0  0.48s           2025-07-02T21:30:25                      12
================================================================================
[2025-07-02T21:31:17.231+0000] {manager.py:997} INFO - 
================================================================================
DAG File Processing Stats

File Path                                  PID    Runtime      # DAGs    # Errors  Last Runtime    Last Run               Last # of DB Queries
-----------------------------------------  -----  ---------  --------  ----------  --------------  -------------------  ----------------------
/opt/airflow/dags/driven_data_pipeline.py                           1           0  0.44s           2025-07-02T21:30:56                      12
================================================================================
[2025-07-02T21:31:47.473+0000] {manager.py:997} INFO - 
================================================================================
DAG File Processing Stats

File Path                                  PID    Runtime      # DAGs    # Errors  Last Runtime    Last Run               Last # of DB Queries
-----------------------------------------  -----  ---------  --------  ----------  --------------  -------------------  ----------------------
/opt/airflow/dags/driven_data_pipeline.py                           1           0  0.46s           2025-07-02T21:31:27                      12
================================================================================
[2025-07-02T21:32:18.058+0000] {manager.py:997} INFO - 
================================================================================
DAG File Processing Stats

File Path                                  PID    Runtime      # DAGs    # Errors  Last Runtime    Last Run               Last # of DB Queries
-----------------------------------------  -----  ---------  --------  ----------  --------------  -------------------  ----------------------
/opt/airflow/dags/driven_data_pipeline.py                           1           0  2.61s           2025-07-02T21:32:00                      12
================================================================================
[2025-07-02T21:32:48.521+0000] {manager.py:997} INFO - 
================================================================================
DAG File Processing Stats

File Path                                  PID    Runtime      # DAGs    # Errors  Last Runtime    Last Run               Last # of DB Queries
-----------------------------------------  -----  ---------  --------  ----------  --------------  -------------------  ----------------------
/opt/airflow/dags/driven_data_pipeline.py                           1           0  0.70s           2025-07-02T21:32:31                      12
================================================================================
[2025-07-02T21:33:18.928+0000] {manager.py:997} INFO - 
================================================================================
DAG File Processing Stats

File Path                                  PID    Runtime      # DAGs    # Errors  Last Runtime    Last Run               Last # of DB Queries
-----------------------------------------  -----  ---------  --------  ----------  --------------  -------------------  ----------------------
/opt/airflow/dags/driven_data_pipeline.py                           1           0  0.54s           2025-07-02T21:33:02                      12
================================================================================
[2025-07-02T21:33:49.224+0000] {manager.py:997} INFO - 
================================================================================
DAG File Processing Stats

File Path                                  PID    Runtime      # DAGs    # Errors  Last Runtime    Last Run               Last # of DB Queries
-----------------------------------------  -----  ---------  --------  ----------  --------------  -------------------  ----------------------
/opt/airflow/dags/driven_data_pipeline.py                           1           0  0.45s           2025-07-02T21:33:33                      12
================================================================================
[2025-07-02T21:34:19.236+0000] {manager.py:997} INFO - 
================================================================================
DAG File Processing Stats

File Path                                  PID    Runtime      # DAGs    # Errors  Last Runtime    Last Run               Last # of DB Queries
-----------------------------------------  -----  ---------  --------  ----------  --------------  -------------------  ----------------------
/opt/airflow/dags/driven_data_pipeline.py                           1           0  0.68s           2025-07-02T21:34:04                      12
================================================================================
[2025-07-02T21:34:43.474+0000] {manager.py:821} INFO - Searching for files in /opt/airflow/dags
[2025-07-02T21:34:43.503+0000] {manager.py:824} INFO - There are 1 files in /opt/airflow/dags
[2025-07-02T21:34:49.613+0000] {manager.py:997} INFO - 
================================================================================
DAG File Processing Stats

File Path                                  PID    Runtime      # DAGs    # Errors  Last Runtime    Last Run               Last # of DB Queries
-----------------------------------------  -----  ---------  --------  ----------  --------------  -------------------  ----------------------
/opt/airflow/dags/driven_data_pipeline.py                           1           0  0.45s           2025-07-02T21:34:34                      12
================================================================================
[2025-07-02T21:35:19.720+0000] {manager.py:997} INFO - 
================================================================================
DAG File Processing Stats

File Path                                  PID    Runtime      # DAGs    # Errors  Last Runtime    Last Run               Last # of DB Queries
-----------------------------------------  -----  ---------  --------  ----------  --------------  -------------------  ----------------------
/opt/airflow/dags/driven_data_pipeline.py                           1           0  0.45s           2025-07-02T21:35:05                      12
================================================================================
[2025-07-02T21:35:50.082+0000] {manager.py:997} INFO - 
================================================================================
DAG File Processing Stats

File Path                                  PID    Runtime      # DAGs    # Errors  Last Runtime    Last Run               Last # of DB Queries
-----------------------------------------  -----  ---------  --------  ----------  --------------  -------------------  ----------------------
/opt/airflow/dags/driven_data_pipeline.py                           1           0  0.50s           2025-07-02T21:35:36                      12
================================================================================
[2025-07-02T21:36:20.469+0000] {manager.py:997} INFO - 
================================================================================
DAG File Processing Stats

File Path                                  PID    Runtime      # DAGs    # Errors  Last Runtime    Last Run               Last # of DB Queries
-----------------------------------------  -----  ---------  --------  ----------  --------------  -------------------  ----------------------
/opt/airflow/dags/driven_data_pipeline.py                           1           0  0.80s           2025-07-02T21:36:07                      12
================================================================================
[2025-07-02T21:36:51.101+0000] {manager.py:997} INFO - 
================================================================================
DAG File Processing Stats

File Path                                  PID    Runtime      # DAGs    # Errors  Last Runtime    Last Run               Last # of DB Queries
-----------------------------------------  -----  ---------  --------  ----------  --------------  -------------------  ----------------------
/opt/airflow/dags/driven_data_pipeline.py                           1           0  0.53s           2025-07-02T21:36:38                      12
================================================================================
[2025-07-02T21:37:21.198+0000] {manager.py:997} INFO - 
================================================================================
DAG File Processing Stats

File Path                                  PID    Runtime      # DAGs    # Errors  Last Runtime    Last Run               Last # of DB Queries
-----------------------------------------  -----  ---------  --------  ----------  --------------  -------------------  ----------------------
/opt/airflow/dags/driven_data_pipeline.py                           1           0  0.75s           2025-07-02T21:37:09                      12
================================================================================
[2025-07-02T21:37:51.543+0000] {manager.py:997} INFO - 
================================================================================
DAG File Processing Stats

File Path                                  PID    Runtime      # DAGs    # Errors  Last Runtime    Last Run               Last # of DB Queries
-----------------------------------------  -----  ---------  --------  ----------  --------------  -------------------  ----------------------
/opt/airflow/dags/driven_data_pipeline.py                           1           0  0.43s           2025-07-02T21:37:39                      12
================================================================================
[2025-07-02T21:38:21.897+0000] {manager.py:997} INFO - 
================================================================================
DAG File Processing Stats

File Path                                  PID    Runtime      # DAGs    # Errors  Last Runtime    Last Run               Last # of DB Queries
-----------------------------------------  -----  ---------  --------  ----------  --------------  -------------------  ----------------------
/opt/airflow/dags/driven_data_pipeline.py                           1           0  0.78s           2025-07-02T21:38:10                      12
================================================================================
[2025-07-02T21:38:52.425+0000] {manager.py:997} INFO - 
================================================================================
DAG File Processing Stats

File Path                                  PID    Runtime      # DAGs    # Errors  Last Runtime    Last Run               Last # of DB Queries
-----------------------------------------  -----  ---------  --------  ----------  --------------  -------------------  ----------------------
/opt/airflow/dags/driven_data_pipeline.py                           1           0  0.52s           2025-07-02T21:38:41                      12
================================================================================
[2025-07-02T21:39:22.523+0000] {manager.py:997} INFO - 
================================================================================
DAG File Processing Stats

File Path                                  PID    Runtime      # DAGs    # Errors  Last Runtime    Last Run               Last # of DB Queries
-----------------------------------------  -----  ---------  --------  ----------  --------------  -------------------  ----------------------
/opt/airflow/dags/driven_data_pipeline.py                           1           0  0.44s           2025-07-02T21:39:12                      12
================================================================================
[2025-07-02T21:39:44.249+0000] {manager.py:821} INFO - Searching for files in /opt/airflow/dags
[2025-07-02T21:39:44.328+0000] {manager.py:824} INFO - There are 1 files in /opt/airflow/dags
[2025-07-02T21:39:53.486+0000] {manager.py:997} INFO - 
================================================================================
DAG File Processing Stats

File Path                                  PID    Runtime      # DAGs    # Errors  Last Runtime    Last Run               Last # of DB Queries
-----------------------------------------  -----  ---------  --------  ----------  --------------  -------------------  ----------------------
/opt/airflow/dags/driven_data_pipeline.py                           1           0  0.59s           2025-07-02T21:39:43                      12
================================================================================
[2025-07-02T21:40:23.847+0000] {manager.py:997} INFO - 
================================================================================
DAG File Processing Stats

File Path                                  PID    Runtime      # DAGs    # Errors  Last Runtime    Last Run               Last # of DB Queries
-----------------------------------------  -----  ---------  --------  ----------  --------------  -------------------  ----------------------
/opt/airflow/dags/driven_data_pipeline.py                           1           0  0.48s           2025-07-02T21:40:14                      12
================================================================================
[2025-07-02T21:40:54.029+0000] {manager.py:997} INFO - 
================================================================================
DAG File Processing Stats

File Path                                  PID    Runtime      # DAGs    # Errors  Last Runtime    Last Run               Last # of DB Queries
-----------------------------------------  -----  ---------  --------  ----------  --------------  -------------------  ----------------------
/opt/airflow/dags/driven_data_pipeline.py                           1           0  0.45s           2025-07-02T21:40:44                      12
================================================================================
[2025-07-02T21:41:24.333+0000] {manager.py:997} INFO - 
================================================================================
DAG File Processing Stats

File Path                                  PID    Runtime      # DAGs    # Errors  Last Runtime    Last Run               Last # of DB Queries
-----------------------------------------  -----  ---------  --------  ----------  --------------  -------------------  ----------------------
/opt/airflow/dags/driven_data_pipeline.py                           1           0  0.44s           2025-07-02T21:41:15                      12
================================================================================
[2025-07-02T21:41:54.508+0000] {manager.py:997} INFO - 
================================================================================
DAG File Processing Stats

File Path                                  PID    Runtime      # DAGs    # Errors  Last Runtime    Last Run               Last # of DB Queries
-----------------------------------------  -----  ---------  --------  ----------  --------------  -------------------  ----------------------
/opt/airflow/dags/driven_data_pipeline.py                           1           0  0.43s           2025-07-02T21:41:46                      12
================================================================================
[2025-07-02T21:42:24.824+0000] {manager.py:997} INFO - 
================================================================================
DAG File Processing Stats

File Path                                  PID    Runtime      # DAGs    # Errors  Last Runtime    Last Run               Last # of DB Queries
-----------------------------------------  -----  ---------  --------  ----------  --------------  -------------------  ----------------------
/opt/airflow/dags/driven_data_pipeline.py                           1           0  0.43s           2025-07-02T21:42:17                      12
================================================================================
[2025-07-02T21:42:54.942+0000] {manager.py:997} INFO - 
================================================================================
DAG File Processing Stats

File Path                                  PID    Runtime      # DAGs    # Errors  Last Runtime    Last Run               Last # of DB Queries
-----------------------------------------  -----  ---------  --------  ----------  --------------  -------------------  ----------------------
/opt/airflow/dags/driven_data_pipeline.py                           1           0  0.41s           2025-07-02T21:42:47                      12
================================================================================
[2025-07-02T21:43:25.253+0000] {manager.py:997} INFO - 
================================================================================
DAG File Processing Stats

File Path                                  PID    Runtime      # DAGs    # Errors  Last Runtime    Last Run               Last # of DB Queries
-----------------------------------------  -----  ---------  --------  ----------  --------------  -------------------  ----------------------
/opt/airflow/dags/driven_data_pipeline.py                           1           0  0.48s           2025-07-02T21:43:18                      12
================================================================================
[2025-07-02T21:43:55.418+0000] {manager.py:997} INFO - 
================================================================================
DAG File Processing Stats

File Path                                  PID    Runtime      # DAGs    # Errors  Last Runtime    Last Run               Last # of DB Queries
-----------------------------------------  -----  ---------  --------  ----------  --------------  -------------------  ----------------------
/opt/airflow/dags/driven_data_pipeline.py                           1           0  0.41s           2025-07-02T21:43:49                      12
================================================================================
[2025-07-02T21:44:25.723+0000] {manager.py:997} INFO - 
================================================================================
DAG File Processing Stats

File Path                                  PID    Runtime      # DAGs    # Errors  Last Runtime    Last Run               Last # of DB Queries
-----------------------------------------  -----  ---------  --------  ----------  --------------  -------------------  ----------------------
/opt/airflow/dags/driven_data_pipeline.py                           1           0  0.43s           2025-07-02T21:44:20                      12
================================================================================
[2025-07-02T21:44:44.300+0000] {manager.py:821} INFO - Searching for files in /opt/airflow/dags
[2025-07-02T21:44:44.363+0000] {manager.py:824} INFO - There are 1 files in /opt/airflow/dags
[2025-07-02T21:44:55.928+0000] {manager.py:997} INFO - 
================================================================================
DAG File Processing Stats

File Path                                  PID    Runtime      # DAGs    # Errors  Last Runtime    Last Run               Last # of DB Queries
-----------------------------------------  -----  ---------  --------  ----------  --------------  -------------------  ----------------------
/opt/airflow/dags/driven_data_pipeline.py                           1           0  0.43s           2025-07-02T21:44:50                      12
================================================================================
[2025-07-02T21:45:26.220+0000] {manager.py:997} INFO - 
================================================================================
DAG File Processing Stats

File Path                                  PID    Runtime      # DAGs    # Errors  Last Runtime    Last Run               Last # of DB Queries
-----------------------------------------  -----  ---------  --------  ----------  --------------  -------------------  ----------------------
/opt/airflow/dags/driven_data_pipeline.py                           1           0  0.48s           2025-07-02T21:45:21                      12
================================================================================
[2025-07-02T21:45:56.439+0000] {manager.py:997} INFO - 
================================================================================
DAG File Processing Stats

File Path                                  PID    Runtime      # DAGs    # Errors  Last Runtime    Last Run               Last # of DB Queries
-----------------------------------------  -----  ---------  --------  ----------  --------------  -------------------  ----------------------
/opt/airflow/dags/driven_data_pipeline.py                           1           0  0.47s           2025-07-02T21:45:52                      12
================================================================================
[2025-07-02T21:46:27.274+0000] {manager.py:997} INFO - 
================================================================================
DAG File Processing Stats

File Path                                  PID    Runtime      # DAGs    # Errors  Last Runtime    Last Run               Last # of DB Queries
-----------------------------------------  -----  ---------  --------  ----------  --------------  -------------------  ----------------------
/opt/airflow/dags/driven_data_pipeline.py                           1           0  0.57s           2025-07-02T21:46:23                      12
================================================================================
[2025-07-02T21:46:57.599+0000] {manager.py:997} INFO - 
================================================================================
DAG File Processing Stats

File Path                                  PID    Runtime      # DAGs    # Errors  Last Runtime    Last Run               Last # of DB Queries
-----------------------------------------  -----  ---------  --------  ----------  --------------  -------------------  ----------------------
/opt/airflow/dags/driven_data_pipeline.py                           1           0  0.59s           2025-07-02T21:46:54                      12
================================================================================
[2025-07-02T21:47:27.866+0000] {manager.py:997} INFO - 
================================================================================
DAG File Processing Stats

File Path                                  PID    Runtime      # DAGs    # Errors  Last Runtime    Last Run               Last # of DB Queries
-----------------------------------------  -----  ---------  --------  ----------  --------------  -------------------  ----------------------
/opt/airflow/dags/driven_data_pipeline.py                           1           0  0.53s           2025-07-02T21:47:24                      12
================================================================================
[2025-07-02T21:47:58.388+0000] {manager.py:997} INFO - 
================================================================================
DAG File Processing Stats

File Path                                  PID    Runtime      # DAGs    # Errors  Last Runtime    Last Run               Last # of DB Queries
-----------------------------------------  -----  ---------  --------  ----------  --------------  -------------------  ----------------------
/opt/airflow/dags/driven_data_pipeline.py                           1           0  0.53s           2025-07-02T21:47:55                      12
================================================================================
[2025-07-02T21:48:28.752+0000] {manager.py:997} INFO - 
================================================================================
DAG File Processing Stats

File Path                                  PID    Runtime      # DAGs    # Errors  Last Runtime    Last Run               Last # of DB Queries
-----------------------------------------  -----  ---------  --------  ----------  --------------  -------------------  ----------------------
/opt/airflow/dags/driven_data_pipeline.py                           1           0  0.73s           2025-07-02T21:48:26                      12
================================================================================
[2025-07-02T21:48:59.340+0000] {manager.py:997} INFO - 
================================================================================
DAG File Processing Stats

File Path                                  PID    Runtime      # DAGs    # Errors  Last Runtime    Last Run               Last # of DB Queries
-----------------------------------------  -----  ---------  --------  ----------  --------------  -------------------  ----------------------
/opt/airflow/dags/driven_data_pipeline.py                           1           0  0.52s           2025-07-02T21:48:57                      12
================================================================================
[2025-07-02T21:49:29.583+0000] {manager.py:997} INFO - 
================================================================================
DAG File Processing Stats

File Path                                  PID    Runtime      # DAGs    # Errors  Last Runtime    Last Run               Last # of DB Queries
-----------------------------------------  -----  ---------  --------  ----------  --------------  -------------------  ----------------------
/opt/airflow/dags/driven_data_pipeline.py                           1           0  0.51s           2025-07-02T21:49:28                      12
================================================================================
[2025-07-02T21:49:44.720+0000] {manager.py:821} INFO - Searching for files in /opt/airflow/dags
[2025-07-02T21:49:44.740+0000] {manager.py:824} INFO - There are 1 files in /opt/airflow/dags
[2025-07-02T21:50:00.368+0000] {manager.py:997} INFO - 
================================================================================
DAG File Processing Stats

File Path                                  PID    Runtime      # DAGs    # Errors  Last Runtime    Last Run               Last # of DB Queries
-----------------------------------------  -----  ---------  --------  ----------  --------------  -------------------  ----------------------
/opt/airflow/dags/driven_data_pipeline.py                           1           0  0.53s           2025-07-02T21:49:59                      12
================================================================================
[2025-07-02T21:50:30.798+0000] {manager.py:997} INFO - 
================================================================================
DAG File Processing Stats

File Path                                  PID    Runtime      # DAGs    # Errors  Last Runtime    Last Run               Last # of DB Queries
-----------------------------------------  -----  ---------  --------  ----------  --------------  -------------------  ----------------------
/opt/airflow/dags/driven_data_pipeline.py                           1           0  0.59s           2025-07-02T21:50:30                      12
================================================================================
[2025-07-02T21:51:01.228+0000] {manager.py:997} INFO - 
================================================================================
DAG File Processing Stats

File Path                                    PID  Runtime      # DAGs    # Errors  Last Runtime    Last Run               Last # of DB Queries
-----------------------------------------  -----  ---------  --------  ----------  --------------  -------------------  ----------------------
/opt/airflow/dags/driven_data_pipeline.py    479  0.62s             1           0  0.59s           2025-07-02T21:50:30                      12
================================================================================
[2025-07-02T21:51:31.575+0000] {manager.py:997} INFO - 
================================================================================
DAG File Processing Stats

File Path                                    PID  Runtime      # DAGs    # Errors  Last Runtime    Last Run               Last # of DB Queries
-----------------------------------------  -----  ---------  --------  ----------  --------------  -------------------  ----------------------
/opt/airflow/dags/driven_data_pipeline.py    486  0.01s             1           0  0.74s           2025-07-02T21:51:01                      12
================================================================================
[2025-07-02T21:52:02.067+0000] {manager.py:997} INFO - 
================================================================================
DAG File Processing Stats

File Path                                  PID    Runtime      # DAGs    # Errors  Last Runtime    Last Run               Last # of DB Queries
-----------------------------------------  -----  ---------  --------  ----------  --------------  -------------------  ----------------------
/opt/airflow/dags/driven_data_pipeline.py                           1           0  0.54s           2025-07-02T21:51:32                      12
================================================================================
[2025-07-02T21:52:32.374+0000] {manager.py:997} INFO - 
================================================================================
DAG File Processing Stats

File Path                                  PID    Runtime      # DAGs    # Errors  Last Runtime    Last Run               Last # of DB Queries
-----------------------------------------  -----  ---------  --------  ----------  --------------  -------------------  ----------------------
/opt/airflow/dags/driven_data_pipeline.py                           1           0  0.71s           2025-07-02T21:52:03                      12
================================================================================
[2025-07-02T21:53:02.742+0000] {manager.py:997} INFO - 
================================================================================
DAG File Processing Stats

File Path                                  PID    Runtime      # DAGs    # Errors  Last Runtime    Last Run               Last # of DB Queries
-----------------------------------------  -----  ---------  --------  ----------  --------------  -------------------  ----------------------
/opt/airflow/dags/driven_data_pipeline.py                           1           0  0.45s           2025-07-02T21:52:33                      12
================================================================================
[2025-07-02T21:53:33.124+0000] {manager.py:997} INFO - 
================================================================================
DAG File Processing Stats

File Path                                  PID    Runtime      # DAGs    # Errors  Last Runtime    Last Run               Last # of DB Queries
-----------------------------------------  -----  ---------  --------  ----------  --------------  -------------------  ----------------------
/opt/airflow/dags/driven_data_pipeline.py                           1           0  0.48s           2025-07-02T21:53:04                      12
================================================================================
[2025-07-02T21:54:03.466+0000] {manager.py:997} INFO - 
================================================================================
DAG File Processing Stats

File Path                                  PID    Runtime      # DAGs    # Errors  Last Runtime    Last Run               Last # of DB Queries
-----------------------------------------  -----  ---------  --------  ----------  --------------  -------------------  ----------------------
/opt/airflow/dags/driven_data_pipeline.py                           1           0  0.47s           2025-07-02T21:53:35                      12
================================================================================
[2025-07-02T21:54:33.646+0000] {manager.py:997} INFO - 
================================================================================
DAG File Processing Stats

File Path                                  PID    Runtime      # DAGs    # Errors  Last Runtime    Last Run               Last # of DB Queries
-----------------------------------------  -----  ---------  --------  ----------  --------------  -------------------  ----------------------
/opt/airflow/dags/driven_data_pipeline.py                           1           0  0.44s           2025-07-02T21:54:06                      12
================================================================================
[2025-07-02T21:54:44.795+0000] {manager.py:821} INFO - Searching for files in /opt/airflow/dags
[2025-07-02T21:54:44.818+0000] {manager.py:824} INFO - There are 1 files in /opt/airflow/dags
[2025-07-02T21:55:04.016+0000] {manager.py:997} INFO - 
================================================================================
DAG File Processing Stats

File Path                                  PID    Runtime      # DAGs    # Errors  Last Runtime    Last Run               Last # of DB Queries
-----------------------------------------  -----  ---------  --------  ----------  --------------  -------------------  ----------------------
/opt/airflow/dags/driven_data_pipeline.py                           1           0  0.45s           2025-07-02T21:54:37                      12
================================================================================
[2025-07-02T21:55:34.161+0000] {manager.py:997} INFO - 
================================================================================
DAG File Processing Stats

File Path                                  PID    Runtime      # DAGs    # Errors  Last Runtime    Last Run               Last # of DB Queries
-----------------------------------------  -----  ---------  --------  ----------  --------------  -------------------  ----------------------
/opt/airflow/dags/driven_data_pipeline.py                           1           0  0.50s           2025-07-02T21:55:07                      12
================================================================================
[2025-07-02T21:56:04.992+0000] {manager.py:997} INFO - 
================================================================================
DAG File Processing Stats

File Path                                  PID    Runtime      # DAGs    # Errors  Last Runtime    Last Run               Last # of DB Queries
-----------------------------------------  -----  ---------  --------  ----------  --------------  -------------------  ----------------------
/opt/airflow/dags/driven_data_pipeline.py                           1           0  0.65s           2025-07-02T21:55:38                      12
================================================================================
[2025-07-02T21:56:35.338+0000] {manager.py:997} INFO - 
================================================================================
DAG File Processing Stats

File Path                                  PID    Runtime      # DAGs    # Errors  Last Runtime    Last Run               Last # of DB Queries
-----------------------------------------  -----  ---------  --------  ----------  --------------  -------------------  ----------------------
/opt/airflow/dags/driven_data_pipeline.py                           1           0  0.99s           2025-07-02T21:56:10                      12
================================================================================
[2025-07-02T21:57:05.705+0000] {manager.py:997} INFO - 
================================================================================
DAG File Processing Stats

File Path                                  PID    Runtime      # DAGs    # Errors  Last Runtime    Last Run               Last # of DB Queries
-----------------------------------------  -----  ---------  --------  ----------  --------------  -------------------  ----------------------
/opt/airflow/dags/driven_data_pipeline.py                           1           0  0.43s           2025-07-02T21:56:40                      12
================================================================================
[2025-07-02T21:57:35.892+0000] {manager.py:997} INFO - 
================================================================================
DAG File Processing Stats

File Path                                  PID    Runtime      # DAGs    # Errors  Last Runtime    Last Run               Last # of DB Queries
-----------------------------------------  -----  ---------  --------  ----------  --------------  -------------------  ----------------------
/opt/airflow/dags/driven_data_pipeline.py                           1           0  0.51s           2025-07-02T21:57:11                      12
================================================================================
[2025-07-02T21:58:06.209+0000] {manager.py:997} INFO - 
================================================================================
DAG File Processing Stats

File Path                                  PID    Runtime      # DAGs    # Errors  Last Runtime    Last Run               Last # of DB Queries
-----------------------------------------  -----  ---------  --------  ----------  --------------  -------------------  ----------------------
/opt/airflow/dags/driven_data_pipeline.py                           1           0  0.43s           2025-07-02T21:57:42                      12
================================================================================
[2025-07-02T21:58:36.509+0000] {manager.py:997} INFO - 
================================================================================
DAG File Processing Stats

File Path                                  PID    Runtime      # DAGs    # Errors  Last Runtime    Last Run               Last # of DB Queries
-----------------------------------------  -----  ---------  --------  ----------  --------------  -------------------  ----------------------
/opt/airflow/dags/driven_data_pipeline.py                           1           0  0.57s           2025-07-02T21:58:13                      12
================================================================================
[2025-07-02T21:59:06.788+0000] {manager.py:997} INFO - 
================================================================================
DAG File Processing Stats

File Path                                  PID    Runtime      # DAGs    # Errors  Last Runtime    Last Run               Last # of DB Queries
-----------------------------------------  -----  ---------  --------  ----------  --------------  -------------------  ----------------------
/opt/airflow/dags/driven_data_pipeline.py                           1           0  0.43s           2025-07-02T21:58:44                      12
================================================================================
[2025-07-02T21:59:37.012+0000] {manager.py:997} INFO - 
================================================================================
DAG File Processing Stats

File Path                                  PID    Runtime      # DAGs    # Errors  Last Runtime    Last Run               Last # of DB Queries
-----------------------------------------  -----  ---------  --------  ----------  --------------  -------------------  ----------------------
/opt/airflow/dags/driven_data_pipeline.py                           1           0  0.45s           2025-07-02T21:59:14                      12
================================================================================
[2025-07-02T21:59:45.104+0000] {manager.py:821} INFO - Searching for files in /opt/airflow/dags
[2025-07-02T21:59:45.135+0000] {manager.py:824} INFO - There are 1 files in /opt/airflow/dags
[2025-07-02T22:00:07.465+0000] {manager.py:997} INFO - 
================================================================================
DAG File Processing Stats

File Path                                  PID    Runtime      # DAGs    # Errors  Last Runtime    Last Run               Last # of DB Queries
-----------------------------------------  -----  ---------  --------  ----------  --------------  -------------------  ----------------------
/opt/airflow/dags/driven_data_pipeline.py                           1           0  1.17s           2025-07-02T21:59:46                      12
================================================================================
[2025-07-02T22:00:37.846+0000] {manager.py:997} INFO - 
================================================================================
DAG File Processing Stats

File Path                                  PID    Runtime      # DAGs    # Errors  Last Runtime    Last Run               Last # of DB Queries
-----------------------------------------  -----  ---------  --------  ----------  --------------  -------------------  ----------------------
/opt/airflow/dags/driven_data_pipeline.py                           1           0  0.43s           2025-07-02T22:00:17                      12
================================================================================
[2025-07-02T22:01:07.946+0000] {manager.py:997} INFO - 
================================================================================
DAG File Processing Stats

File Path                                  PID    Runtime      # DAGs    # Errors  Last Runtime    Last Run               Last # of DB Queries
-----------------------------------------  -----  ---------  --------  ----------  --------------  -------------------  ----------------------
/opt/airflow/dags/driven_data_pipeline.py                           1           0  0.43s           2025-07-02T22:00:47                      12
================================================================================
[2025-07-02T22:01:38.198+0000] {manager.py:997} INFO - 
================================================================================
DAG File Processing Stats

File Path                                  PID    Runtime      # DAGs    # Errors  Last Runtime    Last Run               Last # of DB Queries
-----------------------------------------  -----  ---------  --------  ----------  --------------  -------------------  ----------------------
/opt/airflow/dags/driven_data_pipeline.py                           1           0  0.50s           2025-07-02T22:01:18                      12
================================================================================
[2025-07-02T22:02:08.214+0000] {manager.py:997} INFO - 
================================================================================
DAG File Processing Stats

File Path                                  PID    Runtime      # DAGs    # Errors  Last Runtime    Last Run               Last # of DB Queries
-----------------------------------------  -----  ---------  --------  ----------  --------------  -------------------  ----------------------
/opt/airflow/dags/driven_data_pipeline.py                           1           0  7.28s           2025-07-02T22:01:56                      12
================================================================================
[2025-07-02T22:02:38.642+0000] {manager.py:997} INFO - 
================================================================================
DAG File Processing Stats

File Path                                  PID    Runtime      # DAGs    # Errors  Last Runtime    Last Run               Last # of DB Queries
-----------------------------------------  -----  ---------  --------  ----------  --------------  -------------------  ----------------------
/opt/airflow/dags/driven_data_pipeline.py                           1           0  0.84s           2025-07-02T22:02:27                      12
================================================================================
[2025-07-02T22:03:09.336+0000] {manager.py:997} INFO - 
================================================================================
DAG File Processing Stats

File Path                                  PID    Runtime      # DAGs    # Errors  Last Runtime    Last Run               Last # of DB Queries
-----------------------------------------  -----  ---------  --------  ----------  --------------  -------------------  ----------------------
/opt/airflow/dags/driven_data_pipeline.py                           1           0  0.45s           2025-07-02T22:02:58                      12
================================================================================
[2025-07-02T22:03:39.350+0000] {manager.py:997} INFO - 
================================================================================
DAG File Processing Stats

File Path                                  PID    Runtime      # DAGs    # Errors  Last Runtime    Last Run               Last # of DB Queries
-----------------------------------------  -----  ---------  --------  ----------  --------------  -------------------  ----------------------
/opt/airflow/dags/driven_data_pipeline.py                           1           0  0.70s           2025-07-02T22:03:29                      12
================================================================================
[2025-07-02T22:04:09.673+0000] {manager.py:997} INFO - 
================================================================================
DAG File Processing Stats

File Path                                  PID    Runtime      # DAGs    # Errors  Last Runtime    Last Run               Last # of DB Queries
-----------------------------------------  -----  ---------  --------  ----------  --------------  -------------------  ----------------------
/opt/airflow/dags/driven_data_pipeline.py                           1           0  1.09s           2025-07-02T22:04:00                      12
================================================================================
[2025-07-02T22:04:39.991+0000] {manager.py:997} INFO - 
================================================================================
DAG File Processing Stats

File Path                                  PID    Runtime      # DAGs    # Errors  Last Runtime    Last Run               Last # of DB Queries
-----------------------------------------  -----  ---------  --------  ----------  --------------  -------------------  ----------------------
/opt/airflow/dags/driven_data_pipeline.py                           1           0  0.56s           2025-07-02T22:04:31                      12
================================================================================
[2025-07-02T22:04:45.568+0000] {manager.py:821} INFO - Searching for files in /opt/airflow/dags
[2025-07-02T22:04:45.607+0000] {manager.py:824} INFO - There are 1 files in /opt/airflow/dags
[2025-07-02T22:05:10.261+0000] {manager.py:997} INFO - 
================================================================================
DAG File Processing Stats

File Path                                  PID    Runtime      # DAGs    # Errors  Last Runtime    Last Run               Last # of DB Queries
-----------------------------------------  -----  ---------  --------  ----------  --------------  -------------------  ----------------------
/opt/airflow/dags/driven_data_pipeline.py                           1           0  0.45s           2025-07-02T22:05:02                      12
================================================================================
[2025-07-02T22:05:40.579+0000] {manager.py:997} INFO - 
================================================================================
DAG File Processing Stats

File Path                                  PID    Runtime      # DAGs    # Errors  Last Runtime    Last Run               Last # of DB Queries
-----------------------------------------  -----  ---------  --------  ----------  --------------  -------------------  ----------------------
/opt/airflow/dags/driven_data_pipeline.py                           1           0  0.57s           2025-07-02T22:05:33                      12
================================================================================
[2025-07-02T22:06:10.825+0000] {manager.py:997} INFO - 
================================================================================
DAG File Processing Stats

File Path                                  PID    Runtime      # DAGs    # Errors  Last Runtime    Last Run               Last # of DB Queries
-----------------------------------------  -----  ---------  --------  ----------  --------------  -------------------  ----------------------
/opt/airflow/dags/driven_data_pipeline.py                           1           0  0.43s           2025-07-02T22:06:03                      12
================================================================================
[2025-07-02T22:06:41.094+0000] {manager.py:997} INFO - 
================================================================================
DAG File Processing Stats

File Path                                  PID    Runtime      # DAGs    # Errors  Last Runtime    Last Run               Last # of DB Queries
-----------------------------------------  -----  ---------  --------  ----------  --------------  -------------------  ----------------------
/opt/airflow/dags/driven_data_pipeline.py                           1           0  0.55s           2025-07-02T22:06:34                      12
================================================================================
[2025-07-02T22:07:11.499+0000] {manager.py:997} INFO - 
================================================================================
DAG File Processing Stats

File Path                                  PID    Runtime      # DAGs    # Errors  Last Runtime    Last Run               Last # of DB Queries
-----------------------------------------  -----  ---------  --------  ----------  --------------  -------------------  ----------------------
/opt/airflow/dags/driven_data_pipeline.py                           1           0  0.52s           2025-07-02T22:07:05                      12
================================================================================
[2025-07-02T22:07:41.819+0000] {manager.py:997} INFO - 
================================================================================
DAG File Processing Stats

File Path                                  PID    Runtime      # DAGs    # Errors  Last Runtime    Last Run               Last # of DB Queries
-----------------------------------------  -----  ---------  --------  ----------  --------------  -------------------  ----------------------
/opt/airflow/dags/driven_data_pipeline.py                           1           0  0.55s           2025-07-02T22:07:36                      12
================================================================================
[2025-07-02T22:08:06.015+0000] {manager.py:465} INFO - Exiting gracefully upon receiving signal 15
[2025-07-02T22:25:09.176+0000] {manager.py:483} INFO - Processing files using up to 2 processes at a time 
[2025-07-02T22:25:09.196+0000] {manager.py:484} INFO - Process each file at most once every 30 seconds
[2025-07-02T22:25:09.205+0000] {manager.py:485} INFO - Checking for new files in /opt/airflow/dags every 300 seconds
[2025-07-02T22:25:09.207+0000] {manager.py:821} INFO - Searching for files in /opt/airflow/dags
[2025-07-02T22:25:09.422+0000] {manager.py:824} INFO - There are 1 files in /opt/airflow/dags
[2025-07-02T22:25:11.004+0000] {manager.py:997} INFO - 
================================================================================
DAG File Processing Stats

File Path                                    PID  Runtime      # DAGs    # Errors  Last Runtime    Last Run      Last # of DB Queries
-----------------------------------------  -----  ---------  --------  ----------  --------------  ----------  ----------------------
/opt/airflow/dags/driven_data_pipeline.py     79  0.29s             0           0                                                   0
================================================================================
[2025-07-02T22:25:41.209+0000] {manager.py:997} INFO - 
================================================================================
DAG File Processing Stats

File Path                                  PID    Runtime      # DAGs    # Errors  Last Runtime    Last Run               Last # of DB Queries
-----------------------------------------  -----  ---------  --------  ----------  --------------  -------------------  ----------------------
/opt/airflow/dags/driven_data_pipeline.py                           1           0  9.44s           2025-07-02T22:25:20                      12
================================================================================
[2025-07-02T22:26:11.399+0000] {manager.py:997} INFO - 
================================================================================
DAG File Processing Stats

File Path                                  PID    Runtime      # DAGs    # Errors  Last Runtime    Last Run               Last # of DB Queries
-----------------------------------------  -----  ---------  --------  ----------  --------------  -------------------  ----------------------
/opt/airflow/dags/driven_data_pipeline.py                           1           0  20.55s          2025-07-02T22:26:11                      12
================================================================================
[2025-07-02T22:26:47.390+0000] {manager.py:997} INFO - 
================================================================================
DAG File Processing Stats

File Path                                    PID  Runtime      # DAGs    # Errors  Last Runtime    Last Run               Last # of DB Queries
-----------------------------------------  -----  ---------  --------  ----------  --------------  -------------------  ----------------------
/opt/airflow/dags/driven_data_pipeline.py    107  0.09s             1           0  20.55s          2025-07-02T22:26:11                      12
================================================================================
[2025-07-02T22:27:17.966+0000] {manager.py:997} INFO - 
================================================================================
DAG File Processing Stats

File Path                                    PID  Runtime      # DAGs    # Errors  Last Runtime    Last Run               Last # of DB Queries
-----------------------------------------  -----  ---------  --------  ----------  --------------  -------------------  ----------------------
/opt/airflow/dags/driven_data_pipeline.py    107  30.25s            1           0  20.55s          2025-07-02T22:26:11                      12
================================================================================
[2025-07-02T22:27:49.159+0000] {manager.py:997} INFO - 
================================================================================
DAG File Processing Stats

File Path                                  PID    Runtime      # DAGs    # Errors  Last Runtime    Last Run               Last # of DB Queries
-----------------------------------------  -----  ---------  --------  ----------  --------------  -------------------  ----------------------
/opt/airflow/dags/driven_data_pipeline.py                           0           1  42.36s          2025-07-02T22:27:29                       3
================================================================================
[2025-07-02T22:28:19.784+0000] {manager.py:997} INFO - 
================================================================================
DAG File Processing Stats

File Path                                    PID  Runtime      # DAGs    # Errors  Last Runtime    Last Run               Last # of DB Queries
-----------------------------------------  -----  ---------  --------  ----------  --------------  -------------------  ----------------------
/opt/airflow/dags/driven_data_pipeline.py    121  19.31s            0           1  42.36s          2025-07-02T22:27:29                       3
================================================================================
[2025-07-02T22:28:50.566+0000] {manager.py:997} INFO - 
================================================================================
DAG File Processing Stats

File Path                                    PID  Runtime      # DAGs    # Errors  Last Runtime    Last Run               Last # of DB Queries
-----------------------------------------  -----  ---------  --------  ----------  --------------  -------------------  ----------------------
/opt/airflow/dags/driven_data_pipeline.py    121  50.13s            0           1  42.36s          2025-07-02T22:27:29                       3
================================================================================
[2025-07-02T22:28:50.880+0000] {manager.py:1366} ERROR - Processor for /opt/airflow/dags/driven_data_pipeline.py with PID 121 started at 2025-07-02T22:28:00.156246+00:00 has timed out, killing it.
[2025-07-02T22:29:20.890+0000] {manager.py:997} INFO - 
================================================================================
DAG File Processing Stats

File Path                                  PID    Runtime      # DAGs    # Errors  Last Runtime    Last Run               Last # of DB Queries
-----------------------------------------  -----  ---------  --------  ----------  --------------  -------------------  ----------------------
/opt/airflow/dags/driven_data_pipeline.py                           0           1  50.72s          2025-07-02T22:28:50                       0
================================================================================
[2025-07-02T22:29:50.969+0000] {manager.py:997} INFO - 
================================================================================
DAG File Processing Stats

File Path                                  PID    Runtime      # DAGs    # Errors  Last Runtime    Last Run               Last # of DB Queries
-----------------------------------------  -----  ---------  --------  ----------  --------------  -------------------  ----------------------
/opt/airflow/dags/driven_data_pipeline.py                           1           0  16.16s          2025-07-02T22:29:37                      34
================================================================================
[2025-07-02T22:30:09.259+0000] {manager.py:821} INFO - Searching for files in /opt/airflow/dags
[2025-07-02T22:30:09.459+0000] {manager.py:824} INFO - There are 1 files in /opt/airflow/dags
[2025-07-02T22:30:21.403+0000] {manager.py:997} INFO - 
================================================================================
DAG File Processing Stats

File Path                                    PID  Runtime      # DAGs    # Errors  Last Runtime    Last Run               Last # of DB Queries
-----------------------------------------  -----  ---------  --------  ----------  --------------  -------------------  ----------------------
/opt/airflow/dags/driven_data_pipeline.py    149  12.82s            1           0  16.16s          2025-07-02T22:29:37                      34
================================================================================
[2025-07-02T22:30:51.642+0000] {manager.py:997} INFO - 
================================================================================
DAG File Processing Stats

File Path                                  PID    Runtime      # DAGs    # Errors  Last Runtime    Last Run               Last # of DB Queries
-----------------------------------------  -----  ---------  --------  ----------  --------------  -------------------  ----------------------
/opt/airflow/dags/driven_data_pipeline.py                           1           0  13.77s          2025-07-02T22:30:22                      12
================================================================================
[2025-07-02T22:31:22.224+0000] {manager.py:997} INFO - 
================================================================================
DAG File Processing Stats

File Path                                  PID    Runtime      # DAGs    # Errors  Last Runtime    Last Run               Last # of DB Queries
-----------------------------------------  -----  ---------  --------  ----------  --------------  -------------------  ----------------------
/opt/airflow/dags/driven_data_pipeline.py                           1           0  25.00s          2025-07-02T22:31:17                      12
================================================================================
[2025-07-02T22:31:54.160+0000] {manager.py:997} INFO - 
================================================================================
DAG File Processing Stats

File Path                                    PID  Runtime      # DAGs    # Errors  Last Runtime    Last Run               Last # of DB Queries
-----------------------------------------  -----  ---------  --------  ----------  --------------  -------------------  ----------------------
/opt/airflow/dags/driven_data_pipeline.py    169  3.59s             1           0  25.00s          2025-07-02T22:31:17                      12
================================================================================
[2025-07-02T22:32:24.790+0000] {manager.py:997} INFO - 
================================================================================
DAG File Processing Stats

File Path                                  PID    Runtime      # DAGs    # Errors  Last Runtime    Last Run               Last # of DB Queries
-----------------------------------------  -----  ---------  --------  ----------  --------------  -------------------  ----------------------
/opt/airflow/dags/driven_data_pipeline.py                           1           0  21.60s          2025-07-02T22:32:11                      12
================================================================================
[2025-07-02T22:32:55.556+0000] {manager.py:997} INFO - 
================================================================================
DAG File Processing Stats

File Path                                    PID  Runtime      # DAGs    # Errors  Last Runtime    Last Run               Last # of DB Queries
-----------------------------------------  -----  ---------  --------  ----------  --------------  -------------------  ----------------------
/opt/airflow/dags/driven_data_pipeline.py    183  12.76s            1           0  21.60s          2025-07-02T22:32:11                      12
================================================================================
[2025-07-02T22:33:26.286+0000] {manager.py:997} INFO - 
================================================================================
DAG File Processing Stats

File Path                                  PID    Runtime      # DAGs    # Errors  Last Runtime    Last Run               Last # of DB Queries
-----------------------------------------  -----  ---------  --------  ----------  --------------  -------------------  ----------------------
/opt/airflow/dags/driven_data_pipeline.py                           1           0  32.49s          2025-07-02T22:33:15                      12
================================================================================
[2025-07-02T22:33:56.484+0000] {manager.py:997} INFO - 
================================================================================
DAG File Processing Stats

File Path                                  PID    Runtime      # DAGs    # Errors  Last Runtime    Last Run               Last # of DB Queries
-----------------------------------------  -----  ---------  --------  ----------  --------------  -------------------  ----------------------
/opt/airflow/dags/driven_data_pipeline.py                           1           0  5.62s           2025-07-02T22:33:51                      12
================================================================================
[2025-07-02T22:34:26.663+0000] {manager.py:997} INFO - 
================================================================================
DAG File Processing Stats

File Path                                    PID  Runtime      # DAGs    # Errors  Last Runtime    Last Run               Last # of DB Queries
-----------------------------------------  -----  ---------  --------  ----------  --------------  -------------------  ----------------------
/opt/airflow/dags/driven_data_pipeline.py    207  4.41s             1           0  5.62s           2025-07-02T22:33:51                      12
================================================================================
[2025-07-02T22:35:00.037+0000] {manager.py:997} INFO - 
================================================================================
DAG File Processing Stats

File Path                                  PID    Runtime      # DAGs    # Errors  Last Runtime    Last Run               Last # of DB Queries
-----------------------------------------  -----  ---------  --------  ----------  --------------  -------------------  ----------------------
/opt/airflow/dags/driven_data_pipeline.py                           1           0  8.38s           2025-07-02T22:34:30                      12
================================================================================
[2025-07-02T22:35:10.424+0000] {manager.py:821} INFO - Searching for files in /opt/airflow/dags
[2025-07-02T22:35:13.932+0000] {manager.py:824} INFO - There are 1 files in /opt/airflow/dags
[2025-07-02T22:35:30.242+0000] {manager.py:997} INFO - 
================================================================================
DAG File Processing Stats

File Path                                  PID    Runtime      # DAGs    # Errors  Last Runtime    Last Run               Last # of DB Queries
-----------------------------------------  -----  ---------  --------  ----------  --------------  -------------------  ----------------------
/opt/airflow/dags/driven_data_pipeline.py                           1           0  14.57s          2025-07-02T22:35:15                      12
================================================================================
[2025-07-02T22:36:00.410+0000] {manager.py:997} INFO - 
================================================================================
DAG File Processing Stats

File Path                                  PID    Runtime      # DAGs    # Errors  Last Runtime    Last Run               Last # of DB Queries
-----------------------------------------  -----  ---------  --------  ----------  --------------  -------------------  ----------------------
/opt/airflow/dags/driven_data_pipeline.py                           1           0  11.65s          2025-07-02T22:35:57                      12
================================================================================
[2025-07-02T22:36:30.615+0000] {manager.py:997} INFO - 
================================================================================
DAG File Processing Stats

File Path                                    PID  Runtime      # DAGs    # Errors  Last Runtime    Last Run               Last # of DB Queries
-----------------------------------------  -----  ---------  --------  ----------  --------------  -------------------  ----------------------
/opt/airflow/dags/driven_data_pipeline.py    231  2.43s             1           0  11.65s          2025-07-02T22:35:57                      12
================================================================================
[2025-07-02T22:37:01.988+0000] {manager.py:997} INFO - 
================================================================================
DAG File Processing Stats

File Path                                  PID    Runtime      # DAGs    # Errors  Last Runtime    Last Run               Last # of DB Queries
-----------------------------------------  -----  ---------  --------  ----------  --------------  -------------------  ----------------------
/opt/airflow/dags/driven_data_pipeline.py                           1           0  18.59s          2025-07-02T22:36:46                      12
================================================================================
[2025-07-02T22:37:32.261+0000] {manager.py:997} INFO - 
================================================================================
DAG File Processing Stats

File Path                                  PID    Runtime      # DAGs    # Errors  Last Runtime    Last Run               Last # of DB Queries
-----------------------------------------  -----  ---------  --------  ----------  --------------  -------------------  ----------------------
/opt/airflow/dags/driven_data_pipeline.py                           1           0  12.29s          2025-07-02T22:37:29                      12
================================================================================
[2025-07-02T22:38:02.505+0000] {manager.py:997} INFO - 
================================================================================
DAG File Processing Stats

File Path                                    PID  Runtime      # DAGs    # Errors  Last Runtime    Last Run               Last # of DB Queries
-----------------------------------------  -----  ---------  --------  ----------  --------------  -------------------  ----------------------
/opt/airflow/dags/driven_data_pipeline.py    252  2.79s             1           0  12.29s          2025-07-02T22:37:29                      12
================================================================================
[2025-07-02T22:38:33.118+0000] {manager.py:997} INFO - 
================================================================================
DAG File Processing Stats

File Path                                  PID    Runtime      # DAGs    # Errors  Last Runtime    Last Run               Last # of DB Queries
-----------------------------------------  -----  ---------  --------  ----------  --------------  -------------------  ----------------------
/opt/airflow/dags/driven_data_pipeline.py                           1           0  3.60s           2025-07-02T22:38:03                      12
================================================================================
[2025-07-02T22:39:03.491+0000] {manager.py:997} INFO - 
================================================================================
DAG File Processing Stats

File Path                                  PID    Runtime      # DAGs    # Errors  Last Runtime    Last Run               Last # of DB Queries
-----------------------------------------  -----  ---------  --------  ----------  --------------  -------------------  ----------------------
/opt/airflow/dags/driven_data_pipeline.py                           1           0  1.47s           2025-07-02T22:38:35                      12
================================================================================
[2025-07-02T22:39:33.750+0000] {manager.py:997} INFO - 
================================================================================
DAG File Processing Stats

File Path                                  PID    Runtime      # DAGs    # Errors  Last Runtime    Last Run               Last # of DB Queries
-----------------------------------------  -----  ---------  --------  ----------  --------------  -------------------  ----------------------
/opt/airflow/dags/driven_data_pipeline.py                           1           0  9.79s           2025-07-02T22:39:16                      12
================================================================================
[2025-07-02T22:40:04.899+0000] {manager.py:997} INFO - 
================================================================================
DAG File Processing Stats

File Path                                    PID  Runtime      # DAGs    # Errors  Last Runtime    Last Run               Last # of DB Queries
-----------------------------------------  -----  ---------  --------  ----------  --------------  -------------------  ----------------------
/opt/airflow/dags/driven_data_pipeline.py    281  16.76s            1           0  9.79s           2025-07-02T22:39:16                      12
================================================================================
[2025-07-02T22:40:10.409+0000] {manager.py:821} INFO - Searching for files in /opt/airflow/dags
[2025-07-02T22:40:10.538+0000] {manager.py:824} INFO - There are 1 files in /opt/airflow/dags
[2025-07-02T22:40:36.787+0000] {manager.py:997} INFO - 
================================================================================
DAG File Processing Stats

File Path                                  PID    Runtime      # DAGs    # Errors  Last Runtime    Last Run               Last # of DB Queries
-----------------------------------------  -----  ---------  --------  ----------  --------------  -------------------  ----------------------
/opt/airflow/dags/driven_data_pipeline.py                           1           0  25.81s          2025-07-02T22:40:13                      12
================================================================================
[2025-07-02T22:41:08.307+0000] {manager.py:997} INFO - 
================================================================================
DAG File Processing Stats

File Path                                    PID  Runtime      # DAGs    # Errors  Last Runtime    Last Run               Last # of DB Queries
-----------------------------------------  -----  ---------  --------  ----------  --------------  -------------------  ----------------------
/opt/airflow/dags/driven_data_pipeline.py    296  21.75s            1           0  25.81s          2025-07-02T22:40:13                      12
================================================================================
[2025-07-02T22:41:38.395+0000] {manager.py:997} INFO - 
================================================================================
DAG File Processing Stats

File Path                                  PID    Runtime      # DAGs    # Errors  Last Runtime    Last Run               Last # of DB Queries
-----------------------------------------  -----  ---------  --------  ----------  --------------  -------------------  ----------------------
/opt/airflow/dags/driven_data_pipeline.py                           1           0  12.84s          2025-07-02T22:41:34                      12
================================================================================
[2025-07-02T22:42:08.938+0000] {manager.py:997} INFO - 
================================================================================
DAG File Processing Stats

File Path                                    PID  Runtime      # DAGs    # Errors  Last Runtime    Last Run               Last # of DB Queries
-----------------------------------------  -----  ---------  --------  ----------  --------------  -------------------  ----------------------
/opt/airflow/dags/driven_data_pipeline.py    311  3.85s             1           0  12.84s          2025-07-02T22:41:34                      12
================================================================================
[2025-07-02T22:42:39.332+0000] {manager.py:997} INFO - 
================================================================================
DAG File Processing Stats

File Path                                  PID    Runtime      # DAGs    # Errors  Last Runtime    Last Run               Last # of DB Queries
-----------------------------------------  -----  ---------  --------  ----------  --------------  -------------------  ----------------------
/opt/airflow/dags/driven_data_pipeline.py                           1           0  8.77s           2025-07-02T22:42:13                      12
================================================================================
[2025-07-02T22:43:09.525+0000] {manager.py:997} INFO - 
================================================================================
DAG File Processing Stats

File Path                                  PID    Runtime      # DAGs    # Errors  Last Runtime    Last Run               Last # of DB Queries
-----------------------------------------  -----  ---------  --------  ----------  --------------  -------------------  ----------------------
/opt/airflow/dags/driven_data_pipeline.py                           1           0  9.98s           2025-07-02T22:42:54                      12
================================================================================
[2025-07-02T22:43:43.882+0000] {manager.py:997} INFO - 
================================================================================
DAG File Processing Stats

File Path                                    PID  Runtime      # DAGs    # Errors  Last Runtime    Last Run               Last # of DB Queries
-----------------------------------------  -----  ---------  --------  ----------  --------------  -------------------  ----------------------
/opt/airflow/dags/driven_data_pipeline.py    333  13.73s            1           0  9.98s           2025-07-02T22:42:54                      12
================================================================================
[2025-07-02T22:44:19.480+0000] {manager.py:997} INFO - 
================================================================================
DAG File Processing Stats

File Path                                  PID    Runtime      # DAGs    # Errors  Last Runtime    Last Run               Last # of DB Queries
-----------------------------------------  -----  ---------  --------  ----------  --------------  -------------------  ----------------------
/opt/airflow/dags/driven_data_pipeline.py                           1           0  42.82s          2025-07-02T22:44:08                      12
================================================================================
[2025-07-02T22:44:56.461+0000] {manager.py:997} INFO - 
================================================================================
DAG File Processing Stats

File Path                                    PID  Runtime      # DAGs    # Errors  Last Runtime    Last Run               Last # of DB Queries
-----------------------------------------  -----  ---------  --------  ----------  --------------  -------------------  ----------------------
/opt/airflow/dags/driven_data_pipeline.py    347  8.06s             1           0  42.82s          2025-07-02T22:44:08                      12
================================================================================
[2025-07-02T22:45:10.807+0000] {manager.py:821} INFO - Searching for files in /opt/airflow/dags
[2025-07-02T22:45:12.408+0000] {manager.py:824} INFO - There are 1 files in /opt/airflow/dags
[2025-07-02T22:45:29.655+0000] {manager.py:997} INFO - 
================================================================================
DAG File Processing Stats

File Path                                    PID  Runtime      # DAGs    # Errors  Last Runtime    Last Run               Last # of DB Queries
-----------------------------------------  -----  ---------  --------  ----------  --------------  -------------------  ----------------------
/opt/airflow/dags/driven_data_pipeline.py    347  41.68s            1           0  42.82s          2025-07-02T22:44:08                      12
================================================================================
[2025-07-02T22:45:38.341+0000] {manager.py:1366} ERROR - Processor for /opt/airflow/dags/driven_data_pipeline.py with PID 347 started at 2025-07-02T22:44:47.970776+00:00 has timed out, killing it.
[2025-07-02T22:46:00.363+0000] {manager.py:997} INFO - 
================================================================================
DAG File Processing Stats

File Path                                  PID    Runtime      # DAGs    # Errors  Last Runtime    Last Run               Last # of DB Queries
-----------------------------------------  -----  ---------  --------  ----------  --------------  -------------------  ----------------------
/opt/airflow/dags/driven_data_pipeline.py                           0           1  50.35s          2025-07-02T22:45:38                       0
================================================================================
[2025-07-02T22:46:30.486+0000] {manager.py:997} INFO - 
================================================================================
DAG File Processing Stats

File Path                                  PID    Runtime      # DAGs    # Errors  Last Runtime    Last Run               Last # of DB Queries
-----------------------------------------  -----  ---------  --------  ----------  --------------  -------------------  ----------------------
/opt/airflow/dags/driven_data_pipeline.py                           1           0  9.68s           2025-07-02T22:46:18                      12
================================================================================
[2025-07-02T22:47:01.226+0000] {manager.py:997} INFO - 
================================================================================
DAG File Processing Stats

File Path                                  PID    Runtime      # DAGs    # Errors  Last Runtime    Last Run               Last # of DB Queries
-----------------------------------------  -----  ---------  --------  ----------  --------------  -------------------  ----------------------
/opt/airflow/dags/driven_data_pipeline.py                           1           0  9.29s           2025-07-02T22:46:58                      12
================================================================================
[2025-07-02T22:47:31.300+0000] {manager.py:997} INFO - 
================================================================================
DAG File Processing Stats

File Path                                    PID  Runtime      # DAGs    # Errors  Last Runtime    Last Run               Last # of DB Queries
-----------------------------------------  -----  ---------  --------  ----------  --------------  -------------------  ----------------------
/opt/airflow/dags/driven_data_pipeline.py    382  2.21s             1           0  9.29s           2025-07-02T22:46:58                      12
================================================================================
[2025-07-02T22:48:01.421+0000] {manager.py:997} INFO - 
================================================================================
DAG File Processing Stats

File Path                                  PID    Runtime      # DAGs    # Errors  Last Runtime    Last Run               Last # of DB Queries
-----------------------------------------  -----  ---------  --------  ----------  --------------  -------------------  ----------------------
/opt/airflow/dags/driven_data_pipeline.py                           1           0  5.79s           2025-07-02T22:47:34                      12
================================================================================
[2025-07-02T22:48:31.517+0000] {manager.py:997} INFO - 
================================================================================
DAG File Processing Stats

File Path                                  PID    Runtime      # DAGs    # Errors  Last Runtime    Last Run               Last # of DB Queries
-----------------------------------------  -----  ---------  --------  ----------  --------------  -------------------  ----------------------
/opt/airflow/dags/driven_data_pipeline.py                           1           0  19.96s          2025-07-02T22:48:26                      12
================================================================================
[2025-07-02T22:49:01.809+0000] {manager.py:997} INFO - 
================================================================================
DAG File Processing Stats

File Path                                  PID    Runtime      # DAGs    # Errors  Last Runtime    Last Run               Last # of DB Queries
-----------------------------------------  -----  ---------  --------  ----------  --------------  -------------------  ----------------------
/opt/airflow/dags/driven_data_pipeline.py                           1           0  3.16s           2025-07-02T22:48:59                      12
================================================================================
[2025-07-02T22:49:31.979+0000] {manager.py:997} INFO - 
================================================================================
DAG File Processing Stats

File Path                                    PID  Runtime      # DAGs    # Errors  Last Runtime    Last Run               Last # of DB Queries
-----------------------------------------  -----  ---------  --------  ----------  --------------  -------------------  ----------------------
/opt/airflow/dags/driven_data_pipeline.py    411  0.53s             1           0  3.16s           2025-07-02T22:48:59                      12
================================================================================
[2025-07-02T22:50:03.589+0000] {manager.py:997} INFO - 
================================================================================
DAG File Processing Stats

File Path                                  PID    Runtime      # DAGs    # Errors  Last Runtime    Last Run               Last # of DB Queries
-----------------------------------------  -----  ---------  --------  ----------  --------------  -------------------  ----------------------
/opt/airflow/dags/driven_data_pipeline.py                           1           0  4.67s           2025-07-02T22:49:36                      12
================================================================================
[2025-07-02T22:50:11.696+0000] {manager.py:821} INFO - Searching for files in /opt/airflow/dags
[2025-07-02T22:50:11.900+0000] {manager.py:824} INFO - There are 1 files in /opt/airflow/dags
[2025-07-02T22:50:34.861+0000] {manager.py:997} INFO - 
================================================================================
DAG File Processing Stats

File Path                                    PID  Runtime      # DAGs    # Errors  Last Runtime    Last Run               Last # of DB Queries
-----------------------------------------  -----  ---------  --------  ----------  --------------  -------------------  ----------------------
/opt/airflow/dags/driven_data_pipeline.py    419  27.40s            1           0  4.67s           2025-07-02T22:49:36                      12
================================================================================
[2025-07-02T22:51:00.997+0000] {manager.py:1366} ERROR - Processor for /opt/airflow/dags/driven_data_pipeline.py with PID 419 started at 2025-07-02T22:50:07.206952+00:00 has timed out, killing it.
[2025-07-02T22:51:33.259+0000] {manager.py:997} INFO - 
================================================================================
DAG File Processing Stats

File Path                                  PID    Runtime      # DAGs    # Errors  Last Runtime    Last Run               Last # of DB Queries
-----------------------------------------  -----  ---------  --------  ----------  --------------  -------------------  ----------------------
/opt/airflow/dags/driven_data_pipeline.py                           0           1  53.41s          2025-07-02T22:51:00                       0
================================================================================
[2025-07-02T22:52:12.039+0000] {manager.py:997} INFO - 
================================================================================
DAG File Processing Stats

File Path                                    PID  Runtime      # DAGs    # Errors  Last Runtime    Last Run               Last # of DB Queries
-----------------------------------------  -----  ---------  --------  ----------  --------------  -------------------  ----------------------
/opt/airflow/dags/driven_data_pipeline.py    434  27.97s            0           1  53.41s          2025-07-02T22:51:00                       0
================================================================================
[2025-07-02T22:52:43.339+0000] {manager.py:1366} ERROR - Processor for /opt/airflow/dags/driven_data_pipeline.py with PID 434 started at 2025-07-02T22:51:40.336432+00:00 has timed out, killing it.
[2025-07-02T22:52:50.791+0000] {manager.py:997} INFO - 
================================================================================
DAG File Processing Stats

File Path                                  PID    Runtime      # DAGs    # Errors  Last Runtime    Last Run               Last # of DB Queries
-----------------------------------------  -----  ---------  --------  ----------  --------------  -------------------  ----------------------
/opt/airflow/dags/driven_data_pipeline.py                           0           1  61.96s          2025-07-02T22:52:42                       0
================================================================================
[2025-07-02T22:53:21.128+0000] {manager.py:997} INFO - 
================================================================================
DAG File Processing Stats

File Path                                    PID  Runtime      # DAGs    # Errors  Last Runtime    Last Run               Last # of DB Queries
-----------------------------------------  -----  ---------  --------  ----------  --------------  -------------------  ----------------------
/opt/airflow/dags/driven_data_pipeline.py    447  8.23s             0           1  61.96s          2025-07-02T22:52:42                       0
================================================================================
[2025-07-02T22:53:51.190+0000] {manager.py:997} INFO - 
================================================================================
DAG File Processing Stats

File Path                                  PID    Runtime      # DAGs    # Errors  Last Runtime    Last Run               Last # of DB Queries
-----------------------------------------  -----  ---------  --------  ----------  --------------  -------------------  ----------------------
/opt/airflow/dags/driven_data_pipeline.py                           1           0  28.93s          2025-07-02T22:53:41                      34
================================================================================
[2025-07-02T22:54:38.394+0000] {manager.py:997} INFO - 
================================================================================
DAG File Processing Stats

File Path                                    PID  Runtime      # DAGs    # Errors  Last Runtime    Last Run               Last # of DB Queries
-----------------------------------------  -----  ---------  --------  ----------  --------------  -------------------  ----------------------
/opt/airflow/dags/driven_data_pipeline.py    467  1.85s             1           0  28.93s          2025-07-02T22:53:41                      34
================================================================================
[2025-07-02T22:55:19.730+0000] {manager.py:821} INFO - Searching for files in /opt/airflow/dags
[2025-07-02T22:55:21.062+0000] {manager.py:824} INFO - There are 1 files in /opt/airflow/dags
[2025-07-02T22:55:22.254+0000] {manager.py:997} INFO - 
================================================================================
DAG File Processing Stats

File Path                                    PID  Runtime      # DAGs    # Errors  Last Runtime    Last Run               Last # of DB Queries
-----------------------------------------  -----  ---------  --------  ----------  --------------  -------------------  ----------------------
/opt/airflow/dags/driven_data_pipeline.py    467  46.09s            1           0  28.93s          2025-07-02T22:53:41                      34
================================================================================
[2025-07-02T22:55:53.045+0000] {manager.py:997} INFO - 
================================================================================
DAG File Processing Stats

File Path                                  PID    Runtime      # DAGs    # Errors  Last Runtime    Last Run               Last # of DB Queries
-----------------------------------------  -----  ---------  --------  ----------  --------------  -------------------  ----------------------
/opt/airflow/dags/driven_data_pipeline.py                           0           1  48.53s          2025-07-02T22:55:24                       3
================================================================================
[2025-07-02T22:56:23.807+0000] {manager.py:997} INFO - 
================================================================================
DAG File Processing Stats

File Path                                    PID  Runtime      # DAGs    # Errors  Last Runtime    Last Run               Last # of DB Queries
-----------------------------------------  -----  ---------  --------  ----------  --------------  -------------------  ----------------------
/opt/airflow/dags/driven_data_pipeline.py    480  25.91s            0           1  48.53s          2025-07-02T22:55:24                       3
================================================================================
[2025-07-02T22:56:54.162+0000] {manager.py:997} INFO - 
================================================================================
DAG File Processing Stats

File Path                                  PID    Runtime      # DAGs    # Errors  Last Runtime    Last Run               Last # of DB Queries
-----------------------------------------  -----  ---------  --------  ----------  --------------  -------------------  ----------------------
/opt/airflow/dags/driven_data_pipeline.py                           1           0  27.58s          2025-07-02T22:56:25                      34
================================================================================
[2025-07-02T22:57:23.749+0000] {manager.py:997} INFO - 
================================================================================
DAG File Processing Stats

File Path                                  PID    Runtime      # DAGs    # Errors  Last Runtime    Last Run               Last # of DB Queries
-----------------------------------------  -----  ---------  --------  ----------  --------------  -------------------  ----------------------
/opt/airflow/dags/driven_data_pipeline.py                           1           0  7.24s           2025-07-02T22:57:03                      12
================================================================================
[2025-07-02T22:57:55.940+0000] {manager.py:997} INFO - 
================================================================================
DAG File Processing Stats

File Path                                    PID  Runtime      # DAGs    # Errors  Last Runtime    Last Run               Last # of DB Queries
-----------------------------------------  -----  ---------  --------  ----------  --------------  -------------------  ----------------------
/opt/airflow/dags/driven_data_pipeline.py    496  20.05s            1           0  7.24s           2025-07-02T22:57:03                      12
================================================================================
[2025-07-02T22:58:39.309+0000] {manager.py:1366} ERROR - Processor for /opt/airflow/dags/driven_data_pipeline.py with PID 496 started at 2025-07-02T22:57:34.573641+00:00 has timed out, killing it.
[2025-07-02T22:58:41.882+0000] {manager.py:997} INFO - 
================================================================================
DAG File Processing Stats

File Path                                  PID    Runtime      # DAGs    # Errors  Last Runtime    Last Run               Last # of DB Queries
-----------------------------------------  -----  ---------  --------  ----------  --------------  -------------------  ----------------------
/opt/airflow/dags/driven_data_pipeline.py                           0           1  64.70s          2025-07-02T22:58:39                       0
================================================================================
[2025-07-02T23:01:14.867+0000] {manager.py:997} INFO - 
================================================================================
DAG File Processing Stats

File Path                                  PID    Runtime      # DAGs    # Errors  Last Runtime    Last Run               Last # of DB Queries
-----------------------------------------  -----  ---------  --------  ----------  --------------  -------------------  ----------------------
/opt/airflow/dags/driven_data_pipeline.py                           0           1  64.70s          2025-07-02T22:58:39                       0
================================================================================
