[0m20:45:50.688139 [debug] [MainThread]: Sending event: {'category': 'dbt', 'action': 'invocation', 'label': 'start', 'context': [<snowplow_tracker.self_describing_json.SelfDescribingJson object at 0x7da050608c20>, <snowplow_tracker.self_describing_json.SelfDescribingJson object at 0x7da0500fbbf0>, <snowplow_tracker.self_describing_json.SelfDescribingJson object at 0x7da0519c5490>]}


============================== 20:45:50.763244 | a3708d5f-20c5-477d-8673-de49798dd4be ==============================
[0m20:45:50.763244 [info ] [MainThread]: Running with dbt=1.8.0
[0m20:45:50.764989 [debug] [MainThread]: running dbt with arguments {'printer_width': '80', 'indirect_selection': 'eager', 'write_json': 'True', 'log_cache_events': 'False', 'partial_parse': 'True', 'cache_selected_only': 'False', 'warn_error': 'None', 'debug': 'False', 'fail_fast': 'False', 'log_path': 'logs', 'version_check': 'True', 'profiles_dir': '/opt/airflow/dbt', 'use_colors': 'True', 'use_experimental_parser': 'False', 'no_print': 'None', 'quiet': 'False', 'log_format': 'default', 'invocation_command': 'dbt run --select tag:staging', 'introspect': 'True', 'static_parser': 'True', 'target_path': 'None', 'warn_error_options': 'WarnErrorOptions(include=[], exclude=[])', 'send_anonymous_usage_stats': 'True'}
[0m20:45:50.767190 [error] [MainThread]: Encountered an error:
Runtime Error
  No dbt_project.yml found at expected path /opt/airflow/dbt/dbt_project.yml
  Verify that each entry within packages.yml (and their transitive dependencies) contains a file named dbt_project.yml
  
[0m20:45:50.770038 [debug] [MainThread]: Resource report: {"command_name": "run", "command_wall_clock_time": 0.23938268, "process_user_time": 3.578, "process_kernel_time": 1.034892, "process_mem_max_rss": "108860", "process_in_blocks": "29104", "process_out_blocks": "4056", "command_success": false}
[0m20:45:50.772655 [debug] [MainThread]: Command `dbt run` failed at 20:45:50.772109 after 0.24 seconds
[0m20:45:50.774440 [debug] [MainThread]: Sending event: {'category': 'dbt', 'action': 'invocation', 'label': 'end', 'context': [<snowplow_tracker.self_describing_json.SelfDescribingJson object at 0x7da05014bbc0>, <snowplow_tracker.self_describing_json.SelfDescribingJson object at 0x7da050608e60>, <snowplow_tracker.self_describing_json.SelfDescribingJson object at 0x7da050608c20>]}
[0m20:45:50.775686 [debug] [MainThread]: Flushing usage events
[0m20:46:04.807866 [debug] [MainThread]: Sending event: {'category': 'dbt', 'action': 'invocation', 'label': 'start', 'context': [<snowplow_tracker.self_describing_json.SelfDescribingJson object at 0x71393d8ff950>, <snowplow_tracker.self_describing_json.SelfDescribingJson object at 0x71393eb768d0>, <snowplow_tracker.self_describing_json.SelfDescribingJson object at 0x71393de4d220>]}


============================== 20:46:04.817474 | 3b9a8994-8cf4-4fc6-9b82-c92de411c27d ==============================
[0m20:46:04.817474 [info ] [MainThread]: Running with dbt=1.8.0
[0m20:46:04.819724 [debug] [MainThread]: running dbt with arguments {'printer_width': '80', 'indirect_selection': 'eager', 'log_cache_events': 'False', 'write_json': 'True', 'partial_parse': 'True', 'cache_selected_only': 'False', 'warn_error': 'None', 'debug': 'False', 'version_check': 'True', 'log_path': 'logs', 'fail_fast': 'False', 'profiles_dir': '/opt/airflow/dbt', 'use_colors': 'True', 'use_experimental_parser': 'False', 'no_print': 'None', 'quiet': 'False', 'log_format': 'default', 'invocation_command': 'dbt run --select tag:staging', 'warn_error_options': 'WarnErrorOptions(include=[], exclude=[])', 'static_parser': 'True', 'target_path': 'None', 'introspect': 'True', 'send_anonymous_usage_stats': 'True'}
[0m20:46:04.821621 [error] [MainThread]: Encountered an error:
Runtime Error
  No dbt_project.yml found at expected path /opt/airflow/dbt/dbt_project.yml
  Verify that each entry within packages.yml (and their transitive dependencies) contains a file named dbt_project.yml
  
[0m20:46:04.825012 [debug] [MainThread]: Resource report: {"command_name": "run", "command_wall_clock_time": 0.098787144, "process_user_time": 3.022673, "process_kernel_time": 0.41692, "process_mem_max_rss": "99496", "command_success": false, "process_in_blocks": "0", "process_out_blocks": "0"}
[0m20:46:04.826722 [debug] [MainThread]: Command `dbt run` failed at 20:46:04.826450 after 0.10 seconds
[0m20:46:04.828244 [debug] [MainThread]: Sending event: {'category': 'dbt', 'action': 'invocation', 'label': 'end', 'context': [<snowplow_tracker.self_describing_json.SelfDescribingJson object at 0x71393d8c5d00>, <snowplow_tracker.self_describing_json.SelfDescribingJson object at 0x71393e5402c0>, <snowplow_tracker.self_describing_json.SelfDescribingJson object at 0x71393da41880>]}
[0m20:46:04.829390 [debug] [MainThread]: Flushing usage events
[0m20:46:18.498188 [debug] [MainThread]: Sending event: {'category': 'dbt', 'action': 'invocation', 'label': 'start', 'context': [<snowplow_tracker.self_describing_json.SelfDescribingJson object at 0x7efaa3e62f00>, <snowplow_tracker.self_describing_json.SelfDescribingJson object at 0x7efaa3863290>, <snowplow_tracker.self_describing_json.SelfDescribingJson object at 0x7efaa3e63d70>]}


============================== 20:46:18.511269 | 6ea2374e-01f0-4390-91ca-9feb9c0c1dc5 ==============================
[0m20:46:18.511269 [info ] [MainThread]: Running with dbt=1.8.0
[0m20:46:18.516694 [debug] [MainThread]: running dbt with arguments {'printer_width': '80', 'indirect_selection': 'eager', 'write_json': 'True', 'log_cache_events': 'False', 'partial_parse': 'True', 'cache_selected_only': 'False', 'warn_error': 'None', 'debug': 'False', 'fail_fast': 'False', 'log_path': 'logs', 'profiles_dir': '/opt/airflow/dbt', 'version_check': 'True', 'use_colors': 'True', 'use_experimental_parser': 'False', 'no_print': 'None', 'quiet': 'False', 'warn_error_options': 'WarnErrorOptions(include=[], exclude=[])', 'static_parser': 'True', 'invocation_command': 'dbt run --select tag:staging', 'introspect': 'True', 'target_path': 'None', 'log_format': 'default', 'send_anonymous_usage_stats': 'True'}
[0m20:46:18.520933 [error] [MainThread]: Encountered an error:
Runtime Error
  No dbt_project.yml found at expected path /opt/airflow/dbt/dbt_project.yml
  Verify that each entry within packages.yml (and their transitive dependencies) contains a file named dbt_project.yml
  
[0m20:46:18.529378 [debug] [MainThread]: Resource report: {"command_name": "run", "command_wall_clock_time": 0.14148988, "process_user_time": 3.569585, "process_kernel_time": 0.653207, "process_mem_max_rss": "99596", "process_in_blocks": "216", "command_success": false, "process_out_blocks": "0"}
[0m20:46:18.532675 [debug] [MainThread]: Command `dbt run` failed at 20:46:18.532422 after 0.14 seconds
[0m20:46:18.533911 [debug] [MainThread]: Sending event: {'category': 'dbt', 'action': 'invocation', 'label': 'end', 'context': [<snowplow_tracker.self_describing_json.SelfDescribingJson object at 0x7efaa2f71280>, <snowplow_tracker.self_describing_json.SelfDescribingJson object at 0x7efaa3863290>, <snowplow_tracker.self_describing_json.SelfDescribingJson object at 0x7efaa2fbfe00>]}
[0m20:46:18.536428 [debug] [MainThread]: Flushing usage events
[0m20:46:22.060252 [debug] [MainThread]: Sending event: {'category': 'dbt', 'action': 'invocation', 'label': 'start', 'context': [<snowplow_tracker.self_describing_json.SelfDescribingJson object at 0x74867935c9b0>, <snowplow_tracker.self_describing_json.SelfDescribingJson object at 0x748679fd8290>, <snowplow_tracker.self_describing_json.SelfDescribingJson object at 0x748677916630>]}


============================== 20:46:22.076807 | feeab67d-b394-4d18-b169-58f8b0a62259 ==============================
[0m20:46:22.076807 [info ] [MainThread]: Running with dbt=1.8.0
[0m20:46:22.079472 [debug] [MainThread]: running dbt with arguments {'printer_width': '80', 'indirect_selection': 'eager', 'write_json': 'True', 'log_cache_events': 'False', 'partial_parse': 'True', 'cache_selected_only': 'False', 'profiles_dir': '/opt/airflow/dbt', 'debug': 'False', 'version_check': 'True', 'log_path': 'logs', 'fail_fast': 'False', 'warn_error': 'None', 'use_colors': 'True', 'use_experimental_parser': 'False', 'no_print': 'None', 'quiet': 'False', 'log_format': 'default', 'invocation_command': 'dbt run --select tag:staging', 'introspect': 'True', 'static_parser': 'True', 'target_path': 'None', 'warn_error_options': 'WarnErrorOptions(include=[], exclude=[])', 'send_anonymous_usage_stats': 'True'}
[0m20:46:22.081447 [error] [MainThread]: Encountered an error:
Runtime Error
  No dbt_project.yml found at expected path /opt/airflow/dbt/dbt_project.yml
  Verify that each entry within packages.yml (and their transitive dependencies) contains a file named dbt_project.yml
  
[0m20:46:22.084424 [debug] [MainThread]: Resource report: {"command_name": "run", "command_wall_clock_time": 0.16789678, "process_user_time": 3.472019, "process_kernel_time": 0.392385, "process_mem_max_rss": "99716", "command_success": false, "process_in_blocks": "0", "process_out_blocks": "0"}
[0m20:46:22.086479 [debug] [MainThread]: Command `dbt run` failed at 20:46:22.086132 after 0.17 seconds
[0m20:46:22.087945 [debug] [MainThread]: Sending event: {'category': 'dbt', 'action': 'invocation', 'label': 'end', 'context': [<snowplow_tracker.self_describing_json.SelfDescribingJson object at 0x74867815b3e0>, <snowplow_tracker.self_describing_json.SelfDescribingJson object at 0x7486777c4200>, <snowplow_tracker.self_describing_json.SelfDescribingJson object at 0x74867780d8b0>]}
[0m20:46:22.089392 [debug] [MainThread]: Flushing usage events
[0m20:49:27.282764 [debug] [MainThread]: Sending event: {'category': 'dbt', 'action': 'invocation', 'label': 'start', 'context': [<snowplow_tracker.self_describing_json.SelfDescribingJson object at 0x71a445531d90>, <snowplow_tracker.self_describing_json.SelfDescribingJson object at 0x71a445530200>, <snowplow_tracker.self_describing_json.SelfDescribingJson object at 0x71a4439d1280>]}


============================== 20:49:27.310817 | 57a3f106-cc88-450b-b15f-d0142ab0b51d ==============================
[0m20:49:27.310817 [info ] [MainThread]: Running with dbt=1.8.0
[0m20:49:27.317895 [debug] [MainThread]: running dbt with arguments {'printer_width': '80', 'indirect_selection': 'eager', 'write_json': 'True', 'log_cache_events': 'False', 'partial_parse': 'True', 'cache_selected_only': 'False', 'warn_error': 'None', 'fail_fast': 'False', 'version_check': 'True', 'log_path': 'logs', 'debug': 'False', 'profiles_dir': '/opt/airflow/dbt', 'use_colors': 'True', 'use_experimental_parser': 'False', 'no_print': 'None', 'quiet': 'False', 'warn_error_options': 'WarnErrorOptions(include=[], exclude=[])', 'introspect': 'True', 'static_parser': 'True', 'invocation_command': 'dbt run --select tag:staging', 'target_path': 'None', 'log_format': 'default', 'send_anonymous_usage_stats': 'True'}
[0m20:49:27.319950 [error] [MainThread]: Encountered an error:
Runtime Error
  No dbt_project.yml found at expected path /opt/airflow/dbt/dbt_project.yml
  Verify that each entry within packages.yml (and their transitive dependencies) contains a file named dbt_project.yml
  
[0m20:49:27.322381 [debug] [MainThread]: Resource report: {"command_name": "run", "command_wall_clock_time": 0.16819341, "process_user_time": 3.123314, "process_kernel_time": 0.389926, "process_mem_max_rss": "99652", "command_success": false, "process_in_blocks": "0", "process_out_blocks": "0"}
[0m20:49:27.324402 [debug] [MainThread]: Command `dbt run` failed at 20:49:27.324149 after 0.17 seconds
[0m20:49:27.326224 [debug] [MainThread]: Sending event: {'category': 'dbt', 'action': 'invocation', 'label': 'end', 'context': [<snowplow_tracker.self_describing_json.SelfDescribingJson object at 0x71a443b594f0>, <snowplow_tracker.self_describing_json.SelfDescribingJson object at 0x71a4439d35f0>, <snowplow_tracker.self_describing_json.SelfDescribingJson object at 0x71a4439d1400>]}
[0m20:49:27.328610 [debug] [MainThread]: Flushing usage events
[0m20:49:31.191827 [debug] [MainThread]: Sending event: {'category': 'dbt', 'action': 'invocation', 'label': 'start', 'context': [<snowplow_tracker.self_describing_json.SelfDescribingJson object at 0x788fd4245e50>, <snowplow_tracker.self_describing_json.SelfDescribingJson object at 0x788fd20ab440>, <snowplow_tracker.self_describing_json.SelfDescribingJson object at 0x788fd35b8680>]}


============================== 20:49:31.202266 | 95d6cfd0-5f0a-44ef-8ef9-7d2074ab7e72 ==============================
[0m20:49:31.202266 [info ] [MainThread]: Running with dbt=1.8.0
[0m20:49:31.204443 [debug] [MainThread]: running dbt with arguments {'printer_width': '80', 'indirect_selection': 'eager', 'write_json': 'True', 'log_cache_events': 'False', 'partial_parse': 'True', 'cache_selected_only': 'False', 'profiles_dir': '/opt/airflow/dbt', 'version_check': 'True', 'debug': 'False', 'log_path': 'logs', 'fail_fast': 'False', 'warn_error': 'None', 'use_colors': 'True', 'use_experimental_parser': 'False', 'no_print': 'None', 'quiet': 'False', 'log_format': 'default', 'introspect': 'True', 'warn_error_options': 'WarnErrorOptions(include=[], exclude=[])', 'static_parser': 'True', 'target_path': 'None', 'invocation_command': 'dbt run --select tag:staging', 'send_anonymous_usage_stats': 'True'}
[0m20:49:31.206343 [error] [MainThread]: Encountered an error:
Runtime Error
  No dbt_project.yml found at expected path /opt/airflow/dbt/dbt_project.yml
  Verify that each entry within packages.yml (and their transitive dependencies) contains a file named dbt_project.yml
  
[0m20:49:31.208693 [debug] [MainThread]: Resource report: {"command_name": "run", "command_wall_clock_time": 0.112543054, "process_user_time": 3.102127, "process_kernel_time": 0.654893, "process_mem_max_rss": "99592", "process_in_blocks": "8", "command_success": false, "process_out_blocks": "0"}
[0m20:49:31.210889 [debug] [MainThread]: Command `dbt run` failed at 20:49:31.210660 after 0.11 seconds
[0m20:49:31.211990 [debug] [MainThread]: Sending event: {'category': 'dbt', 'action': 'invocation', 'label': 'end', 'context': [<snowplow_tracker.self_describing_json.SelfDescribingJson object at 0x788fd22d30b0>, <snowplow_tracker.self_describing_json.SelfDescribingJson object at 0x788fd25ca000>, <snowplow_tracker.self_describing_json.SelfDescribingJson object at 0x788fd4245e50>]}
[0m20:49:31.213969 [debug] [MainThread]: Flushing usage events
[0m20:49:35.305326 [debug] [MainThread]: Sending event: {'category': 'dbt', 'action': 'invocation', 'label': 'start', 'context': [<snowplow_tracker.self_describing_json.SelfDescribingJson object at 0x78f96ef82900>, <snowplow_tracker.self_describing_json.SelfDescribingJson object at 0x78f96f3d3e00>, <snowplow_tracker.self_describing_json.SelfDescribingJson object at 0x78f96ef833e0>]}


============================== 20:49:35.315597 | 9c1a7645-ef6d-4fe1-9460-662a07194054 ==============================
[0m20:49:35.315597 [info ] [MainThread]: Running with dbt=1.8.0
[0m20:49:35.318500 [debug] [MainThread]: running dbt with arguments {'printer_width': '80', 'indirect_selection': 'eager', 'log_cache_events': 'False', 'write_json': 'True', 'partial_parse': 'True', 'cache_selected_only': 'False', 'warn_error': 'None', 'debug': 'False', 'version_check': 'True', 'log_path': 'logs', 'profiles_dir': '/opt/airflow/dbt', 'fail_fast': 'False', 'use_colors': 'True', 'use_experimental_parser': 'False', 'no_print': 'None', 'quiet': 'False', 'log_format': 'default', 'invocation_command': 'dbt run --select tag:staging', 'warn_error_options': 'WarnErrorOptions(include=[], exclude=[])', 'static_parser': 'True', 'target_path': 'None', 'introspect': 'True', 'send_anonymous_usage_stats': 'True'}
[0m20:49:35.321986 [error] [MainThread]: Encountered an error:
Runtime Error
  No dbt_project.yml found at expected path /opt/airflow/dbt/dbt_project.yml
  Verify that each entry within packages.yml (and their transitive dependencies) contains a file named dbt_project.yml
  
[0m20:49:35.325765 [debug] [MainThread]: Resource report: {"command_name": "run", "command_wall_clock_time": 0.14541717, "process_user_time": 3.113992, "process_kernel_time": 0.447077, "process_mem_max_rss": "99548", "process_in_blocks": "80", "command_success": false, "process_out_blocks": "0"}
[0m20:49:35.331558 [debug] [MainThread]: Command `dbt run` failed at 20:49:35.331304 after 0.15 seconds
[0m20:49:35.333715 [debug] [MainThread]: Sending event: {'category': 'dbt', 'action': 'invocation', 'label': 'end', 'context': [<snowplow_tracker.self_describing_json.SelfDescribingJson object at 0x78f96f79f4a0>, <snowplow_tracker.self_describing_json.SelfDescribingJson object at 0x78f96f3d3e00>, <snowplow_tracker.self_describing_json.SelfDescribingJson object at 0x78f97177b6b0>]}
[0m20:49:35.335953 [debug] [MainThread]: Flushing usage events
[0m20:49:38.357852 [debug] [MainThread]: Sending event: {'category': 'dbt', 'action': 'invocation', 'label': 'start', 'context': [<snowplow_tracker.self_describing_json.SelfDescribingJson object at 0x702fe3fc9190>, <snowplow_tracker.self_describing_json.SelfDescribingJson object at 0x702fe4d2cc20>, <snowplow_tracker.self_describing_json.SelfDescribingJson object at 0x702fe43a3140>]}


============================== 20:49:38.368586 | 1593b80d-9781-4c91-b6ad-40d476e65b8e ==============================
[0m20:49:38.368586 [info ] [MainThread]: Running with dbt=1.8.0
[0m20:49:38.371091 [debug] [MainThread]: running dbt with arguments {'printer_width': '80', 'indirect_selection': 'eager', 'write_json': 'True', 'log_cache_events': 'False', 'partial_parse': 'True', 'cache_selected_only': 'False', 'profiles_dir': '/opt/airflow/dbt', 'debug': 'False', 'version_check': 'True', 'log_path': 'logs', 'fail_fast': 'False', 'warn_error': 'None', 'use_colors': 'True', 'use_experimental_parser': 'False', 'no_print': 'None', 'quiet': 'False', 'log_format': 'default', 'introspect': 'True', 'static_parser': 'True', 'invocation_command': 'dbt run --select tag:staging', 'target_path': 'None', 'warn_error_options': 'WarnErrorOptions(include=[], exclude=[])', 'send_anonymous_usage_stats': 'True'}
[0m20:49:38.372824 [error] [MainThread]: Encountered an error:
Runtime Error
  No dbt_project.yml found at expected path /opt/airflow/dbt/dbt_project.yml
  Verify that each entry within packages.yml (and their transitive dependencies) contains a file named dbt_project.yml
  
[0m20:49:38.375227 [debug] [MainThread]: Resource report: {"command_name": "run", "command_wall_clock_time": 0.12768838, "process_user_time": 3.07794, "process_kernel_time": 0.496064, "process_mem_max_rss": "99456", "command_success": false, "process_in_blocks": "0", "process_out_blocks": "0"}
[0m20:49:38.378080 [debug] [MainThread]: Command `dbt run` failed at 20:49:38.377320 after 0.13 seconds
[0m20:49:38.379574 [debug] [MainThread]: Sending event: {'category': 'dbt', 'action': 'invocation', 'label': 'end', 'context': [<snowplow_tracker.self_describing_json.SelfDescribingJson object at 0x702fe47fe420>, <snowplow_tracker.self_describing_json.SelfDescribingJson object at 0x702fe4d2cc20>, <snowplow_tracker.self_describing_json.SelfDescribingJson object at 0x702fe4bfc2c0>]}
[0m20:49:38.380651 [debug] [MainThread]: Flushing usage events
[0m20:50:03.744824 [debug] [MainThread]: Sending event: {'category': 'dbt', 'action': 'invocation', 'label': 'start', 'context': [<snowplow_tracker.self_describing_json.SelfDescribingJson object at 0x7592f460cfe0>, <snowplow_tracker.self_describing_json.SelfDescribingJson object at 0x7592f51d1430>, <snowplow_tracker.self_describing_json.SelfDescribingJson object at 0x7592f68e1f40>]}


============================== 20:50:03.777069 | 1754da8f-4589-4cd9-906a-2b39e537cb98 ==============================
[0m20:50:03.777069 [info ] [MainThread]: Running with dbt=1.8.0
[0m20:50:03.780953 [debug] [MainThread]: running dbt with arguments {'printer_width': '80', 'indirect_selection': 'eager', 'log_cache_events': 'False', 'write_json': 'True', 'partial_parse': 'True', 'cache_selected_only': 'False', 'warn_error': 'None', 'debug': 'False', 'fail_fast': 'False', 'log_path': 'logs', 'version_check': 'True', 'profiles_dir': '/opt/airflow/dbt', 'use_colors': 'True', 'use_experimental_parser': 'False', 'no_print': 'None', 'quiet': 'False', 'warn_error_options': 'WarnErrorOptions(include=[], exclude=[])', 'invocation_command': 'dbt run --select tag:staging', 'log_format': 'default', 'introspect': 'True', 'target_path': 'None', 'static_parser': 'True', 'send_anonymous_usage_stats': 'True'}
[0m20:50:03.782749 [error] [MainThread]: Encountered an error:
Runtime Error
  No dbt_project.yml found at expected path /opt/airflow/dbt/dbt_project.yml
  Verify that each entry within packages.yml (and their transitive dependencies) contains a file named dbt_project.yml
  
[0m20:50:03.789626 [debug] [MainThread]: Resource report: {"command_name": "run", "command_wall_clock_time": 0.22424854, "process_user_time": 3.299987, "process_kernel_time": 0.391655, "process_mem_max_rss": "99608", "command_success": false, "process_in_blocks": "0", "process_out_blocks": "0"}
[0m20:50:03.797355 [debug] [MainThread]: Command `dbt run` failed at 20:50:03.797051 after 0.23 seconds
[0m20:50:03.798505 [debug] [MainThread]: Sending event: {'category': 'dbt', 'action': 'invocation', 'label': 'end', 'context': [<snowplow_tracker.self_describing_json.SelfDescribingJson object at 0x7592f52f1be0>, <snowplow_tracker.self_describing_json.SelfDescribingJson object at 0x7592f6e7a0f0>, <snowplow_tracker.self_describing_json.SelfDescribingJson object at 0x7592f49cbb60>]}
[0m20:50:03.801425 [debug] [MainThread]: Flushing usage events
[0m20:50:17.530058 [debug] [MainThread]: Sending event: {'category': 'dbt', 'action': 'invocation', 'label': 'start', 'context': [<snowplow_tracker.self_describing_json.SelfDescribingJson object at 0x7acbefcf0500>, <snowplow_tracker.self_describing_json.SelfDescribingJson object at 0x7acbee1857c0>, <snowplow_tracker.self_describing_json.SelfDescribingJson object at 0x7acbeec2a9f0>]}


============================== 20:50:17.544754 | 1d665e24-2ed3-46f3-a6f2-7f92a95ff727 ==============================
[0m20:50:17.544754 [info ] [MainThread]: Running with dbt=1.8.0
[0m20:50:17.549216 [debug] [MainThread]: running dbt with arguments {'printer_width': '80', 'indirect_selection': 'eager', 'log_cache_events': 'False', 'write_json': 'True', 'partial_parse': 'True', 'cache_selected_only': 'False', 'profiles_dir': '/opt/airflow/dbt', 'fail_fast': 'False', 'warn_error': 'None', 'log_path': 'logs', 'version_check': 'True', 'debug': 'False', 'use_colors': 'True', 'use_experimental_parser': 'False', 'no_print': 'None', 'quiet': 'False', 'warn_error_options': 'WarnErrorOptions(include=[], exclude=[])', 'static_parser': 'True', 'invocation_command': 'dbt run --select tag:staging', 'introspect': 'True', 'target_path': 'None', 'log_format': 'default', 'send_anonymous_usage_stats': 'True'}
[0m20:50:17.553537 [error] [MainThread]: Encountered an error:
Runtime Error
  No dbt_project.yml found at expected path /opt/airflow/dbt/dbt_project.yml
  Verify that each entry within packages.yml (and their transitive dependencies) contains a file named dbt_project.yml
  
[0m20:50:17.564153 [debug] [MainThread]: Resource report: {"command_name": "run", "command_wall_clock_time": 0.14492379, "process_user_time": 3.204273, "process_kernel_time": 0.326966, "process_mem_max_rss": "99616", "process_in_blocks": "8", "command_success": false, "process_out_blocks": "0"}
[0m20:50:17.570537 [debug] [MainThread]: Command `dbt run` failed at 20:50:17.570209 after 0.15 seconds
[0m20:50:17.576330 [debug] [MainThread]: Sending event: {'category': 'dbt', 'action': 'invocation', 'label': 'end', 'context': [<snowplow_tracker.self_describing_json.SelfDescribingJson object at 0x7acbee5a1e20>, <snowplow_tracker.self_describing_json.SelfDescribingJson object at 0x7acbf1d83110>, <snowplow_tracker.self_describing_json.SelfDescribingJson object at 0x7acbf1d830e0>]}
[0m20:50:17.578754 [debug] [MainThread]: Flushing usage events
[0m21:13:12.704051 [debug] [MainThread]: Sending event: {'category': 'dbt', 'action': 'invocation', 'label': 'start', 'context': [<snowplow_tracker.self_describing_json.SelfDescribingJson object at 0x74609b3f2630>, <snowplow_tracker.self_describing_json.SelfDescribingJson object at 0x74609aff93a0>, <snowplow_tracker.self_describing_json.SelfDescribingJson object at 0x74609b0198e0>]}


============================== 21:13:12.747603 | 46839034-0c7c-4cea-bb5c-d030db3cb2ce ==============================
[0m21:13:12.747603 [info ] [MainThread]: Running with dbt=1.8.0
[0m21:13:12.751899 [debug] [MainThread]: running dbt with arguments {'printer_width': '80', 'indirect_selection': 'eager', 'write_json': 'True', 'log_cache_events': 'False', 'partial_parse': 'True', 'cache_selected_only': 'False', 'profiles_dir': '/opt/airflow/dbt', 'fail_fast': 'False', 'warn_error': 'None', 'log_path': 'logs', 'debug': 'False', 'version_check': 'True', 'use_colors': 'True', 'use_experimental_parser': 'False', 'no_print': 'None', 'quiet': 'False', 'log_format': 'default', 'invocation_command': 'dbt run --select tag:staging', 'warn_error_options': 'WarnErrorOptions(include=[], exclude=[])', 'introspect': 'True', 'target_path': 'None', 'static_parser': 'True', 'send_anonymous_usage_stats': 'True'}
[0m21:13:12.758226 [error] [MainThread]: Encountered an error:
Runtime Error
  No dbt_project.yml found at expected path /opt/airflow/dbt/dbt_project.yml
  Verify that each entry within packages.yml (and their transitive dependencies) contains a file named dbt_project.yml
  
[0m21:13:12.765578 [debug] [MainThread]: Resource report: {"command_name": "run", "command_wall_clock_time": 0.20999411, "process_user_time": 3.54651, "process_kernel_time": 1.006289, "process_mem_max_rss": "99624", "command_success": false, "process_in_blocks": "0", "process_out_blocks": "0"}
[0m21:13:12.775177 [debug] [MainThread]: Command `dbt run` failed at 21:13:12.774916 after 0.22 seconds
[0m21:13:12.777305 [debug] [MainThread]: Sending event: {'category': 'dbt', 'action': 'invocation', 'label': 'end', 'context': [<snowplow_tracker.self_describing_json.SelfDescribingJson object at 0x74609b2d6900>, <snowplow_tracker.self_describing_json.SelfDescribingJson object at 0x74609b30fe00>, <snowplow_tracker.self_describing_json.SelfDescribingJson object at 0x74609afd3b90>]}
[0m21:13:12.778652 [debug] [MainThread]: Flushing usage events
[0m21:13:30.683226 [debug] [MainThread]: Sending event: {'category': 'dbt', 'action': 'invocation', 'label': 'start', 'context': [<snowplow_tracker.self_describing_json.SelfDescribingJson object at 0x7352bd9c9e80>, <snowplow_tracker.self_describing_json.SelfDescribingJson object at 0x7352bb575dc0>, <snowplow_tracker.self_describing_json.SelfDescribingJson object at 0x7352bb268e00>]}


============================== 21:13:30.693688 | 18e252ba-d103-4084-8e70-2c21b41fcac9 ==============================
[0m21:13:30.693688 [info ] [MainThread]: Running with dbt=1.8.0
[0m21:13:30.695858 [debug] [MainThread]: running dbt with arguments {'printer_width': '80', 'indirect_selection': 'eager', 'log_cache_events': 'False', 'write_json': 'True', 'partial_parse': 'True', 'cache_selected_only': 'False', 'warn_error': 'None', 'fail_fast': 'False', 'version_check': 'True', 'log_path': 'logs', 'debug': 'False', 'profiles_dir': '/opt/airflow/dbt', 'use_colors': 'True', 'use_experimental_parser': 'False', 'no_print': 'None', 'quiet': 'False', 'log_format': 'default', 'static_parser': 'True', 'introspect': 'True', 'warn_error_options': 'WarnErrorOptions(include=[], exclude=[])', 'target_path': 'None', 'invocation_command': 'dbt run --select tag:staging', 'send_anonymous_usage_stats': 'True'}
[0m21:13:30.698392 [error] [MainThread]: Encountered an error:
Runtime Error
  No dbt_project.yml found at expected path /opt/airflow/dbt/dbt_project.yml
  Verify that each entry within packages.yml (and their transitive dependencies) contains a file named dbt_project.yml
  
[0m21:13:30.700924 [debug] [MainThread]: Resource report: {"command_name": "run", "command_wall_clock_time": 0.097694464, "process_user_time": 2.653082, "process_kernel_time": 0.301486, "process_mem_max_rss": "99520", "process_in_blocks": "688", "command_success": false, "process_out_blocks": "0"}
[0m21:13:30.702614 [debug] [MainThread]: Command `dbt run` failed at 21:13:30.702312 after 0.10 seconds
[0m21:13:30.703983 [debug] [MainThread]: Sending event: {'category': 'dbt', 'action': 'invocation', 'label': 'end', 'context': [<snowplow_tracker.self_describing_json.SelfDescribingJson object at 0x7352bc81b1a0>, <snowplow_tracker.self_describing_json.SelfDescribingJson object at 0x7352bbb13260>, <snowplow_tracker.self_describing_json.SelfDescribingJson object at 0x7352bb2b1a00>]}
[0m21:13:30.705671 [debug] [MainThread]: Flushing usage events
[0m21:16:46.728642 [debug] [MainThread]: Sending event: {'category': 'dbt', 'action': 'invocation', 'label': 'start', 'context': [<snowplow_tracker.self_describing_json.SelfDescribingJson object at 0x7f904a9f2630>, <snowplow_tracker.self_describing_json.SelfDescribingJson object at 0x7f904a8cae10>, <snowplow_tracker.self_describing_json.SelfDescribingJson object at 0x7f904a6ed310>]}


============================== 21:16:46.752099 | 74483e16-8e55-4e65-af49-7b102d753f18 ==============================
[0m21:16:46.752099 [info ] [MainThread]: Running with dbt=1.8.0
[0m21:16:46.757021 [debug] [MainThread]: running dbt with arguments {'printer_width': '80', 'indirect_selection': 'eager', 'log_cache_events': 'False', 'write_json': 'True', 'partial_parse': 'True', 'cache_selected_only': 'False', 'profiles_dir': '/opt/airflow/dbt', 'debug': 'False', 'warn_error': 'None', 'log_path': 'logs', 'version_check': 'True', 'fail_fast': 'False', 'use_colors': 'True', 'use_experimental_parser': 'False', 'no_print': 'None', 'quiet': 'False', 'log_format': 'default', 'invocation_command': 'dbt run --select tag:staging', 'static_parser': 'True', 'introspect': 'True', 'target_path': 'None', 'warn_error_options': 'WarnErrorOptions(include=[], exclude=[])', 'send_anonymous_usage_stats': 'True'}
[0m21:16:46.763968 [error] [MainThread]: Encountered an error:
Runtime Error
  No dbt_project.yml found at expected path /opt/airflow/dbt/dbt_project.yml
  Verify that each entry within packages.yml (and their transitive dependencies) contains a file named dbt_project.yml
  
[0m21:16:46.766027 [debug] [MainThread]: Resource report: {"command_name": "run", "command_wall_clock_time": 0.3175157, "process_user_time": 3.711566, "process_kernel_time": 0.568057, "process_mem_max_rss": "99548", "command_success": false, "process_in_blocks": "0", "process_out_blocks": "0"}
[0m21:16:46.767699 [debug] [MainThread]: Command `dbt run` failed at 21:16:46.767432 after 0.32 seconds
[0m21:16:46.769034 [debug] [MainThread]: Sending event: {'category': 'dbt', 'action': 'invocation', 'label': 'end', 'context': [<snowplow_tracker.self_describing_json.SelfDescribingJson object at 0x7f904a8cae10>, <snowplow_tracker.self_describing_json.SelfDescribingJson object at 0x7f904e13bfe0>, <snowplow_tracker.self_describing_json.SelfDescribingJson object at 0x7f904a89ff20>]}
[0m21:16:46.771134 [debug] [MainThread]: Flushing usage events
[0m21:17:04.782217 [debug] [MainThread]: Sending event: {'category': 'dbt', 'action': 'invocation', 'label': 'start', 'context': [<snowplow_tracker.self_describing_json.SelfDescribingJson object at 0x7796fdc8caa0>, <snowplow_tracker.self_describing_json.SelfDescribingJson object at 0x7796fd171370>, <snowplow_tracker.self_describing_json.SelfDescribingJson object at 0x7796fec37620>]}


============================== 21:17:04.797156 | 8aa31f12-c410-441c-a365-911bd38fa2c2 ==============================
[0m21:17:04.797156 [info ] [MainThread]: Running with dbt=1.8.0
[0m21:17:04.799028 [debug] [MainThread]: running dbt with arguments {'printer_width': '80', 'indirect_selection': 'eager', 'write_json': 'True', 'log_cache_events': 'False', 'partial_parse': 'True', 'cache_selected_only': 'False', 'warn_error': 'None', 'debug': 'False', 'fail_fast': 'False', 'log_path': 'logs', 'version_check': 'True', 'profiles_dir': '/opt/airflow/dbt', 'use_colors': 'True', 'use_experimental_parser': 'False', 'no_print': 'None', 'quiet': 'False', 'log_format': 'default', 'invocation_command': 'dbt run --select tag:staging', 'static_parser': 'True', 'warn_error_options': 'WarnErrorOptions(include=[], exclude=[])', 'target_path': 'None', 'introspect': 'True', 'send_anonymous_usage_stats': 'True'}
[0m21:17:04.800595 [error] [MainThread]: Encountered an error:
Runtime Error
  No dbt_project.yml found at expected path /opt/airflow/dbt/dbt_project.yml
  Verify that each entry within packages.yml (and their transitive dependencies) contains a file named dbt_project.yml
  
[0m21:17:04.802366 [debug] [MainThread]: Resource report: {"command_name": "run", "command_wall_clock_time": 0.10726172, "process_user_time": 3.171985, "process_kernel_time": 0.428753, "process_mem_max_rss": "99620", "process_in_blocks": "320", "command_success": false, "process_out_blocks": "0"}
[0m21:17:04.803589 [debug] [MainThread]: Command `dbt run` failed at 21:17:04.803386 after 0.11 seconds
[0m21:17:04.804711 [debug] [MainThread]: Sending event: {'category': 'dbt', 'action': 'invocation', 'label': 'end', 'context': [<snowplow_tracker.self_describing_json.SelfDescribingJson object at 0x7796fc9a0bc0>, <snowplow_tracker.self_describing_json.SelfDescribingJson object at 0x77970096b0b0>, <snowplow_tracker.self_describing_json.SelfDescribingJson object at 0x77970096b0e0>]}
[0m21:17:04.806455 [debug] [MainThread]: Flushing usage events
[0m21:18:44.723007 [debug] [MainThread]: Sending event: {'category': 'dbt', 'action': 'invocation', 'label': 'start', 'context': [<snowplow_tracker.self_describing_json.SelfDescribingJson object at 0x7a02bb84bc20>, <snowplow_tracker.self_describing_json.SelfDescribingJson object at 0x7a02bc06da30>, <snowplow_tracker.self_describing_json.SelfDescribingJson object at 0x7a02bbc23f20>]}


============================== 21:18:44.769941 | e34bb40c-7564-4d44-94da-b470a68c0e82 ==============================
[0m21:18:44.769941 [info ] [MainThread]: Running with dbt=1.8.0
[0m21:18:44.771903 [debug] [MainThread]: running dbt with arguments {'printer_width': '80', 'indirect_selection': 'eager', 'write_json': 'True', 'log_cache_events': 'False', 'partial_parse': 'True', 'cache_selected_only': 'False', 'warn_error': 'None', 'debug': 'False', 'profiles_dir': '/opt/airflow/dbt', 'log_path': 'logs', 'version_check': 'True', 'fail_fast': 'False', 'use_colors': 'True', 'use_experimental_parser': 'False', 'no_print': 'None', 'quiet': 'False', 'log_format': 'default', 'introspect': 'True', 'static_parser': 'True', 'warn_error_options': 'WarnErrorOptions(include=[], exclude=[])', 'target_path': 'None', 'invocation_command': 'dbt run --select tag:staging', 'send_anonymous_usage_stats': 'True'}
[0m21:18:44.789577 [error] [MainThread]: Encountered an error:
Runtime Error
  No dbt_project.yml found at expected path /opt/airflow/dbt/dbt_project.yml
  Verify that each entry within packages.yml (and their transitive dependencies) contains a file named dbt_project.yml
  
[0m21:18:44.791871 [debug] [MainThread]: Resource report: {"command_name": "run", "command_wall_clock_time": 0.24964693, "process_user_time": 3.320964, "process_kernel_time": 0.361145, "process_mem_max_rss": "99644", "command_success": false, "process_in_blocks": "0", "process_out_blocks": "0"}
[0m21:18:44.797494 [debug] [MainThread]: Command `dbt run` failed at 21:18:44.797143 after 0.26 seconds
[0m21:18:44.807143 [debug] [MainThread]: Sending event: {'category': 'dbt', 'action': 'invocation', 'label': 'end', 'context': [<snowplow_tracker.self_describing_json.SelfDescribingJson object at 0x7a02bbb24140>, <snowplow_tracker.self_describing_json.SelfDescribingJson object at 0x7a02bb7c8e00>, <snowplow_tracker.self_describing_json.SelfDescribingJson object at 0x7a02bbf3cda0>]}
[0m21:18:44.809102 [debug] [MainThread]: Flushing usage events
[0m21:18:59.771930 [debug] [MainThread]: Sending event: {'category': 'dbt', 'action': 'invocation', 'label': 'start', 'context': [<snowplow_tracker.self_describing_json.SelfDescribingJson object at 0x725a8f909d60>, <snowplow_tracker.self_describing_json.SelfDescribingJson object at 0x725a8f32cda0>, <snowplow_tracker.self_describing_json.SelfDescribingJson object at 0x725a8f94cc80>]}


============================== 21:18:59.790900 | b3bf16aa-d9ba-4bf7-9439-d34c40a8f453 ==============================
[0m21:18:59.790900 [info ] [MainThread]: Running with dbt=1.8.0
[0m21:18:59.795554 [debug] [MainThread]: running dbt with arguments {'printer_width': '80', 'indirect_selection': 'eager', 'write_json': 'True', 'log_cache_events': 'False', 'partial_parse': 'True', 'cache_selected_only': 'False', 'profiles_dir': '/opt/airflow/dbt', 'version_check': 'True', 'debug': 'False', 'log_path': 'logs', 'fail_fast': 'False', 'warn_error': 'None', 'use_colors': 'True', 'use_experimental_parser': 'False', 'no_print': 'None', 'quiet': 'False', 'log_format': 'default', 'static_parser': 'True', 'introspect': 'True', 'invocation_command': 'dbt run --select tag:staging', 'target_path': 'None', 'warn_error_options': 'WarnErrorOptions(include=[], exclude=[])', 'send_anonymous_usage_stats': 'True'}
[0m21:18:59.797835 [error] [MainThread]: Encountered an error:
Runtime Error
  No dbt_project.yml found at expected path /opt/airflow/dbt/dbt_project.yml
  Verify that each entry within packages.yml (and their transitive dependencies) contains a file named dbt_project.yml
  
[0m21:18:59.800706 [debug] [MainThread]: Resource report: {"command_name": "run", "command_wall_clock_time": 0.1360173, "process_user_time": 3.126782, "process_kernel_time": 0.447776, "process_mem_max_rss": "99704", "process_in_blocks": "536", "command_success": false, "process_out_blocks": "0"}
[0m21:18:59.804422 [debug] [MainThread]: Command `dbt run` failed at 21:18:59.802956 after 0.14 seconds
[0m21:18:59.805575 [debug] [MainThread]: Sending event: {'category': 'dbt', 'action': 'invocation', 'label': 'end', 'context': [<snowplow_tracker.self_describing_json.SelfDescribingJson object at 0x725a8f2c8cb0>, <snowplow_tracker.self_describing_json.SelfDescribingJson object at 0x725a8ed07110>, <snowplow_tracker.self_describing_json.SelfDescribingJson object at 0x725a8ed069f0>]}
[0m21:18:59.806594 [debug] [MainThread]: Flushing usage events
[0m21:26:20.785398 [debug] [MainThread]: Sending event: {'category': 'dbt', 'action': 'invocation', 'label': 'start', 'context': [<snowplow_tracker.self_describing_json.SelfDescribingJson object at 0x759abf1eccb0>, <snowplow_tracker.self_describing_json.SelfDescribingJson object at 0x759abf1ecc20>, <snowplow_tracker.self_describing_json.SelfDescribingJson object at 0x759abeebce60>]}


============================== 21:26:20.867595 | fa3f7507-f0df-4b88-8121-d4496ba49839 ==============================
[0m21:26:20.867595 [info ] [MainThread]: Running with dbt=1.8.0
[0m21:26:20.869874 [debug] [MainThread]: running dbt with arguments {'printer_width': '80', 'indirect_selection': 'eager', 'log_cache_events': 'False', 'write_json': 'True', 'partial_parse': 'True', 'cache_selected_only': 'False', 'profiles_dir': '/opt/airflow/dbt', 'version_check': 'True', 'warn_error': 'None', 'log_path': '/opt/airflow/dbt/logs', 'fail_fast': 'False', 'debug': 'False', 'use_colors': 'True', 'use_experimental_parser': 'False', 'no_print': 'None', 'quiet': 'False', 'warn_error_options': 'WarnErrorOptions(include=[], exclude=[])', 'invocation_command': 'dbt run --select tag:staging', 'log_format': 'default', 'static_parser': 'True', 'target_path': 'None', 'introspect': 'True', 'send_anonymous_usage_stats': 'True'}
[0m21:26:21.445409 [debug] [MainThread]: Sending event: {'category': 'dbt', 'action': 'project_id', 'label': 'fa3f7507-f0df-4b88-8121-d4496ba49839', 'context': [<snowplow_tracker.self_describing_json.SelfDescribingJson object at 0x759abe838e60>]}
[0m21:26:21.557734 [debug] [MainThread]: Sending event: {'category': 'dbt', 'action': 'adapter_info', 'label': 'fa3f7507-f0df-4b88-8121-d4496ba49839', 'context': [<snowplow_tracker.self_describing_json.SelfDescribingJson object at 0x759abf828800>]}
[0m21:26:21.560518 [info ] [MainThread]: Registered adapter: postgres=1.8.2
[0m21:26:21.775966 [debug] [MainThread]: checksum: dbb12d416fdb55e3665e4828703bbedf40c5c90ed7ca6ff39bbbfb29b12b0a92, vars: {}, profile: , target: , version: 1.8.0
[0m21:26:21.781783 [info ] [MainThread]: Unable to do partial parsing because saved manifest not found. Starting full parse.
[0m21:26:21.783953 [debug] [MainThread]: Sending event: {'category': 'dbt', 'action': 'partial_parser', 'label': 'fa3f7507-f0df-4b88-8121-d4496ba49839', 'context': [<snowplow_tracker.self_describing_json.SelfDescribingJson object at 0x759abe5f6cf0>]}
[0m21:26:24.459263 [debug] [MainThread]: Sending event: {'category': 'dbt', 'action': 'load_project', 'label': 'fa3f7507-f0df-4b88-8121-d4496ba49839', 'context': [<snowplow_tracker.self_describing_json.SelfDescribingJson object at 0x759abd95be60>]}
[0m21:26:24.732744 [debug] [MainThread]: Sending event: {'category': 'dbt', 'action': 'resource_counts', 'label': 'fa3f7507-f0df-4b88-8121-d4496ba49839', 'context': [<snowplow_tracker.self_describing_json.SelfDescribingJson object at 0x759abd16b410>]}
[0m21:26:24.734480 [info ] [MainThread]: Found 9 models, 10 sources, 428 macros
[0m21:26:24.735918 [debug] [MainThread]: Sending event: {'category': 'dbt', 'action': 'runnable_timing', 'label': 'fa3f7507-f0df-4b88-8121-d4496ba49839', 'context': [<snowplow_tracker.self_describing_json.SelfDescribingJson object at 0x759abcd62420>]}
[0m21:26:24.739676 [info ] [MainThread]: 
[0m21:26:24.741254 [debug] [MainThread]: Acquiring new postgres connection 'master'
[0m21:26:24.749145 [debug] [ThreadPool]: Acquiring new postgres connection 'list_airflow'
[0m21:26:24.848591 [debug] [ThreadPool]: Using postgres connection "list_airflow"
[0m21:26:24.850487 [debug] [ThreadPool]: On list_airflow: /* {"app": "dbt", "dbt_version": "1.8.0", "profile_name": "default", "target_name": "dev", "connection_name": "list_airflow"} */

    select distinct nspname from pg_namespace
  
[0m21:26:24.851810 [debug] [ThreadPool]: Opening a new connection, currently in state init
[0m21:26:24.868121 [debug] [ThreadPool]: SQL status: SELECT 5 in 0.016 seconds
[0m21:26:24.871313 [debug] [ThreadPool]: On list_airflow: Close
[0m21:26:24.873178 [debug] [ThreadPool]: Re-using an available connection from the pool (formerly list_airflow, now create_airflow_driven_staging)
[0m21:26:24.875645 [debug] [ThreadPool]: Creating schema "database: "airflow"
schema: "driven_staging"
"
[0m21:26:24.889694 [debug] [ThreadPool]: Using postgres connection "create_airflow_driven_staging"
[0m21:26:24.890883 [debug] [ThreadPool]: On create_airflow_driven_staging: BEGIN
[0m21:26:24.891719 [debug] [ThreadPool]: Opening a new connection, currently in state closed
[0m21:26:24.904456 [debug] [ThreadPool]: SQL status: BEGIN in 0.013 seconds
[0m21:26:24.905786 [debug] [ThreadPool]: Using postgres connection "create_airflow_driven_staging"
[0m21:26:24.907110 [debug] [ThreadPool]: On create_airflow_driven_staging: /* {"app": "dbt", "dbt_version": "1.8.0", "profile_name": "default", "target_name": "dev", "connection_name": "create_airflow_driven_staging"} */
create schema if not exists "driven_staging"
[0m21:26:24.917230 [debug] [ThreadPool]: SQL status: CREATE SCHEMA in 0.009 seconds
[0m21:26:24.919767 [debug] [ThreadPool]: On create_airflow_driven_staging: COMMIT
[0m21:26:24.920990 [debug] [ThreadPool]: Using postgres connection "create_airflow_driven_staging"
[0m21:26:24.922122 [debug] [ThreadPool]: On create_airflow_driven_staging: COMMIT
[0m21:26:24.925167 [debug] [ThreadPool]: SQL status: COMMIT in 0.002 seconds
[0m21:26:24.926387 [debug] [ThreadPool]: On create_airflow_driven_staging: Close
[0m21:26:24.929908 [debug] [ThreadPool]: Re-using an available connection from the pool (formerly create_airflow_driven_staging, now list_airflow_driven_staging)
[0m21:26:24.943545 [debug] [ThreadPool]: Using postgres connection "list_airflow_driven_staging"
[0m21:26:24.944764 [debug] [ThreadPool]: On list_airflow_driven_staging: BEGIN
[0m21:26:24.945972 [debug] [ThreadPool]: Opening a new connection, currently in state closed
[0m21:26:24.956209 [debug] [ThreadPool]: SQL status: BEGIN in 0.010 seconds
[0m21:26:24.957434 [debug] [ThreadPool]: Using postgres connection "list_airflow_driven_staging"
[0m21:26:24.958734 [debug] [ThreadPool]: On list_airflow_driven_staging: /* {"app": "dbt", "dbt_version": "1.8.0", "profile_name": "default", "target_name": "dev", "connection_name": "list_airflow_driven_staging"} */
select
      'airflow' as database,
      tablename as name,
      schemaname as schema,
      'table' as type
    from pg_tables
    where schemaname ilike 'driven_staging'
    union all
    select
      'airflow' as database,
      viewname as name,
      schemaname as schema,
      'view' as type
    from pg_views
    where schemaname ilike 'driven_staging'
    union all
    select
      'airflow' as database,
      matviewname as name,
      schemaname as schema,
      'materialized_view' as type
    from pg_matviews
    where schemaname ilike 'driven_staging'
  
[0m21:26:24.980473 [debug] [ThreadPool]: SQL status: SELECT 0 in 0.020 seconds
[0m21:26:24.984698 [debug] [ThreadPool]: On list_airflow_driven_staging: ROLLBACK
[0m21:26:24.986638 [debug] [ThreadPool]: On list_airflow_driven_staging: Close
[0m21:26:24.988468 [debug] [ThreadPool]: Re-using an available connection from the pool (formerly list_airflow_driven_staging, now list_airflow_driven_trusted)
[0m21:26:24.992057 [debug] [ThreadPool]: Using postgres connection "list_airflow_driven_trusted"
[0m21:26:24.993113 [debug] [ThreadPool]: On list_airflow_driven_trusted: BEGIN
[0m21:26:24.994294 [debug] [ThreadPool]: Opening a new connection, currently in state closed
[0m21:26:25.003170 [debug] [ThreadPool]: SQL status: BEGIN in 0.009 seconds
[0m21:26:25.004335 [debug] [ThreadPool]: Using postgres connection "list_airflow_driven_trusted"
[0m21:26:25.005581 [debug] [ThreadPool]: On list_airflow_driven_trusted: /* {"app": "dbt", "dbt_version": "1.8.0", "profile_name": "default", "target_name": "dev", "connection_name": "list_airflow_driven_trusted"} */
select
      'airflow' as database,
      tablename as name,
      schemaname as schema,
      'table' as type
    from pg_tables
    where schemaname ilike 'driven_trusted'
    union all
    select
      'airflow' as database,
      viewname as name,
      schemaname as schema,
      'view' as type
    from pg_views
    where schemaname ilike 'driven_trusted'
    union all
    select
      'airflow' as database,
      matviewname as name,
      schemaname as schema,
      'materialized_view' as type
    from pg_matviews
    where schemaname ilike 'driven_trusted'
  
[0m21:26:25.011472 [debug] [ThreadPool]: SQL status: SELECT 0 in 0.004 seconds
[0m21:26:25.015520 [debug] [ThreadPool]: On list_airflow_driven_trusted: ROLLBACK
[0m21:26:25.017556 [debug] [ThreadPool]: On list_airflow_driven_trusted: Close
[0m21:26:25.027817 [debug] [MainThread]: Using postgres connection "master"
[0m21:26:25.029295 [debug] [MainThread]: On master: BEGIN
[0m21:26:25.030686 [debug] [MainThread]: Opening a new connection, currently in state init
[0m21:26:25.041588 [debug] [MainThread]: SQL status: BEGIN in 0.011 seconds
[0m21:26:25.043033 [debug] [MainThread]: Using postgres connection "master"
[0m21:26:25.044666 [debug] [MainThread]: On master: /* {"app": "dbt", "dbt_version": "1.8.0", "profile_name": "default", "target_name": "dev", "connection_name": "master"} */
with relation as (
        select
            pg_rewrite.ev_class as class,
            pg_rewrite.oid as id
        from pg_rewrite
    ),
    class as (
        select
            oid as id,
            relname as name,
            relnamespace as schema,
            relkind as kind
        from pg_class
    ),
    dependency as (
        select distinct
            pg_depend.objid as id,
            pg_depend.refobjid as ref
        from pg_depend
    ),
    schema as (
        select
            pg_namespace.oid as id,
            pg_namespace.nspname as name
        from pg_namespace
        where nspname != 'information_schema' and nspname not like 'pg\_%'
    ),
    referenced as (
        select
            relation.id AS id,
            referenced_class.name ,
            referenced_class.schema ,
            referenced_class.kind
        from relation
        join class as referenced_class on relation.class=referenced_class.id
        where referenced_class.kind in ('r', 'v', 'm')
    ),
    relationships as (
        select
            referenced.name as referenced_name,
            referenced.schema as referenced_schema_id,
            dependent_class.name as dependent_name,
            dependent_class.schema as dependent_schema_id,
            referenced.kind as kind
        from referenced
        join dependency on referenced.id=dependency.id
        join class as dependent_class on dependency.ref=dependent_class.id
        where
            (referenced.name != dependent_class.name or
             referenced.schema != dependent_class.schema)
    )

    select
        referenced_schema.name as referenced_schema,
        relationships.referenced_name as referenced_name,
        dependent_schema.name as dependent_schema,
        relationships.dependent_name as dependent_name
    from relationships
    join schema as dependent_schema on relationships.dependent_schema_id=dependent_schema.id
    join schema as referenced_schema on relationships.referenced_schema_id=referenced_schema.id
    group by referenced_schema, referenced_name, dependent_schema, dependent_name
    order by referenced_schema, referenced_name, dependent_schema, dependent_name;
[0m21:26:25.059973 [debug] [MainThread]: SQL status: SELECT 0 in 0.014 seconds
[0m21:26:25.065699 [debug] [MainThread]: Sending event: {'category': 'dbt', 'action': 'runnable_timing', 'label': 'fa3f7507-f0df-4b88-8121-d4496ba49839', 'context': [<snowplow_tracker.self_describing_json.SelfDescribingJson object at 0x759abd9aeb40>]}
[0m21:26:25.068625 [debug] [MainThread]: On master: ROLLBACK
[0m21:26:25.070723 [debug] [MainThread]: Using postgres connection "master"
[0m21:26:25.072099 [debug] [MainThread]: On master: BEGIN
[0m21:26:25.074329 [debug] [MainThread]: SQL status: BEGIN in 0.001 seconds
[0m21:26:25.075782 [debug] [MainThread]: On master: COMMIT
[0m21:26:25.077496 [debug] [MainThread]: Using postgres connection "master"
[0m21:26:25.079290 [debug] [MainThread]: On master: COMMIT
[0m21:26:25.082826 [debug] [MainThread]: SQL status: COMMIT in 0.001 seconds
[0m21:26:25.084772 [debug] [MainThread]: On master: Close
[0m21:26:25.088035 [info ] [MainThread]: Concurrency: 1 threads (target='dev')
[0m21:26:25.095763 [info ] [MainThread]: 
[0m21:26:25.124819 [debug] [Thread-1 (]: Began running node model.dbt_driven_data.staging_dim_address
[0m21:26:25.127356 [info ] [Thread-1 (]: 1 of 5 START sql table model driven_staging.dim_address ........................ [RUN]
[0m21:26:25.128977 [debug] [Thread-1 (]: Re-using an available connection from the pool (formerly list_airflow_driven_trusted, now model.dbt_driven_data.staging_dim_address)
[0m21:26:25.130357 [debug] [Thread-1 (]: Began compiling node model.dbt_driven_data.staging_dim_address
[0m21:26:25.234928 [debug] [Thread-1 (]: Writing injected SQL for node "model.dbt_driven_data.staging_dim_address"
[0m21:26:25.255466 [debug] [Thread-1 (]: Began executing node model.dbt_driven_data.staging_dim_address
[0m21:26:25.324224 [debug] [Thread-1 (]: Writing runtime sql for node "model.dbt_driven_data.staging_dim_address"
[0m21:26:25.344895 [debug] [Thread-1 (]: Using postgres connection "model.dbt_driven_data.staging_dim_address"
[0m21:26:25.346004 [debug] [Thread-1 (]: On model.dbt_driven_data.staging_dim_address: BEGIN
[0m21:26:25.346975 [debug] [Thread-1 (]: Opening a new connection, currently in state closed
[0m21:26:25.356106 [debug] [Thread-1 (]: SQL status: BEGIN in 0.009 seconds
[0m21:26:25.357577 [debug] [Thread-1 (]: Using postgres connection "model.dbt_driven_data.staging_dim_address"
[0m21:26:25.358620 [debug] [Thread-1 (]: On model.dbt_driven_data.staging_dim_address: /* {"app": "dbt", "dbt_version": "1.8.0", "profile_name": "default", "target_name": "dev", "node_id": "model.dbt_driven_data.staging_dim_address"} */

  
    

  create  table "airflow"."driven_staging"."dim_address__dbt_tmp"
  
  
    as
  
  (
    

WITH source_data AS (
    SELECT
        unique_id,
        address,
        mac_address,
        ip_address
    FROM
        "airflow"."driven_raw"."raw_batch_data"
)

SELECT
    *
FROM
    source_data
  );
  
[0m21:26:25.467629 [debug] [Thread-1 (]: SQL status: SELECT 3115 in 0.108 seconds
[0m21:26:25.482493 [debug] [Thread-1 (]: Using postgres connection "model.dbt_driven_data.staging_dim_address"
[0m21:26:25.488832 [debug] [Thread-1 (]: On model.dbt_driven_data.staging_dim_address: /* {"app": "dbt", "dbt_version": "1.8.0", "profile_name": "default", "target_name": "dev", "node_id": "model.dbt_driven_data.staging_dim_address"} */
alter table "airflow"."driven_staging"."dim_address__dbt_tmp" rename to "dim_address"
[0m21:26:25.493126 [debug] [Thread-1 (]: SQL status: ALTER TABLE in 0.003 seconds
[0m21:26:25.527932 [debug] [Thread-1 (]: On model.dbt_driven_data.staging_dim_address: COMMIT
[0m21:26:25.529607 [debug] [Thread-1 (]: Using postgres connection "model.dbt_driven_data.staging_dim_address"
[0m21:26:25.532052 [debug] [Thread-1 (]: On model.dbt_driven_data.staging_dim_address: COMMIT
[0m21:26:25.536950 [debug] [Thread-1 (]: SQL status: COMMIT in 0.003 seconds
[0m21:26:25.550693 [debug] [Thread-1 (]: Applying DROP to: "airflow"."driven_staging"."dim_address__dbt_backup"
[0m21:26:25.563402 [debug] [Thread-1 (]: Using postgres connection "model.dbt_driven_data.staging_dim_address"
[0m21:26:25.565060 [debug] [Thread-1 (]: On model.dbt_driven_data.staging_dim_address: /* {"app": "dbt", "dbt_version": "1.8.0", "profile_name": "default", "target_name": "dev", "node_id": "model.dbt_driven_data.staging_dim_address"} */
drop table if exists "airflow"."driven_staging"."dim_address__dbt_backup" cascade
[0m21:26:25.570206 [debug] [Thread-1 (]: SQL status: DROP TABLE in 0.003 seconds
[0m21:26:25.575637 [debug] [Thread-1 (]: On model.dbt_driven_data.staging_dim_address: Close
[0m21:26:25.579362 [debug] [Thread-1 (]: Sending event: {'category': 'dbt', 'action': 'run_model', 'label': 'fa3f7507-f0df-4b88-8121-d4496ba49839', 'context': [<snowplow_tracker.self_describing_json.SelfDescribingJson object at 0x759abd175220>]}
[0m21:26:25.581637 [info ] [Thread-1 (]: 1 of 5 OK created sql table model driven_staging.dim_address ................... [[32mSELECT 3115[0m in 0.45s]
[0m21:26:25.585930 [debug] [Thread-1 (]: Finished running node model.dbt_driven_data.staging_dim_address
[0m21:26:25.587849 [debug] [Thread-1 (]: Began running node model.dbt_driven_data.staging_dim_date
[0m21:26:25.589494 [info ] [Thread-1 (]: 2 of 5 START sql table model driven_staging.dim_date ........................... [RUN]
[0m21:26:25.591739 [debug] [Thread-1 (]: Re-using an available connection from the pool (formerly model.dbt_driven_data.staging_dim_address, now model.dbt_driven_data.staging_dim_date)
[0m21:26:25.593327 [debug] [Thread-1 (]: Began compiling node model.dbt_driven_data.staging_dim_date
[0m21:26:25.601704 [debug] [Thread-1 (]: Writing injected SQL for node "model.dbt_driven_data.staging_dim_date"
[0m21:26:25.621102 [debug] [Thread-1 (]: Began executing node model.dbt_driven_data.staging_dim_date
[0m21:26:25.627385 [debug] [Thread-1 (]: Writing runtime sql for node "model.dbt_driven_data.staging_dim_date"
[0m21:26:25.643825 [debug] [Thread-1 (]: Using postgres connection "model.dbt_driven_data.staging_dim_date"
[0m21:26:25.645336 [debug] [Thread-1 (]: On model.dbt_driven_data.staging_dim_date: BEGIN
[0m21:26:25.646853 [debug] [Thread-1 (]: Opening a new connection, currently in state closed
[0m21:26:25.657061 [debug] [Thread-1 (]: SQL status: BEGIN in 0.010 seconds
[0m21:26:25.658337 [debug] [Thread-1 (]: Using postgres connection "model.dbt_driven_data.staging_dim_date"
[0m21:26:25.659426 [debug] [Thread-1 (]: On model.dbt_driven_data.staging_dim_date: /* {"app": "dbt", "dbt_version": "1.8.0", "profile_name": "default", "target_name": "dev", "node_id": "model.dbt_driven_data.staging_dim_date"} */

  
    

  create  table "airflow"."driven_staging"."dim_date__dbt_tmp"
  
  
    as
  
  (
    

WITH source_data AS (
    SELECT
        unique_id,
        accessed_at
    FROM
        "airflow"."driven_raw"."raw_batch_data"
)

SELECT
    *
FROM
    source_data
  );
  
[0m21:26:25.677773 [debug] [Thread-1 (]: SQL status: SELECT 3115 in 0.017 seconds
[0m21:26:25.684546 [debug] [Thread-1 (]: Using postgres connection "model.dbt_driven_data.staging_dim_date"
[0m21:26:25.685774 [debug] [Thread-1 (]: On model.dbt_driven_data.staging_dim_date: /* {"app": "dbt", "dbt_version": "1.8.0", "profile_name": "default", "target_name": "dev", "node_id": "model.dbt_driven_data.staging_dim_date"} */
alter table "airflow"."driven_staging"."dim_date__dbt_tmp" rename to "dim_date"
[0m21:26:25.687702 [debug] [Thread-1 (]: SQL status: ALTER TABLE in 0.001 seconds
[0m21:26:25.691003 [debug] [Thread-1 (]: On model.dbt_driven_data.staging_dim_date: COMMIT
[0m21:26:25.692294 [debug] [Thread-1 (]: Using postgres connection "model.dbt_driven_data.staging_dim_date"
[0m21:26:25.693380 [debug] [Thread-1 (]: On model.dbt_driven_data.staging_dim_date: COMMIT
[0m21:26:25.702162 [debug] [Thread-1 (]: SQL status: COMMIT in 0.008 seconds
[0m21:26:25.707317 [debug] [Thread-1 (]: Applying DROP to: "airflow"."driven_staging"."dim_date__dbt_backup"
[0m21:26:25.709143 [debug] [Thread-1 (]: Using postgres connection "model.dbt_driven_data.staging_dim_date"
[0m21:26:25.710202 [debug] [Thread-1 (]: On model.dbt_driven_data.staging_dim_date: /* {"app": "dbt", "dbt_version": "1.8.0", "profile_name": "default", "target_name": "dev", "node_id": "model.dbt_driven_data.staging_dim_date"} */
drop table if exists "airflow"."driven_staging"."dim_date__dbt_backup" cascade
[0m21:26:25.711963 [debug] [Thread-1 (]: SQL status: DROP TABLE in 0.001 seconds
[0m21:26:25.716367 [debug] [Thread-1 (]: On model.dbt_driven_data.staging_dim_date: Close
[0m21:26:25.718311 [debug] [Thread-1 (]: Sending event: {'category': 'dbt', 'action': 'run_model', 'label': 'fa3f7507-f0df-4b88-8121-d4496ba49839', 'context': [<snowplow_tracker.self_describing_json.SelfDescribingJson object at 0x759abe6b6c90>]}
[0m21:26:25.723187 [info ] [Thread-1 (]: 2 of 5 OK created sql table model driven_staging.dim_date ...................... [[32mSELECT 3115[0m in 0.13s]
[0m21:26:25.725115 [debug] [Thread-1 (]: Finished running node model.dbt_driven_data.staging_dim_date
[0m21:26:25.726571 [debug] [Thread-1 (]: Began running node model.dbt_driven_data.staging_dim_finance
[0m21:26:25.728042 [info ] [Thread-1 (]: 3 of 5 START sql table model driven_staging.dim_finance ........................ [RUN]
[0m21:26:25.729879 [debug] [Thread-1 (]: Re-using an available connection from the pool (formerly model.dbt_driven_data.staging_dim_date, now model.dbt_driven_data.staging_dim_finance)
[0m21:26:25.732560 [debug] [Thread-1 (]: Began compiling node model.dbt_driven_data.staging_dim_finance
[0m21:26:25.740987 [debug] [Thread-1 (]: Writing injected SQL for node "model.dbt_driven_data.staging_dim_finance"
[0m21:26:25.755924 [debug] [Thread-1 (]: Began executing node model.dbt_driven_data.staging_dim_finance
[0m21:26:25.775865 [debug] [Thread-1 (]: Writing runtime sql for node "model.dbt_driven_data.staging_dim_finance"
[0m21:26:25.796436 [debug] [Thread-1 (]: Using postgres connection "model.dbt_driven_data.staging_dim_finance"
[0m21:26:25.797528 [debug] [Thread-1 (]: On model.dbt_driven_data.staging_dim_finance: BEGIN
[0m21:26:25.799576 [debug] [Thread-1 (]: Opening a new connection, currently in state closed
[0m21:26:25.817501 [debug] [Thread-1 (]: SQL status: BEGIN in 0.018 seconds
[0m21:26:25.819142 [debug] [Thread-1 (]: Using postgres connection "model.dbt_driven_data.staging_dim_finance"
[0m21:26:25.820513 [debug] [Thread-1 (]: On model.dbt_driven_data.staging_dim_finance: /* {"app": "dbt", "dbt_version": "1.8.0", "profile_name": "default", "target_name": "dev", "node_id": "model.dbt_driven_data.staging_dim_finance"} */

  
    

  create  table "airflow"."driven_staging"."dim_finance__dbt_tmp"
  
  
    as
  
  (
    

WITH source_data AS (
    SELECT
        unique_id,
        iban
    FROM
        "airflow"."driven_raw"."raw_batch_data"
)

SELECT
    *
FROM
    source_data
  );
  
[0m21:26:25.844541 [debug] [Thread-1 (]: SQL status: SELECT 3115 in 0.022 seconds
[0m21:26:25.851376 [debug] [Thread-1 (]: Using postgres connection "model.dbt_driven_data.staging_dim_finance"
[0m21:26:25.852570 [debug] [Thread-1 (]: On model.dbt_driven_data.staging_dim_finance: /* {"app": "dbt", "dbt_version": "1.8.0", "profile_name": "default", "target_name": "dev", "node_id": "model.dbt_driven_data.staging_dim_finance"} */
alter table "airflow"."driven_staging"."dim_finance__dbt_tmp" rename to "dim_finance"
[0m21:26:25.854455 [debug] [Thread-1 (]: SQL status: ALTER TABLE in 0.001 seconds
[0m21:26:25.858096 [debug] [Thread-1 (]: On model.dbt_driven_data.staging_dim_finance: COMMIT
[0m21:26:25.859470 [debug] [Thread-1 (]: Using postgres connection "model.dbt_driven_data.staging_dim_finance"
[0m21:26:25.860704 [debug] [Thread-1 (]: On model.dbt_driven_data.staging_dim_finance: COMMIT
[0m21:26:25.871143 [debug] [Thread-1 (]: SQL status: COMMIT in 0.009 seconds
[0m21:26:25.875153 [debug] [Thread-1 (]: Applying DROP to: "airflow"."driven_staging"."dim_finance__dbt_backup"
[0m21:26:25.876827 [debug] [Thread-1 (]: Using postgres connection "model.dbt_driven_data.staging_dim_finance"
[0m21:26:25.877736 [debug] [Thread-1 (]: On model.dbt_driven_data.staging_dim_finance: /* {"app": "dbt", "dbt_version": "1.8.0", "profile_name": "default", "target_name": "dev", "node_id": "model.dbt_driven_data.staging_dim_finance"} */
drop table if exists "airflow"."driven_staging"."dim_finance__dbt_backup" cascade
[0m21:26:25.879275 [debug] [Thread-1 (]: SQL status: DROP TABLE in 0.001 seconds
[0m21:26:25.882917 [debug] [Thread-1 (]: On model.dbt_driven_data.staging_dim_finance: Close
[0m21:26:25.885401 [debug] [Thread-1 (]: Sending event: {'category': 'dbt', 'action': 'run_model', 'label': 'fa3f7507-f0df-4b88-8121-d4496ba49839', 'context': [<snowplow_tracker.self_describing_json.SelfDescribingJson object at 0x759abd531d90>]}
[0m21:26:25.886932 [info ] [Thread-1 (]: 3 of 5 OK created sql table model driven_staging.dim_finance ................... [[32mSELECT 3115[0m in 0.16s]
[0m21:26:25.888736 [debug] [Thread-1 (]: Finished running node model.dbt_driven_data.staging_dim_finance
[0m21:26:25.890073 [debug] [Thread-1 (]: Began running node model.dbt_driven_data.staging_dim_person
[0m21:26:25.892225 [info ] [Thread-1 (]: 4 of 5 START sql table model driven_staging.dim_person ......................... [RUN]
[0m21:26:25.894077 [debug] [Thread-1 (]: Re-using an available connection from the pool (formerly model.dbt_driven_data.staging_dim_finance, now model.dbt_driven_data.staging_dim_person)
[0m21:26:25.895761 [debug] [Thread-1 (]: Began compiling node model.dbt_driven_data.staging_dim_person
[0m21:26:25.905228 [debug] [Thread-1 (]: Writing injected SQL for node "model.dbt_driven_data.staging_dim_person"
[0m21:26:25.920049 [debug] [Thread-1 (]: Began executing node model.dbt_driven_data.staging_dim_person
[0m21:26:25.927600 [debug] [Thread-1 (]: Writing runtime sql for node "model.dbt_driven_data.staging_dim_person"
[0m21:26:25.939566 [debug] [Thread-1 (]: Using postgres connection "model.dbt_driven_data.staging_dim_person"
[0m21:26:25.940690 [debug] [Thread-1 (]: On model.dbt_driven_data.staging_dim_person: BEGIN
[0m21:26:25.942075 [debug] [Thread-1 (]: Opening a new connection, currently in state closed
[0m21:26:25.953228 [debug] [Thread-1 (]: SQL status: BEGIN in 0.011 seconds
[0m21:26:25.954816 [debug] [Thread-1 (]: Using postgres connection "model.dbt_driven_data.staging_dim_person"
[0m21:26:25.956288 [debug] [Thread-1 (]: On model.dbt_driven_data.staging_dim_person: /* {"app": "dbt", "dbt_version": "1.8.0", "profile_name": "default", "target_name": "dev", "node_id": "model.dbt_driven_data.staging_dim_person"} */

  
    

  create  table "airflow"."driven_staging"."dim_person__dbt_tmp"
  
  
    as
  
  (
    

WITH source_data AS (
    SELECT
        unique_id,
        person_name,
        user_name,
        email,
        phone,
        birth_date,
        personal_number
    FROM
        "airflow"."driven_raw"."raw_batch_data"
)

SELECT
    *
FROM
    source_data
  );
  
[0m21:26:26.001492 [debug] [Thread-1 (]: SQL status: SELECT 3115 in 0.044 seconds
[0m21:26:26.009763 [debug] [Thread-1 (]: Using postgres connection "model.dbt_driven_data.staging_dim_person"
[0m21:26:26.011873 [debug] [Thread-1 (]: On model.dbt_driven_data.staging_dim_person: /* {"app": "dbt", "dbt_version": "1.8.0", "profile_name": "default", "target_name": "dev", "node_id": "model.dbt_driven_data.staging_dim_person"} */
alter table "airflow"."driven_staging"."dim_person__dbt_tmp" rename to "dim_person"
[0m21:26:26.017126 [debug] [Thread-1 (]: SQL status: ALTER TABLE in 0.002 seconds
[0m21:26:26.021773 [debug] [Thread-1 (]: On model.dbt_driven_data.staging_dim_person: COMMIT
[0m21:26:26.023279 [debug] [Thread-1 (]: Using postgres connection "model.dbt_driven_data.staging_dim_person"
[0m21:26:26.024550 [debug] [Thread-1 (]: On model.dbt_driven_data.staging_dim_person: COMMIT
[0m21:26:26.027426 [debug] [Thread-1 (]: SQL status: COMMIT in 0.002 seconds
[0m21:26:26.032964 [debug] [Thread-1 (]: Applying DROP to: "airflow"."driven_staging"."dim_person__dbt_backup"
[0m21:26:26.035134 [debug] [Thread-1 (]: Using postgres connection "model.dbt_driven_data.staging_dim_person"
[0m21:26:26.036826 [debug] [Thread-1 (]: On model.dbt_driven_data.staging_dim_person: /* {"app": "dbt", "dbt_version": "1.8.0", "profile_name": "default", "target_name": "dev", "node_id": "model.dbt_driven_data.staging_dim_person"} */
drop table if exists "airflow"."driven_staging"."dim_person__dbt_backup" cascade
[0m21:26:26.039039 [debug] [Thread-1 (]: SQL status: DROP TABLE in 0.001 seconds
[0m21:26:26.042554 [debug] [Thread-1 (]: On model.dbt_driven_data.staging_dim_person: Close
[0m21:26:26.044873 [debug] [Thread-1 (]: Sending event: {'category': 'dbt', 'action': 'run_model', 'label': 'fa3f7507-f0df-4b88-8121-d4496ba49839', 'context': [<snowplow_tracker.self_describing_json.SelfDescribingJson object at 0x759ac13574a0>]}
[0m21:26:26.051255 [info ] [Thread-1 (]: 4 of 5 OK created sql table model driven_staging.dim_person .................... [[32mSELECT 3115[0m in 0.15s]
[0m21:26:26.053918 [debug] [Thread-1 (]: Finished running node model.dbt_driven_data.staging_dim_person
[0m21:26:26.055731 [debug] [Thread-1 (]: Began running node model.dbt_driven_data.staging_fact_network_usage
[0m21:26:26.057476 [info ] [Thread-1 (]: 5 of 5 START sql table model driven_staging.fact_network_usage ................. [RUN]
[0m21:26:26.059746 [debug] [Thread-1 (]: Re-using an available connection from the pool (formerly model.dbt_driven_data.staging_dim_person, now model.dbt_driven_data.staging_fact_network_usage)
[0m21:26:26.061007 [debug] [Thread-1 (]: Began compiling node model.dbt_driven_data.staging_fact_network_usage
[0m21:26:26.068937 [debug] [Thread-1 (]: Writing injected SQL for node "model.dbt_driven_data.staging_fact_network_usage"
[0m21:26:26.086132 [debug] [Thread-1 (]: Began executing node model.dbt_driven_data.staging_fact_network_usage
[0m21:26:26.092896 [debug] [Thread-1 (]: Writing runtime sql for node "model.dbt_driven_data.staging_fact_network_usage"
[0m21:26:26.104980 [debug] [Thread-1 (]: Using postgres connection "model.dbt_driven_data.staging_fact_network_usage"
[0m21:26:26.106072 [debug] [Thread-1 (]: On model.dbt_driven_data.staging_fact_network_usage: BEGIN
[0m21:26:26.106987 [debug] [Thread-1 (]: Opening a new connection, currently in state closed
[0m21:26:26.114679 [debug] [Thread-1 (]: SQL status: BEGIN in 0.007 seconds
[0m21:26:26.116861 [debug] [Thread-1 (]: Using postgres connection "model.dbt_driven_data.staging_fact_network_usage"
[0m21:26:26.118220 [debug] [Thread-1 (]: On model.dbt_driven_data.staging_fact_network_usage: /* {"app": "dbt", "dbt_version": "1.8.0", "profile_name": "default", "target_name": "dev", "node_id": "model.dbt_driven_data.staging_fact_network_usage"} */

  
    

  create  table "airflow"."driven_staging"."fact_network_usage__dbt_tmp"
  
  
    as
  
  (
    

WITH source_data AS (
    SELECT
        unique_id,
        session_duration,
        download_speed,
        upload_speed,
        consumed_traffic
    FROM
        "airflow"."driven_raw"."raw_batch_data"
)

SELECT
    *
FROM
    source_data
  );
  
[0m21:26:26.132908 [debug] [Thread-1 (]: SQL status: SELECT 3115 in 0.013 seconds
[0m21:26:26.139065 [debug] [Thread-1 (]: Using postgres connection "model.dbt_driven_data.staging_fact_network_usage"
[0m21:26:26.140150 [debug] [Thread-1 (]: On model.dbt_driven_data.staging_fact_network_usage: /* {"app": "dbt", "dbt_version": "1.8.0", "profile_name": "default", "target_name": "dev", "node_id": "model.dbt_driven_data.staging_fact_network_usage"} */
alter table "airflow"."driven_staging"."fact_network_usage__dbt_tmp" rename to "fact_network_usage"
[0m21:26:26.141862 [debug] [Thread-1 (]: SQL status: ALTER TABLE in 0.001 seconds
[0m21:26:26.144791 [debug] [Thread-1 (]: On model.dbt_driven_data.staging_fact_network_usage: COMMIT
[0m21:26:26.145746 [debug] [Thread-1 (]: Using postgres connection "model.dbt_driven_data.staging_fact_network_usage"
[0m21:26:26.146862 [debug] [Thread-1 (]: On model.dbt_driven_data.staging_fact_network_usage: COMMIT
[0m21:26:26.158457 [debug] [Thread-1 (]: SQL status: COMMIT in 0.009 seconds
[0m21:26:26.162320 [debug] [Thread-1 (]: Applying DROP to: "airflow"."driven_staging"."fact_network_usage__dbt_backup"
[0m21:26:26.163922 [debug] [Thread-1 (]: Using postgres connection "model.dbt_driven_data.staging_fact_network_usage"
[0m21:26:26.165725 [debug] [Thread-1 (]: On model.dbt_driven_data.staging_fact_network_usage: /* {"app": "dbt", "dbt_version": "1.8.0", "profile_name": "default", "target_name": "dev", "node_id": "model.dbt_driven_data.staging_fact_network_usage"} */
drop table if exists "airflow"."driven_staging"."fact_network_usage__dbt_backup" cascade
[0m21:26:26.168508 [debug] [Thread-1 (]: SQL status: DROP TABLE in 0.001 seconds
[0m21:26:26.171102 [debug] [Thread-1 (]: On model.dbt_driven_data.staging_fact_network_usage: Close
[0m21:26:26.172427 [debug] [Thread-1 (]: Sending event: {'category': 'dbt', 'action': 'run_model', 'label': 'fa3f7507-f0df-4b88-8121-d4496ba49839', 'context': [<snowplow_tracker.self_describing_json.SelfDescribingJson object at 0x759abd12b110>]}
[0m21:26:26.173828 [info ] [Thread-1 (]: 5 of 5 OK created sql table model driven_staging.fact_network_usage ............ [[32mSELECT 3115[0m in 0.11s]
[0m21:26:26.175736 [debug] [Thread-1 (]: Finished running node model.dbt_driven_data.staging_fact_network_usage
[0m21:26:26.178727 [debug] [MainThread]: Using postgres connection "master"
[0m21:26:26.179804 [debug] [MainThread]: On master: BEGIN
[0m21:26:26.180820 [debug] [MainThread]: Opening a new connection, currently in state closed
[0m21:26:26.192744 [debug] [MainThread]: SQL status: BEGIN in 0.012 seconds
[0m21:26:26.194102 [debug] [MainThread]: On master: COMMIT
[0m21:26:26.195099 [debug] [MainThread]: Using postgres connection "master"
[0m21:26:26.195897 [debug] [MainThread]: On master: COMMIT
[0m21:26:26.197065 [debug] [MainThread]: SQL status: COMMIT in 0.000 seconds
[0m21:26:26.198634 [debug] [MainThread]: On master: Close
[0m21:26:26.200725 [debug] [MainThread]: Connection 'master' was properly closed.
[0m21:26:26.201811 [debug] [MainThread]: Connection 'model.dbt_driven_data.staging_fact_network_usage' was properly closed.
[0m21:26:26.203089 [info ] [MainThread]: 
[0m21:26:26.204818 [info ] [MainThread]: Finished running 5 table models in 0 hours 0 minutes and 1.46 seconds (1.46s).
[0m21:26:26.208271 [debug] [MainThread]: Command end result
[0m21:26:26.292249 [info ] [MainThread]: 
[0m21:26:26.294671 [info ] [MainThread]: [32mCompleted successfully[0m
[0m21:26:26.296366 [info ] [MainThread]: 
[0m21:26:26.299272 [info ] [MainThread]: Done. PASS=5 WARN=0 ERROR=0 SKIP=0 TOTAL=5
[0m21:26:26.303146 [debug] [MainThread]: Resource report: {"command_name": "run", "command_success": true, "command_wall_clock_time": 5.7017684, "process_user_time": 7.331403, "process_kernel_time": 2.025887, "process_mem_max_rss": "123516", "process_in_blocks": "12984", "process_out_blocks": "4056"}
[0m21:26:26.304971 [debug] [MainThread]: Command `dbt run` succeeded at 21:26:26.304686 after 5.70 seconds
[0m21:26:26.306472 [debug] [MainThread]: Sending event: {'category': 'dbt', 'action': 'invocation', 'label': 'end', 'context': [<snowplow_tracker.self_describing_json.SelfDescribingJson object at 0x759abee1e840>, <snowplow_tracker.self_describing_json.SelfDescribingJson object at 0x759abee1d760>, <snowplow_tracker.self_describing_json.SelfDescribingJson object at 0x759abf4cbfb0>]}
[0m21:26:26.308259 [debug] [MainThread]: Flushing usage events
[0m21:26:32.894415 [debug] [MainThread]: Sending event: {'category': 'dbt', 'action': 'invocation', 'label': 'start', 'context': [<snowplow_tracker.self_describing_json.SelfDescribingJson object at 0x791b8e9cc980>, <snowplow_tracker.self_describing_json.SelfDescribingJson object at 0x791b8d81bad0>, <snowplow_tracker.self_describing_json.SelfDescribingJson object at 0x791b8d6c2570>]}


============================== 21:26:32.905591 | 63f85dc4-eb34-4f44-b4a5-e84bf53d496b ==============================
[0m21:26:32.905591 [info ] [MainThread]: Running with dbt=1.8.0
[0m21:26:32.907638 [debug] [MainThread]: running dbt with arguments {'printer_width': '80', 'indirect_selection': 'eager', 'write_json': 'True', 'log_cache_events': 'False', 'partial_parse': 'True', 'cache_selected_only': 'False', 'warn_error': 'None', 'version_check': 'True', 'fail_fast': 'False', 'log_path': '/opt/airflow/dbt/logs', 'debug': 'False', 'profiles_dir': '/opt/airflow/dbt', 'use_colors': 'True', 'use_experimental_parser': 'False', 'no_print': 'None', 'quiet': 'False', 'warn_error_options': 'WarnErrorOptions(include=[], exclude=[])', 'invocation_command': 'dbt run --select tag:trusted', 'log_format': 'default', 'static_parser': 'True', 'target_path': 'None', 'introspect': 'True', 'send_anonymous_usage_stats': 'True'}
[0m21:26:33.228456 [debug] [MainThread]: Sending event: {'category': 'dbt', 'action': 'project_id', 'label': '63f85dc4-eb34-4f44-b4a5-e84bf53d496b', 'context': [<snowplow_tracker.self_describing_json.SelfDescribingJson object at 0x791b8c985e50>]}
[0m21:26:33.342011 [debug] [MainThread]: Sending event: {'category': 'dbt', 'action': 'adapter_info', 'label': '63f85dc4-eb34-4f44-b4a5-e84bf53d496b', 'context': [<snowplow_tracker.self_describing_json.SelfDescribingJson object at 0x791b8d661340>]}
[0m21:26:33.345882 [info ] [MainThread]: Registered adapter: postgres=1.8.2
[0m21:26:33.557252 [debug] [MainThread]: checksum: dbb12d416fdb55e3665e4828703bbedf40c5c90ed7ca6ff39bbbfb29b12b0a92, vars: {}, profile: , target: , version: 1.8.0
[0m21:26:33.958727 [debug] [MainThread]: Partial parsing enabled: 0 files deleted, 0 files added, 0 files changed.
[0m21:26:33.959968 [debug] [MainThread]: Partial parsing enabled, no changes found, skipping parsing
[0m21:26:34.012101 [debug] [MainThread]: Sending event: {'category': 'dbt', 'action': 'load_project', 'label': '63f85dc4-eb34-4f44-b4a5-e84bf53d496b', 'context': [<snowplow_tracker.self_describing_json.SelfDescribingJson object at 0x791b8c9cc1a0>]}
[0m21:26:34.197652 [debug] [MainThread]: Sending event: {'category': 'dbt', 'action': 'resource_counts', 'label': '63f85dc4-eb34-4f44-b4a5-e84bf53d496b', 'context': [<snowplow_tracker.self_describing_json.SelfDescribingJson object at 0x791b8bdf53a0>]}
[0m21:26:34.199611 [info ] [MainThread]: Found 9 models, 10 sources, 428 macros
[0m21:26:34.201466 [debug] [MainThread]: Sending event: {'category': 'dbt', 'action': 'runnable_timing', 'label': '63f85dc4-eb34-4f44-b4a5-e84bf53d496b', 'context': [<snowplow_tracker.self_describing_json.SelfDescribingJson object at 0x791b8b9a41d0>]}
[0m21:26:34.205017 [info ] [MainThread]: 
[0m21:26:34.206549 [debug] [MainThread]: Acquiring new postgres connection 'master'
[0m21:26:34.216230 [debug] [ThreadPool]: Acquiring new postgres connection 'list_airflow'
[0m21:26:34.281295 [debug] [ThreadPool]: Using postgres connection "list_airflow"
[0m21:26:34.282957 [debug] [ThreadPool]: On list_airflow: /* {"app": "dbt", "dbt_version": "1.8.0", "profile_name": "default", "target_name": "dev", "connection_name": "list_airflow"} */

    select distinct nspname from pg_namespace
  
[0m21:26:34.284453 [debug] [ThreadPool]: Opening a new connection, currently in state init
[0m21:26:34.297185 [debug] [ThreadPool]: SQL status: SELECT 6 in 0.013 seconds
[0m21:26:34.301406 [debug] [ThreadPool]: On list_airflow: Close
[0m21:26:34.307638 [debug] [ThreadPool]: Re-using an available connection from the pool (formerly list_airflow, now create_airflow_driven_trusted)
[0m21:26:34.309335 [debug] [ThreadPool]: Creating schema "database: "airflow"
schema: "driven_trusted"
"
[0m21:26:34.318460 [debug] [ThreadPool]: Using postgres connection "create_airflow_driven_trusted"
[0m21:26:34.319717 [debug] [ThreadPool]: On create_airflow_driven_trusted: BEGIN
[0m21:26:34.321032 [debug] [ThreadPool]: Opening a new connection, currently in state closed
[0m21:26:34.329864 [debug] [ThreadPool]: SQL status: BEGIN in 0.009 seconds
[0m21:26:34.331469 [debug] [ThreadPool]: Using postgres connection "create_airflow_driven_trusted"
[0m21:26:34.333079 [debug] [ThreadPool]: On create_airflow_driven_trusted: /* {"app": "dbt", "dbt_version": "1.8.0", "profile_name": "default", "target_name": "dev", "connection_name": "create_airflow_driven_trusted"} */
create schema if not exists "driven_trusted"
[0m21:26:34.335646 [debug] [ThreadPool]: SQL status: CREATE SCHEMA in 0.001 seconds
[0m21:26:34.338817 [debug] [ThreadPool]: On create_airflow_driven_trusted: COMMIT
[0m21:26:34.340524 [debug] [ThreadPool]: Using postgres connection "create_airflow_driven_trusted"
[0m21:26:34.342346 [debug] [ThreadPool]: On create_airflow_driven_trusted: COMMIT
[0m21:26:34.346541 [debug] [ThreadPool]: SQL status: COMMIT in 0.002 seconds
[0m21:26:34.348047 [debug] [ThreadPool]: On create_airflow_driven_trusted: Close
[0m21:26:34.352723 [debug] [ThreadPool]: Re-using an available connection from the pool (formerly create_airflow_driven_trusted, now list_airflow_driven_staging)
[0m21:26:34.361688 [debug] [ThreadPool]: Using postgres connection "list_airflow_driven_staging"
[0m21:26:34.362754 [debug] [ThreadPool]: On list_airflow_driven_staging: BEGIN
[0m21:26:34.363632 [debug] [ThreadPool]: Opening a new connection, currently in state closed
[0m21:26:34.374418 [debug] [ThreadPool]: SQL status: BEGIN in 0.011 seconds
[0m21:26:34.375970 [debug] [ThreadPool]: Using postgres connection "list_airflow_driven_staging"
[0m21:26:34.378579 [debug] [ThreadPool]: On list_airflow_driven_staging: /* {"app": "dbt", "dbt_version": "1.8.0", "profile_name": "default", "target_name": "dev", "connection_name": "list_airflow_driven_staging"} */
select
      'airflow' as database,
      tablename as name,
      schemaname as schema,
      'table' as type
    from pg_tables
    where schemaname ilike 'driven_staging'
    union all
    select
      'airflow' as database,
      viewname as name,
      schemaname as schema,
      'view' as type
    from pg_views
    where schemaname ilike 'driven_staging'
    union all
    select
      'airflow' as database,
      matviewname as name,
      schemaname as schema,
      'materialized_view' as type
    from pg_matviews
    where schemaname ilike 'driven_staging'
  
[0m21:26:34.410845 [debug] [ThreadPool]: SQL status: SELECT 5 in 0.028 seconds
[0m21:26:34.416096 [debug] [ThreadPool]: On list_airflow_driven_staging: ROLLBACK
[0m21:26:34.424823 [debug] [ThreadPool]: On list_airflow_driven_staging: Close
[0m21:26:34.426358 [debug] [ThreadPool]: Re-using an available connection from the pool (formerly list_airflow_driven_staging, now list_airflow_driven_trusted)
[0m21:26:34.436494 [debug] [ThreadPool]: Using postgres connection "list_airflow_driven_trusted"
[0m21:26:34.437618 [debug] [ThreadPool]: On list_airflow_driven_trusted: BEGIN
[0m21:26:34.438956 [debug] [ThreadPool]: Opening a new connection, currently in state closed
[0m21:26:34.458473 [debug] [ThreadPool]: SQL status: BEGIN in 0.019 seconds
[0m21:26:34.459891 [debug] [ThreadPool]: Using postgres connection "list_airflow_driven_trusted"
[0m21:26:34.461850 [debug] [ThreadPool]: On list_airflow_driven_trusted: /* {"app": "dbt", "dbt_version": "1.8.0", "profile_name": "default", "target_name": "dev", "connection_name": "list_airflow_driven_trusted"} */
select
      'airflow' as database,
      tablename as name,
      schemaname as schema,
      'table' as type
    from pg_tables
    where schemaname ilike 'driven_trusted'
    union all
    select
      'airflow' as database,
      viewname as name,
      schemaname as schema,
      'view' as type
    from pg_views
    where schemaname ilike 'driven_trusted'
    union all
    select
      'airflow' as database,
      matviewname as name,
      schemaname as schema,
      'materialized_view' as type
    from pg_matviews
    where schemaname ilike 'driven_trusted'
  
[0m21:26:34.469476 [debug] [ThreadPool]: SQL status: SELECT 0 in 0.006 seconds
[0m21:26:34.472217 [debug] [ThreadPool]: On list_airflow_driven_trusted: ROLLBACK
[0m21:26:34.473651 [debug] [ThreadPool]: On list_airflow_driven_trusted: Close
[0m21:26:34.486641 [debug] [MainThread]: Using postgres connection "master"
[0m21:26:34.488041 [debug] [MainThread]: On master: BEGIN
[0m21:26:34.489166 [debug] [MainThread]: Opening a new connection, currently in state init
[0m21:26:34.500674 [debug] [MainThread]: SQL status: BEGIN in 0.011 seconds
[0m21:26:34.502196 [debug] [MainThread]: Using postgres connection "master"
[0m21:26:34.503601 [debug] [MainThread]: On master: /* {"app": "dbt", "dbt_version": "1.8.0", "profile_name": "default", "target_name": "dev", "connection_name": "master"} */
with relation as (
        select
            pg_rewrite.ev_class as class,
            pg_rewrite.oid as id
        from pg_rewrite
    ),
    class as (
        select
            oid as id,
            relname as name,
            relnamespace as schema,
            relkind as kind
        from pg_class
    ),
    dependency as (
        select distinct
            pg_depend.objid as id,
            pg_depend.refobjid as ref
        from pg_depend
    ),
    schema as (
        select
            pg_namespace.oid as id,
            pg_namespace.nspname as name
        from pg_namespace
        where nspname != 'information_schema' and nspname not like 'pg\_%'
    ),
    referenced as (
        select
            relation.id AS id,
            referenced_class.name ,
            referenced_class.schema ,
            referenced_class.kind
        from relation
        join class as referenced_class on relation.class=referenced_class.id
        where referenced_class.kind in ('r', 'v', 'm')
    ),
    relationships as (
        select
            referenced.name as referenced_name,
            referenced.schema as referenced_schema_id,
            dependent_class.name as dependent_name,
            dependent_class.schema as dependent_schema_id,
            referenced.kind as kind
        from referenced
        join dependency on referenced.id=dependency.id
        join class as dependent_class on dependency.ref=dependent_class.id
        where
            (referenced.name != dependent_class.name or
             referenced.schema != dependent_class.schema)
    )

    select
        referenced_schema.name as referenced_schema,
        relationships.referenced_name as referenced_name,
        dependent_schema.name as dependent_schema,
        relationships.dependent_name as dependent_name
    from relationships
    join schema as dependent_schema on relationships.dependent_schema_id=dependent_schema.id
    join schema as referenced_schema on relationships.referenced_schema_id=referenced_schema.id
    group by referenced_schema, referenced_name, dependent_schema, dependent_name
    order by referenced_schema, referenced_name, dependent_schema, dependent_name;
[0m21:26:34.510876 [debug] [MainThread]: SQL status: SELECT 0 in 0.006 seconds
[0m21:26:34.513628 [debug] [MainThread]: Sending event: {'category': 'dbt', 'action': 'runnable_timing', 'label': '63f85dc4-eb34-4f44-b4a5-e84bf53d496b', 'context': [<snowplow_tracker.self_describing_json.SelfDescribingJson object at 0x791b8caafdd0>]}
[0m21:26:34.515473 [debug] [MainThread]: On master: ROLLBACK
[0m21:26:34.517555 [debug] [MainThread]: Using postgres connection "master"
[0m21:26:34.518709 [debug] [MainThread]: On master: BEGIN
[0m21:26:34.520775 [debug] [MainThread]: SQL status: BEGIN in 0.001 seconds
[0m21:26:34.521998 [debug] [MainThread]: On master: COMMIT
[0m21:26:34.523048 [debug] [MainThread]: Using postgres connection "master"
[0m21:26:34.524510 [debug] [MainThread]: On master: COMMIT
[0m21:26:34.526365 [debug] [MainThread]: SQL status: COMMIT in 0.000 seconds
[0m21:26:34.527728 [debug] [MainThread]: On master: Close
[0m21:26:34.529852 [info ] [MainThread]: Concurrency: 1 threads (target='dev')
[0m21:26:34.534623 [info ] [MainThread]: 
[0m21:26:34.553692 [debug] [Thread-1 (]: Began running node model.dbt_driven_data.trusted_non_pii_data
[0m21:26:34.555419 [info ] [Thread-1 (]: 1 of 4 START sql table model driven_trusted.non_pii_data ....................... [RUN]
[0m21:26:34.557396 [debug] [Thread-1 (]: Re-using an available connection from the pool (formerly list_airflow_driven_trusted, now model.dbt_driven_data.trusted_non_pii_data)
[0m21:26:34.558735 [debug] [Thread-1 (]: Began compiling node model.dbt_driven_data.trusted_non_pii_data
[0m21:26:34.572522 [debug] [Thread-1 (]: Writing injected SQL for node "model.dbt_driven_data.trusted_non_pii_data"
[0m21:26:34.584554 [debug] [Thread-1 (]: Began executing node model.dbt_driven_data.trusted_non_pii_data
[0m21:26:34.648085 [debug] [Thread-1 (]: Writing runtime sql for node "model.dbt_driven_data.trusted_non_pii_data"
[0m21:26:34.658997 [debug] [Thread-1 (]: Using postgres connection "model.dbt_driven_data.trusted_non_pii_data"
[0m21:26:34.660256 [debug] [Thread-1 (]: On model.dbt_driven_data.trusted_non_pii_data: BEGIN
[0m21:26:34.661251 [debug] [Thread-1 (]: Opening a new connection, currently in state closed
[0m21:26:34.670125 [debug] [Thread-1 (]: SQL status: BEGIN in 0.009 seconds
[0m21:26:34.671856 [debug] [Thread-1 (]: Using postgres connection "model.dbt_driven_data.trusted_non_pii_data"
[0m21:26:34.673521 [debug] [Thread-1 (]: On model.dbt_driven_data.trusted_non_pii_data: /* {"app": "dbt", "dbt_version": "1.8.0", "profile_name": "default", "target_name": "dev", "node_id": "model.dbt_driven_data.trusted_non_pii_data"} */

  
    

  create  table "airflow"."driven_trusted"."non_pii_data__dbt_tmp"
  
  
    as
  
  (
    

WITH source_data AS (
    SELECT
        '***MASKED***' AS person_name,
        SUBSTRING(dp.user_name, 1, 5) || '*****'  user_name,
        SUBSTRING(dp.email, 1, 5) || '*****' AS email,
        '***MASKED***'  AS personal_number, 
        '***MASKED***' AS birth_date, 
        '***MASKED***' AS address,
        '***MASKED***'  AS phone, 
        SUBSTRING(da.mac_address, 1, 5) || '*****' AS mac_address,
        SUBSTRING(da.ip_address, 1, 5) || '*****' AS ip_address,
        SUBSTRING(df.iban, 1, 5) || '*****' AS iban,
        dd.accessed_at,
        fnu.session_duration,
        fnu.download_speed,
        fnu.upload_speed,
        fnu.consumed_traffic,
        fnu.unique_id
    FROM
        "airflow"."driven_staging"."fact_network_usage" fnu
    INNER JOIN
        "airflow"."driven_staging"."dim_address" da ON fnu.unique_id = da.unique_id
    INNER JOIN
        "airflow"."driven_staging"."dim_date" dd ON da.unique_id = dd.unique_id
    INNER JOIN
        "airflow"."driven_staging"."dim_finance" df ON dd.unique_id = df.unique_id
    INNER JOIN
        "airflow"."driven_staging"."dim_person" dp ON df.unique_id = dp.unique_id
)

SELECT
    *
FROM
    source_data
  );
  
[0m21:26:37.029140 [debug] [Thread-1 (]: SQL status: SELECT 173455 in 2.354 seconds
[0m21:26:37.073490 [debug] [Thread-1 (]: Using postgres connection "model.dbt_driven_data.trusted_non_pii_data"
[0m21:26:37.078734 [debug] [Thread-1 (]: On model.dbt_driven_data.trusted_non_pii_data: /* {"app": "dbt", "dbt_version": "1.8.0", "profile_name": "default", "target_name": "dev", "node_id": "model.dbt_driven_data.trusted_non_pii_data"} */
alter table "airflow"."driven_trusted"."non_pii_data__dbt_tmp" rename to "non_pii_data"
[0m21:26:37.089016 [debug] [Thread-1 (]: SQL status: ALTER TABLE in 0.002 seconds
[0m21:26:37.212007 [debug] [Thread-1 (]: On model.dbt_driven_data.trusted_non_pii_data: COMMIT
[0m21:26:37.213555 [debug] [Thread-1 (]: Using postgres connection "model.dbt_driven_data.trusted_non_pii_data"
[0m21:26:37.214791 [debug] [Thread-1 (]: On model.dbt_driven_data.trusted_non_pii_data: COMMIT
[0m21:26:37.219735 [debug] [Thread-1 (]: SQL status: COMMIT in 0.002 seconds
[0m21:26:37.247184 [debug] [Thread-1 (]: Applying DROP to: "airflow"."driven_trusted"."non_pii_data__dbt_backup"
[0m21:26:37.280059 [debug] [Thread-1 (]: Using postgres connection "model.dbt_driven_data.trusted_non_pii_data"
[0m21:26:37.281602 [debug] [Thread-1 (]: On model.dbt_driven_data.trusted_non_pii_data: /* {"app": "dbt", "dbt_version": "1.8.0", "profile_name": "default", "target_name": "dev", "node_id": "model.dbt_driven_data.trusted_non_pii_data"} */
drop table if exists "airflow"."driven_trusted"."non_pii_data__dbt_backup" cascade
[0m21:26:37.288222 [debug] [Thread-1 (]: SQL status: DROP TABLE in 0.000 seconds
[0m21:26:37.299603 [debug] [Thread-1 (]: On model.dbt_driven_data.trusted_non_pii_data: Close
[0m21:26:37.308289 [debug] [Thread-1 (]: Sending event: {'category': 'dbt', 'action': 'run_model', 'label': '63f85dc4-eb34-4f44-b4a5-e84bf53d496b', 'context': [<snowplow_tracker.self_describing_json.SelfDescribingJson object at 0x791b8e355df0>]}
[0m21:26:37.319151 [info ] [Thread-1 (]: 1 of 4 OK created sql table model driven_trusted.non_pii_data .................. [[32mSELECT 173455[0m in 2.74s]
[0m21:26:37.324662 [debug] [Thread-1 (]: Finished running node model.dbt_driven_data.trusted_non_pii_data
[0m21:26:37.327070 [debug] [Thread-1 (]: Began running node model.dbt_driven_data.trusted_payment_data
[0m21:26:37.335118 [info ] [Thread-1 (]: 2 of 4 START sql table model driven_trusted.payment_data ....................... [RUN]
[0m21:26:37.343105 [debug] [Thread-1 (]: Re-using an available connection from the pool (formerly model.dbt_driven_data.trusted_non_pii_data, now model.dbt_driven_data.trusted_payment_data)
[0m21:26:37.346779 [debug] [Thread-1 (]: Began compiling node model.dbt_driven_data.trusted_payment_data
[0m21:26:37.367062 [debug] [Thread-1 (]: Writing injected SQL for node "model.dbt_driven_data.trusted_payment_data"
[0m21:26:37.387125 [debug] [Thread-1 (]: Began executing node model.dbt_driven_data.trusted_payment_data
[0m21:26:37.403145 [debug] [Thread-1 (]: Writing runtime sql for node "model.dbt_driven_data.trusted_payment_data"
[0m21:26:37.414414 [debug] [Thread-1 (]: Using postgres connection "model.dbt_driven_data.trusted_payment_data"
[0m21:26:37.418738 [debug] [Thread-1 (]: On model.dbt_driven_data.trusted_payment_data: BEGIN
[0m21:26:37.420030 [debug] [Thread-1 (]: Opening a new connection, currently in state closed
[0m21:26:37.519930 [debug] [Thread-1 (]: SQL status: BEGIN in 0.100 seconds
[0m21:26:37.522611 [debug] [Thread-1 (]: Using postgres connection "model.dbt_driven_data.trusted_payment_data"
[0m21:26:37.526738 [debug] [Thread-1 (]: On model.dbt_driven_data.trusted_payment_data: /* {"app": "dbt", "dbt_version": "1.8.0", "profile_name": "default", "target_name": "dev", "node_id": "model.dbt_driven_data.trusted_payment_data"} */

  
    

  create  table "airflow"."driven_trusted"."payment_data__dbt_tmp"
  
  
    as
  
  (
    

WITH source_data AS (
    SELECT
        fnu.unique_id,
        df.iban,
        fnu.download_speed,
        fnu.upload_speed,
        fnu.session_duration,
        fnu.consumed_traffic,
        ((fnu.download_speed + fnu.upload_speed + 1)/2) + (fnu.consumed_traffic / (fnu.session_duration + 1)) AS payment_amount
    FROM
        "airflow"."driven_staging"."fact_network_usage" fnu
    JOIN
        "airflow"."driven_staging"."dim_finance" df
    ON
	    fnu.unique_id = df.unique_id
)

SELECT
    *
FROM
    source_data
  );
  
[0m21:26:37.629735 [debug] [Thread-1 (]: SQL status: SELECT 5119 in 0.101 seconds
[0m21:26:37.642109 [debug] [Thread-1 (]: Using postgres connection "model.dbt_driven_data.trusted_payment_data"
[0m21:26:37.649274 [debug] [Thread-1 (]: On model.dbt_driven_data.trusted_payment_data: /* {"app": "dbt", "dbt_version": "1.8.0", "profile_name": "default", "target_name": "dev", "node_id": "model.dbt_driven_data.trusted_payment_data"} */
alter table "airflow"."driven_trusted"."payment_data__dbt_tmp" rename to "payment_data"
[0m21:26:37.655399 [debug] [Thread-1 (]: SQL status: ALTER TABLE in 0.001 seconds
[0m21:26:37.663269 [debug] [Thread-1 (]: On model.dbt_driven_data.trusted_payment_data: COMMIT
[0m21:26:37.664580 [debug] [Thread-1 (]: Using postgres connection "model.dbt_driven_data.trusted_payment_data"
[0m21:26:37.666103 [debug] [Thread-1 (]: On model.dbt_driven_data.trusted_payment_data: COMMIT
[0m21:26:37.715557 [debug] [Thread-1 (]: SQL status: COMMIT in 0.045 seconds
[0m21:26:37.726682 [debug] [Thread-1 (]: Applying DROP to: "airflow"."driven_trusted"."payment_data__dbt_backup"
[0m21:26:37.728901 [debug] [Thread-1 (]: Using postgres connection "model.dbt_driven_data.trusted_payment_data"
[0m21:26:37.730307 [debug] [Thread-1 (]: On model.dbt_driven_data.trusted_payment_data: /* {"app": "dbt", "dbt_version": "1.8.0", "profile_name": "default", "target_name": "dev", "node_id": "model.dbt_driven_data.trusted_payment_data"} */
drop table if exists "airflow"."driven_trusted"."payment_data__dbt_backup" cascade
[0m21:26:37.735448 [debug] [Thread-1 (]: SQL status: DROP TABLE in 0.001 seconds
[0m21:26:37.740011 [debug] [Thread-1 (]: On model.dbt_driven_data.trusted_payment_data: Close
[0m21:26:37.746942 [debug] [Thread-1 (]: Sending event: {'category': 'dbt', 'action': 'run_model', 'label': '63f85dc4-eb34-4f44-b4a5-e84bf53d496b', 'context': [<snowplow_tracker.self_describing_json.SelfDescribingJson object at 0x791b89c0c320>]}
[0m21:26:37.755979 [info ] [Thread-1 (]: 2 of 4 OK created sql table model driven_trusted.payment_data .................. [[32mSELECT 5119[0m in 0.40s]
[0m21:26:37.771035 [debug] [Thread-1 (]: Finished running node model.dbt_driven_data.trusted_payment_data
[0m21:26:37.778865 [debug] [Thread-1 (]: Began running node model.dbt_driven_data.trusted_pii_data
[0m21:26:37.783920 [info ] [Thread-1 (]: 3 of 4 START sql table model driven_trusted.pii_data ........................... [RUN]
[0m21:26:37.806038 [debug] [Thread-1 (]: Re-using an available connection from the pool (formerly model.dbt_driven_data.trusted_payment_data, now model.dbt_driven_data.trusted_pii_data)
[0m21:26:37.810807 [debug] [Thread-1 (]: Began compiling node model.dbt_driven_data.trusted_pii_data
[0m21:26:37.928817 [debug] [Thread-1 (]: Writing injected SQL for node "model.dbt_driven_data.trusted_pii_data"
[0m21:26:37.971507 [debug] [Thread-1 (]: Began executing node model.dbt_driven_data.trusted_pii_data
[0m21:26:38.028582 [debug] [Thread-1 (]: Writing runtime sql for node "model.dbt_driven_data.trusted_pii_data"
[0m21:26:38.062035 [debug] [Thread-1 (]: Using postgres connection "model.dbt_driven_data.trusted_pii_data"
[0m21:26:38.068298 [debug] [Thread-1 (]: On model.dbt_driven_data.trusted_pii_data: BEGIN
[0m21:26:38.073605 [debug] [Thread-1 (]: Opening a new connection, currently in state closed
[0m21:26:38.212013 [debug] [Thread-1 (]: SQL status: BEGIN in 0.138 seconds
[0m21:26:38.222966 [debug] [Thread-1 (]: Using postgres connection "model.dbt_driven_data.trusted_pii_data"
[0m21:26:38.226784 [debug] [Thread-1 (]: On model.dbt_driven_data.trusted_pii_data: /* {"app": "dbt", "dbt_version": "1.8.0", "profile_name": "default", "target_name": "dev", "node_id": "model.dbt_driven_data.trusted_pii_data"} */

  
    

  create  table "airflow"."driven_trusted"."pii_data__dbt_tmp"
  
  
    as
  
  (
    

WITH source_data AS (
    SELECT
        dp.person_name,
        dp.user_name,
        dp.email,
        dp.personal_number, 
        dp.birth_date, 
        da.address,
        dp.phone, 
        da.mac_address,
        da.ip_address,
        df.iban,
        dd.accessed_at,
        fnu.session_duration,
        fnu.download_speed,
        fnu.upload_speed,
        fnu.consumed_traffic,
        fnu.unique_id
    FROM
        "airflow"."driven_staging"."fact_network_usage" fnu
    INNER JOIN
        "airflow"."driven_staging"."dim_address" da ON fnu.unique_id = da.unique_id
    INNER JOIN
        "airflow"."driven_staging"."dim_date" dd ON da.unique_id = dd.unique_id
    INNER JOIN
        "airflow"."driven_staging"."dim_finance" df ON dd.unique_id = df.unique_id
    INNER JOIN
        "airflow"."driven_staging"."dim_person" dp ON df.unique_id = dp.unique_id
)

SELECT
    *
FROM
    source_data
  );
  
[0m21:26:47.256541 [debug] [Thread-1 (]: SQL status: SELECT 173455 in 9.027 seconds
[0m21:26:47.280569 [debug] [Thread-1 (]: Using postgres connection "model.dbt_driven_data.trusted_pii_data"
[0m21:26:47.286710 [debug] [Thread-1 (]: On model.dbt_driven_data.trusted_pii_data: /* {"app": "dbt", "dbt_version": "1.8.0", "profile_name": "default", "target_name": "dev", "node_id": "model.dbt_driven_data.trusted_pii_data"} */
alter table "airflow"."driven_trusted"."pii_data__dbt_tmp" rename to "pii_data"
[0m21:26:47.299337 [debug] [Thread-1 (]: SQL status: ALTER TABLE in 0.008 seconds
[0m21:26:47.326621 [debug] [Thread-1 (]: On model.dbt_driven_data.trusted_pii_data: COMMIT
[0m21:26:47.330657 [debug] [Thread-1 (]: Using postgres connection "model.dbt_driven_data.trusted_pii_data"
[0m21:26:47.338669 [debug] [Thread-1 (]: On model.dbt_driven_data.trusted_pii_data: COMMIT
[0m21:26:47.359824 [debug] [Thread-1 (]: SQL status: COMMIT in 0.019 seconds
[0m21:26:47.374089 [debug] [Thread-1 (]: Applying DROP to: "airflow"."driven_trusted"."pii_data__dbt_backup"
[0m21:26:47.387764 [debug] [Thread-1 (]: Using postgres connection "model.dbt_driven_data.trusted_pii_data"
[0m21:26:47.392338 [debug] [Thread-1 (]: On model.dbt_driven_data.trusted_pii_data: /* {"app": "dbt", "dbt_version": "1.8.0", "profile_name": "default", "target_name": "dev", "node_id": "model.dbt_driven_data.trusted_pii_data"} */
drop table if exists "airflow"."driven_trusted"."pii_data__dbt_backup" cascade
[0m21:26:47.401408 [debug] [Thread-1 (]: SQL status: DROP TABLE in 0.002 seconds
[0m21:26:47.407973 [debug] [Thread-1 (]: On model.dbt_driven_data.trusted_pii_data: Close
[0m21:26:47.414666 [debug] [Thread-1 (]: Sending event: {'category': 'dbt', 'action': 'run_model', 'label': '63f85dc4-eb34-4f44-b4a5-e84bf53d496b', 'context': [<snowplow_tracker.self_describing_json.SelfDescribingJson object at 0x791b89c02ff0>]}
[0m21:26:47.423303 [info ] [Thread-1 (]: 3 of 4 OK created sql table model driven_trusted.pii_data ...................... [[32mSELECT 173455[0m in 9.61s]
[0m21:26:47.433241 [debug] [Thread-1 (]: Finished running node model.dbt_driven_data.trusted_pii_data
[0m21:26:47.445950 [debug] [Thread-1 (]: Began running node model.dbt_driven_data.trusted_technical_data
[0m21:26:47.456122 [info ] [Thread-1 (]: 4 of 4 START sql table model driven_trusted.technical_data ..................... [RUN]
[0m21:26:47.459217 [debug] [Thread-1 (]: Re-using an available connection from the pool (formerly model.dbt_driven_data.trusted_pii_data, now model.dbt_driven_data.trusted_technical_data)
[0m21:26:47.468237 [debug] [Thread-1 (]: Began compiling node model.dbt_driven_data.trusted_technical_data
[0m21:26:47.501176 [debug] [Thread-1 (]: Writing injected SQL for node "model.dbt_driven_data.trusted_technical_data"
[0m21:26:47.536306 [debug] [Thread-1 (]: Began executing node model.dbt_driven_data.trusted_technical_data
[0m21:26:47.556954 [debug] [Thread-1 (]: Writing runtime sql for node "model.dbt_driven_data.trusted_technical_data"
[0m21:26:47.593025 [debug] [Thread-1 (]: Using postgres connection "model.dbt_driven_data.trusted_technical_data"
[0m21:26:47.594520 [debug] [Thread-1 (]: On model.dbt_driven_data.trusted_technical_data: BEGIN
[0m21:26:47.596025 [debug] [Thread-1 (]: Opening a new connection, currently in state closed
[0m21:26:47.655243 [debug] [Thread-1 (]: SQL status: BEGIN in 0.059 seconds
[0m21:26:47.657001 [debug] [Thread-1 (]: Using postgres connection "model.dbt_driven_data.trusted_technical_data"
[0m21:26:47.658582 [debug] [Thread-1 (]: On model.dbt_driven_data.trusted_technical_data: /* {"app": "dbt", "dbt_version": "1.8.0", "profile_name": "default", "target_name": "dev", "node_id": "model.dbt_driven_data.trusted_technical_data"} */

  
    

  create  table "airflow"."driven_trusted"."technical_data__dbt_tmp"
  
  
    as
  
  (
    

WITH source_data AS (
    SELECT
        fnu.unique_id,
        da.address,
        da.mac_address,
        da.ip_address,
        fnu.download_speed,
        fnu.upload_speed,
        ROUND((fnu.session_duration/60), 1) as min_session_duration,
        CASE 
            WHEN fnu.download_speed < 50 OR fnu.upload_speed < 30 OR fnu.session_duration/60 < 1 THEN true
            ELSE false
        END AS technical_issue
    FROM
        "airflow"."driven_staging"."fact_network_usage" fnu
    JOIN
        "airflow"."driven_staging"."dim_address" da
    ON
	    fnu.unique_id = da.unique_id
)

SELECT
    *
FROM
    source_data
  );
  
[0m21:26:47.897980 [debug] [Thread-1 (]: SQL status: SELECT 5119 in 0.238 seconds
[0m21:26:47.940092 [debug] [Thread-1 (]: Using postgres connection "model.dbt_driven_data.trusted_technical_data"
[0m21:26:47.947217 [debug] [Thread-1 (]: On model.dbt_driven_data.trusted_technical_data: /* {"app": "dbt", "dbt_version": "1.8.0", "profile_name": "default", "target_name": "dev", "node_id": "model.dbt_driven_data.trusted_technical_data"} */
alter table "airflow"."driven_trusted"."technical_data__dbt_tmp" rename to "technical_data"
[0m21:26:47.975174 [debug] [Thread-1 (]: SQL status: ALTER TABLE in 0.011 seconds
[0m21:26:48.027595 [debug] [Thread-1 (]: On model.dbt_driven_data.trusted_technical_data: COMMIT
[0m21:26:48.030765 [debug] [Thread-1 (]: Using postgres connection "model.dbt_driven_data.trusted_technical_data"
[0m21:26:48.075214 [debug] [Thread-1 (]: On model.dbt_driven_data.trusted_technical_data: COMMIT
[0m21:26:48.092380 [debug] [Thread-1 (]: SQL status: COMMIT in 0.009 seconds
[0m21:26:48.160812 [debug] [Thread-1 (]: Applying DROP to: "airflow"."driven_trusted"."technical_data__dbt_backup"
[0m21:26:48.168859 [debug] [Thread-1 (]: Using postgres connection "model.dbt_driven_data.trusted_technical_data"
[0m21:26:48.178782 [debug] [Thread-1 (]: On model.dbt_driven_data.trusted_technical_data: /* {"app": "dbt", "dbt_version": "1.8.0", "profile_name": "default", "target_name": "dev", "node_id": "model.dbt_driven_data.trusted_technical_data"} */
drop table if exists "airflow"."driven_trusted"."technical_data__dbt_backup" cascade
[0m21:26:48.189887 [debug] [Thread-1 (]: SQL status: DROP TABLE in 0.001 seconds
[0m21:26:48.203244 [debug] [Thread-1 (]: On model.dbt_driven_data.trusted_technical_data: Close
[0m21:26:48.211322 [debug] [Thread-1 (]: Sending event: {'category': 'dbt', 'action': 'run_model', 'label': '63f85dc4-eb34-4f44-b4a5-e84bf53d496b', 'context': [<snowplow_tracker.self_describing_json.SelfDescribingJson object at 0x791b8adf47d0>]}
[0m21:26:48.215415 [info ] [Thread-1 (]: 4 of 4 OK created sql table model driven_trusted.technical_data ................ [[32mSELECT 5119[0m in 0.75s]
[0m21:26:48.223263 [debug] [Thread-1 (]: Finished running node model.dbt_driven_data.trusted_technical_data
[0m21:26:48.281957 [debug] [MainThread]: Using postgres connection "master"
[0m21:26:48.288132 [debug] [MainThread]: On master: BEGIN
[0m21:26:48.294546 [debug] [MainThread]: Opening a new connection, currently in state closed
[0m21:26:48.427437 [debug] [MainThread]: SQL status: BEGIN in 0.133 seconds
[0m21:26:48.428812 [debug] [MainThread]: On master: COMMIT
[0m21:26:48.429918 [debug] [MainThread]: Using postgres connection "master"
[0m21:26:48.434558 [debug] [MainThread]: On master: COMMIT
[0m21:26:48.436064 [debug] [MainThread]: SQL status: COMMIT in 0.000 seconds
[0m21:26:48.438578 [debug] [MainThread]: On master: Close
[0m21:26:48.445220 [debug] [MainThread]: Connection 'master' was properly closed.
[0m21:26:48.454635 [debug] [MainThread]: Connection 'model.dbt_driven_data.trusted_technical_data' was properly closed.
[0m21:26:48.460076 [info ] [MainThread]: 
[0m21:26:48.474648 [info ] [MainThread]: Finished running 4 table models in 0 hours 0 minutes and 14.25 seconds (14.25s).
[0m21:26:48.480057 [debug] [MainThread]: Command end result
[0m21:26:48.895994 [info ] [MainThread]: 
[0m21:26:48.900200 [info ] [MainThread]: [32mCompleted successfully[0m
[0m21:26:48.905901 [info ] [MainThread]: 
[0m21:26:48.910130 [info ] [MainThread]: Done. PASS=4 WARN=0 ERROR=0 SKIP=0 TOTAL=4
[0m21:26:48.925260 [debug] [MainThread]: Resource report: {"command_name": "run", "command_success": true, "command_wall_clock_time": 16.130106, "process_user_time": 4.244647, "process_kernel_time": 0.687883, "process_mem_max_rss": "119144", "process_in_blocks": "16", "process_out_blocks": "0"}
[0m21:26:48.937434 [debug] [MainThread]: Command `dbt run` succeeded at 21:26:48.937156 after 16.14 seconds
[0m21:26:48.940933 [debug] [MainThread]: Sending event: {'category': 'dbt', 'action': 'invocation', 'label': 'end', 'context': [<snowplow_tracker.self_describing_json.SelfDescribingJson object at 0x791b8dd0bfe0>, <snowplow_tracker.self_describing_json.SelfDescribingJson object at 0x791b8d27e570>, <snowplow_tracker.self_describing_json.SelfDescribingJson object at 0x791b8d0e85f0>]}
[0m21:26:48.952935 [debug] [MainThread]: Flushing usage events
[0m22:37:44.598630 [debug] [MainThread]: Sending event: {'category': 'dbt', 'action': 'invocation', 'label': 'start', 'context': [<snowplow_tracker.self_describing_json.SelfDescribingJson object at 0x7c20a2540770>, <snowplow_tracker.self_describing_json.SelfDescribingJson object at 0x7c20a42b0380>, <snowplow_tracker.self_describing_json.SelfDescribingJson object at 0x7c20a25438f0>]}


============================== 22:37:45.141047 | 14055324-13ce-4600-a927-dfc6f7a21b36 ==============================
[0m22:37:45.141047 [info ] [MainThread]: Running with dbt=1.8.0
[0m22:37:45.176321 [debug] [MainThread]: running dbt with arguments {'printer_width': '80', 'indirect_selection': 'eager', 'log_cache_events': 'False', 'write_json': 'True', 'partial_parse': 'True', 'cache_selected_only': 'False', 'warn_error': 'None', 'debug': 'False', 'profiles_dir': '/opt/airflow/dbt', 'log_path': '/opt/airflow/dbt/logs', 'version_check': 'True', 'fail_fast': 'False', 'use_colors': 'True', 'use_experimental_parser': 'False', 'no_print': 'None', 'quiet': 'False', 'warn_error_options': 'WarnErrorOptions(include=[], exclude=[])', 'static_parser': 'True', 'invocation_command': 'dbt run --select tag:staging', 'introspect': 'True', 'target_path': 'None', 'log_format': 'default', 'send_anonymous_usage_stats': 'True'}
[0m22:37:50.861059 [debug] [MainThread]: Sending event: {'category': 'dbt', 'action': 'project_id', 'label': '14055324-13ce-4600-a927-dfc6f7a21b36', 'context': [<snowplow_tracker.self_describing_json.SelfDescribingJson object at 0x7c20a221afc0>]}
[0m22:37:52.023687 [debug] [MainThread]: Sending event: {'category': 'dbt', 'action': 'adapter_info', 'label': '14055324-13ce-4600-a927-dfc6f7a21b36', 'context': [<snowplow_tracker.self_describing_json.SelfDescribingJson object at 0x7c20a253c9e0>]}
[0m22:37:52.056898 [info ] [MainThread]: Registered adapter: postgres=1.8.2
[0m22:37:54.966284 [debug] [MainThread]: checksum: dbb12d416fdb55e3665e4828703bbedf40c5c90ed7ca6ff39bbbfb29b12b0a92, vars: {}, profile: , target: , version: 1.8.0
[0m22:37:58.659847 [debug] [MainThread]: Partial parsing enabled: 0 files deleted, 0 files added, 0 files changed.
[0m22:37:58.675518 [debug] [MainThread]: Partial parsing enabled, no changes found, skipping parsing
[0m22:37:59.191197 [debug] [MainThread]: Sending event: {'category': 'dbt', 'action': 'load_project', 'label': '14055324-13ce-4600-a927-dfc6f7a21b36', 'context': [<snowplow_tracker.self_describing_json.SelfDescribingJson object at 0x7c20a211dfd0>]}
[0m22:38:03.275095 [debug] [MainThread]: Sending event: {'category': 'dbt', 'action': 'resource_counts', 'label': '14055324-13ce-4600-a927-dfc6f7a21b36', 'context': [<snowplow_tracker.self_describing_json.SelfDescribingJson object at 0x7c20a1fd9670>]}
[0m22:38:03.277527 [info ] [MainThread]: Found 9 models, 10 sources, 428 macros
[0m22:38:03.287997 [debug] [MainThread]: Sending event: {'category': 'dbt', 'action': 'runnable_timing', 'label': '14055324-13ce-4600-a927-dfc6f7a21b36', 'context': [<snowplow_tracker.self_describing_json.SelfDescribingJson object at 0x7c20a211e3f0>]}
[0m22:38:03.317716 [info ] [MainThread]: 
[0m22:38:03.356653 [debug] [MainThread]: Acquiring new postgres connection 'master'
[0m22:38:03.395872 [debug] [ThreadPool]: Acquiring new postgres connection 'list_airflow'
[0m22:38:03.958217 [debug] [ThreadPool]: Using postgres connection "list_airflow"
[0m22:38:03.983141 [debug] [ThreadPool]: On list_airflow: /* {"app": "dbt", "dbt_version": "1.8.0", "profile_name": "default", "target_name": "dev", "connection_name": "list_airflow"} */

    select distinct nspname from pg_namespace
  
[0m22:38:03.991023 [debug] [ThreadPool]: Opening a new connection, currently in state init
[0m22:38:04.056636 [debug] [ThreadPool]: SQL status: SELECT 7 in 0.066 seconds
[0m22:38:04.060674 [debug] [ThreadPool]: On list_airflow: Close
[0m22:38:04.103196 [debug] [ThreadPool]: Re-using an available connection from the pool (formerly list_airflow, now list_airflow_driven_staging)
[0m22:38:04.151464 [debug] [ThreadPool]: Using postgres connection "list_airflow_driven_staging"
[0m22:38:04.158785 [debug] [ThreadPool]: On list_airflow_driven_staging: BEGIN
[0m22:38:04.160279 [debug] [ThreadPool]: Opening a new connection, currently in state closed
[0m22:38:04.187795 [debug] [ThreadPool]: SQL status: BEGIN in 0.027 seconds
[0m22:38:04.198808 [debug] [ThreadPool]: Using postgres connection "list_airflow_driven_staging"
[0m22:38:04.207191 [debug] [ThreadPool]: On list_airflow_driven_staging: /* {"app": "dbt", "dbt_version": "1.8.0", "profile_name": "default", "target_name": "dev", "connection_name": "list_airflow_driven_staging"} */
select
      'airflow' as database,
      tablename as name,
      schemaname as schema,
      'table' as type
    from pg_tables
    where schemaname ilike 'driven_staging'
    union all
    select
      'airflow' as database,
      viewname as name,
      schemaname as schema,
      'view' as type
    from pg_views
    where schemaname ilike 'driven_staging'
    union all
    select
      'airflow' as database,
      matviewname as name,
      schemaname as schema,
      'materialized_view' as type
    from pg_matviews
    where schemaname ilike 'driven_staging'
  
[0m22:38:04.275967 [debug] [ThreadPool]: SQL status: SELECT 5 in 0.056 seconds
[0m22:38:04.307337 [debug] [ThreadPool]: On list_airflow_driven_staging: ROLLBACK
[0m22:38:04.335015 [debug] [ThreadPool]: On list_airflow_driven_staging: Close
[0m22:38:04.400424 [debug] [ThreadPool]: Re-using an available connection from the pool (formerly list_airflow_driven_staging, now list_airflow_driven_trusted)
[0m22:38:04.472296 [debug] [ThreadPool]: Using postgres connection "list_airflow_driven_trusted"
[0m22:38:04.475621 [debug] [ThreadPool]: On list_airflow_driven_trusted: BEGIN
[0m22:38:04.479618 [debug] [ThreadPool]: Opening a new connection, currently in state closed
[0m22:38:04.518747 [debug] [ThreadPool]: SQL status: BEGIN in 0.037 seconds
[0m22:38:04.523091 [debug] [ThreadPool]: Using postgres connection "list_airflow_driven_trusted"
[0m22:38:04.530856 [debug] [ThreadPool]: On list_airflow_driven_trusted: /* {"app": "dbt", "dbt_version": "1.8.0", "profile_name": "default", "target_name": "dev", "connection_name": "list_airflow_driven_trusted"} */
select
      'airflow' as database,
      tablename as name,
      schemaname as schema,
      'table' as type
    from pg_tables
    where schemaname ilike 'driven_trusted'
    union all
    select
      'airflow' as database,
      viewname as name,
      schemaname as schema,
      'view' as type
    from pg_views
    where schemaname ilike 'driven_trusted'
    union all
    select
      'airflow' as database,
      matviewname as name,
      schemaname as schema,
      'materialized_view' as type
    from pg_matviews
    where schemaname ilike 'driven_trusted'
  
[0m22:38:04.562857 [debug] [ThreadPool]: SQL status: SELECT 4 in 0.022 seconds
[0m22:38:04.589709 [debug] [ThreadPool]: On list_airflow_driven_trusted: ROLLBACK
[0m22:38:04.618925 [debug] [ThreadPool]: On list_airflow_driven_trusted: Close
[0m22:38:04.728922 [debug] [MainThread]: Using postgres connection "master"
[0m22:38:04.742834 [debug] [MainThread]: On master: BEGIN
[0m22:38:04.747494 [debug] [MainThread]: Opening a new connection, currently in state init
[0m22:38:04.787972 [debug] [MainThread]: SQL status: BEGIN in 0.040 seconds
[0m22:38:04.794879 [debug] [MainThread]: Using postgres connection "master"
[0m22:38:04.803053 [debug] [MainThread]: On master: /* {"app": "dbt", "dbt_version": "1.8.0", "profile_name": "default", "target_name": "dev", "connection_name": "master"} */
with relation as (
        select
            pg_rewrite.ev_class as class,
            pg_rewrite.oid as id
        from pg_rewrite
    ),
    class as (
        select
            oid as id,
            relname as name,
            relnamespace as schema,
            relkind as kind
        from pg_class
    ),
    dependency as (
        select distinct
            pg_depend.objid as id,
            pg_depend.refobjid as ref
        from pg_depend
    ),
    schema as (
        select
            pg_namespace.oid as id,
            pg_namespace.nspname as name
        from pg_namespace
        where nspname != 'information_schema' and nspname not like 'pg\_%'
    ),
    referenced as (
        select
            relation.id AS id,
            referenced_class.name ,
            referenced_class.schema ,
            referenced_class.kind
        from relation
        join class as referenced_class on relation.class=referenced_class.id
        where referenced_class.kind in ('r', 'v', 'm')
    ),
    relationships as (
        select
            referenced.name as referenced_name,
            referenced.schema as referenced_schema_id,
            dependent_class.name as dependent_name,
            dependent_class.schema as dependent_schema_id,
            referenced.kind as kind
        from referenced
        join dependency on referenced.id=dependency.id
        join class as dependent_class on dependency.ref=dependent_class.id
        where
            (referenced.name != dependent_class.name or
             referenced.schema != dependent_class.schema)
    )

    select
        referenced_schema.name as referenced_schema,
        relationships.referenced_name as referenced_name,
        dependent_schema.name as dependent_schema,
        relationships.dependent_name as dependent_name
    from relationships
    join schema as dependent_schema on relationships.dependent_schema_id=dependent_schema.id
    join schema as referenced_schema on relationships.referenced_schema_id=referenced_schema.id
    group by referenced_schema, referenced_name, dependent_schema, dependent_name
    order by referenced_schema, referenced_name, dependent_schema, dependent_name;
[0m22:38:04.829616 [debug] [MainThread]: SQL status: SELECT 0 in 0.023 seconds
[0m22:38:04.833739 [debug] [MainThread]: Sending event: {'category': 'dbt', 'action': 'runnable_timing', 'label': '14055324-13ce-4600-a927-dfc6f7a21b36', 'context': [<snowplow_tracker.self_describing_json.SelfDescribingJson object at 0x7c20a2051eb0>]}
[0m22:38:04.852449 [debug] [MainThread]: On master: ROLLBACK
[0m22:38:04.863075 [debug] [MainThread]: Using postgres connection "master"
[0m22:38:04.874874 [debug] [MainThread]: On master: BEGIN
[0m22:38:04.876997 [debug] [MainThread]: SQL status: BEGIN in 0.001 seconds
[0m22:38:04.878330 [debug] [MainThread]: On master: COMMIT
[0m22:38:04.884477 [debug] [MainThread]: Using postgres connection "master"
[0m22:38:04.894835 [debug] [MainThread]: On master: COMMIT
[0m22:38:04.896701 [debug] [MainThread]: SQL status: COMMIT in 0.000 seconds
[0m22:38:04.898675 [debug] [MainThread]: On master: Close
[0m22:38:04.912217 [info ] [MainThread]: Concurrency: 1 threads (target='dev')
[0m22:38:04.920018 [info ] [MainThread]: 
[0m22:38:05.162638 [debug] [Thread-1 (]: Began running node model.dbt_driven_data.staging_dim_address
[0m22:38:05.227099 [info ] [Thread-1 (]: 1 of 5 START sql table model driven_staging.dim_address ........................ [RUN]
[0m22:38:05.262964 [debug] [Thread-1 (]: Re-using an available connection from the pool (formerly list_airflow_driven_trusted, now model.dbt_driven_data.staging_dim_address)
[0m22:38:05.294804 [debug] [Thread-1 (]: Began compiling node model.dbt_driven_data.staging_dim_address
[0m22:38:05.496286 [debug] [Thread-1 (]: Writing injected SQL for node "model.dbt_driven_data.staging_dim_address"
[0m22:38:05.556718 [debug] [Thread-1 (]: Began executing node model.dbt_driven_data.staging_dim_address
[0m22:38:06.471417 [debug] [Thread-1 (]: Writing runtime sql for node "model.dbt_driven_data.staging_dim_address"
[0m22:38:06.510942 [debug] [Thread-1 (]: Using postgres connection "model.dbt_driven_data.staging_dim_address"
[0m22:38:06.518957 [debug] [Thread-1 (]: On model.dbt_driven_data.staging_dim_address: BEGIN
[0m22:38:06.520655 [debug] [Thread-1 (]: Opening a new connection, currently in state closed
[0m22:38:06.557572 [debug] [Thread-1 (]: SQL status: BEGIN in 0.037 seconds
[0m22:38:06.559695 [debug] [Thread-1 (]: Using postgres connection "model.dbt_driven_data.staging_dim_address"
[0m22:38:06.562977 [debug] [Thread-1 (]: On model.dbt_driven_data.staging_dim_address: /* {"app": "dbt", "dbt_version": "1.8.0", "profile_name": "default", "target_name": "dev", "node_id": "model.dbt_driven_data.staging_dim_address"} */

  
    

  create  table "airflow"."driven_staging"."dim_address__dbt_tmp"
  
  
    as
  
  (
    

WITH source_data AS (
    SELECT
        unique_id,
        address,
        mac_address,
        ip_address
    FROM
        "airflow"."driven_raw"."raw_batch_data"
)

SELECT
    *
FROM
    source_data
  );
  
[0m22:38:06.741274 [debug] [Thread-1 (]: SQL status: SELECT 3115 in 0.170 seconds
[0m22:38:06.803160 [debug] [Thread-1 (]: Using postgres connection "model.dbt_driven_data.staging_dim_address"
[0m22:38:06.804618 [debug] [Thread-1 (]: On model.dbt_driven_data.staging_dim_address: /* {"app": "dbt", "dbt_version": "1.8.0", "profile_name": "default", "target_name": "dev", "node_id": "model.dbt_driven_data.staging_dim_address"} */
alter table "airflow"."driven_staging"."dim_address" rename to "dim_address__dbt_backup"
[0m22:38:06.815993 [debug] [Thread-1 (]: SQL status: ALTER TABLE in 0.003 seconds
[0m22:38:06.840887 [debug] [Thread-1 (]: Using postgres connection "model.dbt_driven_data.staging_dim_address"
[0m22:38:06.850215 [debug] [Thread-1 (]: On model.dbt_driven_data.staging_dim_address: /* {"app": "dbt", "dbt_version": "1.8.0", "profile_name": "default", "target_name": "dev", "node_id": "model.dbt_driven_data.staging_dim_address"} */
alter table "airflow"."driven_staging"."dim_address__dbt_tmp" rename to "dim_address"
[0m22:38:06.886939 [debug] [Thread-1 (]: SQL status: ALTER TABLE in 0.017 seconds
[0m22:38:07.156319 [debug] [Thread-1 (]: On model.dbt_driven_data.staging_dim_address: COMMIT
[0m22:38:07.160817 [debug] [Thread-1 (]: Using postgres connection "model.dbt_driven_data.staging_dim_address"
[0m22:38:07.171862 [debug] [Thread-1 (]: On model.dbt_driven_data.staging_dim_address: COMMIT
[0m22:38:07.179072 [debug] [Thread-1 (]: SQL status: COMMIT in 0.006 seconds
[0m22:38:07.233777 [debug] [Thread-1 (]: Applying DROP to: "airflow"."driven_staging"."dim_address__dbt_backup"
[0m22:38:07.288837 [debug] [Thread-1 (]: Using postgres connection "model.dbt_driven_data.staging_dim_address"
[0m22:38:07.299535 [debug] [Thread-1 (]: On model.dbt_driven_data.staging_dim_address: /* {"app": "dbt", "dbt_version": "1.8.0", "profile_name": "default", "target_name": "dev", "node_id": "model.dbt_driven_data.staging_dim_address"} */
drop table if exists "airflow"."driven_staging"."dim_address__dbt_backup" cascade
[0m22:38:07.386691 [debug] [Thread-1 (]: SQL status: DROP TABLE in 0.085 seconds
[0m22:38:07.423296 [debug] [Thread-1 (]: On model.dbt_driven_data.staging_dim_address: Close
[0m22:38:07.432642 [debug] [Thread-1 (]: Sending event: {'category': 'dbt', 'action': 'run_model', 'label': '14055324-13ce-4600-a927-dfc6f7a21b36', 'context': [<snowplow_tracker.self_describing_json.SelfDescribingJson object at 0x7c20a3b9af30>]}
[0m22:38:07.448044 [info ] [Thread-1 (]: 1 of 5 OK created sql table model driven_staging.dim_address ................... [[32mSELECT 3115[0m in 2.17s]
[0m22:38:07.464088 [debug] [Thread-1 (]: Finished running node model.dbt_driven_data.staging_dim_address
[0m22:38:07.479130 [debug] [Thread-1 (]: Began running node model.dbt_driven_data.staging_dim_date
[0m22:38:07.481322 [info ] [Thread-1 (]: 2 of 5 START sql table model driven_staging.dim_date ........................... [RUN]
[0m22:38:07.492052 [debug] [Thread-1 (]: Re-using an available connection from the pool (formerly model.dbt_driven_data.staging_dim_address, now model.dbt_driven_data.staging_dim_date)
[0m22:38:07.500551 [debug] [Thread-1 (]: Began compiling node model.dbt_driven_data.staging_dim_date
[0m22:38:07.524934 [debug] [Thread-1 (]: Writing injected SQL for node "model.dbt_driven_data.staging_dim_date"
[0m22:38:07.567399 [debug] [Thread-1 (]: Began executing node model.dbt_driven_data.staging_dim_date
[0m22:38:07.604566 [debug] [Thread-1 (]: Writing runtime sql for node "model.dbt_driven_data.staging_dim_date"
[0m22:38:07.639503 [debug] [Thread-1 (]: Using postgres connection "model.dbt_driven_data.staging_dim_date"
[0m22:38:07.642974 [debug] [Thread-1 (]: On model.dbt_driven_data.staging_dim_date: BEGIN
[0m22:38:07.644480 [debug] [Thread-1 (]: Opening a new connection, currently in state closed
[0m22:38:07.679902 [debug] [Thread-1 (]: SQL status: BEGIN in 0.035 seconds
[0m22:38:07.685274 [debug] [Thread-1 (]: Using postgres connection "model.dbt_driven_data.staging_dim_date"
[0m22:38:07.687389 [debug] [Thread-1 (]: On model.dbt_driven_data.staging_dim_date: /* {"app": "dbt", "dbt_version": "1.8.0", "profile_name": "default", "target_name": "dev", "node_id": "model.dbt_driven_data.staging_dim_date"} */

  
    

  create  table "airflow"."driven_staging"."dim_date__dbt_tmp"
  
  
    as
  
  (
    

WITH source_data AS (
    SELECT
        unique_id,
        accessed_at
    FROM
        "airflow"."driven_raw"."raw_batch_data"
)

SELECT
    *
FROM
    source_data
  );
  
[0m22:38:07.734368 [debug] [Thread-1 (]: SQL status: SELECT 3115 in 0.031 seconds
[0m22:38:07.752375 [debug] [Thread-1 (]: Using postgres connection "model.dbt_driven_data.staging_dim_date"
[0m22:38:07.767092 [debug] [Thread-1 (]: On model.dbt_driven_data.staging_dim_date: /* {"app": "dbt", "dbt_version": "1.8.0", "profile_name": "default", "target_name": "dev", "node_id": "model.dbt_driven_data.staging_dim_date"} */
alter table "airflow"."driven_staging"."dim_date" rename to "dim_date__dbt_backup"
[0m22:38:07.772388 [debug] [Thread-1 (]: SQL status: ALTER TABLE in 0.004 seconds
[0m22:38:07.794637 [debug] [Thread-1 (]: Using postgres connection "model.dbt_driven_data.staging_dim_date"
[0m22:38:07.796141 [debug] [Thread-1 (]: On model.dbt_driven_data.staging_dim_date: /* {"app": "dbt", "dbt_version": "1.8.0", "profile_name": "default", "target_name": "dev", "node_id": "model.dbt_driven_data.staging_dim_date"} */
alter table "airflow"."driven_staging"."dim_date__dbt_tmp" rename to "dim_date"
[0m22:38:07.811168 [debug] [Thread-1 (]: SQL status: ALTER TABLE in 0.007 seconds
[0m22:38:07.827921 [debug] [Thread-1 (]: On model.dbt_driven_data.staging_dim_date: COMMIT
[0m22:38:07.831013 [debug] [Thread-1 (]: Using postgres connection "model.dbt_driven_data.staging_dim_date"
[0m22:38:07.835936 [debug] [Thread-1 (]: On model.dbt_driven_data.staging_dim_date: COMMIT
[0m22:38:07.844567 [debug] [Thread-1 (]: SQL status: COMMIT in 0.007 seconds
[0m22:38:07.879035 [debug] [Thread-1 (]: Applying DROP to: "airflow"."driven_staging"."dim_date__dbt_backup"
[0m22:38:07.888503 [debug] [Thread-1 (]: Using postgres connection "model.dbt_driven_data.staging_dim_date"
[0m22:38:07.899227 [debug] [Thread-1 (]: On model.dbt_driven_data.staging_dim_date: /* {"app": "dbt", "dbt_version": "1.8.0", "profile_name": "default", "target_name": "dev", "node_id": "model.dbt_driven_data.staging_dim_date"} */
drop table if exists "airflow"."driven_staging"."dim_date__dbt_backup" cascade
[0m22:38:07.918729 [debug] [Thread-1 (]: SQL status: DROP TABLE in 0.011 seconds
[0m22:38:07.929899 [debug] [Thread-1 (]: On model.dbt_driven_data.staging_dim_date: Close
[0m22:38:07.948225 [debug] [Thread-1 (]: Sending event: {'category': 'dbt', 'action': 'run_model', 'label': '14055324-13ce-4600-a927-dfc6f7a21b36', 'context': [<snowplow_tracker.self_describing_json.SelfDescribingJson object at 0x7c20a034dc10>]}
[0m22:38:07.964934 [info ] [Thread-1 (]: 2 of 5 OK created sql table model driven_staging.dim_date ...................... [[32mSELECT 3115[0m in 0.46s]
[0m22:38:07.981946 [debug] [Thread-1 (]: Finished running node model.dbt_driven_data.staging_dim_date
[0m22:38:07.985288 [debug] [Thread-1 (]: Began running node model.dbt_driven_data.staging_dim_finance
[0m22:38:07.996457 [info ] [Thread-1 (]: 3 of 5 START sql table model driven_staging.dim_finance ........................ [RUN]
[0m22:38:08.002236 [debug] [Thread-1 (]: Re-using an available connection from the pool (formerly model.dbt_driven_data.staging_dim_date, now model.dbt_driven_data.staging_dim_finance)
[0m22:38:08.012347 [debug] [Thread-1 (]: Began compiling node model.dbt_driven_data.staging_dim_finance
[0m22:38:08.042843 [debug] [Thread-1 (]: Writing injected SQL for node "model.dbt_driven_data.staging_dim_finance"
[0m22:38:08.071121 [debug] [Thread-1 (]: Began executing node model.dbt_driven_data.staging_dim_finance
[0m22:38:08.122473 [debug] [Thread-1 (]: Writing runtime sql for node "model.dbt_driven_data.staging_dim_finance"
[0m22:38:08.204049 [debug] [Thread-1 (]: Using postgres connection "model.dbt_driven_data.staging_dim_finance"
[0m22:38:08.206027 [debug] [Thread-1 (]: On model.dbt_driven_data.staging_dim_finance: BEGIN
[0m22:38:08.213715 [debug] [Thread-1 (]: Opening a new connection, currently in state closed
[0m22:38:08.249401 [debug] [Thread-1 (]: SQL status: BEGIN in 0.036 seconds
[0m22:38:08.256712 [debug] [Thread-1 (]: Using postgres connection "model.dbt_driven_data.staging_dim_finance"
[0m22:38:08.262339 [debug] [Thread-1 (]: On model.dbt_driven_data.staging_dim_finance: /* {"app": "dbt", "dbt_version": "1.8.0", "profile_name": "default", "target_name": "dev", "node_id": "model.dbt_driven_data.staging_dim_finance"} */

  
    

  create  table "airflow"."driven_staging"."dim_finance__dbt_tmp"
  
  
    as
  
  (
    

WITH source_data AS (
    SELECT
        unique_id,
        iban
    FROM
        "airflow"."driven_raw"."raw_batch_data"
)

SELECT
    *
FROM
    source_data
  );
  
[0m22:38:08.317516 [debug] [Thread-1 (]: SQL status: SELECT 3115 in 0.041 seconds
[0m22:38:08.329870 [debug] [Thread-1 (]: Using postgres connection "model.dbt_driven_data.staging_dim_finance"
[0m22:38:08.331519 [debug] [Thread-1 (]: On model.dbt_driven_data.staging_dim_finance: /* {"app": "dbt", "dbt_version": "1.8.0", "profile_name": "default", "target_name": "dev", "node_id": "model.dbt_driven_data.staging_dim_finance"} */
alter table "airflow"."driven_staging"."dim_finance" rename to "dim_finance__dbt_backup"
[0m22:38:08.333720 [debug] [Thread-1 (]: SQL status: ALTER TABLE in 0.001 seconds
[0m22:38:08.353138 [debug] [Thread-1 (]: Using postgres connection "model.dbt_driven_data.staging_dim_finance"
[0m22:38:08.354568 [debug] [Thread-1 (]: On model.dbt_driven_data.staging_dim_finance: /* {"app": "dbt", "dbt_version": "1.8.0", "profile_name": "default", "target_name": "dev", "node_id": "model.dbt_driven_data.staging_dim_finance"} */
alter table "airflow"."driven_staging"."dim_finance__dbt_tmp" rename to "dim_finance"
[0m22:38:08.358087 [debug] [Thread-1 (]: SQL status: ALTER TABLE in 0.001 seconds
[0m22:38:08.367070 [debug] [Thread-1 (]: On model.dbt_driven_data.staging_dim_finance: COMMIT
[0m22:38:08.372952 [debug] [Thread-1 (]: Using postgres connection "model.dbt_driven_data.staging_dim_finance"
[0m22:38:08.374463 [debug] [Thread-1 (]: On model.dbt_driven_data.staging_dim_finance: COMMIT
[0m22:38:08.378749 [debug] [Thread-1 (]: SQL status: COMMIT in 0.003 seconds
[0m22:38:08.397231 [debug] [Thread-1 (]: Applying DROP to: "airflow"."driven_staging"."dim_finance__dbt_backup"
[0m22:38:08.405539 [debug] [Thread-1 (]: Using postgres connection "model.dbt_driven_data.staging_dim_finance"
[0m22:38:08.412323 [debug] [Thread-1 (]: On model.dbt_driven_data.staging_dim_finance: /* {"app": "dbt", "dbt_version": "1.8.0", "profile_name": "default", "target_name": "dev", "node_id": "model.dbt_driven_data.staging_dim_finance"} */
drop table if exists "airflow"."driven_staging"."dim_finance__dbt_backup" cascade
[0m22:38:08.425993 [debug] [Thread-1 (]: SQL status: DROP TABLE in 0.006 seconds
[0m22:38:08.441523 [debug] [Thread-1 (]: On model.dbt_driven_data.staging_dim_finance: Close
[0m22:38:08.452238 [debug] [Thread-1 (]: Sending event: {'category': 'dbt', 'action': 'run_model', 'label': '14055324-13ce-4600-a927-dfc6f7a21b36', 'context': [<snowplow_tracker.self_describing_json.SelfDescribingJson object at 0x7c209ffbec00>]}
[0m22:38:08.456884 [info ] [Thread-1 (]: 3 of 5 OK created sql table model driven_staging.dim_finance ................... [[32mSELECT 3115[0m in 0.45s]
[0m22:38:08.473987 [debug] [Thread-1 (]: Finished running node model.dbt_driven_data.staging_dim_finance
[0m22:38:08.476649 [debug] [Thread-1 (]: Began running node model.dbt_driven_data.staging_dim_person
[0m22:38:08.484385 [info ] [Thread-1 (]: 4 of 5 START sql table model driven_staging.dim_person ......................... [RUN]
[0m22:38:08.492569 [debug] [Thread-1 (]: Re-using an available connection from the pool (formerly model.dbt_driven_data.staging_dim_finance, now model.dbt_driven_data.staging_dim_person)
[0m22:38:08.502549 [debug] [Thread-1 (]: Began compiling node model.dbt_driven_data.staging_dim_person
[0m22:38:08.527238 [debug] [Thread-1 (]: Writing injected SQL for node "model.dbt_driven_data.staging_dim_person"
[0m22:38:08.574488 [debug] [Thread-1 (]: Began executing node model.dbt_driven_data.staging_dim_person
[0m22:38:08.607558 [debug] [Thread-1 (]: Writing runtime sql for node "model.dbt_driven_data.staging_dim_person"
[0m22:38:08.652124 [debug] [Thread-1 (]: Using postgres connection "model.dbt_driven_data.staging_dim_person"
[0m22:38:08.653722 [debug] [Thread-1 (]: On model.dbt_driven_data.staging_dim_person: BEGIN
[0m22:38:08.655149 [debug] [Thread-1 (]: Opening a new connection, currently in state closed
[0m22:38:08.684492 [debug] [Thread-1 (]: SQL status: BEGIN in 0.029 seconds
[0m22:38:08.686095 [debug] [Thread-1 (]: Using postgres connection "model.dbt_driven_data.staging_dim_person"
[0m22:38:08.693706 [debug] [Thread-1 (]: On model.dbt_driven_data.staging_dim_person: /* {"app": "dbt", "dbt_version": "1.8.0", "profile_name": "default", "target_name": "dev", "node_id": "model.dbt_driven_data.staging_dim_person"} */

  
    

  create  table "airflow"."driven_staging"."dim_person__dbt_tmp"
  
  
    as
  
  (
    

WITH source_data AS (
    SELECT
        unique_id,
        person_name,
        user_name,
        email,
        phone,
        birth_date,
        personal_number
    FROM
        "airflow"."driven_raw"."raw_batch_data"
)

SELECT
    *
FROM
    source_data
  );
  
[0m22:38:08.775977 [debug] [Thread-1 (]: SQL status: SELECT 3115 in 0.077 seconds
[0m22:38:08.805745 [debug] [Thread-1 (]: Using postgres connection "model.dbt_driven_data.staging_dim_person"
[0m22:38:08.816148 [debug] [Thread-1 (]: On model.dbt_driven_data.staging_dim_person: /* {"app": "dbt", "dbt_version": "1.8.0", "profile_name": "default", "target_name": "dev", "node_id": "model.dbt_driven_data.staging_dim_person"} */
alter table "airflow"."driven_staging"."dim_person" rename to "dim_person__dbt_backup"
[0m22:38:08.828712 [debug] [Thread-1 (]: SQL status: ALTER TABLE in 0.001 seconds
[0m22:38:08.853765 [debug] [Thread-1 (]: Using postgres connection "model.dbt_driven_data.staging_dim_person"
[0m22:38:08.867905 [debug] [Thread-1 (]: On model.dbt_driven_data.staging_dim_person: /* {"app": "dbt", "dbt_version": "1.8.0", "profile_name": "default", "target_name": "dev", "node_id": "model.dbt_driven_data.staging_dim_person"} */
alter table "airflow"."driven_staging"."dim_person__dbt_tmp" rename to "dim_person"
[0m22:38:08.871854 [debug] [Thread-1 (]: SQL status: ALTER TABLE in 0.002 seconds
[0m22:38:08.890555 [debug] [Thread-1 (]: On model.dbt_driven_data.staging_dim_person: COMMIT
[0m22:38:08.899807 [debug] [Thread-1 (]: Using postgres connection "model.dbt_driven_data.staging_dim_person"
[0m22:38:08.907935 [debug] [Thread-1 (]: On model.dbt_driven_data.staging_dim_person: COMMIT
[0m22:38:08.931820 [debug] [Thread-1 (]: SQL status: COMMIT in 0.021 seconds
[0m22:38:08.956599 [debug] [Thread-1 (]: Applying DROP to: "airflow"."driven_staging"."dim_person__dbt_backup"
[0m22:38:08.969346 [debug] [Thread-1 (]: Using postgres connection "model.dbt_driven_data.staging_dim_person"
[0m22:38:08.981317 [debug] [Thread-1 (]: On model.dbt_driven_data.staging_dim_person: /* {"app": "dbt", "dbt_version": "1.8.0", "profile_name": "default", "target_name": "dev", "node_id": "model.dbt_driven_data.staging_dim_person"} */
drop table if exists "airflow"."driven_staging"."dim_person__dbt_backup" cascade
[0m22:38:09.007997 [debug] [Thread-1 (]: SQL status: DROP TABLE in 0.023 seconds
[0m22:38:09.012852 [debug] [Thread-1 (]: On model.dbt_driven_data.staging_dim_person: Close
[0m22:38:09.028732 [debug] [Thread-1 (]: Sending event: {'category': 'dbt', 'action': 'run_model', 'label': '14055324-13ce-4600-a927-dfc6f7a21b36', 'context': [<snowplow_tracker.self_describing_json.SelfDescribingJson object at 0x7c20a0376570>]}
[0m22:38:09.048407 [info ] [Thread-1 (]: 4 of 5 OK created sql table model driven_staging.dim_person .................... [[32mSELECT 3115[0m in 0.54s]
[0m22:38:09.052154 [debug] [Thread-1 (]: Finished running node model.dbt_driven_data.staging_dim_person
[0m22:38:09.059942 [debug] [Thread-1 (]: Began running node model.dbt_driven_data.staging_fact_network_usage
[0m22:38:09.064047 [info ] [Thread-1 (]: 5 of 5 START sql table model driven_staging.fact_network_usage ................. [RUN]
[0m22:38:09.065878 [debug] [Thread-1 (]: Re-using an available connection from the pool (formerly model.dbt_driven_data.staging_dim_person, now model.dbt_driven_data.staging_fact_network_usage)
[0m22:38:09.075891 [debug] [Thread-1 (]: Began compiling node model.dbt_driven_data.staging_fact_network_usage
[0m22:38:09.112976 [debug] [Thread-1 (]: Writing injected SQL for node "model.dbt_driven_data.staging_fact_network_usage"
[0m22:38:09.141553 [debug] [Thread-1 (]: Began executing node model.dbt_driven_data.staging_fact_network_usage
[0m22:38:09.170931 [debug] [Thread-1 (]: Writing runtime sql for node "model.dbt_driven_data.staging_fact_network_usage"
[0m22:38:09.207966 [debug] [Thread-1 (]: Using postgres connection "model.dbt_driven_data.staging_fact_network_usage"
[0m22:38:09.215774 [debug] [Thread-1 (]: On model.dbt_driven_data.staging_fact_network_usage: BEGIN
[0m22:38:09.217345 [debug] [Thread-1 (]: Opening a new connection, currently in state closed
[0m22:38:09.252932 [debug] [Thread-1 (]: SQL status: BEGIN in 0.036 seconds
[0m22:38:09.255610 [debug] [Thread-1 (]: Using postgres connection "model.dbt_driven_data.staging_fact_network_usage"
[0m22:38:09.263994 [debug] [Thread-1 (]: On model.dbt_driven_data.staging_fact_network_usage: /* {"app": "dbt", "dbt_version": "1.8.0", "profile_name": "default", "target_name": "dev", "node_id": "model.dbt_driven_data.staging_fact_network_usage"} */

  
    

  create  table "airflow"."driven_staging"."fact_network_usage__dbt_tmp"
  
  
    as
  
  (
    

WITH source_data AS (
    SELECT
        unique_id,
        session_duration,
        download_speed,
        upload_speed,
        consumed_traffic
    FROM
        "airflow"."driven_raw"."raw_batch_data"
)

SELECT
    *
FROM
    source_data
  );
  
[0m22:38:09.301843 [debug] [Thread-1 (]: SQL status: SELECT 3115 in 0.034 seconds
[0m22:38:09.341440 [debug] [Thread-1 (]: Using postgres connection "model.dbt_driven_data.staging_fact_network_usage"
[0m22:38:09.366444 [debug] [Thread-1 (]: On model.dbt_driven_data.staging_fact_network_usage: /* {"app": "dbt", "dbt_version": "1.8.0", "profile_name": "default", "target_name": "dev", "node_id": "model.dbt_driven_data.staging_fact_network_usage"} */
alter table "airflow"."driven_staging"."fact_network_usage" rename to "fact_network_usage__dbt_backup"
[0m22:38:09.383871 [debug] [Thread-1 (]: SQL status: ALTER TABLE in 0.004 seconds
[0m22:38:09.430523 [debug] [Thread-1 (]: Using postgres connection "model.dbt_driven_data.staging_fact_network_usage"
[0m22:38:09.448375 [debug] [Thread-1 (]: On model.dbt_driven_data.staging_fact_network_usage: /* {"app": "dbt", "dbt_version": "1.8.0", "profile_name": "default", "target_name": "dev", "node_id": "model.dbt_driven_data.staging_fact_network_usage"} */
alter table "airflow"."driven_staging"."fact_network_usage__dbt_tmp" rename to "fact_network_usage"
[0m22:38:09.451585 [debug] [Thread-1 (]: SQL status: ALTER TABLE in 0.001 seconds
[0m22:38:09.510690 [debug] [Thread-1 (]: On model.dbt_driven_data.staging_fact_network_usage: COMMIT
[0m22:38:09.526138 [debug] [Thread-1 (]: Using postgres connection "model.dbt_driven_data.staging_fact_network_usage"
[0m22:38:09.532132 [debug] [Thread-1 (]: On model.dbt_driven_data.staging_fact_network_usage: COMMIT
[0m22:38:09.576631 [debug] [Thread-1 (]: SQL status: COMMIT in 0.017 seconds
[0m22:38:09.649931 [debug] [Thread-1 (]: Applying DROP to: "airflow"."driven_staging"."fact_network_usage__dbt_backup"
[0m22:38:09.702071 [debug] [Thread-1 (]: Using postgres connection "model.dbt_driven_data.staging_fact_network_usage"
[0m22:38:09.714468 [debug] [Thread-1 (]: On model.dbt_driven_data.staging_fact_network_usage: /* {"app": "dbt", "dbt_version": "1.8.0", "profile_name": "default", "target_name": "dev", "node_id": "model.dbt_driven_data.staging_fact_network_usage"} */
drop table if exists "airflow"."driven_staging"."fact_network_usage__dbt_backup" cascade
[0m22:38:09.770626 [debug] [Thread-1 (]: SQL status: DROP TABLE in 0.014 seconds
[0m22:38:09.880579 [debug] [Thread-1 (]: On model.dbt_driven_data.staging_fact_network_usage: Close
[0m22:38:09.897314 [debug] [Thread-1 (]: Sending event: {'category': 'dbt', 'action': 'run_model', 'label': '14055324-13ce-4600-a927-dfc6f7a21b36', 'context': [<snowplow_tracker.self_describing_json.SelfDescribingJson object at 0x7c209ff6c3b0>]}
[0m22:38:09.931157 [info ] [Thread-1 (]: 5 of 5 OK created sql table model driven_staging.fact_network_usage ............ [[32mSELECT 3115[0m in 0.83s]
[0m22:38:09.985033 [debug] [Thread-1 (]: Finished running node model.dbt_driven_data.staging_fact_network_usage
[0m22:38:10.019761 [debug] [MainThread]: Using postgres connection "master"
[0m22:38:10.024109 [debug] [MainThread]: On master: BEGIN
[0m22:38:10.058714 [debug] [MainThread]: Opening a new connection, currently in state closed
[0m22:38:10.283591 [debug] [MainThread]: SQL status: BEGIN in 0.228 seconds
[0m22:38:10.308058 [debug] [MainThread]: On master: COMMIT
[0m22:38:10.340337 [debug] [MainThread]: Using postgres connection "master"
[0m22:38:10.373093 [debug] [MainThread]: On master: COMMIT
[0m22:38:10.425253 [debug] [MainThread]: SQL status: COMMIT in 0.010 seconds
[0m22:38:10.426829 [debug] [MainThread]: On master: Close
[0m22:38:10.436142 [debug] [MainThread]: Connection 'master' was properly closed.
[0m22:38:10.455933 [debug] [MainThread]: Connection 'model.dbt_driven_data.staging_fact_network_usage' was properly closed.
[0m22:38:10.460118 [info ] [MainThread]: 
[0m22:38:10.479810 [info ] [MainThread]: Finished running 5 table models in 0 hours 0 minutes and 7.10 seconds (7.10s).
[0m22:38:10.489747 [debug] [MainThread]: Command end result
[0m22:38:10.969334 [info ] [MainThread]: 
[0m22:38:10.989063 [info ] [MainThread]: [32mCompleted successfully[0m
[0m22:38:10.995616 [info ] [MainThread]: 
[0m22:38:11.004398 [info ] [MainThread]: Done. PASS=5 WARN=0 ERROR=0 SKIP=0 TOTAL=5
[0m22:38:11.029094 [debug] [MainThread]: Resource report: {"command_name": "run", "command_success": true, "command_wall_clock_time": 47.04801, "process_user_time": 13.042312, "process_kernel_time": 4.185156, "process_mem_max_rss": "118400", "process_in_blocks": "56856", "process_out_blocks": "4056"}
[0m22:38:11.049235 [debug] [MainThread]: Command `dbt run` succeeded at 22:38:11.038681 after 47.07 seconds
[0m22:38:11.060046 [debug] [MainThread]: Sending event: {'category': 'dbt', 'action': 'invocation', 'label': 'end', 'context': [<snowplow_tracker.self_describing_json.SelfDescribingJson object at 0x7c20a340c680>, <snowplow_tracker.self_describing_json.SelfDescribingJson object at 0x7c20a17cf230>, <snowplow_tracker.self_describing_json.SelfDescribingJson object at 0x7c20a29dade0>]}
[0m22:38:11.068548 [debug] [MainThread]: Flushing usage events
[0m22:41:01.059776 [debug] [MainThread]: Sending event: {'category': 'dbt', 'action': 'invocation', 'label': 'start', 'context': [<snowplow_tracker.self_describing_json.SelfDescribingJson object at 0x76d532f76630>, <snowplow_tracker.self_describing_json.SelfDescribingJson object at 0x76d533419a60>, <snowplow_tracker.self_describing_json.SelfDescribingJson object at 0x76d532df91c0>]}


============================== 22:41:02.835835 | e5f4faf2-9830-43a7-8d12-dfd6a9fddb25 ==============================
[0m22:41:02.835835 [info ] [MainThread]: Running with dbt=1.8.0
[0m22:41:02.901565 [debug] [MainThread]: running dbt with arguments {'printer_width': '80', 'indirect_selection': 'eager', 'log_cache_events': 'False', 'write_json': 'True', 'partial_parse': 'True', 'cache_selected_only': 'False', 'warn_error': 'None', 'version_check': 'True', 'profiles_dir': '/opt/airflow/dbt', 'log_path': '/opt/airflow/dbt/logs', 'fail_fast': 'False', 'debug': 'False', 'use_colors': 'True', 'use_experimental_parser': 'False', 'no_print': 'None', 'quiet': 'False', 'log_format': 'default', 'invocation_command': 'dbt run --select tag:trusted', 'static_parser': 'True', 'warn_error_options': 'WarnErrorOptions(include=[], exclude=[])', 'target_path': 'None', 'introspect': 'True', 'send_anonymous_usage_stats': 'True'}
[0m22:41:13.371733 [debug] [MainThread]: Sending event: {'category': 'dbt', 'action': 'project_id', 'label': 'e5f4faf2-9830-43a7-8d12-dfd6a9fddb25', 'context': [<snowplow_tracker.self_describing_json.SelfDescribingJson object at 0x76d53277eea0>]}
[0m22:41:15.179380 [debug] [MainThread]: Sending event: {'category': 'dbt', 'action': 'adapter_info', 'label': 'e5f4faf2-9830-43a7-8d12-dfd6a9fddb25', 'context': [<snowplow_tracker.self_describing_json.SelfDescribingJson object at 0x76d5327bbda0>]}
[0m22:41:15.255722 [info ] [MainThread]: Registered adapter: postgres=1.8.2
[0m22:41:21.045738 [debug] [MainThread]: checksum: dbb12d416fdb55e3665e4828703bbedf40c5c90ed7ca6ff39bbbfb29b12b0a92, vars: {}, profile: , target: , version: 1.8.0
[0m22:41:34.302939 [debug] [MainThread]: Partial parsing enabled: 0 files deleted, 0 files added, 0 files changed.
[0m22:41:34.323516 [debug] [MainThread]: Partial parsing enabled, no changes found, skipping parsing
[0m22:41:36.687920 [debug] [MainThread]: Sending event: {'category': 'dbt', 'action': 'load_project', 'label': 'e5f4faf2-9830-43a7-8d12-dfd6a9fddb25', 'context': [<snowplow_tracker.self_describing_json.SelfDescribingJson object at 0x76d531ba2960>]}
[0m22:41:40.597804 [debug] [MainThread]: Sending event: {'category': 'dbt', 'action': 'resource_counts', 'label': 'e5f4faf2-9830-43a7-8d12-dfd6a9fddb25', 'context': [<snowplow_tracker.self_describing_json.SelfDescribingJson object at 0x76d531334e60>]}
[0m22:41:40.607047 [info ] [MainThread]: Found 9 models, 10 sources, 428 macros
[0m22:41:40.634282 [debug] [MainThread]: Sending event: {'category': 'dbt', 'action': 'runnable_timing', 'label': 'e5f4faf2-9830-43a7-8d12-dfd6a9fddb25', 'context': [<snowplow_tracker.self_describing_json.SelfDescribingJson object at 0x76d530f4a990>]}
[0m22:41:40.753082 [info ] [MainThread]: 
[0m22:41:40.821037 [debug] [MainThread]: Acquiring new postgres connection 'master'
[0m22:41:40.971109 [debug] [ThreadPool]: Acquiring new postgres connection 'list_airflow'
[0m22:41:43.246971 [debug] [ThreadPool]: Using postgres connection "list_airflow"
[0m22:41:43.265876 [debug] [ThreadPool]: On list_airflow: /* {"app": "dbt", "dbt_version": "1.8.0", "profile_name": "default", "target_name": "dev", "connection_name": "list_airflow"} */

    select distinct nspname from pg_namespace
  
[0m22:41:43.282216 [debug] [ThreadPool]: Opening a new connection, currently in state init
[0m22:41:43.490893 [debug] [ThreadPool]: SQL status: SELECT 7 in 0.208 seconds
[0m22:41:43.519562 [debug] [ThreadPool]: On list_airflow: Close
[0m22:41:43.590882 [debug] [ThreadPool]: Acquiring new postgres connection 'list_airflow_driven_staging'
[0m22:41:43.703418 [debug] [ThreadPool]: Using postgres connection "list_airflow_driven_staging"
[0m22:41:43.729762 [debug] [ThreadPool]: On list_airflow_driven_staging: BEGIN
[0m22:41:43.743874 [debug] [ThreadPool]: Opening a new connection, currently in state init
[0m22:41:43.795782 [debug] [ThreadPool]: SQL status: BEGIN in 0.052 seconds
[0m22:41:43.805903 [debug] [ThreadPool]: Using postgres connection "list_airflow_driven_staging"
[0m22:41:43.807340 [debug] [ThreadPool]: On list_airflow_driven_staging: /* {"app": "dbt", "dbt_version": "1.8.0", "profile_name": "default", "target_name": "dev", "connection_name": "list_airflow_driven_staging"} */
select
      'airflow' as database,
      tablename as name,
      schemaname as schema,
      'table' as type
    from pg_tables
    where schemaname ilike 'driven_staging'
    union all
    select
      'airflow' as database,
      viewname as name,
      schemaname as schema,
      'view' as type
    from pg_views
    where schemaname ilike 'driven_staging'
    union all
    select
      'airflow' as database,
      matviewname as name,
      schemaname as schema,
      'materialized_view' as type
    from pg_matviews
    where schemaname ilike 'driven_staging'
  
[0m22:41:43.881751 [debug] [ThreadPool]: SQL status: SELECT 5 in 0.040 seconds
[0m22:41:43.892382 [debug] [ThreadPool]: On list_airflow_driven_staging: ROLLBACK
[0m22:41:43.937618 [debug] [ThreadPool]: On list_airflow_driven_staging: Close
[0m22:41:43.951345 [debug] [ThreadPool]: Re-using an available connection from the pool (formerly list_airflow_driven_staging, now list_airflow_driven_trusted)
[0m22:41:44.013129 [debug] [ThreadPool]: Using postgres connection "list_airflow_driven_trusted"
[0m22:41:44.045553 [debug] [ThreadPool]: On list_airflow_driven_trusted: BEGIN
[0m22:41:44.069797 [debug] [ThreadPool]: Opening a new connection, currently in state closed
[0m22:41:44.110571 [debug] [ThreadPool]: SQL status: BEGIN in 0.041 seconds
[0m22:41:44.118004 [debug] [ThreadPool]: Using postgres connection "list_airflow_driven_trusted"
[0m22:41:44.129722 [debug] [ThreadPool]: On list_airflow_driven_trusted: /* {"app": "dbt", "dbt_version": "1.8.0", "profile_name": "default", "target_name": "dev", "connection_name": "list_airflow_driven_trusted"} */
select
      'airflow' as database,
      tablename as name,
      schemaname as schema,
      'table' as type
    from pg_tables
    where schemaname ilike 'driven_trusted'
    union all
    select
      'airflow' as database,
      viewname as name,
      schemaname as schema,
      'view' as type
    from pg_views
    where schemaname ilike 'driven_trusted'
    union all
    select
      'airflow' as database,
      matviewname as name,
      schemaname as schema,
      'materialized_view' as type
    from pg_matviews
    where schemaname ilike 'driven_trusted'
  
[0m22:41:44.162075 [debug] [ThreadPool]: SQL status: SELECT 4 in 0.026 seconds
[0m22:41:44.176097 [debug] [ThreadPool]: On list_airflow_driven_trusted: ROLLBACK
[0m22:41:44.223194 [debug] [ThreadPool]: On list_airflow_driven_trusted: Close
[0m22:41:44.366224 [debug] [MainThread]: Using postgres connection "master"
[0m22:41:44.375377 [debug] [MainThread]: On master: BEGIN
[0m22:41:44.407389 [debug] [MainThread]: Opening a new connection, currently in state init
[0m22:41:44.443535 [debug] [MainThread]: SQL status: BEGIN in 0.036 seconds
[0m22:41:44.445076 [debug] [MainThread]: Using postgres connection "master"
[0m22:41:44.449926 [debug] [MainThread]: On master: /* {"app": "dbt", "dbt_version": "1.8.0", "profile_name": "default", "target_name": "dev", "connection_name": "master"} */
with relation as (
        select
            pg_rewrite.ev_class as class,
            pg_rewrite.oid as id
        from pg_rewrite
    ),
    class as (
        select
            oid as id,
            relname as name,
            relnamespace as schema,
            relkind as kind
        from pg_class
    ),
    dependency as (
        select distinct
            pg_depend.objid as id,
            pg_depend.refobjid as ref
        from pg_depend
    ),
    schema as (
        select
            pg_namespace.oid as id,
            pg_namespace.nspname as name
        from pg_namespace
        where nspname != 'information_schema' and nspname not like 'pg\_%'
    ),
    referenced as (
        select
            relation.id AS id,
            referenced_class.name ,
            referenced_class.schema ,
            referenced_class.kind
        from relation
        join class as referenced_class on relation.class=referenced_class.id
        where referenced_class.kind in ('r', 'v', 'm')
    ),
    relationships as (
        select
            referenced.name as referenced_name,
            referenced.schema as referenced_schema_id,
            dependent_class.name as dependent_name,
            dependent_class.schema as dependent_schema_id,
            referenced.kind as kind
        from referenced
        join dependency on referenced.id=dependency.id
        join class as dependent_class on dependency.ref=dependent_class.id
        where
            (referenced.name != dependent_class.name or
             referenced.schema != dependent_class.schema)
    )

    select
        referenced_schema.name as referenced_schema,
        relationships.referenced_name as referenced_name,
        dependent_schema.name as dependent_schema,
        relationships.dependent_name as dependent_name
    from relationships
    join schema as dependent_schema on relationships.dependent_schema_id=dependent_schema.id
    join schema as referenced_schema on relationships.referenced_schema_id=referenced_schema.id
    group by referenced_schema, referenced_name, dependent_schema, dependent_name
    order by referenced_schema, referenced_name, dependent_schema, dependent_name;
[0m22:41:44.474848 [debug] [MainThread]: SQL status: SELECT 0 in 0.022 seconds
[0m22:41:44.479368 [debug] [MainThread]: Sending event: {'category': 'dbt', 'action': 'runnable_timing', 'label': 'e5f4faf2-9830-43a7-8d12-dfd6a9fddb25', 'context': [<snowplow_tracker.self_describing_json.SelfDescribingJson object at 0x76d5307cf170>]}
[0m22:41:44.486048 [debug] [MainThread]: On master: ROLLBACK
[0m22:41:44.488491 [debug] [MainThread]: Using postgres connection "master"
[0m22:41:44.494768 [debug] [MainThread]: On master: BEGIN
[0m22:41:44.497158 [debug] [MainThread]: SQL status: BEGIN in 0.001 seconds
[0m22:41:44.504093 [debug] [MainThread]: On master: COMMIT
[0m22:41:44.517914 [debug] [MainThread]: Using postgres connection "master"
[0m22:41:44.522419 [debug] [MainThread]: On master: COMMIT
[0m22:41:44.542229 [debug] [MainThread]: SQL status: COMMIT in 0.000 seconds
[0m22:41:44.557767 [debug] [MainThread]: On master: Close
[0m22:41:44.570371 [info ] [MainThread]: Concurrency: 1 threads (target='dev')
[0m22:41:44.586484 [info ] [MainThread]: 
[0m22:41:44.749912 [debug] [Thread-1 (]: Began running node model.dbt_driven_data.trusted_non_pii_data
[0m22:41:44.760668 [info ] [Thread-1 (]: 1 of 4 START sql table model driven_trusted.non_pii_data ....................... [RUN]
[0m22:41:44.790665 [debug] [Thread-1 (]: Re-using an available connection from the pool (formerly list_airflow_driven_trusted, now model.dbt_driven_data.trusted_non_pii_data)
[0m22:41:44.811386 [debug] [Thread-1 (]: Began compiling node model.dbt_driven_data.trusted_non_pii_data
[0m22:41:44.962618 [debug] [Thread-1 (]: Writing injected SQL for node "model.dbt_driven_data.trusted_non_pii_data"
[0m22:41:45.031792 [debug] [Thread-1 (]: Began executing node model.dbt_driven_data.trusted_non_pii_data
[0m22:41:46.304687 [debug] [Thread-1 (]: Writing runtime sql for node "model.dbt_driven_data.trusted_non_pii_data"
[0m22:41:46.370293 [debug] [Thread-1 (]: Using postgres connection "model.dbt_driven_data.trusted_non_pii_data"
[0m22:41:46.385998 [debug] [Thread-1 (]: On model.dbt_driven_data.trusted_non_pii_data: BEGIN
[0m22:41:46.387422 [debug] [Thread-1 (]: Opening a new connection, currently in state closed
[0m22:41:46.466257 [debug] [Thread-1 (]: SQL status: BEGIN in 0.079 seconds
[0m22:41:46.475785 [debug] [Thread-1 (]: Using postgres connection "model.dbt_driven_data.trusted_non_pii_data"
[0m22:41:46.494026 [debug] [Thread-1 (]: On model.dbt_driven_data.trusted_non_pii_data: /* {"app": "dbt", "dbt_version": "1.8.0", "profile_name": "default", "target_name": "dev", "node_id": "model.dbt_driven_data.trusted_non_pii_data"} */

  
    

  create  table "airflow"."driven_trusted"."non_pii_data__dbt_tmp"
  
  
    as
  
  (
    

WITH source_data AS (
    SELECT
        '***MASKED***' AS person_name,
        SUBSTRING(dp.user_name, 1, 5) || '*****'  user_name,
        SUBSTRING(dp.email, 1, 5) || '*****' AS email,
        '***MASKED***'  AS personal_number, 
        '***MASKED***' AS birth_date, 
        '***MASKED***' AS address,
        '***MASKED***'  AS phone, 
        SUBSTRING(da.mac_address, 1, 5) || '*****' AS mac_address,
        SUBSTRING(da.ip_address, 1, 5) || '*****' AS ip_address,
        SUBSTRING(df.iban, 1, 5) || '*****' AS iban,
        dd.accessed_at,
        fnu.session_duration,
        fnu.download_speed,
        fnu.upload_speed,
        fnu.consumed_traffic,
        fnu.unique_id
    FROM
        "airflow"."driven_staging"."fact_network_usage" fnu
    INNER JOIN
        "airflow"."driven_staging"."dim_address" da ON fnu.unique_id = da.unique_id
    INNER JOIN
        "airflow"."driven_staging"."dim_date" dd ON da.unique_id = dd.unique_id
    INNER JOIN
        "airflow"."driven_staging"."dim_finance" df ON dd.unique_id = df.unique_id
    INNER JOIN
        "airflow"."driven_staging"."dim_person" dp ON df.unique_id = dp.unique_id
)

SELECT
    *
FROM
    source_data
  );
  
[0m22:42:03.061119 [debug] [Thread-1 (]: SQL status: SELECT 173455 in 16.562 seconds
[0m22:42:03.545053 [debug] [Thread-1 (]: Using postgres connection "model.dbt_driven_data.trusted_non_pii_data"
[0m22:42:03.578359 [debug] [Thread-1 (]: On model.dbt_driven_data.trusted_non_pii_data: /* {"app": "dbt", "dbt_version": "1.8.0", "profile_name": "default", "target_name": "dev", "node_id": "model.dbt_driven_data.trusted_non_pii_data"} */
alter table "airflow"."driven_trusted"."non_pii_data" rename to "non_pii_data__dbt_backup"
[0m22:42:03.607270 [debug] [Thread-1 (]: SQL status: ALTER TABLE in 0.013 seconds
[0m22:42:03.768334 [debug] [Thread-1 (]: Using postgres connection "model.dbt_driven_data.trusted_non_pii_data"
[0m22:42:03.794275 [debug] [Thread-1 (]: On model.dbt_driven_data.trusted_non_pii_data: /* {"app": "dbt", "dbt_version": "1.8.0", "profile_name": "default", "target_name": "dev", "node_id": "model.dbt_driven_data.trusted_non_pii_data"} */
alter table "airflow"."driven_trusted"."non_pii_data__dbt_tmp" rename to "non_pii_data"
[0m22:42:03.798614 [debug] [Thread-1 (]: SQL status: ALTER TABLE in 0.001 seconds
[0m22:42:04.465802 [debug] [Thread-1 (]: On model.dbt_driven_data.trusted_non_pii_data: COMMIT
[0m22:42:04.507924 [debug] [Thread-1 (]: Using postgres connection "model.dbt_driven_data.trusted_non_pii_data"
[0m22:42:04.526234 [debug] [Thread-1 (]: On model.dbt_driven_data.trusted_non_pii_data: COMMIT
[0m22:42:04.562405 [debug] [Thread-1 (]: SQL status: COMMIT in 0.024 seconds
[0m22:42:04.825271 [debug] [Thread-1 (]: Applying DROP to: "airflow"."driven_trusted"."non_pii_data__dbt_backup"
[0m22:42:05.414887 [debug] [Thread-1 (]: Using postgres connection "model.dbt_driven_data.trusted_non_pii_data"
[0m22:42:05.606515 [debug] [Thread-1 (]: On model.dbt_driven_data.trusted_non_pii_data: /* {"app": "dbt", "dbt_version": "1.8.0", "profile_name": "default", "target_name": "dev", "node_id": "model.dbt_driven_data.trusted_non_pii_data"} */
drop table if exists "airflow"."driven_trusted"."non_pii_data__dbt_backup" cascade
[0m22:42:06.747717 [debug] [Thread-1 (]: SQL status: DROP TABLE in 1.128 seconds
[0m22:42:07.522060 [debug] [Thread-1 (]: On model.dbt_driven_data.trusted_non_pii_data: Close
[0m22:42:08.158808 [debug] [Thread-1 (]: Sending event: {'category': 'dbt', 'action': 'run_model', 'label': 'e5f4faf2-9830-43a7-8d12-dfd6a9fddb25', 'context': [<snowplow_tracker.self_describing_json.SelfDescribingJson object at 0x76d530f75d60>]}
[0m22:42:08.470709 [info ] [Thread-1 (]: 1 of 4 OK created sql table model driven_trusted.non_pii_data .................. [[32mSELECT 173455[0m in 22.83s]
[0m22:42:09.164213 [debug] [Thread-1 (]: Finished running node model.dbt_driven_data.trusted_non_pii_data
[0m22:42:09.170202 [debug] [Thread-1 (]: Began running node model.dbt_driven_data.trusted_payment_data
[0m22:42:09.352273 [info ] [Thread-1 (]: 2 of 4 START sql table model driven_trusted.payment_data ....................... [RUN]
[0m22:42:09.598612 [debug] [Thread-1 (]: Re-using an available connection from the pool (formerly model.dbt_driven_data.trusted_non_pii_data, now model.dbt_driven_data.trusted_payment_data)
[0m22:42:09.603434 [debug] [Thread-1 (]: Began compiling node model.dbt_driven_data.trusted_payment_data
[0m22:42:09.848617 [debug] [Thread-1 (]: Writing injected SQL for node "model.dbt_driven_data.trusted_payment_data"
[0m22:42:10.006668 [debug] [Thread-1 (]: Began executing node model.dbt_driven_data.trusted_payment_data
[0m22:42:10.439730 [debug] [Thread-1 (]: Writing runtime sql for node "model.dbt_driven_data.trusted_payment_data"
[0m22:42:10.619474 [debug] [Thread-1 (]: Using postgres connection "model.dbt_driven_data.trusted_payment_data"
[0m22:42:10.656725 [debug] [Thread-1 (]: On model.dbt_driven_data.trusted_payment_data: BEGIN
[0m22:42:10.686023 [debug] [Thread-1 (]: Opening a new connection, currently in state closed
[0m22:42:10.853352 [debug] [Thread-1 (]: SQL status: BEGIN in 0.168 seconds
[0m22:42:10.883176 [debug] [Thread-1 (]: Using postgres connection "model.dbt_driven_data.trusted_payment_data"
[0m22:42:10.910806 [debug] [Thread-1 (]: On model.dbt_driven_data.trusted_payment_data: /* {"app": "dbt", "dbt_version": "1.8.0", "profile_name": "default", "target_name": "dev", "node_id": "model.dbt_driven_data.trusted_payment_data"} */

  
    

  create  table "airflow"."driven_trusted"."payment_data__dbt_tmp"
  
  
    as
  
  (
    

WITH source_data AS (
    SELECT
        fnu.unique_id,
        df.iban,
        fnu.download_speed,
        fnu.upload_speed,
        fnu.session_duration,
        fnu.consumed_traffic,
        ((fnu.download_speed + fnu.upload_speed + 1)/2) + (fnu.consumed_traffic / (fnu.session_duration + 1)) AS payment_amount
    FROM
        "airflow"."driven_staging"."fact_network_usage" fnu
    JOIN
        "airflow"."driven_staging"."dim_finance" df
    ON
	    fnu.unique_id = df.unique_id
)

SELECT
    *
FROM
    source_data
  );
  
[0m22:42:11.057923 [debug] [Thread-1 (]: SQL status: SELECT 5119 in 0.137 seconds
[0m22:42:11.124645 [debug] [Thread-1 (]: Using postgres connection "model.dbt_driven_data.trusted_payment_data"
[0m22:42:11.172830 [debug] [Thread-1 (]: On model.dbt_driven_data.trusted_payment_data: /* {"app": "dbt", "dbt_version": "1.8.0", "profile_name": "default", "target_name": "dev", "node_id": "model.dbt_driven_data.trusted_payment_data"} */
alter table "airflow"."driven_trusted"."payment_data" rename to "payment_data__dbt_backup"
[0m22:42:11.196265 [debug] [Thread-1 (]: SQL status: ALTER TABLE in 0.002 seconds
[0m22:42:11.288476 [debug] [Thread-1 (]: Using postgres connection "model.dbt_driven_data.trusted_payment_data"
[0m22:42:11.298800 [debug] [Thread-1 (]: On model.dbt_driven_data.trusted_payment_data: /* {"app": "dbt", "dbt_version": "1.8.0", "profile_name": "default", "target_name": "dev", "node_id": "model.dbt_driven_data.trusted_payment_data"} */
alter table "airflow"."driven_trusted"."payment_data__dbt_tmp" rename to "payment_data"
[0m22:42:11.335376 [debug] [Thread-1 (]: SQL status: ALTER TABLE in 0.001 seconds
[0m22:42:11.346105 [debug] [Thread-1 (]: On model.dbt_driven_data.trusted_payment_data: COMMIT
[0m22:42:11.398835 [debug] [Thread-1 (]: Using postgres connection "model.dbt_driven_data.trusted_payment_data"
[0m22:42:11.414741 [debug] [Thread-1 (]: On model.dbt_driven_data.trusted_payment_data: COMMIT
[0m22:42:11.446728 [debug] [Thread-1 (]: SQL status: COMMIT in 0.020 seconds
[0m22:42:11.511910 [debug] [Thread-1 (]: Applying DROP to: "airflow"."driven_trusted"."payment_data__dbt_backup"
[0m22:42:11.540076 [debug] [Thread-1 (]: Using postgres connection "model.dbt_driven_data.trusted_payment_data"
[0m22:42:11.586732 [debug] [Thread-1 (]: On model.dbt_driven_data.trusted_payment_data: /* {"app": "dbt", "dbt_version": "1.8.0", "profile_name": "default", "target_name": "dev", "node_id": "model.dbt_driven_data.trusted_payment_data"} */
drop table if exists "airflow"."driven_trusted"."payment_data__dbt_backup" cascade
[0m22:42:11.614790 [debug] [Thread-1 (]: SQL status: DROP TABLE in 0.020 seconds
[0m22:42:11.621006 [debug] [Thread-1 (]: On model.dbt_driven_data.trusted_payment_data: Close
[0m22:42:11.678387 [debug] [Thread-1 (]: Sending event: {'category': 'dbt', 'action': 'run_model', 'label': 'e5f4faf2-9830-43a7-8d12-dfd6a9fddb25', 'context': [<snowplow_tracker.self_describing_json.SelfDescribingJson object at 0x76d531b7fcb0>]}
[0m22:42:11.727334 [info ] [Thread-1 (]: 2 of 4 OK created sql table model driven_trusted.payment_data .................. [[32mSELECT 5119[0m in 2.32s]
[0m22:42:11.735337 [debug] [Thread-1 (]: Finished running node model.dbt_driven_data.trusted_payment_data
[0m22:42:11.739388 [debug] [Thread-1 (]: Began running node model.dbt_driven_data.trusted_pii_data
[0m22:42:11.783997 [info ] [Thread-1 (]: 3 of 4 START sql table model driven_trusted.pii_data ........................... [RUN]
[0m22:42:11.795050 [debug] [Thread-1 (]: Re-using an available connection from the pool (formerly model.dbt_driven_data.trusted_payment_data, now model.dbt_driven_data.trusted_pii_data)
[0m22:42:11.803006 [debug] [Thread-1 (]: Began compiling node model.dbt_driven_data.trusted_pii_data
[0m22:42:11.997788 [debug] [Thread-1 (]: Writing injected SQL for node "model.dbt_driven_data.trusted_pii_data"
[0m22:42:12.143734 [debug] [Thread-1 (]: Began executing node model.dbt_driven_data.trusted_pii_data
[0m22:42:12.344761 [debug] [Thread-1 (]: Writing runtime sql for node "model.dbt_driven_data.trusted_pii_data"
[0m22:42:12.483233 [debug] [Thread-1 (]: Using postgres connection "model.dbt_driven_data.trusted_pii_data"
[0m22:42:12.514693 [debug] [Thread-1 (]: On model.dbt_driven_data.trusted_pii_data: BEGIN
[0m22:42:12.528433 [debug] [Thread-1 (]: Opening a new connection, currently in state closed
[0m22:42:12.617430 [debug] [Thread-1 (]: SQL status: BEGIN in 0.089 seconds
[0m22:42:12.634821 [debug] [Thread-1 (]: Using postgres connection "model.dbt_driven_data.trusted_pii_data"
[0m22:42:12.638804 [debug] [Thread-1 (]: On model.dbt_driven_data.trusted_pii_data: /* {"app": "dbt", "dbt_version": "1.8.0", "profile_name": "default", "target_name": "dev", "node_id": "model.dbt_driven_data.trusted_pii_data"} */

  
    

  create  table "airflow"."driven_trusted"."pii_data__dbt_tmp"
  
  
    as
  
  (
    

WITH source_data AS (
    SELECT
        dp.person_name,
        dp.user_name,
        dp.email,
        dp.personal_number, 
        dp.birth_date, 
        da.address,
        dp.phone, 
        da.mac_address,
        da.ip_address,
        df.iban,
        dd.accessed_at,
        fnu.session_duration,
        fnu.download_speed,
        fnu.upload_speed,
        fnu.consumed_traffic,
        fnu.unique_id
    FROM
        "airflow"."driven_staging"."fact_network_usage" fnu
    INNER JOIN
        "airflow"."driven_staging"."dim_address" da ON fnu.unique_id = da.unique_id
    INNER JOIN
        "airflow"."driven_staging"."dim_date" dd ON da.unique_id = dd.unique_id
    INNER JOIN
        "airflow"."driven_staging"."dim_finance" df ON dd.unique_id = df.unique_id
    INNER JOIN
        "airflow"."driven_staging"."dim_person" dp ON df.unique_id = dp.unique_id
)

SELECT
    *
FROM
    source_data
  );
  
[0m22:42:19.078826 [debug] [Thread-1 (]: SQL status: SELECT 173455 in 6.427 seconds
[0m22:42:19.182638 [debug] [Thread-1 (]: Using postgres connection "model.dbt_driven_data.trusted_pii_data"
[0m22:42:19.192214 [debug] [Thread-1 (]: On model.dbt_driven_data.trusted_pii_data: /* {"app": "dbt", "dbt_version": "1.8.0", "profile_name": "default", "target_name": "dev", "node_id": "model.dbt_driven_data.trusted_pii_data"} */
alter table "airflow"."driven_trusted"."pii_data" rename to "pii_data__dbt_backup"
[0m22:42:19.262662 [debug] [Thread-1 (]: SQL status: ALTER TABLE in 0.004 seconds
[0m22:42:19.359367 [debug] [Thread-1 (]: Using postgres connection "model.dbt_driven_data.trusted_pii_data"
[0m22:42:19.383038 [debug] [Thread-1 (]: On model.dbt_driven_data.trusted_pii_data: /* {"app": "dbt", "dbt_version": "1.8.0", "profile_name": "default", "target_name": "dev", "node_id": "model.dbt_driven_data.trusted_pii_data"} */
alter table "airflow"."driven_trusted"."pii_data__dbt_tmp" rename to "pii_data"
[0m22:42:19.417667 [debug] [Thread-1 (]: SQL status: ALTER TABLE in 0.032 seconds
[0m22:42:19.454489 [debug] [Thread-1 (]: On model.dbt_driven_data.trusted_pii_data: COMMIT
[0m22:42:19.458815 [debug] [Thread-1 (]: Using postgres connection "model.dbt_driven_data.trusted_pii_data"
[0m22:42:19.460645 [debug] [Thread-1 (]: On model.dbt_driven_data.trusted_pii_data: COMMIT
[0m22:42:21.261726 [debug] [Thread-1 (]: SQL status: COMMIT in 1.709 seconds
[0m22:42:21.389213 [debug] [Thread-1 (]: Applying DROP to: "airflow"."driven_trusted"."pii_data__dbt_backup"
[0m22:42:21.411164 [debug] [Thread-1 (]: Using postgres connection "model.dbt_driven_data.trusted_pii_data"
[0m22:42:21.423056 [debug] [Thread-1 (]: On model.dbt_driven_data.trusted_pii_data: /* {"app": "dbt", "dbt_version": "1.8.0", "profile_name": "default", "target_name": "dev", "node_id": "model.dbt_driven_data.trusted_pii_data"} */
drop table if exists "airflow"."driven_trusted"."pii_data__dbt_backup" cascade
[0m22:42:21.512857 [debug] [Thread-1 (]: SQL status: DROP TABLE in 0.064 seconds
[0m22:42:21.541585 [debug] [Thread-1 (]: On model.dbt_driven_data.trusted_pii_data: Close
[0m22:42:21.552692 [debug] [Thread-1 (]: Sending event: {'category': 'dbt', 'action': 'run_model', 'label': 'e5f4faf2-9830-43a7-8d12-dfd6a9fddb25', 'context': [<snowplow_tracker.self_describing_json.SelfDescribingJson object at 0x76d52f14ff80>]}
[0m22:42:21.570737 [info ] [Thread-1 (]: 3 of 4 OK created sql table model driven_trusted.pii_data ...................... [[32mSELECT 173455[0m in 9.76s]
[0m22:42:21.580491 [debug] [Thread-1 (]: Finished running node model.dbt_driven_data.trusted_pii_data
[0m22:42:21.590875 [debug] [Thread-1 (]: Began running node model.dbt_driven_data.trusted_technical_data
[0m22:42:21.613507 [info ] [Thread-1 (]: 4 of 4 START sql table model driven_trusted.technical_data ..................... [RUN]
[0m22:42:21.621047 [debug] [Thread-1 (]: Re-using an available connection from the pool (formerly model.dbt_driven_data.trusted_pii_data, now model.dbt_driven_data.trusted_technical_data)
[0m22:42:21.632626 [debug] [Thread-1 (]: Began compiling node model.dbt_driven_data.trusted_technical_data
[0m22:42:21.663189 [debug] [Thread-1 (]: Writing injected SQL for node "model.dbt_driven_data.trusted_technical_data"
[0m22:42:21.707526 [debug] [Thread-1 (]: Began executing node model.dbt_driven_data.trusted_technical_data
[0m22:42:21.741104 [debug] [Thread-1 (]: Writing runtime sql for node "model.dbt_driven_data.trusted_technical_data"
[0m22:42:21.770544 [debug] [Thread-1 (]: Using postgres connection "model.dbt_driven_data.trusted_technical_data"
[0m22:42:21.772385 [debug] [Thread-1 (]: On model.dbt_driven_data.trusted_technical_data: BEGIN
[0m22:42:21.778492 [debug] [Thread-1 (]: Opening a new connection, currently in state closed
[0m22:42:21.813605 [debug] [Thread-1 (]: SQL status: BEGIN in 0.039 seconds
[0m22:42:21.819387 [debug] [Thread-1 (]: Using postgres connection "model.dbt_driven_data.trusted_technical_data"
[0m22:42:21.827034 [debug] [Thread-1 (]: On model.dbt_driven_data.trusted_technical_data: /* {"app": "dbt", "dbt_version": "1.8.0", "profile_name": "default", "target_name": "dev", "node_id": "model.dbt_driven_data.trusted_technical_data"} */

  
    

  create  table "airflow"."driven_trusted"."technical_data__dbt_tmp"
  
  
    as
  
  (
    

WITH source_data AS (
    SELECT
        fnu.unique_id,
        da.address,
        da.mac_address,
        da.ip_address,
        fnu.download_speed,
        fnu.upload_speed,
        ROUND((fnu.session_duration/60), 1) as min_session_duration,
        CASE 
            WHEN fnu.download_speed < 50 OR fnu.upload_speed < 30 OR fnu.session_duration/60 < 1 THEN true
            ELSE false
        END AS technical_issue
    FROM
        "airflow"."driven_staging"."fact_network_usage" fnu
    JOIN
        "airflow"."driven_staging"."dim_address" da
    ON
	    fnu.unique_id = da.unique_id
)

SELECT
    *
FROM
    source_data
  );
  
[0m22:42:21.927069 [debug] [Thread-1 (]: SQL status: SELECT 5119 in 0.091 seconds
[0m22:42:21.960173 [debug] [Thread-1 (]: Using postgres connection "model.dbt_driven_data.trusted_technical_data"
[0m22:42:21.970760 [debug] [Thread-1 (]: On model.dbt_driven_data.trusted_technical_data: /* {"app": "dbt", "dbt_version": "1.8.0", "profile_name": "default", "target_name": "dev", "node_id": "model.dbt_driven_data.trusted_technical_data"} */
alter table "airflow"."driven_trusted"."technical_data" rename to "technical_data__dbt_backup"
[0m22:42:21.986443 [debug] [Thread-1 (]: SQL status: ALTER TABLE in 0.008 seconds
[0m22:42:22.013054 [debug] [Thread-1 (]: Using postgres connection "model.dbt_driven_data.trusted_technical_data"
[0m22:42:22.026800 [debug] [Thread-1 (]: On model.dbt_driven_data.trusted_technical_data: /* {"app": "dbt", "dbt_version": "1.8.0", "profile_name": "default", "target_name": "dev", "node_id": "model.dbt_driven_data.trusted_technical_data"} */
alter table "airflow"."driven_trusted"."technical_data__dbt_tmp" rename to "technical_data"
[0m22:42:22.028986 [debug] [Thread-1 (]: SQL status: ALTER TABLE in 0.001 seconds
[0m22:42:22.051819 [debug] [Thread-1 (]: On model.dbt_driven_data.trusted_technical_data: COMMIT
[0m22:42:22.071506 [debug] [Thread-1 (]: Using postgres connection "model.dbt_driven_data.trusted_technical_data"
[0m22:42:22.073780 [debug] [Thread-1 (]: On model.dbt_driven_data.trusted_technical_data: COMMIT
[0m22:42:22.086683 [debug] [Thread-1 (]: SQL status: COMMIT in 0.011 seconds
[0m22:42:22.121496 [debug] [Thread-1 (]: Applying DROP to: "airflow"."driven_trusted"."technical_data__dbt_backup"
[0m22:42:22.124393 [debug] [Thread-1 (]: Using postgres connection "model.dbt_driven_data.trusted_technical_data"
[0m22:42:22.136973 [debug] [Thread-1 (]: On model.dbt_driven_data.trusted_technical_data: /* {"app": "dbt", "dbt_version": "1.8.0", "profile_name": "default", "target_name": "dev", "node_id": "model.dbt_driven_data.trusted_technical_data"} */
drop table if exists "airflow"."driven_trusted"."technical_data__dbt_backup" cascade
[0m22:42:22.158716 [debug] [Thread-1 (]: SQL status: DROP TABLE in 0.016 seconds
[0m22:42:22.165579 [debug] [Thread-1 (]: On model.dbt_driven_data.trusted_technical_data: Close
[0m22:42:22.183169 [debug] [Thread-1 (]: Sending event: {'category': 'dbt', 'action': 'run_model', 'label': 'e5f4faf2-9830-43a7-8d12-dfd6a9fddb25', 'context': [<snowplow_tracker.self_describing_json.SelfDescribingJson object at 0x76d52fbd1460>]}
[0m22:42:22.199085 [info ] [Thread-1 (]: 4 of 4 OK created sql table model driven_trusted.technical_data ................ [[32mSELECT 5119[0m in 0.56s]
[0m22:42:22.211159 [debug] [Thread-1 (]: Finished running node model.dbt_driven_data.trusted_technical_data
[0m22:42:22.343063 [debug] [MainThread]: Using postgres connection "master"
[0m22:42:22.349272 [debug] [MainThread]: On master: BEGIN
[0m22:42:22.355564 [debug] [MainThread]: Opening a new connection, currently in state closed
[0m22:42:22.446491 [debug] [MainThread]: SQL status: BEGIN in 0.091 seconds
[0m22:42:22.454792 [debug] [MainThread]: On master: COMMIT
[0m22:42:22.458604 [debug] [MainThread]: Using postgres connection "master"
[0m22:42:22.463394 [debug] [MainThread]: On master: COMMIT
[0m22:42:22.467615 [debug] [MainThread]: SQL status: COMMIT in 0.000 seconds
[0m22:42:22.478684 [debug] [MainThread]: On master: Close
[0m22:42:22.484808 [debug] [MainThread]: Connection 'master' was properly closed.
[0m22:42:22.506587 [debug] [MainThread]: Connection 'list_airflow' was properly closed.
[0m22:42:22.508876 [debug] [MainThread]: Connection 'model.dbt_driven_data.trusted_technical_data' was properly closed.
[0m22:42:22.513832 [info ] [MainThread]: 
[0m22:42:22.543768 [info ] [MainThread]: Finished running 4 table models in 0 hours 0 minutes and 41.69 seconds (41.69s).
[0m22:42:22.592933 [debug] [MainThread]: Command end result
[0m22:42:23.687883 [info ] [MainThread]: 
[0m22:42:23.709868 [info ] [MainThread]: [32mCompleted successfully[0m
[0m22:42:23.731646 [info ] [MainThread]: 
[0m22:42:23.737196 [info ] [MainThread]: Done. PASS=4 WARN=0 ERROR=0 SKIP=0 TOTAL=4
[0m22:42:24.066081 [debug] [MainThread]: Resource report: {"command_name": "run", "command_success": true, "command_wall_clock_time": 89.7951, "process_user_time": 15.60396, "process_kernel_time": 7.182404, "process_mem_max_rss": "115932", "process_in_blocks": "29960", "process_out_blocks": "0"}
[0m22:42:24.172309 [debug] [MainThread]: Command `dbt run` succeeded at 22:42:24.171296 after 89.94 seconds
[0m22:42:24.238901 [debug] [MainThread]: Sending event: {'category': 'dbt', 'action': 'invocation', 'label': 'end', 'context': [<snowplow_tracker.self_describing_json.SelfDescribingJson object at 0x76d5332b1ee0>, <snowplow_tracker.self_describing_json.SelfDescribingJson object at 0x76d5336b1460>, <snowplow_tracker.self_describing_json.SelfDescribingJson object at 0x76d532df8740>]}
[0m22:42:24.247717 [debug] [MainThread]: Flushing usage events
[0m22:42:32.266912 [debug] [MainThread]: Sending event: {'category': 'dbt', 'action': 'invocation', 'label': 'start', 'context': [<snowplow_tracker.self_describing_json.SelfDescribingJson object at 0x7c3f29d68110>, <snowplow_tracker.self_describing_json.SelfDescribingJson object at 0x7c3f2a3f5dc0>, <snowplow_tracker.self_describing_json.SelfDescribingJson object at 0x7c3f2b1bc4a0>]}


============================== 22:42:32.477211 | ea4813cc-bc44-4856-94d3-5a83fc454ab9 ==============================
[0m22:42:32.477211 [info ] [MainThread]: Running with dbt=1.8.0
[0m22:42:32.499078 [debug] [MainThread]: running dbt with arguments {'printer_width': '80', 'indirect_selection': 'eager', 'write_json': 'True', 'log_cache_events': 'False', 'partial_parse': 'True', 'cache_selected_only': 'False', 'warn_error': 'None', 'version_check': 'True', 'fail_fast': 'False', 'log_path': '/opt/airflow/dbt/logs', 'debug': 'False', 'profiles_dir': '/opt/airflow/dbt', 'use_colors': 'True', 'use_experimental_parser': 'False', 'no_print': 'None', 'quiet': 'False', 'warn_error_options': 'WarnErrorOptions(include=[], exclude=[])', 'introspect': 'True', 'static_parser': 'True', 'log_format': 'default', 'target_path': 'None', 'invocation_command': 'dbt run --select tag:staging', 'send_anonymous_usage_stats': 'True'}
[0m22:42:36.884290 [debug] [MainThread]: Sending event: {'category': 'dbt', 'action': 'project_id', 'label': 'ea4813cc-bc44-4856-94d3-5a83fc454ab9', 'context': [<snowplow_tracker.self_describing_json.SelfDescribingJson object at 0x7c3f29f4d760>]}
[0m22:42:37.876477 [debug] [MainThread]: Sending event: {'category': 'dbt', 'action': 'adapter_info', 'label': 'ea4813cc-bc44-4856-94d3-5a83fc454ab9', 'context': [<snowplow_tracker.self_describing_json.SelfDescribingJson object at 0x7c3f2aa57380>]}
[0m22:42:37.916333 [info ] [MainThread]: Registered adapter: postgres=1.8.2
[0m22:42:40.534182 [debug] [MainThread]: checksum: dbb12d416fdb55e3665e4828703bbedf40c5c90ed7ca6ff39bbbfb29b12b0a92, vars: {}, profile: , target: , version: 1.8.0
[0m22:42:44.590183 [debug] [MainThread]: Partial parsing enabled: 0 files deleted, 0 files added, 0 files changed.
[0m22:42:44.607625 [debug] [MainThread]: Partial parsing enabled, no changes found, skipping parsing
[0m22:42:45.034227 [debug] [MainThread]: Sending event: {'category': 'dbt', 'action': 'load_project', 'label': 'ea4813cc-bc44-4856-94d3-5a83fc454ab9', 'context': [<snowplow_tracker.self_describing_json.SelfDescribingJson object at 0x7c3f28d53260>]}
[0m22:42:50.431502 [debug] [MainThread]: Sending event: {'category': 'dbt', 'action': 'resource_counts', 'label': 'ea4813cc-bc44-4856-94d3-5a83fc454ab9', 'context': [<snowplow_tracker.self_describing_json.SelfDescribingJson object at 0x7c3f289e4dd0>]}
[0m22:42:50.485973 [info ] [MainThread]: Found 9 models, 10 sources, 428 macros
[0m22:42:50.537057 [debug] [MainThread]: Sending event: {'category': 'dbt', 'action': 'runnable_timing', 'label': 'ea4813cc-bc44-4856-94d3-5a83fc454ab9', 'context': [<snowplow_tracker.self_describing_json.SelfDescribingJson object at 0x7c3f29db1df0>]}
[0m22:42:50.784833 [info ] [MainThread]: 
[0m22:42:51.080036 [debug] [MainThread]: Acquiring new postgres connection 'master'
[0m22:42:51.201542 [debug] [ThreadPool]: Acquiring new postgres connection 'list_airflow'
[0m22:42:53.048822 [debug] [ThreadPool]: Using postgres connection "list_airflow"
[0m22:42:53.050839 [debug] [ThreadPool]: On list_airflow: /* {"app": "dbt", "dbt_version": "1.8.0", "profile_name": "default", "target_name": "dev", "connection_name": "list_airflow"} */

    select distinct nspname from pg_namespace
  
[0m22:42:53.083489 [debug] [ThreadPool]: Opening a new connection, currently in state init
[0m22:42:53.219337 [debug] [ThreadPool]: SQL status: SELECT 7 in 0.136 seconds
[0m22:42:53.232815 [debug] [ThreadPool]: On list_airflow: Close
[0m22:42:53.277964 [debug] [ThreadPool]: Re-using an available connection from the pool (formerly list_airflow, now list_airflow_driven_staging)
[0m22:42:53.335753 [debug] [ThreadPool]: Using postgres connection "list_airflow_driven_staging"
[0m22:42:53.352706 [debug] [ThreadPool]: On list_airflow_driven_staging: BEGIN
[0m22:42:53.355470 [debug] [ThreadPool]: Opening a new connection, currently in state closed
[0m22:42:53.414298 [debug] [ThreadPool]: SQL status: BEGIN in 0.059 seconds
[0m22:42:53.418898 [debug] [ThreadPool]: Using postgres connection "list_airflow_driven_staging"
[0m22:42:53.431837 [debug] [ThreadPool]: On list_airflow_driven_staging: /* {"app": "dbt", "dbt_version": "1.8.0", "profile_name": "default", "target_name": "dev", "connection_name": "list_airflow_driven_staging"} */
select
      'airflow' as database,
      tablename as name,
      schemaname as schema,
      'table' as type
    from pg_tables
    where schemaname ilike 'driven_staging'
    union all
    select
      'airflow' as database,
      viewname as name,
      schemaname as schema,
      'view' as type
    from pg_views
    where schemaname ilike 'driven_staging'
    union all
    select
      'airflow' as database,
      matviewname as name,
      schemaname as schema,
      'materialized_view' as type
    from pg_matviews
    where schemaname ilike 'driven_staging'
  
[0m22:42:53.499930 [debug] [ThreadPool]: SQL status: SELECT 5 in 0.055 seconds
[0m22:42:53.506890 [debug] [ThreadPool]: On list_airflow_driven_staging: ROLLBACK
[0m22:42:53.558383 [debug] [ThreadPool]: On list_airflow_driven_staging: Close
[0m22:42:53.567009 [debug] [ThreadPool]: Re-using an available connection from the pool (formerly list_airflow_driven_staging, now list_airflow_driven_trusted)
[0m22:42:53.617773 [debug] [ThreadPool]: Using postgres connection "list_airflow_driven_trusted"
[0m22:42:53.695600 [debug] [ThreadPool]: On list_airflow_driven_trusted: BEGIN
[0m22:42:53.719506 [debug] [ThreadPool]: Opening a new connection, currently in state closed
[0m22:42:53.889253 [debug] [ThreadPool]: SQL status: BEGIN in 0.170 seconds
[0m22:42:53.894516 [debug] [ThreadPool]: Using postgres connection "list_airflow_driven_trusted"
[0m22:42:53.902057 [debug] [ThreadPool]: On list_airflow_driven_trusted: /* {"app": "dbt", "dbt_version": "1.8.0", "profile_name": "default", "target_name": "dev", "connection_name": "list_airflow_driven_trusted"} */
select
      'airflow' as database,
      tablename as name,
      schemaname as schema,
      'table' as type
    from pg_tables
    where schemaname ilike 'driven_trusted'
    union all
    select
      'airflow' as database,
      viewname as name,
      schemaname as schema,
      'view' as type
    from pg_views
    where schemaname ilike 'driven_trusted'
    union all
    select
      'airflow' as database,
      matviewname as name,
      schemaname as schema,
      'materialized_view' as type
    from pg_matviews
    where schemaname ilike 'driven_trusted'
  
[0m22:42:53.957554 [debug] [ThreadPool]: SQL status: SELECT 4 in 0.042 seconds
[0m22:42:53.977365 [debug] [ThreadPool]: On list_airflow_driven_trusted: ROLLBACK
[0m22:42:53.996826 [debug] [ThreadPool]: On list_airflow_driven_trusted: Close
[0m22:42:54.113158 [debug] [MainThread]: Using postgres connection "master"
[0m22:42:54.145004 [debug] [MainThread]: On master: BEGIN
[0m22:42:54.155571 [debug] [MainThread]: Opening a new connection, currently in state init
[0m22:42:54.368004 [debug] [MainThread]: SQL status: BEGIN in 0.212 seconds
[0m22:42:54.395599 [debug] [MainThread]: Using postgres connection "master"
[0m22:42:54.414818 [debug] [MainThread]: On master: /* {"app": "dbt", "dbt_version": "1.8.0", "profile_name": "default", "target_name": "dev", "connection_name": "master"} */
with relation as (
        select
            pg_rewrite.ev_class as class,
            pg_rewrite.oid as id
        from pg_rewrite
    ),
    class as (
        select
            oid as id,
            relname as name,
            relnamespace as schema,
            relkind as kind
        from pg_class
    ),
    dependency as (
        select distinct
            pg_depend.objid as id,
            pg_depend.refobjid as ref
        from pg_depend
    ),
    schema as (
        select
            pg_namespace.oid as id,
            pg_namespace.nspname as name
        from pg_namespace
        where nspname != 'information_schema' and nspname not like 'pg\_%'
    ),
    referenced as (
        select
            relation.id AS id,
            referenced_class.name ,
            referenced_class.schema ,
            referenced_class.kind
        from relation
        join class as referenced_class on relation.class=referenced_class.id
        where referenced_class.kind in ('r', 'v', 'm')
    ),
    relationships as (
        select
            referenced.name as referenced_name,
            referenced.schema as referenced_schema_id,
            dependent_class.name as dependent_name,
            dependent_class.schema as dependent_schema_id,
            referenced.kind as kind
        from referenced
        join dependency on referenced.id=dependency.id
        join class as dependent_class on dependency.ref=dependent_class.id
        where
            (referenced.name != dependent_class.name or
             referenced.schema != dependent_class.schema)
    )

    select
        referenced_schema.name as referenced_schema,
        relationships.referenced_name as referenced_name,
        dependent_schema.name as dependent_schema,
        relationships.dependent_name as dependent_name
    from relationships
    join schema as dependent_schema on relationships.dependent_schema_id=dependent_schema.id
    join schema as referenced_schema on relationships.referenced_schema_id=referenced_schema.id
    group by referenced_schema, referenced_name, dependent_schema, dependent_name
    order by referenced_schema, referenced_name, dependent_schema, dependent_name;
[0m22:42:54.471896 [debug] [MainThread]: SQL status: SELECT 0 in 0.041 seconds
[0m22:42:54.498332 [debug] [MainThread]: Sending event: {'category': 'dbt', 'action': 'runnable_timing', 'label': 'ea4813cc-bc44-4856-94d3-5a83fc454ab9', 'context': [<snowplow_tracker.self_describing_json.SelfDescribingJson object at 0x7c3f298df3e0>]}
[0m22:42:54.528043 [debug] [MainThread]: On master: ROLLBACK
[0m22:42:54.536057 [debug] [MainThread]: Using postgres connection "master"
[0m22:42:54.539531 [debug] [MainThread]: On master: BEGIN
[0m22:42:54.551684 [debug] [MainThread]: SQL status: BEGIN in 0.001 seconds
[0m22:42:54.558380 [debug] [MainThread]: On master: COMMIT
[0m22:42:54.579987 [debug] [MainThread]: Using postgres connection "master"
[0m22:42:54.582012 [debug] [MainThread]: On master: COMMIT
[0m22:42:54.587080 [debug] [MainThread]: SQL status: COMMIT in 0.000 seconds
[0m22:42:54.597628 [debug] [MainThread]: On master: Close
[0m22:42:54.616392 [info ] [MainThread]: Concurrency: 1 threads (target='dev')
[0m22:42:54.631829 [info ] [MainThread]: 
[0m22:42:54.744890 [debug] [Thread-1 (]: Began running node model.dbt_driven_data.staging_dim_address
[0m22:42:54.752522 [info ] [Thread-1 (]: 1 of 5 START sql table model driven_staging.dim_address ........................ [RUN]
[0m22:42:54.768241 [debug] [Thread-1 (]: Re-using an available connection from the pool (formerly list_airflow_driven_trusted, now model.dbt_driven_data.staging_dim_address)
[0m22:42:54.774658 [debug] [Thread-1 (]: Began compiling node model.dbt_driven_data.staging_dim_address
[0m22:42:54.828916 [debug] [Thread-1 (]: Writing injected SQL for node "model.dbt_driven_data.staging_dim_address"
[0m22:42:54.862935 [debug] [Thread-1 (]: Began executing node model.dbt_driven_data.staging_dim_address
[0m22:42:55.260227 [debug] [Thread-1 (]: Writing runtime sql for node "model.dbt_driven_data.staging_dim_address"
[0m22:42:55.295997 [debug] [Thread-1 (]: Using postgres connection "model.dbt_driven_data.staging_dim_address"
[0m22:42:55.307583 [debug] [Thread-1 (]: On model.dbt_driven_data.staging_dim_address: BEGIN
[0m22:42:55.309436 [debug] [Thread-1 (]: Opening a new connection, currently in state closed
[0m22:42:55.357122 [debug] [Thread-1 (]: SQL status: BEGIN in 0.048 seconds
[0m22:42:55.363826 [debug] [Thread-1 (]: Using postgres connection "model.dbt_driven_data.staging_dim_address"
[0m22:42:55.367621 [debug] [Thread-1 (]: On model.dbt_driven_data.staging_dim_address: /* {"app": "dbt", "dbt_version": "1.8.0", "profile_name": "default", "target_name": "dev", "node_id": "model.dbt_driven_data.staging_dim_address"} */

  
    

  create  table "airflow"."driven_staging"."dim_address__dbt_tmp"
  
  
    as
  
  (
    

WITH source_data AS (
    SELECT
        unique_id,
        address,
        mac_address,
        ip_address
    FROM
        "airflow"."driven_raw"."raw_batch_data"
)

SELECT
    *
FROM
    source_data
  );
  
[0m22:42:55.503680 [debug] [Thread-1 (]: SQL status: SELECT 3640 in 0.124 seconds
[0m22:42:55.590991 [debug] [Thread-1 (]: Using postgres connection "model.dbt_driven_data.staging_dim_address"
[0m22:42:55.613204 [debug] [Thread-1 (]: On model.dbt_driven_data.staging_dim_address: /* {"app": "dbt", "dbt_version": "1.8.0", "profile_name": "default", "target_name": "dev", "node_id": "model.dbt_driven_data.staging_dim_address"} */
alter table "airflow"."driven_staging"."dim_address" rename to "dim_address__dbt_backup"
[0m22:42:55.639917 [debug] [Thread-1 (]: SQL status: ALTER TABLE in 0.012 seconds
[0m22:42:55.679504 [debug] [Thread-1 (]: Using postgres connection "model.dbt_driven_data.staging_dim_address"
[0m22:42:55.687660 [debug] [Thread-1 (]: On model.dbt_driven_data.staging_dim_address: /* {"app": "dbt", "dbt_version": "1.8.0", "profile_name": "default", "target_name": "dev", "node_id": "model.dbt_driven_data.staging_dim_address"} */
alter table "airflow"."driven_staging"."dim_address__dbt_tmp" rename to "dim_address"
[0m22:42:55.700538 [debug] [Thread-1 (]: SQL status: ALTER TABLE in 0.001 seconds
[0m22:42:55.983902 [debug] [Thread-1 (]: On model.dbt_driven_data.staging_dim_address: COMMIT
[0m22:42:55.995890 [debug] [Thread-1 (]: Using postgres connection "model.dbt_driven_data.staging_dim_address"
[0m22:42:55.999735 [debug] [Thread-1 (]: On model.dbt_driven_data.staging_dim_address: COMMIT
[0m22:42:56.007384 [debug] [Thread-1 (]: SQL status: COMMIT in 0.002 seconds
[0m22:42:56.070492 [debug] [Thread-1 (]: Applying DROP to: "airflow"."driven_staging"."dim_address__dbt_backup"
[0m22:42:56.152299 [debug] [Thread-1 (]: Using postgres connection "model.dbt_driven_data.staging_dim_address"
[0m22:42:56.153890 [debug] [Thread-1 (]: On model.dbt_driven_data.staging_dim_address: /* {"app": "dbt", "dbt_version": "1.8.0", "profile_name": "default", "target_name": "dev", "node_id": "model.dbt_driven_data.staging_dim_address"} */
drop table if exists "airflow"."driven_staging"."dim_address__dbt_backup" cascade
[0m22:42:56.171728 [debug] [Thread-1 (]: SQL status: DROP TABLE in 0.016 seconds
[0m22:42:56.187085 [debug] [Thread-1 (]: On model.dbt_driven_data.staging_dim_address: Close
[0m22:42:56.205532 [debug] [Thread-1 (]: Sending event: {'category': 'dbt', 'action': 'run_model', 'label': 'ea4813cc-bc44-4856-94d3-5a83fc454ab9', 'context': [<snowplow_tracker.self_describing_json.SelfDescribingJson object at 0x7c3f2b259f10>]}
[0m22:42:56.230232 [info ] [Thread-1 (]: 1 of 5 OK created sql table model driven_staging.dim_address ................... [[32mSELECT 3640[0m in 1.44s]
[0m22:42:56.246406 [debug] [Thread-1 (]: Finished running node model.dbt_driven_data.staging_dim_address
[0m22:42:56.251686 [debug] [Thread-1 (]: Began running node model.dbt_driven_data.staging_dim_date
[0m22:42:56.265368 [info ] [Thread-1 (]: 2 of 5 START sql table model driven_staging.dim_date ........................... [RUN]
[0m22:42:56.271558 [debug] [Thread-1 (]: Re-using an available connection from the pool (formerly model.dbt_driven_data.staging_dim_address, now model.dbt_driven_data.staging_dim_date)
[0m22:42:56.283701 [debug] [Thread-1 (]: Began compiling node model.dbt_driven_data.staging_dim_date
[0m22:42:56.313215 [debug] [Thread-1 (]: Writing injected SQL for node "model.dbt_driven_data.staging_dim_date"
[0m22:42:56.345662 [debug] [Thread-1 (]: Began executing node model.dbt_driven_data.staging_dim_date
[0m22:42:56.382460 [debug] [Thread-1 (]: Writing runtime sql for node "model.dbt_driven_data.staging_dim_date"
[0m22:42:56.422473 [debug] [Thread-1 (]: Using postgres connection "model.dbt_driven_data.staging_dim_date"
[0m22:42:56.430267 [debug] [Thread-1 (]: On model.dbt_driven_data.staging_dim_date: BEGIN
[0m22:42:56.443769 [debug] [Thread-1 (]: Opening a new connection, currently in state closed
[0m22:42:56.474300 [debug] [Thread-1 (]: SQL status: BEGIN in 0.031 seconds
[0m22:42:56.483754 [debug] [Thread-1 (]: Using postgres connection "model.dbt_driven_data.staging_dim_date"
[0m22:42:56.492044 [debug] [Thread-1 (]: On model.dbt_driven_data.staging_dim_date: /* {"app": "dbt", "dbt_version": "1.8.0", "profile_name": "default", "target_name": "dev", "node_id": "model.dbt_driven_data.staging_dim_date"} */

  
    

  create  table "airflow"."driven_staging"."dim_date__dbt_tmp"
  
  
    as
  
  (
    

WITH source_data AS (
    SELECT
        unique_id,
        accessed_at
    FROM
        "airflow"."driven_raw"."raw_batch_data"
)

SELECT
    *
FROM
    source_data
  );
  
[0m22:42:56.530376 [debug] [Thread-1 (]: SQL status: SELECT 3640 in 0.027 seconds
[0m22:42:56.553583 [debug] [Thread-1 (]: Using postgres connection "model.dbt_driven_data.staging_dim_date"
[0m22:42:56.564548 [debug] [Thread-1 (]: On model.dbt_driven_data.staging_dim_date: /* {"app": "dbt", "dbt_version": "1.8.0", "profile_name": "default", "target_name": "dev", "node_id": "model.dbt_driven_data.staging_dim_date"} */
alter table "airflow"."driven_staging"."dim_date" rename to "dim_date__dbt_backup"
[0m22:42:56.576276 [debug] [Thread-1 (]: SQL status: ALTER TABLE in 0.001 seconds
[0m22:42:56.616513 [debug] [Thread-1 (]: Using postgres connection "model.dbt_driven_data.staging_dim_date"
[0m22:42:56.635770 [debug] [Thread-1 (]: On model.dbt_driven_data.staging_dim_date: /* {"app": "dbt", "dbt_version": "1.8.0", "profile_name": "default", "target_name": "dev", "node_id": "model.dbt_driven_data.staging_dim_date"} */
alter table "airflow"."driven_staging"."dim_date__dbt_tmp" rename to "dim_date"
[0m22:42:56.639079 [debug] [Thread-1 (]: SQL status: ALTER TABLE in 0.001 seconds
[0m22:42:56.681932 [debug] [Thread-1 (]: On model.dbt_driven_data.staging_dim_date: COMMIT
[0m22:42:56.699718 [debug] [Thread-1 (]: Using postgres connection "model.dbt_driven_data.staging_dim_date"
[0m22:42:56.703641 [debug] [Thread-1 (]: On model.dbt_driven_data.staging_dim_date: COMMIT
[0m22:42:56.723432 [debug] [Thread-1 (]: SQL status: COMMIT in 0.011 seconds
[0m22:42:56.767877 [debug] [Thread-1 (]: Applying DROP to: "airflow"."driven_staging"."dim_date__dbt_backup"
[0m22:42:56.776498 [debug] [Thread-1 (]: Using postgres connection "model.dbt_driven_data.staging_dim_date"
[0m22:42:56.795755 [debug] [Thread-1 (]: On model.dbt_driven_data.staging_dim_date: /* {"app": "dbt", "dbt_version": "1.8.0", "profile_name": "default", "target_name": "dev", "node_id": "model.dbt_driven_data.staging_dim_date"} */
drop table if exists "airflow"."driven_staging"."dim_date__dbt_backup" cascade
[0m22:42:56.803743 [debug] [Thread-1 (]: SQL status: DROP TABLE in 0.006 seconds
[0m22:42:56.828364 [debug] [Thread-1 (]: On model.dbt_driven_data.staging_dim_date: Close
[0m22:42:56.849088 [debug] [Thread-1 (]: Sending event: {'category': 'dbt', 'action': 'run_model', 'label': 'ea4813cc-bc44-4856-94d3-5a83fc454ab9', 'context': [<snowplow_tracker.self_describing_json.SelfDescribingJson object at 0x7c3f26c87290>]}
[0m22:42:56.857412 [info ] [Thread-1 (]: 2 of 5 OK created sql table model driven_staging.dim_date ...................... [[32mSELECT 3640[0m in 0.58s]
[0m22:42:56.881474 [debug] [Thread-1 (]: Finished running node model.dbt_driven_data.staging_dim_date
[0m22:42:56.903909 [debug] [Thread-1 (]: Began running node model.dbt_driven_data.staging_dim_finance
[0m22:42:56.908381 [info ] [Thread-1 (]: 3 of 5 START sql table model driven_staging.dim_finance ........................ [RUN]
[0m22:42:56.919964 [debug] [Thread-1 (]: Re-using an available connection from the pool (formerly model.dbt_driven_data.staging_dim_date, now model.dbt_driven_data.staging_dim_finance)
[0m22:42:56.931876 [debug] [Thread-1 (]: Began compiling node model.dbt_driven_data.staging_dim_finance
[0m22:42:57.019540 [debug] [Thread-1 (]: Writing injected SQL for node "model.dbt_driven_data.staging_dim_finance"
[0m22:42:57.048738 [debug] [Thread-1 (]: Began executing node model.dbt_driven_data.staging_dim_finance
[0m22:42:57.124920 [debug] [Thread-1 (]: Writing runtime sql for node "model.dbt_driven_data.staging_dim_finance"
[0m22:42:57.154014 [debug] [Thread-1 (]: Using postgres connection "model.dbt_driven_data.staging_dim_finance"
[0m22:42:57.171674 [debug] [Thread-1 (]: On model.dbt_driven_data.staging_dim_finance: BEGIN
[0m22:42:57.173161 [debug] [Thread-1 (]: Opening a new connection, currently in state closed
[0m22:42:57.212176 [debug] [Thread-1 (]: SQL status: BEGIN in 0.039 seconds
[0m22:42:57.215882 [debug] [Thread-1 (]: Using postgres connection "model.dbt_driven_data.staging_dim_finance"
[0m22:42:57.229032 [debug] [Thread-1 (]: On model.dbt_driven_data.staging_dim_finance: /* {"app": "dbt", "dbt_version": "1.8.0", "profile_name": "default", "target_name": "dev", "node_id": "model.dbt_driven_data.staging_dim_finance"} */

  
    

  create  table "airflow"."driven_staging"."dim_finance__dbt_tmp"
  
  
    as
  
  (
    

WITH source_data AS (
    SELECT
        unique_id,
        iban
    FROM
        "airflow"."driven_raw"."raw_batch_data"
)

SELECT
    *
FROM
    source_data
  );
  
[0m22:42:57.296935 [debug] [Thread-1 (]: SQL status: SELECT 3640 in 0.041 seconds
[0m22:42:57.337634 [debug] [Thread-1 (]: Using postgres connection "model.dbt_driven_data.staging_dim_finance"
[0m22:42:57.351666 [debug] [Thread-1 (]: On model.dbt_driven_data.staging_dim_finance: /* {"app": "dbt", "dbt_version": "1.8.0", "profile_name": "default", "target_name": "dev", "node_id": "model.dbt_driven_data.staging_dim_finance"} */
alter table "airflow"."driven_staging"."dim_finance" rename to "dim_finance__dbt_backup"
[0m22:42:57.361358 [debug] [Thread-1 (]: SQL status: ALTER TABLE in 0.001 seconds
[0m22:42:57.407918 [debug] [Thread-1 (]: Using postgres connection "model.dbt_driven_data.staging_dim_finance"
[0m22:42:57.419944 [debug] [Thread-1 (]: On model.dbt_driven_data.staging_dim_finance: /* {"app": "dbt", "dbt_version": "1.8.0", "profile_name": "default", "target_name": "dev", "node_id": "model.dbt_driven_data.staging_dim_finance"} */
alter table "airflow"."driven_staging"."dim_finance__dbt_tmp" rename to "dim_finance"
[0m22:42:57.431705 [debug] [Thread-1 (]: SQL status: ALTER TABLE in 0.005 seconds
[0m22:42:57.447008 [debug] [Thread-1 (]: On model.dbt_driven_data.staging_dim_finance: COMMIT
[0m22:42:57.460964 [debug] [Thread-1 (]: Using postgres connection "model.dbt_driven_data.staging_dim_finance"
[0m22:42:57.476485 [debug] [Thread-1 (]: On model.dbt_driven_data.staging_dim_finance: COMMIT
[0m22:42:57.494610 [debug] [Thread-1 (]: SQL status: COMMIT in 0.003 seconds
[0m22:42:57.528495 [debug] [Thread-1 (]: Applying DROP to: "airflow"."driven_staging"."dim_finance__dbt_backup"
[0m22:42:57.539415 [debug] [Thread-1 (]: Using postgres connection "model.dbt_driven_data.staging_dim_finance"
[0m22:42:57.543697 [debug] [Thread-1 (]: On model.dbt_driven_data.staging_dim_finance: /* {"app": "dbt", "dbt_version": "1.8.0", "profile_name": "default", "target_name": "dev", "node_id": "model.dbt_driven_data.staging_dim_finance"} */
drop table if exists "airflow"."driven_staging"."dim_finance__dbt_backup" cascade
[0m22:42:57.551726 [debug] [Thread-1 (]: SQL status: DROP TABLE in 0.006 seconds
[0m22:42:57.556853 [debug] [Thread-1 (]: On model.dbt_driven_data.staging_dim_finance: Close
[0m22:42:57.572800 [debug] [Thread-1 (]: Sending event: {'category': 'dbt', 'action': 'run_model', 'label': 'ea4813cc-bc44-4856-94d3-5a83fc454ab9', 'context': [<snowplow_tracker.self_describing_json.SelfDescribingJson object at 0x7c3f26b2cd10>]}
[0m22:42:57.580288 [info ] [Thread-1 (]: 3 of 5 OK created sql table model driven_staging.dim_finance ................... [[32mSELECT 3640[0m in 0.65s]
[0m22:42:57.592805 [debug] [Thread-1 (]: Finished running node model.dbt_driven_data.staging_dim_finance
[0m22:42:57.612362 [debug] [Thread-1 (]: Began running node model.dbt_driven_data.staging_dim_person
[0m22:42:57.620540 [info ] [Thread-1 (]: 4 of 5 START sql table model driven_staging.dim_person ......................... [RUN]
[0m22:42:57.634804 [debug] [Thread-1 (]: Re-using an available connection from the pool (formerly model.dbt_driven_data.staging_dim_finance, now model.dbt_driven_data.staging_dim_person)
[0m22:42:57.644089 [debug] [Thread-1 (]: Began compiling node model.dbt_driven_data.staging_dim_person
[0m22:42:57.683928 [debug] [Thread-1 (]: Writing injected SQL for node "model.dbt_driven_data.staging_dim_person"
[0m22:42:57.738324 [debug] [Thread-1 (]: Began executing node model.dbt_driven_data.staging_dim_person
[0m22:42:57.771992 [debug] [Thread-1 (]: Writing runtime sql for node "model.dbt_driven_data.staging_dim_person"
[0m22:42:57.799642 [debug] [Thread-1 (]: Using postgres connection "model.dbt_driven_data.staging_dim_person"
[0m22:42:57.801065 [debug] [Thread-1 (]: On model.dbt_driven_data.staging_dim_person: BEGIN
[0m22:42:57.802310 [debug] [Thread-1 (]: Opening a new connection, currently in state closed
[0m22:42:57.840177 [debug] [Thread-1 (]: SQL status: BEGIN in 0.038 seconds
[0m22:42:57.846740 [debug] [Thread-1 (]: Using postgres connection "model.dbt_driven_data.staging_dim_person"
[0m22:42:57.848672 [debug] [Thread-1 (]: On model.dbt_driven_data.staging_dim_person: /* {"app": "dbt", "dbt_version": "1.8.0", "profile_name": "default", "target_name": "dev", "node_id": "model.dbt_driven_data.staging_dim_person"} */

  
    

  create  table "airflow"."driven_staging"."dim_person__dbt_tmp"
  
  
    as
  
  (
    

WITH source_data AS (
    SELECT
        unique_id,
        person_name,
        user_name,
        email,
        phone,
        birth_date,
        personal_number
    FROM
        "airflow"."driven_raw"."raw_batch_data"
)

SELECT
    *
FROM
    source_data
  );
  
[0m22:42:58.311935 [debug] [Thread-1 (]: SQL status: SELECT 3640 in 0.436 seconds
[0m22:42:58.354217 [debug] [Thread-1 (]: Using postgres connection "model.dbt_driven_data.staging_dim_person"
[0m22:42:58.394382 [debug] [Thread-1 (]: On model.dbt_driven_data.staging_dim_person: /* {"app": "dbt", "dbt_version": "1.8.0", "profile_name": "default", "target_name": "dev", "node_id": "model.dbt_driven_data.staging_dim_person"} */
alter table "airflow"."driven_staging"."dim_person" rename to "dim_person__dbt_backup"
[0m22:42:58.396876 [debug] [Thread-1 (]: SQL status: ALTER TABLE in 0.001 seconds
[0m22:42:58.456338 [debug] [Thread-1 (]: Using postgres connection "model.dbt_driven_data.staging_dim_person"
[0m22:42:58.467639 [debug] [Thread-1 (]: On model.dbt_driven_data.staging_dim_person: /* {"app": "dbt", "dbt_version": "1.8.0", "profile_name": "default", "target_name": "dev", "node_id": "model.dbt_driven_data.staging_dim_person"} */
alter table "airflow"."driven_staging"."dim_person__dbt_tmp" rename to "dim_person"
[0m22:42:58.478917 [debug] [Thread-1 (]: SQL status: ALTER TABLE in 0.001 seconds
[0m22:42:58.494638 [debug] [Thread-1 (]: On model.dbt_driven_data.staging_dim_person: COMMIT
[0m22:42:58.511810 [debug] [Thread-1 (]: Using postgres connection "model.dbt_driven_data.staging_dim_person"
[0m22:42:58.513423 [debug] [Thread-1 (]: On model.dbt_driven_data.staging_dim_person: COMMIT
[0m22:42:58.621774 [debug] [Thread-1 (]: SQL status: COMMIT in 0.097 seconds
[0m22:42:58.648004 [debug] [Thread-1 (]: Applying DROP to: "airflow"."driven_staging"."dim_person__dbt_backup"
[0m22:42:58.652486 [debug] [Thread-1 (]: Using postgres connection "model.dbt_driven_data.staging_dim_person"
[0m22:42:58.691675 [debug] [Thread-1 (]: On model.dbt_driven_data.staging_dim_person: /* {"app": "dbt", "dbt_version": "1.8.0", "profile_name": "default", "target_name": "dev", "node_id": "model.dbt_driven_data.staging_dim_person"} */
drop table if exists "airflow"."driven_staging"."dim_person__dbt_backup" cascade
[0m22:42:58.709381 [debug] [Thread-1 (]: SQL status: DROP TABLE in 0.010 seconds
[0m22:42:58.713365 [debug] [Thread-1 (]: On model.dbt_driven_data.staging_dim_person: Close
[0m22:42:58.729466 [debug] [Thread-1 (]: Sending event: {'category': 'dbt', 'action': 'run_model', 'label': 'ea4813cc-bc44-4856-94d3-5a83fc454ab9', 'context': [<snowplow_tracker.self_describing_json.SelfDescribingJson object at 0x7c3f26dcc6b0>]}
[0m22:42:58.736849 [info ] [Thread-1 (]: 4 of 5 OK created sql table model driven_staging.dim_person .................... [[32mSELECT 3640[0m in 1.10s]
[0m22:42:58.756187 [debug] [Thread-1 (]: Finished running node model.dbt_driven_data.staging_dim_person
[0m22:42:58.768312 [debug] [Thread-1 (]: Began running node model.dbt_driven_data.staging_fact_network_usage
[0m22:42:58.771880 [info ] [Thread-1 (]: 5 of 5 START sql table model driven_staging.fact_network_usage ................. [RUN]
[0m22:42:58.784216 [debug] [Thread-1 (]: Re-using an available connection from the pool (formerly model.dbt_driven_data.staging_dim_person, now model.dbt_driven_data.staging_fact_network_usage)
[0m22:42:58.791748 [debug] [Thread-1 (]: Began compiling node model.dbt_driven_data.staging_fact_network_usage
[0m22:42:58.819065 [debug] [Thread-1 (]: Writing injected SQL for node "model.dbt_driven_data.staging_fact_network_usage"
[0m22:42:58.861006 [debug] [Thread-1 (]: Began executing node model.dbt_driven_data.staging_fact_network_usage
[0m22:42:58.885110 [debug] [Thread-1 (]: Writing runtime sql for node "model.dbt_driven_data.staging_fact_network_usage"
[0m22:42:58.912823 [debug] [Thread-1 (]: Using postgres connection "model.dbt_driven_data.staging_fact_network_usage"
[0m22:42:58.917767 [debug] [Thread-1 (]: On model.dbt_driven_data.staging_fact_network_usage: BEGIN
[0m22:42:58.927600 [debug] [Thread-1 (]: Opening a new connection, currently in state closed
[0m22:42:58.958078 [debug] [Thread-1 (]: SQL status: BEGIN in 0.030 seconds
[0m22:42:58.959651 [debug] [Thread-1 (]: Using postgres connection "model.dbt_driven_data.staging_fact_network_usage"
[0m22:42:58.961204 [debug] [Thread-1 (]: On model.dbt_driven_data.staging_fact_network_usage: /* {"app": "dbt", "dbt_version": "1.8.0", "profile_name": "default", "target_name": "dev", "node_id": "model.dbt_driven_data.staging_fact_network_usage"} */

  
    

  create  table "airflow"."driven_staging"."fact_network_usage__dbt_tmp"
  
  
    as
  
  (
    

WITH source_data AS (
    SELECT
        unique_id,
        session_duration,
        download_speed,
        upload_speed,
        consumed_traffic
    FROM
        "airflow"."driven_raw"."raw_batch_data"
)

SELECT
    *
FROM
    source_data
  );
  
[0m22:42:58.997303 [debug] [Thread-1 (]: SQL status: SELECT 3640 in 0.026 seconds
[0m22:42:59.042697 [debug] [Thread-1 (]: Using postgres connection "model.dbt_driven_data.staging_fact_network_usage"
[0m22:42:59.057644 [debug] [Thread-1 (]: On model.dbt_driven_data.staging_fact_network_usage: /* {"app": "dbt", "dbt_version": "1.8.0", "profile_name": "default", "target_name": "dev", "node_id": "model.dbt_driven_data.staging_fact_network_usage"} */
alter table "airflow"."driven_staging"."fact_network_usage" rename to "fact_network_usage__dbt_backup"
[0m22:42:59.060451 [debug] [Thread-1 (]: SQL status: ALTER TABLE in 0.001 seconds
[0m22:42:59.097656 [debug] [Thread-1 (]: Using postgres connection "model.dbt_driven_data.staging_fact_network_usage"
[0m22:42:59.099651 [debug] [Thread-1 (]: On model.dbt_driven_data.staging_fact_network_usage: /* {"app": "dbt", "dbt_version": "1.8.0", "profile_name": "default", "target_name": "dev", "node_id": "model.dbt_driven_data.staging_fact_network_usage"} */
alter table "airflow"."driven_staging"."fact_network_usage__dbt_tmp" rename to "fact_network_usage"
[0m22:42:59.111290 [debug] [Thread-1 (]: SQL status: ALTER TABLE in 0.001 seconds
[0m22:42:59.129410 [debug] [Thread-1 (]: On model.dbt_driven_data.staging_fact_network_usage: COMMIT
[0m22:42:59.163726 [debug] [Thread-1 (]: Using postgres connection "model.dbt_driven_data.staging_fact_network_usage"
[0m22:42:59.167605 [debug] [Thread-1 (]: On model.dbt_driven_data.staging_fact_network_usage: COMMIT
[0m22:42:59.187958 [debug] [Thread-1 (]: SQL status: COMMIT in 0.012 seconds
[0m22:42:59.201938 [debug] [Thread-1 (]: Applying DROP to: "airflow"."driven_staging"."fact_network_usage__dbt_backup"
[0m22:42:59.212677 [debug] [Thread-1 (]: Using postgres connection "model.dbt_driven_data.staging_fact_network_usage"
[0m22:42:59.228323 [debug] [Thread-1 (]: On model.dbt_driven_data.staging_fact_network_usage: /* {"app": "dbt", "dbt_version": "1.8.0", "profile_name": "default", "target_name": "dev", "node_id": "model.dbt_driven_data.staging_fact_network_usage"} */
drop table if exists "airflow"."driven_staging"."fact_network_usage__dbt_backup" cascade
[0m22:42:59.245594 [debug] [Thread-1 (]: SQL status: DROP TABLE in 0.014 seconds
[0m22:42:59.249628 [debug] [Thread-1 (]: On model.dbt_driven_data.staging_fact_network_usage: Close
[0m22:42:59.268063 [debug] [Thread-1 (]: Sending event: {'category': 'dbt', 'action': 'run_model', 'label': 'ea4813cc-bc44-4856-94d3-5a83fc454ab9', 'context': [<snowplow_tracker.self_describing_json.SelfDescribingJson object at 0x7c3f26b0fc20>]}
[0m22:42:59.276004 [info ] [Thread-1 (]: 5 of 5 OK created sql table model driven_staging.fact_network_usage ............ [[32mSELECT 3640[0m in 0.48s]
[0m22:42:59.288214 [debug] [Thread-1 (]: Finished running node model.dbt_driven_data.staging_fact_network_usage
[0m22:42:59.297161 [debug] [MainThread]: Using postgres connection "master"
[0m22:42:59.310004 [debug] [MainThread]: On master: BEGIN
[0m22:42:59.315674 [debug] [MainThread]: Opening a new connection, currently in state closed
[0m22:42:59.352217 [debug] [MainThread]: SQL status: BEGIN in 0.037 seconds
[0m22:42:59.367564 [debug] [MainThread]: On master: COMMIT
[0m22:42:59.369025 [debug] [MainThread]: Using postgres connection "master"
[0m22:42:59.371439 [debug] [MainThread]: On master: COMMIT
[0m22:42:59.388726 [debug] [MainThread]: SQL status: COMMIT in 0.001 seconds
[0m22:42:59.391647 [debug] [MainThread]: On master: Close
[0m22:42:59.400240 [debug] [MainThread]: Connection 'master' was properly closed.
[0m22:42:59.408791 [debug] [MainThread]: Connection 'model.dbt_driven_data.staging_fact_network_usage' was properly closed.
[0m22:42:59.413678 [info ] [MainThread]: 
[0m22:42:59.425332 [info ] [MainThread]: Finished running 5 table models in 0 hours 0 minutes and 8.45 seconds (8.45s).
[0m22:42:59.453701 [debug] [MainThread]: Command end result
[0m22:42:59.957923 [info ] [MainThread]: 
[0m22:42:59.972166 [info ] [MainThread]: [32mCompleted successfully[0m
[0m22:42:59.984414 [info ] [MainThread]: 
[0m22:42:59.988160 [info ] [MainThread]: Done. PASS=5 WARN=0 ERROR=0 SKIP=0 TOTAL=5
[0m22:43:00.029051 [debug] [MainThread]: Resource report: {"command_name": "run", "command_success": true, "command_wall_clock_time": 28.49893, "process_user_time": 8.250787, "process_kernel_time": 3.327528, "process_mem_max_rss": "117676", "process_in_blocks": "20896", "process_out_blocks": "0"}
[0m22:43:00.042050 [debug] [MainThread]: Command `dbt run` succeeded at 22:43:00.041131 after 28.53 seconds
[0m22:43:00.055827 [debug] [MainThread]: Sending event: {'category': 'dbt', 'action': 'invocation', 'label': 'end', 'context': [<snowplow_tracker.self_describing_json.SelfDescribingJson object at 0x7c3f2a0a77a0>, <snowplow_tracker.self_describing_json.SelfDescribingJson object at 0x7c3f2c51b7d0>, <snowplow_tracker.self_describing_json.SelfDescribingJson object at 0x7c3f29ff4ec0>]}
[0m22:43:00.058001 [debug] [MainThread]: Flushing usage events
[0m22:47:12.868190 [debug] [MainThread]: Sending event: {'category': 'dbt', 'action': 'invocation', 'label': 'start', 'context': [<snowplow_tracker.self_describing_json.SelfDescribingJson object at 0x76ffd9aba0c0>, <snowplow_tracker.self_describing_json.SelfDescribingJson object at 0x76ffda0a2ff0>, <snowplow_tracker.self_describing_json.SelfDescribingJson object at 0x76ffd9ae6570>]}


============================== 22:47:12.890077 | 2ac87ba2-3e63-4c37-8c19-1ef8757a6bcb ==============================
[0m22:47:12.890077 [info ] [MainThread]: Running with dbt=1.8.0
[0m22:47:12.891970 [debug] [MainThread]: running dbt with arguments {'printer_width': '80', 'indirect_selection': 'eager', 'log_cache_events': 'False', 'write_json': 'True', 'partial_parse': 'True', 'cache_selected_only': 'False', 'profiles_dir': '/opt/airflow/dbt', 'debug': 'False', 'warn_error': 'None', 'log_path': '/opt/airflow/dbt/logs', 'version_check': 'True', 'fail_fast': 'False', 'use_colors': 'True', 'use_experimental_parser': 'False', 'no_print': 'None', 'quiet': 'False', 'warn_error_options': 'WarnErrorOptions(include=[], exclude=[])', 'introspect': 'True', 'invocation_command': 'dbt run --select tag:trusted', 'log_format': 'default', 'target_path': 'None', 'static_parser': 'True', 'send_anonymous_usage_stats': 'True'}
[0m22:47:15.091250 [debug] [MainThread]: Sending event: {'category': 'dbt', 'action': 'project_id', 'label': '2ac87ba2-3e63-4c37-8c19-1ef8757a6bcb', 'context': [<snowplow_tracker.self_describing_json.SelfDescribingJson object at 0x76ffd92defc0>]}
[0m22:47:15.736034 [debug] [MainThread]: Sending event: {'category': 'dbt', 'action': 'adapter_info', 'label': '2ac87ba2-3e63-4c37-8c19-1ef8757a6bcb', 'context': [<snowplow_tracker.self_describing_json.SelfDescribingJson object at 0x76ffdabc5e80>]}
[0m22:47:15.753781 [info ] [MainThread]: Registered adapter: postgres=1.8.2
[0m22:47:17.364128 [debug] [MainThread]: checksum: dbb12d416fdb55e3665e4828703bbedf40c5c90ed7ca6ff39bbbfb29b12b0a92, vars: {}, profile: , target: , version: 1.8.0
[0m22:47:19.035564 [debug] [MainThread]: Partial parsing enabled: 0 files deleted, 0 files added, 0 files changed.
[0m22:47:19.041643 [debug] [MainThread]: Partial parsing enabled, no changes found, skipping parsing
[0m22:47:19.238704 [debug] [MainThread]: Sending event: {'category': 'dbt', 'action': 'load_project', 'label': '2ac87ba2-3e63-4c37-8c19-1ef8757a6bcb', 'context': [<snowplow_tracker.self_describing_json.SelfDescribingJson object at 0x76ffd92ab380>]}
[0m22:47:20.209393 [debug] [MainThread]: Sending event: {'category': 'dbt', 'action': 'resource_counts', 'label': '2ac87ba2-3e63-4c37-8c19-1ef8757a6bcb', 'context': [<snowplow_tracker.self_describing_json.SelfDescribingJson object at 0x76ffd7fa8dd0>]}
[0m22:47:20.214241 [info ] [MainThread]: Found 9 models, 10 sources, 428 macros
[0m22:47:20.218243 [debug] [MainThread]: Sending event: {'category': 'dbt', 'action': 'runnable_timing', 'label': '2ac87ba2-3e63-4c37-8c19-1ef8757a6bcb', 'context': [<snowplow_tracker.self_describing_json.SelfDescribingJson object at 0x76ffd8330530>]}
[0m22:47:20.234828 [info ] [MainThread]: 
[0m22:47:20.239530 [debug] [MainThread]: Acquiring new postgres connection 'master'
[0m22:47:20.275540 [debug] [ThreadPool]: Acquiring new postgres connection 'list_airflow'
[0m22:47:20.673086 [debug] [ThreadPool]: Using postgres connection "list_airflow"
[0m22:47:20.685564 [debug] [ThreadPool]: On list_airflow: /* {"app": "dbt", "dbt_version": "1.8.0", "profile_name": "default", "target_name": "dev", "connection_name": "list_airflow"} */

    select distinct nspname from pg_namespace
  
[0m22:47:20.688462 [debug] [ThreadPool]: Opening a new connection, currently in state init
[0m22:47:20.943354 [debug] [ThreadPool]: SQL status: SELECT 7 in 0.255 seconds
[0m22:47:20.972562 [debug] [ThreadPool]: On list_airflow: Close
[0m22:47:21.033496 [debug] [ThreadPool]: Acquiring new postgres connection 'list_airflow_driven_staging'
[0m22:47:21.073587 [debug] [ThreadPool]: Using postgres connection "list_airflow_driven_staging"
[0m22:47:21.094630 [debug] [ThreadPool]: On list_airflow_driven_staging: BEGIN
[0m22:47:21.101596 [debug] [ThreadPool]: Opening a new connection, currently in state init
[0m22:47:21.247478 [debug] [ThreadPool]: SQL status: BEGIN in 0.146 seconds
[0m22:47:21.254125 [debug] [ThreadPool]: Using postgres connection "list_airflow_driven_staging"
[0m22:47:21.275732 [debug] [ThreadPool]: On list_airflow_driven_staging: /* {"app": "dbt", "dbt_version": "1.8.0", "profile_name": "default", "target_name": "dev", "connection_name": "list_airflow_driven_staging"} */
select
      'airflow' as database,
      tablename as name,
      schemaname as schema,
      'table' as type
    from pg_tables
    where schemaname ilike 'driven_staging'
    union all
    select
      'airflow' as database,
      viewname as name,
      schemaname as schema,
      'view' as type
    from pg_views
    where schemaname ilike 'driven_staging'
    union all
    select
      'airflow' as database,
      matviewname as name,
      schemaname as schema,
      'materialized_view' as type
    from pg_matviews
    where schemaname ilike 'driven_staging'
  
[0m22:47:21.622711 [debug] [ThreadPool]: SQL status: SELECT 5 in 0.343 seconds
[0m22:47:21.653870 [debug] [ThreadPool]: On list_airflow_driven_staging: ROLLBACK
[0m22:47:21.662515 [debug] [ThreadPool]: On list_airflow_driven_staging: Close
[0m22:47:21.687914 [debug] [ThreadPool]: Re-using an available connection from the pool (formerly list_airflow_driven_staging, now list_airflow_driven_trusted)
[0m22:47:21.724809 [debug] [ThreadPool]: Using postgres connection "list_airflow_driven_trusted"
[0m22:47:21.733492 [debug] [ThreadPool]: On list_airflow_driven_trusted: BEGIN
[0m22:47:21.735008 [debug] [ThreadPool]: Opening a new connection, currently in state closed
[0m22:47:21.852031 [debug] [ThreadPool]: SQL status: BEGIN in 0.117 seconds
[0m22:47:21.853383 [debug] [ThreadPool]: Using postgres connection "list_airflow_driven_trusted"
[0m22:47:21.857587 [debug] [ThreadPool]: On list_airflow_driven_trusted: /* {"app": "dbt", "dbt_version": "1.8.0", "profile_name": "default", "target_name": "dev", "connection_name": "list_airflow_driven_trusted"} */
select
      'airflow' as database,
      tablename as name,
      schemaname as schema,
      'table' as type
    from pg_tables
    where schemaname ilike 'driven_trusted'
    union all
    select
      'airflow' as database,
      viewname as name,
      schemaname as schema,
      'view' as type
    from pg_views
    where schemaname ilike 'driven_trusted'
    union all
    select
      'airflow' as database,
      matviewname as name,
      schemaname as schema,
      'materialized_view' as type
    from pg_matviews
    where schemaname ilike 'driven_trusted'
  
[0m22:47:21.887252 [debug] [ThreadPool]: SQL status: SELECT 4 in 0.028 seconds
[0m22:47:21.891340 [debug] [ThreadPool]: On list_airflow_driven_trusted: ROLLBACK
[0m22:47:21.902415 [debug] [ThreadPool]: On list_airflow_driven_trusted: Close
[0m22:47:21.955510 [debug] [MainThread]: Using postgres connection "master"
[0m22:47:21.957319 [debug] [MainThread]: On master: BEGIN
[0m22:47:21.971055 [debug] [MainThread]: Opening a new connection, currently in state init
[0m22:47:22.087683 [debug] [MainThread]: SQL status: BEGIN in 0.117 seconds
[0m22:47:22.089587 [debug] [MainThread]: Using postgres connection "master"
[0m22:47:22.091571 [debug] [MainThread]: On master: /* {"app": "dbt", "dbt_version": "1.8.0", "profile_name": "default", "target_name": "dev", "connection_name": "master"} */
with relation as (
        select
            pg_rewrite.ev_class as class,
            pg_rewrite.oid as id
        from pg_rewrite
    ),
    class as (
        select
            oid as id,
            relname as name,
            relnamespace as schema,
            relkind as kind
        from pg_class
    ),
    dependency as (
        select distinct
            pg_depend.objid as id,
            pg_depend.refobjid as ref
        from pg_depend
    ),
    schema as (
        select
            pg_namespace.oid as id,
            pg_namespace.nspname as name
        from pg_namespace
        where nspname != 'information_schema' and nspname not like 'pg\_%'
    ),
    referenced as (
        select
            relation.id AS id,
            referenced_class.name ,
            referenced_class.schema ,
            referenced_class.kind
        from relation
        join class as referenced_class on relation.class=referenced_class.id
        where referenced_class.kind in ('r', 'v', 'm')
    ),
    relationships as (
        select
            referenced.name as referenced_name,
            referenced.schema as referenced_schema_id,
            dependent_class.name as dependent_name,
            dependent_class.schema as dependent_schema_id,
            referenced.kind as kind
        from referenced
        join dependency on referenced.id=dependency.id
        join class as dependent_class on dependency.ref=dependent_class.id
        where
            (referenced.name != dependent_class.name or
             referenced.schema != dependent_class.schema)
    )

    select
        referenced_schema.name as referenced_schema,
        relationships.referenced_name as referenced_name,
        dependent_schema.name as dependent_schema,
        relationships.dependent_name as dependent_name
    from relationships
    join schema as dependent_schema on relationships.dependent_schema_id=dependent_schema.id
    join schema as referenced_schema on relationships.referenced_schema_id=referenced_schema.id
    group by referenced_schema, referenced_name, dependent_schema, dependent_name
    order by referenced_schema, referenced_name, dependent_schema, dependent_name;
[0m22:47:22.258774 [debug] [MainThread]: SQL status: SELECT 0 in 0.166 seconds
[0m22:47:22.275587 [debug] [MainThread]: Sending event: {'category': 'dbt', 'action': 'runnable_timing', 'label': '2ac87ba2-3e63-4c37-8c19-1ef8757a6bcb', 'context': [<snowplow_tracker.self_describing_json.SelfDescribingJson object at 0x76ffd7b70080>]}
[0m22:47:22.281759 [debug] [MainThread]: On master: ROLLBACK
[0m22:47:22.290716 [debug] [MainThread]: Using postgres connection "master"
[0m22:47:22.313115 [debug] [MainThread]: On master: BEGIN
[0m22:47:22.318618 [debug] [MainThread]: SQL status: BEGIN in 0.001 seconds
[0m22:47:22.339869 [debug] [MainThread]: On master: COMMIT
[0m22:47:22.341736 [debug] [MainThread]: Using postgres connection "master"
[0m22:47:22.343261 [debug] [MainThread]: On master: COMMIT
[0m22:47:22.345900 [debug] [MainThread]: SQL status: COMMIT in 0.001 seconds
[0m22:47:22.351729 [debug] [MainThread]: On master: Close
[0m22:47:22.384658 [info ] [MainThread]: Concurrency: 1 threads (target='dev')
[0m22:47:22.425817 [info ] [MainThread]: 
[0m22:47:22.565855 [debug] [Thread-1 (]: Began running node model.dbt_driven_data.trusted_non_pii_data
[0m22:47:22.587213 [info ] [Thread-1 (]: 1 of 4 START sql table model driven_trusted.non_pii_data ....................... [RUN]
[0m22:47:22.602511 [debug] [Thread-1 (]: Re-using an available connection from the pool (formerly list_airflow_driven_trusted, now model.dbt_driven_data.trusted_non_pii_data)
[0m22:47:22.604318 [debug] [Thread-1 (]: Began compiling node model.dbt_driven_data.trusted_non_pii_data
[0m22:47:22.724381 [debug] [Thread-1 (]: Writing injected SQL for node "model.dbt_driven_data.trusted_non_pii_data"
[0m22:47:22.872041 [debug] [Thread-1 (]: Began executing node model.dbt_driven_data.trusted_non_pii_data
[0m22:47:23.318764 [debug] [Thread-1 (]: Writing runtime sql for node "model.dbt_driven_data.trusted_non_pii_data"
[0m22:47:23.829125 [debug] [Thread-1 (]: Using postgres connection "model.dbt_driven_data.trusted_non_pii_data"
[0m22:47:23.831052 [debug] [Thread-1 (]: On model.dbt_driven_data.trusted_non_pii_data: BEGIN
[0m22:47:23.832860 [debug] [Thread-1 (]: Opening a new connection, currently in state closed
[0m22:47:24.006061 [debug] [Thread-1 (]: SQL status: BEGIN in 0.173 seconds
[0m22:47:24.009855 [debug] [Thread-1 (]: Using postgres connection "model.dbt_driven_data.trusted_non_pii_data"
[0m22:47:24.022265 [debug] [Thread-1 (]: On model.dbt_driven_data.trusted_non_pii_data: /* {"app": "dbt", "dbt_version": "1.8.0", "profile_name": "default", "target_name": "dev", "node_id": "model.dbt_driven_data.trusted_non_pii_data"} */

  
    

  create  table "airflow"."driven_trusted"."non_pii_data__dbt_tmp"
  
  
    as
  
  (
    

WITH source_data AS (
    SELECT
        '***MASKED***' AS person_name,
        SUBSTRING(dp.user_name, 1, 5) || '*****'  user_name,
        SUBSTRING(dp.email, 1, 5) || '*****' AS email,
        '***MASKED***'  AS personal_number, 
        '***MASKED***' AS birth_date, 
        '***MASKED***' AS address,
        '***MASKED***'  AS phone, 
        SUBSTRING(da.mac_address, 1, 5) || '*****' AS mac_address,
        SUBSTRING(da.ip_address, 1, 5) || '*****' AS ip_address,
        SUBSTRING(df.iban, 1, 5) || '*****' AS iban,
        dd.accessed_at,
        fnu.session_duration,
        fnu.download_speed,
        fnu.upload_speed,
        fnu.consumed_traffic,
        fnu.unique_id
    FROM
        "airflow"."driven_staging"."fact_network_usage" fnu
    INNER JOIN
        "airflow"."driven_staging"."dim_address" da ON fnu.unique_id = da.unique_id
    INNER JOIN
        "airflow"."driven_staging"."dim_date" dd ON da.unique_id = dd.unique_id
    INNER JOIN
        "airflow"."driven_staging"."dim_finance" df ON dd.unique_id = df.unique_id
    INNER JOIN
        "airflow"."driven_staging"."dim_person" dp ON df.unique_id = dp.unique_id
)

SELECT
    *
FROM
    source_data
  );
  
[0m22:47:28.891054 [debug] [Thread-1 (]: SQL status: SELECT 173980 in 4.865 seconds
[0m22:47:28.918922 [debug] [Thread-1 (]: Using postgres connection "model.dbt_driven_data.trusted_non_pii_data"
[0m22:47:28.921483 [debug] [Thread-1 (]: On model.dbt_driven_data.trusted_non_pii_data: /* {"app": "dbt", "dbt_version": "1.8.0", "profile_name": "default", "target_name": "dev", "node_id": "model.dbt_driven_data.trusted_non_pii_data"} */
alter table "airflow"."driven_trusted"."non_pii_data" rename to "non_pii_data__dbt_backup"
[0m22:47:28.933220 [debug] [Thread-1 (]: SQL status: ALTER TABLE in 0.007 seconds
[0m22:47:28.984853 [debug] [Thread-1 (]: Using postgres connection "model.dbt_driven_data.trusted_non_pii_data"
[0m22:47:28.995267 [debug] [Thread-1 (]: On model.dbt_driven_data.trusted_non_pii_data: /* {"app": "dbt", "dbt_version": "1.8.0", "profile_name": "default", "target_name": "dev", "node_id": "model.dbt_driven_data.trusted_non_pii_data"} */
alter table "airflow"."driven_trusted"."non_pii_data__dbt_tmp" rename to "non_pii_data"
[0m22:47:29.002251 [debug] [Thread-1 (]: SQL status: ALTER TABLE in 0.001 seconds
[0m22:47:29.134024 [debug] [Thread-1 (]: On model.dbt_driven_data.trusted_non_pii_data: COMMIT
[0m22:47:29.142333 [debug] [Thread-1 (]: Using postgres connection "model.dbt_driven_data.trusted_non_pii_data"
[0m22:47:29.143837 [debug] [Thread-1 (]: On model.dbt_driven_data.trusted_non_pii_data: COMMIT
[0m22:47:29.149080 [debug] [Thread-1 (]: SQL status: COMMIT in 0.003 seconds
[0m22:47:29.202211 [debug] [Thread-1 (]: Applying DROP to: "airflow"."driven_trusted"."non_pii_data__dbt_backup"
[0m22:47:29.245124 [debug] [Thread-1 (]: Using postgres connection "model.dbt_driven_data.trusted_non_pii_data"
[0m22:47:29.250000 [debug] [Thread-1 (]: On model.dbt_driven_data.trusted_non_pii_data: /* {"app": "dbt", "dbt_version": "1.8.0", "profile_name": "default", "target_name": "dev", "node_id": "model.dbt_driven_data.trusted_non_pii_data"} */
drop table if exists "airflow"."driven_trusted"."non_pii_data__dbt_backup" cascade
[0m22:47:30.071062 [debug] [Thread-1 (]: SQL status: DROP TABLE in 0.817 seconds
[0m22:47:30.093008 [debug] [Thread-1 (]: On model.dbt_driven_data.trusted_non_pii_data: Close
[0m22:47:30.121888 [debug] [Thread-1 (]: Sending event: {'category': 'dbt', 'action': 'run_model', 'label': '2ac87ba2-3e63-4c37-8c19-1ef8757a6bcb', 'context': [<snowplow_tracker.self_describing_json.SelfDescribingJson object at 0x76ffdabc6210>]}
[0m22:47:30.129276 [info ] [Thread-1 (]: 1 of 4 OK created sql table model driven_trusted.non_pii_data .................. [[32mSELECT 173980[0m in 7.52s]
[0m22:47:30.151264 [debug] [Thread-1 (]: Finished running node model.dbt_driven_data.trusted_non_pii_data
[0m22:47:30.168858 [debug] [Thread-1 (]: Began running node model.dbt_driven_data.trusted_payment_data
[0m22:47:30.190424 [info ] [Thread-1 (]: 2 of 4 START sql table model driven_trusted.payment_data ....................... [RUN]
[0m22:47:30.347096 [debug] [Thread-1 (]: Re-using an available connection from the pool (formerly model.dbt_driven_data.trusted_non_pii_data, now model.dbt_driven_data.trusted_payment_data)
[0m22:47:30.350441 [debug] [Thread-1 (]: Began compiling node model.dbt_driven_data.trusted_payment_data
[0m22:47:30.435602 [debug] [Thread-1 (]: Writing injected SQL for node "model.dbt_driven_data.trusted_payment_data"
[0m22:47:30.629914 [debug] [Thread-1 (]: Began executing node model.dbt_driven_data.trusted_payment_data
[0m22:47:30.730783 [debug] [Thread-1 (]: Writing runtime sql for node "model.dbt_driven_data.trusted_payment_data"
[0m22:47:30.935066 [debug] [Thread-1 (]: Using postgres connection "model.dbt_driven_data.trusted_payment_data"
[0m22:47:30.997716 [debug] [Thread-1 (]: On model.dbt_driven_data.trusted_payment_data: BEGIN
[0m22:47:31.007579 [debug] [Thread-1 (]: Opening a new connection, currently in state closed
[0m22:47:31.260874 [debug] [Thread-1 (]: SQL status: BEGIN in 0.253 seconds
[0m22:47:31.267631 [debug] [Thread-1 (]: Using postgres connection "model.dbt_driven_data.trusted_payment_data"
[0m22:47:31.274126 [debug] [Thread-1 (]: On model.dbt_driven_data.trusted_payment_data: /* {"app": "dbt", "dbt_version": "1.8.0", "profile_name": "default", "target_name": "dev", "node_id": "model.dbt_driven_data.trusted_payment_data"} */

  
    

  create  table "airflow"."driven_trusted"."payment_data__dbt_tmp"
  
  
    as
  
  (
    

WITH source_data AS (
    SELECT
        fnu.unique_id,
        df.iban,
        fnu.download_speed,
        fnu.upload_speed,
        fnu.session_duration,
        fnu.consumed_traffic,
        ((fnu.download_speed + fnu.upload_speed + 1)/2) + (fnu.consumed_traffic / (fnu.session_duration + 1)) AS payment_amount
    FROM
        "airflow"."driven_staging"."fact_network_usage" fnu
    JOIN
        "airflow"."driven_staging"."dim_finance" df
    ON
	    fnu.unique_id = df.unique_id
)

SELECT
    *
FROM
    source_data
  );
  
[0m22:47:31.657955 [debug] [Thread-1 (]: SQL status: SELECT 5644 in 0.372 seconds
[0m22:47:31.707473 [debug] [Thread-1 (]: Using postgres connection "model.dbt_driven_data.trusted_payment_data"
[0m22:47:31.721701 [debug] [Thread-1 (]: On model.dbt_driven_data.trusted_payment_data: /* {"app": "dbt", "dbt_version": "1.8.0", "profile_name": "default", "target_name": "dev", "node_id": "model.dbt_driven_data.trusted_payment_data"} */
alter table "airflow"."driven_trusted"."payment_data" rename to "payment_data__dbt_backup"
[0m22:47:31.727024 [debug] [Thread-1 (]: SQL status: ALTER TABLE in 0.001 seconds
[0m22:47:31.754304 [debug] [Thread-1 (]: Using postgres connection "model.dbt_driven_data.trusted_payment_data"
[0m22:47:31.761639 [debug] [Thread-1 (]: On model.dbt_driven_data.trusted_payment_data: /* {"app": "dbt", "dbt_version": "1.8.0", "profile_name": "default", "target_name": "dev", "node_id": "model.dbt_driven_data.trusted_payment_data"} */
alter table "airflow"."driven_trusted"."payment_data__dbt_tmp" rename to "payment_data"
[0m22:47:31.764597 [debug] [Thread-1 (]: SQL status: ALTER TABLE in 0.001 seconds
[0m22:47:31.772302 [debug] [Thread-1 (]: On model.dbt_driven_data.trusted_payment_data: COMMIT
[0m22:47:31.781687 [debug] [Thread-1 (]: Using postgres connection "model.dbt_driven_data.trusted_payment_data"
[0m22:47:31.783175 [debug] [Thread-1 (]: On model.dbt_driven_data.trusted_payment_data: COMMIT
[0m22:47:32.777714 [debug] [Thread-1 (]: SQL status: COMMIT in 0.992 seconds
[0m22:47:32.800923 [debug] [Thread-1 (]: Applying DROP to: "airflow"."driven_trusted"."payment_data__dbt_backup"
[0m22:47:32.821897 [debug] [Thread-1 (]: Using postgres connection "model.dbt_driven_data.trusted_payment_data"
[0m22:47:32.833827 [debug] [Thread-1 (]: On model.dbt_driven_data.trusted_payment_data: /* {"app": "dbt", "dbt_version": "1.8.0", "profile_name": "default", "target_name": "dev", "node_id": "model.dbt_driven_data.trusted_payment_data"} */
drop table if exists "airflow"."driven_trusted"."payment_data__dbt_backup" cascade
[0m22:47:32.849547 [debug] [Thread-1 (]: SQL status: DROP TABLE in 0.014 seconds
[0m22:47:32.864931 [debug] [Thread-1 (]: On model.dbt_driven_data.trusted_payment_data: Close
[0m22:47:32.870431 [debug] [Thread-1 (]: Sending event: {'category': 'dbt', 'action': 'run_model', 'label': '2ac87ba2-3e63-4c37-8c19-1ef8757a6bcb', 'context': [<snowplow_tracker.self_describing_json.SelfDescribingJson object at 0x76ffd66c5640>]}
[0m22:47:32.880787 [info ] [Thread-1 (]: 2 of 4 OK created sql table model driven_trusted.payment_data .................. [[32mSELECT 5644[0m in 2.52s]
[0m22:47:32.895724 [debug] [Thread-1 (]: Finished running node model.dbt_driven_data.trusted_payment_data
[0m22:47:32.902687 [debug] [Thread-1 (]: Began running node model.dbt_driven_data.trusted_pii_data
[0m22:47:32.908707 [info ] [Thread-1 (]: 3 of 4 START sql table model driven_trusted.pii_data ........................... [RUN]
[0m22:47:32.921382 [debug] [Thread-1 (]: Re-using an available connection from the pool (formerly model.dbt_driven_data.trusted_payment_data, now model.dbt_driven_data.trusted_pii_data)
[0m22:47:32.927514 [debug] [Thread-1 (]: Began compiling node model.dbt_driven_data.trusted_pii_data
[0m22:47:32.988411 [debug] [Thread-1 (]: Writing injected SQL for node "model.dbt_driven_data.trusted_pii_data"
[0m22:47:33.008527 [debug] [Thread-1 (]: Began executing node model.dbt_driven_data.trusted_pii_data
[0m22:47:33.051726 [debug] [Thread-1 (]: Writing runtime sql for node "model.dbt_driven_data.trusted_pii_data"
[0m22:47:33.071347 [debug] [Thread-1 (]: Using postgres connection "model.dbt_driven_data.trusted_pii_data"
[0m22:47:33.078231 [debug] [Thread-1 (]: On model.dbt_driven_data.trusted_pii_data: BEGIN
[0m22:47:33.080330 [debug] [Thread-1 (]: Opening a new connection, currently in state closed
[0m22:47:33.126984 [debug] [Thread-1 (]: SQL status: BEGIN in 0.047 seconds
[0m22:47:33.133846 [debug] [Thread-1 (]: Using postgres connection "model.dbt_driven_data.trusted_pii_data"
[0m22:47:33.135562 [debug] [Thread-1 (]: On model.dbt_driven_data.trusted_pii_data: /* {"app": "dbt", "dbt_version": "1.8.0", "profile_name": "default", "target_name": "dev", "node_id": "model.dbt_driven_data.trusted_pii_data"} */

  
    

  create  table "airflow"."driven_trusted"."pii_data__dbt_tmp"
  
  
    as
  
  (
    

WITH source_data AS (
    SELECT
        dp.person_name,
        dp.user_name,
        dp.email,
        dp.personal_number, 
        dp.birth_date, 
        da.address,
        dp.phone, 
        da.mac_address,
        da.ip_address,
        df.iban,
        dd.accessed_at,
        fnu.session_duration,
        fnu.download_speed,
        fnu.upload_speed,
        fnu.consumed_traffic,
        fnu.unique_id
    FROM
        "airflow"."driven_staging"."fact_network_usage" fnu
    INNER JOIN
        "airflow"."driven_staging"."dim_address" da ON fnu.unique_id = da.unique_id
    INNER JOIN
        "airflow"."driven_staging"."dim_date" dd ON da.unique_id = dd.unique_id
    INNER JOIN
        "airflow"."driven_staging"."dim_finance" df ON dd.unique_id = df.unique_id
    INNER JOIN
        "airflow"."driven_staging"."dim_person" dp ON df.unique_id = dp.unique_id
)

SELECT
    *
FROM
    source_data
  );
  
[0m22:47:37.382079 [debug] [Thread-1 (]: SQL status: SELECT 173980 in 4.245 seconds
[0m22:47:37.392960 [debug] [Thread-1 (]: Using postgres connection "model.dbt_driven_data.trusted_pii_data"
[0m22:47:37.397686 [debug] [Thread-1 (]: On model.dbt_driven_data.trusted_pii_data: /* {"app": "dbt", "dbt_version": "1.8.0", "profile_name": "default", "target_name": "dev", "node_id": "model.dbt_driven_data.trusted_pii_data"} */
alter table "airflow"."driven_trusted"."pii_data" rename to "pii_data__dbt_backup"
[0m22:47:37.404261 [debug] [Thread-1 (]: SQL status: ALTER TABLE in 0.001 seconds
[0m22:47:37.420693 [debug] [Thread-1 (]: Using postgres connection "model.dbt_driven_data.trusted_pii_data"
[0m22:47:37.422936 [debug] [Thread-1 (]: On model.dbt_driven_data.trusted_pii_data: /* {"app": "dbt", "dbt_version": "1.8.0", "profile_name": "default", "target_name": "dev", "node_id": "model.dbt_driven_data.trusted_pii_data"} */
alter table "airflow"."driven_trusted"."pii_data__dbt_tmp" rename to "pii_data"
[0m22:47:37.424978 [debug] [Thread-1 (]: SQL status: ALTER TABLE in 0.001 seconds
[0m22:47:37.442341 [debug] [Thread-1 (]: On model.dbt_driven_data.trusted_pii_data: COMMIT
[0m22:47:37.444348 [debug] [Thread-1 (]: Using postgres connection "model.dbt_driven_data.trusted_pii_data"
[0m22:47:37.446528 [debug] [Thread-1 (]: On model.dbt_driven_data.trusted_pii_data: COMMIT
[0m22:47:37.452086 [debug] [Thread-1 (]: SQL status: COMMIT in 0.002 seconds
[0m22:47:37.459195 [debug] [Thread-1 (]: Applying DROP to: "airflow"."driven_trusted"."pii_data__dbt_backup"
[0m22:47:37.462437 [debug] [Thread-1 (]: Using postgres connection "model.dbt_driven_data.trusted_pii_data"
[0m22:47:37.467628 [debug] [Thread-1 (]: On model.dbt_driven_data.trusted_pii_data: /* {"app": "dbt", "dbt_version": "1.8.0", "profile_name": "default", "target_name": "dev", "node_id": "model.dbt_driven_data.trusted_pii_data"} */
drop table if exists "airflow"."driven_trusted"."pii_data__dbt_backup" cascade
[0m22:47:37.610239 [debug] [Thread-1 (]: SQL status: DROP TABLE in 0.136 seconds
[0m22:47:37.614231 [debug] [Thread-1 (]: On model.dbt_driven_data.trusted_pii_data: Close
[0m22:47:37.622373 [debug] [Thread-1 (]: Sending event: {'category': 'dbt', 'action': 'run_model', 'label': '2ac87ba2-3e63-4c37-8c19-1ef8757a6bcb', 'context': [<snowplow_tracker.self_describing_json.SelfDescribingJson object at 0x76ffd4c03ec0>]}
[0m22:47:37.624655 [info ] [Thread-1 (]: 3 of 4 OK created sql table model driven_trusted.pii_data ...................... [[32mSELECT 173980[0m in 4.70s]
[0m22:47:37.627078 [debug] [Thread-1 (]: Finished running node model.dbt_driven_data.trusted_pii_data
[0m22:47:37.633819 [debug] [Thread-1 (]: Began running node model.dbt_driven_data.trusted_technical_data
[0m22:47:37.636078 [info ] [Thread-1 (]: 4 of 4 START sql table model driven_trusted.technical_data ..................... [RUN]
[0m22:47:37.637862 [debug] [Thread-1 (]: Re-using an available connection from the pool (formerly model.dbt_driven_data.trusted_pii_data, now model.dbt_driven_data.trusted_technical_data)
[0m22:47:37.639401 [debug] [Thread-1 (]: Began compiling node model.dbt_driven_data.trusted_technical_data
[0m22:47:37.653516 [debug] [Thread-1 (]: Writing injected SQL for node "model.dbt_driven_data.trusted_technical_data"
[0m22:47:37.685754 [debug] [Thread-1 (]: Began executing node model.dbt_driven_data.trusted_technical_data
[0m22:47:37.694931 [debug] [Thread-1 (]: Writing runtime sql for node "model.dbt_driven_data.trusted_technical_data"
[0m22:47:37.722498 [debug] [Thread-1 (]: Using postgres connection "model.dbt_driven_data.trusted_technical_data"
[0m22:47:37.724099 [debug] [Thread-1 (]: On model.dbt_driven_data.trusted_technical_data: BEGIN
[0m22:47:37.725858 [debug] [Thread-1 (]: Opening a new connection, currently in state closed
[0m22:47:37.755349 [debug] [Thread-1 (]: SQL status: BEGIN in 0.030 seconds
[0m22:47:37.756938 [debug] [Thread-1 (]: Using postgres connection "model.dbt_driven_data.trusted_technical_data"
[0m22:47:37.758696 [debug] [Thread-1 (]: On model.dbt_driven_data.trusted_technical_data: /* {"app": "dbt", "dbt_version": "1.8.0", "profile_name": "default", "target_name": "dev", "node_id": "model.dbt_driven_data.trusted_technical_data"} */

  
    

  create  table "airflow"."driven_trusted"."technical_data__dbt_tmp"
  
  
    as
  
  (
    

WITH source_data AS (
    SELECT
        fnu.unique_id,
        da.address,
        da.mac_address,
        da.ip_address,
        fnu.download_speed,
        fnu.upload_speed,
        ROUND((fnu.session_duration/60), 1) as min_session_duration,
        CASE 
            WHEN fnu.download_speed < 50 OR fnu.upload_speed < 30 OR fnu.session_duration/60 < 1 THEN true
            ELSE false
        END AS technical_issue
    FROM
        "airflow"."driven_staging"."fact_network_usage" fnu
    JOIN
        "airflow"."driven_staging"."dim_address" da
    ON
	    fnu.unique_id = da.unique_id
)

SELECT
    *
FROM
    source_data
  );
  
[0m22:47:37.950614 [debug] [Thread-1 (]: SQL status: SELECT 5644 in 0.190 seconds
[0m22:47:37.959309 [debug] [Thread-1 (]: Using postgres connection "model.dbt_driven_data.trusted_technical_data"
[0m22:47:37.960907 [debug] [Thread-1 (]: On model.dbt_driven_data.trusted_technical_data: /* {"app": "dbt", "dbt_version": "1.8.0", "profile_name": "default", "target_name": "dev", "node_id": "model.dbt_driven_data.trusted_technical_data"} */
alter table "airflow"."driven_trusted"."technical_data" rename to "technical_data__dbt_backup"
[0m22:47:37.966421 [debug] [Thread-1 (]: SQL status: ALTER TABLE in 0.001 seconds
[0m22:47:37.973635 [debug] [Thread-1 (]: Using postgres connection "model.dbt_driven_data.trusted_technical_data"
[0m22:47:37.975227 [debug] [Thread-1 (]: On model.dbt_driven_data.trusted_technical_data: /* {"app": "dbt", "dbt_version": "1.8.0", "profile_name": "default", "target_name": "dev", "node_id": "model.dbt_driven_data.trusted_technical_data"} */
alter table "airflow"."driven_trusted"."technical_data__dbt_tmp" rename to "technical_data"
[0m22:47:37.977787 [debug] [Thread-1 (]: SQL status: ALTER TABLE in 0.001 seconds
[0m22:47:37.982816 [debug] [Thread-1 (]: On model.dbt_driven_data.trusted_technical_data: COMMIT
[0m22:47:37.984535 [debug] [Thread-1 (]: Using postgres connection "model.dbt_driven_data.trusted_technical_data"
[0m22:47:37.986234 [debug] [Thread-1 (]: On model.dbt_driven_data.trusted_technical_data: COMMIT
[0m22:47:37.990188 [debug] [Thread-1 (]: SQL status: COMMIT in 0.002 seconds
[0m22:47:37.997435 [debug] [Thread-1 (]: Applying DROP to: "airflow"."driven_trusted"."technical_data__dbt_backup"
[0m22:47:38.000275 [debug] [Thread-1 (]: Using postgres connection "model.dbt_driven_data.trusted_technical_data"
[0m22:47:38.002290 [debug] [Thread-1 (]: On model.dbt_driven_data.trusted_technical_data: /* {"app": "dbt", "dbt_version": "1.8.0", "profile_name": "default", "target_name": "dev", "node_id": "model.dbt_driven_data.trusted_technical_data"} */
drop table if exists "airflow"."driven_trusted"."technical_data__dbt_backup" cascade
[0m22:47:38.011286 [debug] [Thread-1 (]: SQL status: DROP TABLE in 0.007 seconds
[0m22:47:38.019032 [debug] [Thread-1 (]: On model.dbt_driven_data.trusted_technical_data: Close
[0m22:47:38.021046 [debug] [Thread-1 (]: Sending event: {'category': 'dbt', 'action': 'run_model', 'label': '2ac87ba2-3e63-4c37-8c19-1ef8757a6bcb', 'context': [<snowplow_tracker.self_describing_json.SelfDescribingJson object at 0x76ffd65fb260>]}
[0m22:47:38.023017 [info ] [Thread-1 (]: 4 of 4 OK created sql table model driven_trusted.technical_data ................ [[32mSELECT 5644[0m in 0.38s]
[0m22:47:38.030879 [debug] [Thread-1 (]: Finished running node model.dbt_driven_data.trusted_technical_data
[0m22:47:38.040598 [debug] [MainThread]: Using postgres connection "master"
[0m22:47:38.043355 [debug] [MainThread]: On master: BEGIN
[0m22:47:38.047407 [debug] [MainThread]: Opening a new connection, currently in state closed
[0m22:47:38.072155 [debug] [MainThread]: SQL status: BEGIN in 0.025 seconds
[0m22:47:38.073967 [debug] [MainThread]: On master: COMMIT
[0m22:47:38.075503 [debug] [MainThread]: Using postgres connection "master"
[0m22:47:38.077461 [debug] [MainThread]: On master: COMMIT
[0m22:47:38.079414 [debug] [MainThread]: SQL status: COMMIT in 0.000 seconds
[0m22:47:38.081110 [debug] [MainThread]: On master: Close
[0m22:47:38.089991 [debug] [MainThread]: Connection 'master' was properly closed.
[0m22:47:38.091804 [debug] [MainThread]: Connection 'list_airflow' was properly closed.
[0m22:47:38.094232 [debug] [MainThread]: Connection 'model.dbt_driven_data.trusted_technical_data' was properly closed.
[0m22:47:38.096980 [info ] [MainThread]: 
[0m22:47:38.099570 [info ] [MainThread]: Finished running 4 table models in 0 hours 0 minutes and 17.86 seconds (17.86s).
[0m22:47:38.104068 [debug] [MainThread]: Command end result
[0m22:47:38.305100 [info ] [MainThread]: 
[0m22:47:38.307514 [info ] [MainThread]: [32mCompleted successfully[0m
[0m22:47:38.313798 [info ] [MainThread]: 
[0m22:47:38.316392 [info ] [MainThread]: Done. PASS=4 WARN=0 ERROR=0 SKIP=0 TOTAL=4
[0m22:47:38.319805 [debug] [MainThread]: Resource report: {"command_name": "run", "command_success": true, "command_wall_clock_time": 25.624794, "process_user_time": 7.671828, "process_kernel_time": 3.335761, "process_mem_max_rss": "119776", "process_in_blocks": "7920", "process_out_blocks": "0"}
[0m22:47:38.328703 [debug] [MainThread]: Command `dbt run` succeeded at 22:47:38.323185 after 25.63 seconds
[0m22:47:38.336194 [debug] [MainThread]: Sending event: {'category': 'dbt', 'action': 'invocation', 'label': 'end', 'context': [<snowplow_tracker.self_describing_json.SelfDescribingJson object at 0x76ffd92ab710>, <snowplow_tracker.self_describing_json.SelfDescribingJson object at 0x76ffd7f93a10>, <snowplow_tracker.self_describing_json.SelfDescribingJson object at 0x76ffd7733620>]}
[0m22:47:38.338728 [debug] [MainThread]: Flushing usage events
