[2025-07-02T19:15:11.793+0000] {processor.py:186} INFO - Started process (PID=2889) to work on /opt/airflow/dags/driven_data_pipeline.py
[2025-07-02T19:15:11.812+0000] {processor.py:914} INFO - Processing file /opt/airflow/dags/driven_data_pipeline.py for tasks to queue
[2025-07-02T19:15:12.849+0000] {logging_mixin.py:190} INFO - [2025-07-02T19:15:12.842+0000] {dagbag.py:588} INFO - Filling up the DagBag from /opt/airflow/dags/driven_data_pipeline.py
[2025-07-02T19:15:42.995+0000] {processor.py:925} INFO - DAG(s) 'extract_raw_data_pipeline' retrieved from /opt/airflow/dags/driven_data_pipeline.py
[2025-07-02T19:15:49.187+0000] {logging_mixin.py:190} INFO - [2025-07-02T19:15:49.163+0000] {dag.py:3239} INFO - Sync 1 DAGs
[2025-07-02T19:15:49.970+0000] {logging_mixin.py:190} INFO - [2025-07-02T19:15:49.969+0000] {dag.py:4180} INFO - Setting next_dagrun for extract_raw_data_pipeline to 2025-07-02 07:58:00+00:00, run_after=2025-07-02 07:59:00+00:00
[2025-07-02T19:15:50.380+0000] {processor.py:208} INFO - Processing /opt/airflow/dags/driven_data_pipeline.py took 39.556 seconds
[2025-07-02T19:16:23.438+0000] {processor.py:186} INFO - Started process (PID=2902) to work on /opt/airflow/dags/driven_data_pipeline.py
[2025-07-02T19:16:23.453+0000] {processor.py:914} INFO - Processing file /opt/airflow/dags/driven_data_pipeline.py for tasks to queue
[2025-07-02T19:16:23.502+0000] {logging_mixin.py:190} INFO - [2025-07-02T19:16:23.485+0000] {dagbag.py:588} INFO - Filling up the DagBag from /opt/airflow/dags/driven_data_pipeline.py
[2025-07-02T19:16:30.879+0000] {processor.py:925} INFO - DAG(s) 'extract_raw_data_pipeline' retrieved from /opt/airflow/dags/driven_data_pipeline.py
[2025-07-02T19:16:31.844+0000] {logging_mixin.py:190} INFO - [2025-07-02T19:16:31.820+0000] {dag.py:3239} INFO - Sync 1 DAGs
[2025-07-02T19:16:32.395+0000] {logging_mixin.py:190} INFO - [2025-07-02T19:16:32.394+0000] {dag.py:4180} INFO - Setting next_dagrun for extract_raw_data_pipeline to 2025-07-02 07:59:00+00:00, run_after=2025-07-03 07:00:00+00:00
[2025-07-02T19:16:32.586+0000] {processor.py:208} INFO - Processing /opt/airflow/dags/driven_data_pipeline.py took 9.393 seconds
[2025-07-02T19:17:04.256+0000] {processor.py:186} INFO - Started process (PID=2909) to work on /opt/airflow/dags/driven_data_pipeline.py
[2025-07-02T19:17:04.285+0000] {processor.py:914} INFO - Processing file /opt/airflow/dags/driven_data_pipeline.py for tasks to queue
[2025-07-02T19:17:04.313+0000] {logging_mixin.py:190} INFO - [2025-07-02T19:17:04.309+0000] {dagbag.py:588} INFO - Filling up the DagBag from /opt/airflow/dags/driven_data_pipeline.py
[2025-07-02T19:17:06.226+0000] {processor.py:925} INFO - DAG(s) 'extract_raw_data_pipeline' retrieved from /opt/airflow/dags/driven_data_pipeline.py
[2025-07-02T19:17:06.589+0000] {logging_mixin.py:190} INFO - [2025-07-02T19:17:06.588+0000] {dag.py:3239} INFO - Sync 1 DAGs
[2025-07-02T19:17:06.811+0000] {logging_mixin.py:190} INFO - [2025-07-02T19:17:06.811+0000] {dag.py:4180} INFO - Setting next_dagrun for extract_raw_data_pipeline to 2025-07-02 07:59:00+00:00, run_after=2025-07-03 07:00:00+00:00
[2025-07-02T19:17:06.869+0000] {processor.py:208} INFO - Processing /opt/airflow/dags/driven_data_pipeline.py took 2.833 seconds
[2025-07-02T19:17:37.517+0000] {processor.py:186} INFO - Started process (PID=2923) to work on /opt/airflow/dags/driven_data_pipeline.py
[2025-07-02T19:17:37.549+0000] {processor.py:914} INFO - Processing file /opt/airflow/dags/driven_data_pipeline.py for tasks to queue
[2025-07-02T19:17:37.568+0000] {logging_mixin.py:190} INFO - [2025-07-02T19:17:37.562+0000] {dagbag.py:588} INFO - Filling up the DagBag from /opt/airflow/dags/driven_data_pipeline.py
[2025-07-02T19:17:39.974+0000] {processor.py:925} INFO - DAG(s) 'extract_raw_data_pipeline' retrieved from /opt/airflow/dags/driven_data_pipeline.py
[2025-07-02T19:17:40.151+0000] {logging_mixin.py:190} INFO - [2025-07-02T19:17:40.151+0000] {dag.py:3239} INFO - Sync 1 DAGs
[2025-07-02T19:17:40.305+0000] {logging_mixin.py:190} INFO - [2025-07-02T19:17:40.305+0000] {dag.py:4180} INFO - Setting next_dagrun for extract_raw_data_pipeline to 2025-07-02 07:59:00+00:00, run_after=2025-07-03 07:00:00+00:00
[2025-07-02T19:17:40.391+0000] {processor.py:208} INFO - Processing /opt/airflow/dags/driven_data_pipeline.py took 2.999 seconds
[2025-07-02T19:18:10.954+0000] {processor.py:186} INFO - Started process (PID=2932) to work on /opt/airflow/dags/driven_data_pipeline.py
[2025-07-02T19:18:10.958+0000] {processor.py:914} INFO - Processing file /opt/airflow/dags/driven_data_pipeline.py for tasks to queue
[2025-07-02T19:18:10.964+0000] {logging_mixin.py:190} INFO - [2025-07-02T19:18:10.963+0000] {dagbag.py:588} INFO - Filling up the DagBag from /opt/airflow/dags/driven_data_pipeline.py
[2025-07-02T19:18:11.314+0000] {processor.py:925} INFO - DAG(s) 'extract_raw_data_pipeline' retrieved from /opt/airflow/dags/driven_data_pipeline.py
[2025-07-02T19:18:11.378+0000] {logging_mixin.py:190} INFO - [2025-07-02T19:18:11.378+0000] {dag.py:3239} INFO - Sync 1 DAGs
[2025-07-02T19:18:11.435+0000] {logging_mixin.py:190} INFO - [2025-07-02T19:18:11.435+0000] {dag.py:4180} INFO - Setting next_dagrun for extract_raw_data_pipeline to 2025-07-02 07:59:00+00:00, run_after=2025-07-03 07:00:00+00:00
[2025-07-02T19:18:11.493+0000] {processor.py:208} INFO - Processing /opt/airflow/dags/driven_data_pipeline.py took 0.556 seconds
[2025-07-02T19:18:41.982+0000] {processor.py:186} INFO - Started process (PID=2940) to work on /opt/airflow/dags/driven_data_pipeline.py
[2025-07-02T19:18:41.984+0000] {processor.py:914} INFO - Processing file /opt/airflow/dags/driven_data_pipeline.py for tasks to queue
[2025-07-02T19:18:41.987+0000] {logging_mixin.py:190} INFO - [2025-07-02T19:18:41.987+0000] {dagbag.py:588} INFO - Filling up the DagBag from /opt/airflow/dags/driven_data_pipeline.py
[2025-07-02T19:18:42.295+0000] {processor.py:925} INFO - DAG(s) 'extract_raw_data_pipeline' retrieved from /opt/airflow/dags/driven_data_pipeline.py
[2025-07-02T19:18:42.343+0000] {logging_mixin.py:190} INFO - [2025-07-02T19:18:42.343+0000] {dag.py:3239} INFO - Sync 1 DAGs
[2025-07-02T19:18:42.386+0000] {logging_mixin.py:190} INFO - [2025-07-02T19:18:42.385+0000] {dag.py:4180} INFO - Setting next_dagrun for extract_raw_data_pipeline to 2025-07-02 07:59:00+00:00, run_after=2025-07-03 07:00:00+00:00
[2025-07-02T19:18:42.424+0000] {processor.py:208} INFO - Processing /opt/airflow/dags/driven_data_pipeline.py took 0.454 seconds
[2025-07-02T19:19:12.971+0000] {processor.py:186} INFO - Started process (PID=2948) to work on /opt/airflow/dags/driven_data_pipeline.py
[2025-07-02T19:19:12.973+0000] {processor.py:914} INFO - Processing file /opt/airflow/dags/driven_data_pipeline.py for tasks to queue
[2025-07-02T19:19:12.976+0000] {logging_mixin.py:190} INFO - [2025-07-02T19:19:12.976+0000] {dagbag.py:588} INFO - Filling up the DagBag from /opt/airflow/dags/driven_data_pipeline.py
[2025-07-02T19:19:13.299+0000] {processor.py:925} INFO - DAG(s) 'extract_raw_data_pipeline' retrieved from /opt/airflow/dags/driven_data_pipeline.py
[2025-07-02T19:19:13.352+0000] {logging_mixin.py:190} INFO - [2025-07-02T19:19:13.352+0000] {dag.py:3239} INFO - Sync 1 DAGs
[2025-07-02T19:19:13.399+0000] {logging_mixin.py:190} INFO - [2025-07-02T19:19:13.399+0000] {dag.py:4180} INFO - Setting next_dagrun for extract_raw_data_pipeline to 2025-07-02 07:59:00+00:00, run_after=2025-07-03 07:00:00+00:00
[2025-07-02T19:19:13.438+0000] {processor.py:208} INFO - Processing /opt/airflow/dags/driven_data_pipeline.py took 0.477 seconds
[2025-07-02T19:19:43.936+0000] {processor.py:186} INFO - Started process (PID=2956) to work on /opt/airflow/dags/driven_data_pipeline.py
[2025-07-02T19:19:43.938+0000] {processor.py:914} INFO - Processing file /opt/airflow/dags/driven_data_pipeline.py for tasks to queue
[2025-07-02T19:19:43.941+0000] {logging_mixin.py:190} INFO - [2025-07-02T19:19:43.940+0000] {dagbag.py:588} INFO - Filling up the DagBag from /opt/airflow/dags/driven_data_pipeline.py
[2025-07-02T19:19:44.238+0000] {processor.py:925} INFO - DAG(s) 'extract_raw_data_pipeline' retrieved from /opt/airflow/dags/driven_data_pipeline.py
[2025-07-02T19:19:44.287+0000] {logging_mixin.py:190} INFO - [2025-07-02T19:19:44.286+0000] {dag.py:3239} INFO - Sync 1 DAGs
[2025-07-02T19:19:44.327+0000] {logging_mixin.py:190} INFO - [2025-07-02T19:19:44.326+0000] {dag.py:4180} INFO - Setting next_dagrun for extract_raw_data_pipeline to 2025-07-02 07:59:00+00:00, run_after=2025-07-03 07:00:00+00:00
[2025-07-02T19:19:44.392+0000] {processor.py:208} INFO - Processing /opt/airflow/dags/driven_data_pipeline.py took 0.499 seconds
[2025-07-02T19:20:14.964+0000] {processor.py:186} INFO - Started process (PID=2964) to work on /opt/airflow/dags/driven_data_pipeline.py
[2025-07-02T19:20:14.966+0000] {processor.py:914} INFO - Processing file /opt/airflow/dags/driven_data_pipeline.py for tasks to queue
[2025-07-02T19:20:14.969+0000] {logging_mixin.py:190} INFO - [2025-07-02T19:20:14.968+0000] {dagbag.py:588} INFO - Filling up the DagBag from /opt/airflow/dags/driven_data_pipeline.py
[2025-07-02T19:20:15.328+0000] {processor.py:925} INFO - DAG(s) 'extract_raw_data_pipeline' retrieved from /opt/airflow/dags/driven_data_pipeline.py
[2025-07-02T19:20:15.374+0000] {logging_mixin.py:190} INFO - [2025-07-02T19:20:15.373+0000] {dag.py:3239} INFO - Sync 1 DAGs
[2025-07-02T19:20:15.419+0000] {logging_mixin.py:190} INFO - [2025-07-02T19:20:15.418+0000] {dag.py:4180} INFO - Setting next_dagrun for extract_raw_data_pipeline to 2025-07-02 07:59:00+00:00, run_after=2025-07-03 07:00:00+00:00
[2025-07-02T19:20:15.450+0000] {processor.py:208} INFO - Processing /opt/airflow/dags/driven_data_pipeline.py took 0.495 seconds
[2025-07-02T19:20:45.951+0000] {processor.py:186} INFO - Started process (PID=2972) to work on /opt/airflow/dags/driven_data_pipeline.py
[2025-07-02T19:20:45.954+0000] {processor.py:914} INFO - Processing file /opt/airflow/dags/driven_data_pipeline.py for tasks to queue
[2025-07-02T19:20:45.957+0000] {logging_mixin.py:190} INFO - [2025-07-02T19:20:45.956+0000] {dagbag.py:588} INFO - Filling up the DagBag from /opt/airflow/dags/driven_data_pipeline.py
[2025-07-02T19:20:46.445+0000] {processor.py:925} INFO - DAG(s) 'extract_raw_data_pipeline' retrieved from /opt/airflow/dags/driven_data_pipeline.py
[2025-07-02T19:20:46.575+0000] {logging_mixin.py:190} INFO - [2025-07-02T19:20:46.575+0000] {dag.py:3239} INFO - Sync 1 DAGs
[2025-07-02T19:20:46.702+0000] {logging_mixin.py:190} INFO - [2025-07-02T19:20:46.702+0000] {dag.py:4180} INFO - Setting next_dagrun for extract_raw_data_pipeline to 2025-07-02 07:59:00+00:00, run_after=2025-07-03 07:00:00+00:00
[2025-07-02T19:20:46.760+0000] {processor.py:208} INFO - Processing /opt/airflow/dags/driven_data_pipeline.py took 0.824 seconds
[2025-07-02T19:21:16.920+0000] {processor.py:186} INFO - Started process (PID=2980) to work on /opt/airflow/dags/driven_data_pipeline.py
[2025-07-02T19:21:16.929+0000] {processor.py:914} INFO - Processing file /opt/airflow/dags/driven_data_pipeline.py for tasks to queue
[2025-07-02T19:21:16.933+0000] {logging_mixin.py:190} INFO - [2025-07-02T19:21:16.932+0000] {dagbag.py:588} INFO - Filling up the DagBag from /opt/airflow/dags/driven_data_pipeline.py
[2025-07-02T19:21:18.450+0000] {processor.py:925} INFO - DAG(s) 'extract_raw_data_pipeline' retrieved from /opt/airflow/dags/driven_data_pipeline.py
[2025-07-02T19:21:18.709+0000] {logging_mixin.py:190} INFO - [2025-07-02T19:21:18.707+0000] {dag.py:3239} INFO - Sync 1 DAGs
[2025-07-02T19:21:18.912+0000] {logging_mixin.py:190} INFO - [2025-07-02T19:21:18.911+0000] {dag.py:4180} INFO - Setting next_dagrun for extract_raw_data_pipeline to 2025-07-02 07:59:00+00:00, run_after=2025-07-03 07:00:00+00:00
[2025-07-02T19:21:18.986+0000] {processor.py:208} INFO - Processing /opt/airflow/dags/driven_data_pipeline.py took 2.101 seconds
[2025-07-02T19:21:51.881+0000] {processor.py:186} INFO - Started process (PID=2988) to work on /opt/airflow/dags/driven_data_pipeline.py
[2025-07-02T19:21:51.917+0000] {processor.py:914} INFO - Processing file /opt/airflow/dags/driven_data_pipeline.py for tasks to queue
[2025-07-02T19:21:51.983+0000] {logging_mixin.py:190} INFO - [2025-07-02T19:21:51.961+0000] {dagbag.py:588} INFO - Filling up the DagBag from /opt/airflow/dags/driven_data_pipeline.py
[2025-07-02T19:21:55.574+0000] {processor.py:925} INFO - DAG(s) 'extract_raw_data_pipeline' retrieved from /opt/airflow/dags/driven_data_pipeline.py
[2025-07-02T19:21:55.750+0000] {logging_mixin.py:190} INFO - [2025-07-02T19:21:55.749+0000] {dag.py:3239} INFO - Sync 1 DAGs
[2025-07-02T19:21:55.960+0000] {logging_mixin.py:190} INFO - [2025-07-02T19:21:55.960+0000] {dag.py:4180} INFO - Setting next_dagrun for extract_raw_data_pipeline to 2025-07-02 07:59:00+00:00, run_after=2025-07-03 07:00:00+00:00
[2025-07-02T19:21:56.109+0000] {processor.py:208} INFO - Processing /opt/airflow/dags/driven_data_pipeline.py took 5.107 seconds
[2025-07-02T19:22:27.353+0000] {processor.py:186} INFO - Started process (PID=2996) to work on /opt/airflow/dags/driven_data_pipeline.py
[2025-07-02T19:22:27.369+0000] {processor.py:914} INFO - Processing file /opt/airflow/dags/driven_data_pipeline.py for tasks to queue
[2025-07-02T19:22:27.395+0000] {logging_mixin.py:190} INFO - [2025-07-02T19:22:27.394+0000] {dagbag.py:588} INFO - Filling up the DagBag from /opt/airflow/dags/driven_data_pipeline.py
[2025-07-02T19:22:29.070+0000] {processor.py:925} INFO - DAG(s) 'extract_raw_data_pipeline' retrieved from /opt/airflow/dags/driven_data_pipeline.py
[2025-07-02T19:22:29.243+0000] {logging_mixin.py:190} INFO - [2025-07-02T19:22:29.243+0000] {dag.py:3239} INFO - Sync 1 DAGs
[2025-07-02T19:22:29.429+0000] {logging_mixin.py:190} INFO - [2025-07-02T19:22:29.429+0000] {dag.py:4180} INFO - Setting next_dagrun for extract_raw_data_pipeline to 2025-07-02 07:58:00+00:00, run_after=2025-07-02 07:59:00+00:00
[2025-07-02T19:22:29.475+0000] {processor.py:208} INFO - Processing /opt/airflow/dags/driven_data_pipeline.py took 2.357 seconds
[2025-07-02T19:22:59.713+0000] {processor.py:186} INFO - Started process (PID=3004) to work on /opt/airflow/dags/driven_data_pipeline.py
[2025-07-02T19:22:59.718+0000] {processor.py:914} INFO - Processing file /opt/airflow/dags/driven_data_pipeline.py for tasks to queue
[2025-07-02T19:22:59.725+0000] {logging_mixin.py:190} INFO - [2025-07-02T19:22:59.722+0000] {dagbag.py:588} INFO - Filling up the DagBag from /opt/airflow/dags/driven_data_pipeline.py
[2025-07-02T19:23:00.207+0000] {processor.py:925} INFO - DAG(s) 'extract_raw_data_pipeline' retrieved from /opt/airflow/dags/driven_data_pipeline.py
[2025-07-02T19:23:00.272+0000] {logging_mixin.py:190} INFO - [2025-07-02T19:23:00.271+0000] {dag.py:3239} INFO - Sync 1 DAGs
[2025-07-02T19:23:00.317+0000] {logging_mixin.py:190} INFO - [2025-07-02T19:23:00.317+0000] {dag.py:4180} INFO - Setting next_dagrun for extract_raw_data_pipeline to 2025-07-02 07:59:00+00:00, run_after=2025-07-03 07:00:00+00:00
[2025-07-02T19:23:00.370+0000] {processor.py:208} INFO - Processing /opt/airflow/dags/driven_data_pipeline.py took 0.700 seconds
[2025-07-02T19:23:30.934+0000] {processor.py:186} INFO - Started process (PID=3012) to work on /opt/airflow/dags/driven_data_pipeline.py
[2025-07-02T19:23:30.937+0000] {processor.py:914} INFO - Processing file /opt/airflow/dags/driven_data_pipeline.py for tasks to queue
[2025-07-02T19:23:30.942+0000] {logging_mixin.py:190} INFO - [2025-07-02T19:23:30.940+0000] {dagbag.py:588} INFO - Filling up the DagBag from /opt/airflow/dags/driven_data_pipeline.py
[2025-07-02T19:23:31.342+0000] {processor.py:925} INFO - DAG(s) 'extract_raw_data_pipeline' retrieved from /opt/airflow/dags/driven_data_pipeline.py
[2025-07-02T19:23:31.402+0000] {logging_mixin.py:190} INFO - [2025-07-02T19:23:31.401+0000] {dag.py:3239} INFO - Sync 1 DAGs
[2025-07-02T19:23:31.467+0000] {logging_mixin.py:190} INFO - [2025-07-02T19:23:31.466+0000] {dag.py:4180} INFO - Setting next_dagrun for extract_raw_data_pipeline to 2025-07-02 07:59:00+00:00, run_after=2025-07-03 07:00:00+00:00
[2025-07-02T19:23:31.512+0000] {processor.py:208} INFO - Processing /opt/airflow/dags/driven_data_pipeline.py took 0.594 seconds
[2025-07-02T19:24:01.747+0000] {processor.py:186} INFO - Started process (PID=3020) to work on /opt/airflow/dags/driven_data_pipeline.py
[2025-07-02T19:24:01.749+0000] {processor.py:914} INFO - Processing file /opt/airflow/dags/driven_data_pipeline.py for tasks to queue
[2025-07-02T19:24:01.752+0000] {logging_mixin.py:190} INFO - [2025-07-02T19:24:01.751+0000] {dagbag.py:588} INFO - Filling up the DagBag from /opt/airflow/dags/driven_data_pipeline.py
[2025-07-02T19:24:02.057+0000] {processor.py:925} INFO - DAG(s) 'extract_raw_data_pipeline' retrieved from /opt/airflow/dags/driven_data_pipeline.py
[2025-07-02T19:24:02.544+0000] {logging_mixin.py:190} INFO - [2025-07-02T19:24:02.544+0000] {dag.py:3239} INFO - Sync 1 DAGs
[2025-07-02T19:24:02.570+0000] {logging_mixin.py:190} INFO - [2025-07-02T19:24:02.569+0000] {dag.py:3262} INFO - Creating ORM DAG for extract_raw_data_pipeline
[2025-07-02T19:24:02.614+0000] {logging_mixin.py:190} INFO - [2025-07-02T19:24:02.614+0000] {dag.py:4180} INFO - Setting next_dagrun for extract_raw_data_pipeline to 2025-07-02 07:58:00+00:00, run_after=2025-07-02 07:59:00+00:00
[2025-07-02T19:24:02.653+0000] {processor.py:208} INFO - Processing /opt/airflow/dags/driven_data_pipeline.py took 0.917 seconds
[2025-07-02T19:24:33.346+0000] {processor.py:186} INFO - Started process (PID=3029) to work on /opt/airflow/dags/driven_data_pipeline.py
[2025-07-02T19:24:33.350+0000] {processor.py:914} INFO - Processing file /opt/airflow/dags/driven_data_pipeline.py for tasks to queue
[2025-07-02T19:24:33.354+0000] {logging_mixin.py:190} INFO - [2025-07-02T19:24:33.353+0000] {dagbag.py:588} INFO - Filling up the DagBag from /opt/airflow/dags/driven_data_pipeline.py
[2025-07-02T19:24:34.169+0000] {processor.py:925} INFO - DAG(s) 'extract_raw_data_pipeline' retrieved from /opt/airflow/dags/driven_data_pipeline.py
[2025-07-02T19:24:34.339+0000] {logging_mixin.py:190} INFO - [2025-07-02T19:24:34.338+0000] {dag.py:3239} INFO - Sync 1 DAGs
[2025-07-02T19:24:34.606+0000] {logging_mixin.py:190} INFO - [2025-07-02T19:24:34.604+0000] {dag.py:4180} INFO - Setting next_dagrun for extract_raw_data_pipeline to 2025-07-02 07:58:00+00:00, run_after=2025-07-02 07:59:00+00:00
[2025-07-02T19:24:34.919+0000] {processor.py:208} INFO - Processing /opt/airflow/dags/driven_data_pipeline.py took 1.591 seconds
[2025-07-02T19:25:05.376+0000] {processor.py:186} INFO - Started process (PID=3037) to work on /opt/airflow/dags/driven_data_pipeline.py
[2025-07-02T19:25:05.384+0000] {processor.py:914} INFO - Processing file /opt/airflow/dags/driven_data_pipeline.py for tasks to queue
[2025-07-02T19:25:05.388+0000] {logging_mixin.py:190} INFO - [2025-07-02T19:25:05.387+0000] {dagbag.py:588} INFO - Filling up the DagBag from /opt/airflow/dags/driven_data_pipeline.py
[2025-07-02T19:25:05.862+0000] {processor.py:925} INFO - DAG(s) 'extract_raw_data_pipeline' retrieved from /opt/airflow/dags/driven_data_pipeline.py
[2025-07-02T19:25:05.917+0000] {logging_mixin.py:190} INFO - [2025-07-02T19:25:05.916+0000] {dag.py:3239} INFO - Sync 1 DAGs
[2025-07-02T19:25:05.968+0000] {logging_mixin.py:190} INFO - [2025-07-02T19:25:05.968+0000] {dag.py:4180} INFO - Setting next_dagrun for extract_raw_data_pipeline to 2025-07-02 07:59:00+00:00, run_after=2025-07-03 07:00:00+00:00
[2025-07-02T19:25:06.012+0000] {processor.py:208} INFO - Processing /opt/airflow/dags/driven_data_pipeline.py took 0.667 seconds
[2025-07-02T19:25:34.644+0000] {processor.py:186} INFO - Started process (PID=3045) to work on /opt/airflow/dags/driven_data_pipeline.py
[2025-07-02T19:25:34.648+0000] {processor.py:914} INFO - Processing file /opt/airflow/dags/driven_data_pipeline.py for tasks to queue
[2025-07-02T19:25:34.654+0000] {logging_mixin.py:190} INFO - [2025-07-02T19:25:34.653+0000] {dagbag.py:588} INFO - Filling up the DagBag from /opt/airflow/dags/driven_data_pipeline.py
[2025-07-02T19:25:35.266+0000] {processor.py:925} INFO - DAG(s) 'extract_raw_data_pipeline' retrieved from /opt/airflow/dags/driven_data_pipeline.py
[2025-07-02T19:25:35.334+0000] {logging_mixin.py:190} INFO - [2025-07-02T19:25:35.333+0000] {dag.py:3239} INFO - Sync 1 DAGs
[2025-07-02T19:25:35.420+0000] {logging_mixin.py:190} INFO - [2025-07-02T19:25:35.419+0000] {dag.py:4180} INFO - Setting next_dagrun for extract_raw_data_pipeline to 2025-07-02 07:59:00+00:00, run_after=2025-07-03 07:00:00+00:00
[2025-07-02T19:25:35.459+0000] {processor.py:208} INFO - Processing /opt/airflow/dags/driven_data_pipeline.py took 0.843 seconds
[2025-07-02T19:26:06.039+0000] {processor.py:186} INFO - Started process (PID=3053) to work on /opt/airflow/dags/driven_data_pipeline.py
[2025-07-02T19:26:06.041+0000] {processor.py:914} INFO - Processing file /opt/airflow/dags/driven_data_pipeline.py for tasks to queue
[2025-07-02T19:26:06.044+0000] {logging_mixin.py:190} INFO - [2025-07-02T19:26:06.043+0000] {dagbag.py:588} INFO - Filling up the DagBag from /opt/airflow/dags/driven_data_pipeline.py
[2025-07-02T19:26:06.432+0000] {processor.py:925} INFO - DAG(s) 'extract_raw_data_pipeline' retrieved from /opt/airflow/dags/driven_data_pipeline.py
[2025-07-02T19:26:06.793+0000] {logging_mixin.py:190} INFO - [2025-07-02T19:26:06.792+0000] {dag.py:3239} INFO - Sync 1 DAGs
[2025-07-02T19:26:06.835+0000] {logging_mixin.py:190} INFO - [2025-07-02T19:26:06.834+0000] {dag.py:3262} INFO - Creating ORM DAG for extract_raw_data_pipeline
[2025-07-02T19:26:06.895+0000] {logging_mixin.py:190} INFO - [2025-07-02T19:26:06.895+0000] {dag.py:4180} INFO - Setting next_dagrun for extract_raw_data_pipeline to 2025-07-02 07:58:00+00:00, run_after=2025-07-02 07:59:00+00:00
[2025-07-02T19:26:07.062+0000] {processor.py:208} INFO - Processing /opt/airflow/dags/driven_data_pipeline.py took 1.035 seconds
[2025-07-02T19:26:27.535+0000] {processor.py:186} INFO - Started process (PID=3061) to work on /opt/airflow/dags/driven_data_pipeline.py
[2025-07-02T19:26:27.554+0000] {processor.py:914} INFO - Processing file /opt/airflow/dags/driven_data_pipeline.py for tasks to queue
[2025-07-02T19:26:27.559+0000] {logging_mixin.py:190} INFO - [2025-07-02T19:26:27.558+0000] {dagbag.py:588} INFO - Filling up the DagBag from /opt/airflow/dags/driven_data_pipeline.py
[2025-07-02T19:26:29.641+0000] {processor.py:925} INFO - DAG(s) 'extract_raw_data_pipeline' retrieved from /opt/airflow/dags/driven_data_pipeline.py
[2025-07-02T19:26:29.917+0000] {logging_mixin.py:190} INFO - [2025-07-02T19:26:29.916+0000] {dag.py:3239} INFO - Sync 1 DAGs
[2025-07-02T19:26:30.894+0000] {logging_mixin.py:190} INFO - [2025-07-02T19:26:30.893+0000] {dag.py:4180} INFO - Setting next_dagrun for extract_raw_data_pipeline to 2025-07-02 07:58:00+00:00, run_after=2025-07-02 07:59:00+00:00
[2025-07-02T19:26:31.123+0000] {processor.py:208} INFO - Processing /opt/airflow/dags/driven_data_pipeline.py took 3.602 seconds
[2025-07-02T19:27:01.770+0000] {processor.py:186} INFO - Started process (PID=3069) to work on /opt/airflow/dags/driven_data_pipeline.py
[2025-07-02T19:27:01.773+0000] {processor.py:914} INFO - Processing file /opt/airflow/dags/driven_data_pipeline.py for tasks to queue
[2025-07-02T19:27:01.785+0000] {logging_mixin.py:190} INFO - [2025-07-02T19:27:01.784+0000] {dagbag.py:588} INFO - Filling up the DagBag from /opt/airflow/dags/driven_data_pipeline.py
[2025-07-02T19:27:02.252+0000] {processor.py:925} INFO - DAG(s) 'extract_raw_data_pipeline' retrieved from /opt/airflow/dags/driven_data_pipeline.py
[2025-07-02T19:27:02.305+0000] {logging_mixin.py:190} INFO - [2025-07-02T19:27:02.305+0000] {dag.py:3239} INFO - Sync 1 DAGs
[2025-07-02T19:27:02.341+0000] {logging_mixin.py:190} INFO - [2025-07-02T19:27:02.341+0000] {dag.py:4180} INFO - Setting next_dagrun for extract_raw_data_pipeline to 2025-07-02 07:58:00+00:00, run_after=2025-07-02 07:59:00+00:00
[2025-07-02T19:27:02.375+0000] {processor.py:208} INFO - Processing /opt/airflow/dags/driven_data_pipeline.py took 0.640 seconds
[2025-07-02T19:27:11.602+0000] {processor.py:186} INFO - Started process (PID=3077) to work on /opt/airflow/dags/driven_data_pipeline.py
[2025-07-02T19:27:11.604+0000] {processor.py:914} INFO - Processing file /opt/airflow/dags/driven_data_pipeline.py for tasks to queue
[2025-07-02T19:27:11.607+0000] {logging_mixin.py:190} INFO - [2025-07-02T19:27:11.606+0000] {dagbag.py:588} INFO - Filling up the DagBag from /opt/airflow/dags/driven_data_pipeline.py
[2025-07-02T19:27:11.936+0000] {processor.py:925} INFO - DAG(s) 'extract_raw_data_pipeline' retrieved from /opt/airflow/dags/driven_data_pipeline.py
[2025-07-02T19:27:11.982+0000] {logging_mixin.py:190} INFO - [2025-07-02T19:27:11.982+0000] {dag.py:3239} INFO - Sync 1 DAGs
[2025-07-02T19:27:12.027+0000] {logging_mixin.py:190} INFO - [2025-07-02T19:27:12.026+0000] {dag.py:4180} INFO - Setting next_dagrun for extract_raw_data_pipeline to 2025-07-02 07:58:00+00:00, run_after=2025-07-02 07:59:00+00:00
[2025-07-02T19:27:12.073+0000] {processor.py:208} INFO - Processing /opt/airflow/dags/driven_data_pipeline.py took 0.485 seconds
[2025-07-02T19:27:12.637+0000] {processor.py:186} INFO - Started process (PID=3079) to work on /opt/airflow/dags/driven_data_pipeline.py
[2025-07-02T19:27:12.639+0000] {processor.py:914} INFO - Processing file /opt/airflow/dags/driven_data_pipeline.py for tasks to queue
[2025-07-02T19:27:12.642+0000] {logging_mixin.py:190} INFO - [2025-07-02T19:27:12.641+0000] {dagbag.py:588} INFO - Filling up the DagBag from /opt/airflow/dags/driven_data_pipeline.py
[2025-07-02T19:27:12.958+0000] {processor.py:925} INFO - DAG(s) 'extract_raw_data_pipeline' retrieved from /opt/airflow/dags/driven_data_pipeline.py
[2025-07-02T19:27:13.005+0000] {logging_mixin.py:190} INFO - [2025-07-02T19:27:13.005+0000] {dag.py:3239} INFO - Sync 1 DAGs
[2025-07-02T19:27:13.044+0000] {logging_mixin.py:190} INFO - [2025-07-02T19:27:13.043+0000] {dag.py:4180} INFO - Setting next_dagrun for extract_raw_data_pipeline to 2025-07-02 07:58:00+00:00, run_after=2025-07-02 07:59:00+00:00
[2025-07-02T19:27:13.087+0000] {processor.py:208} INFO - Processing /opt/airflow/dags/driven_data_pipeline.py took 0.462 seconds
[2025-07-02T19:27:43.540+0000] {processor.py:186} INFO - Started process (PID=3087) to work on /opt/airflow/dags/driven_data_pipeline.py
[2025-07-02T19:27:43.542+0000] {processor.py:914} INFO - Processing file /opt/airflow/dags/driven_data_pipeline.py for tasks to queue
[2025-07-02T19:27:43.545+0000] {logging_mixin.py:190} INFO - [2025-07-02T19:27:43.545+0000] {dagbag.py:588} INFO - Filling up the DagBag from /opt/airflow/dags/driven_data_pipeline.py
[2025-07-02T19:27:43.879+0000] {processor.py:925} INFO - DAG(s) 'extract_raw_data_pipeline' retrieved from /opt/airflow/dags/driven_data_pipeline.py
[2025-07-02T19:27:43.927+0000] {logging_mixin.py:190} INFO - [2025-07-02T19:27:43.927+0000] {dag.py:3239} INFO - Sync 1 DAGs
[2025-07-02T19:27:43.969+0000] {logging_mixin.py:190} INFO - [2025-07-02T19:27:43.969+0000] {dag.py:4180} INFO - Setting next_dagrun for extract_raw_data_pipeline to 2025-07-02 07:58:00+00:00, run_after=2025-07-02 07:59:00+00:00
[2025-07-02T19:27:44.008+0000] {processor.py:208} INFO - Processing /opt/airflow/dags/driven_data_pipeline.py took 0.480 seconds
[2025-07-02T19:28:14.738+0000] {processor.py:186} INFO - Started process (PID=3095) to work on /opt/airflow/dags/driven_data_pipeline.py
[2025-07-02T19:28:14.741+0000] {processor.py:914} INFO - Processing file /opt/airflow/dags/driven_data_pipeline.py for tasks to queue
[2025-07-02T19:28:14.744+0000] {logging_mixin.py:190} INFO - [2025-07-02T19:28:14.743+0000] {dagbag.py:588} INFO - Filling up the DagBag from /opt/airflow/dags/driven_data_pipeline.py
[2025-07-02T19:28:15.350+0000] {processor.py:925} INFO - DAG(s) 'extract_raw_data_pipeline' retrieved from /opt/airflow/dags/driven_data_pipeline.py
[2025-07-02T19:28:15.439+0000] {logging_mixin.py:190} INFO - [2025-07-02T19:28:15.438+0000] {dag.py:3239} INFO - Sync 1 DAGs
[2025-07-02T19:28:15.501+0000] {logging_mixin.py:190} INFO - [2025-07-02T19:28:15.500+0000] {dag.py:4180} INFO - Setting next_dagrun for extract_raw_data_pipeline to 2025-07-02 07:58:00+00:00, run_after=2025-07-02 07:59:00+00:00
[2025-07-02T19:28:15.555+0000] {processor.py:208} INFO - Processing /opt/airflow/dags/driven_data_pipeline.py took 0.829 seconds
[2025-07-02T19:28:46.297+0000] {processor.py:186} INFO - Started process (PID=3103) to work on /opt/airflow/dags/driven_data_pipeline.py
[2025-07-02T19:28:46.301+0000] {processor.py:914} INFO - Processing file /opt/airflow/dags/driven_data_pipeline.py for tasks to queue
[2025-07-02T19:28:46.305+0000] {logging_mixin.py:190} INFO - [2025-07-02T19:28:46.304+0000] {dagbag.py:588} INFO - Filling up the DagBag from /opt/airflow/dags/driven_data_pipeline.py
[2025-07-02T19:28:47.503+0000] {processor.py:925} INFO - DAG(s) 'extract_raw_data_pipeline' retrieved from /opt/airflow/dags/driven_data_pipeline.py
[2025-07-02T19:28:47.654+0000] {logging_mixin.py:190} INFO - [2025-07-02T19:28:47.646+0000] {dag.py:3239} INFO - Sync 1 DAGs
[2025-07-02T19:28:47.755+0000] {logging_mixin.py:190} INFO - [2025-07-02T19:28:47.754+0000] {dag.py:4180} INFO - Setting next_dagrun for extract_raw_data_pipeline to 2025-07-02 07:58:00+00:00, run_after=2025-07-02 07:59:00+00:00
[2025-07-02T19:28:47.788+0000] {processor.py:208} INFO - Processing /opt/airflow/dags/driven_data_pipeline.py took 1.507 seconds
[2025-07-02T19:29:18.453+0000] {processor.py:186} INFO - Started process (PID=3111) to work on /opt/airflow/dags/driven_data_pipeline.py
[2025-07-02T19:29:18.455+0000] {processor.py:914} INFO - Processing file /opt/airflow/dags/driven_data_pipeline.py for tasks to queue
[2025-07-02T19:29:18.459+0000] {logging_mixin.py:190} INFO - [2025-07-02T19:29:18.458+0000] {dagbag.py:588} INFO - Filling up the DagBag from /opt/airflow/dags/driven_data_pipeline.py
[2025-07-02T19:29:18.895+0000] {processor.py:925} INFO - DAG(s) 'extract_raw_data_pipeline' retrieved from /opt/airflow/dags/driven_data_pipeline.py
[2025-07-02T19:29:18.953+0000] {logging_mixin.py:190} INFO - [2025-07-02T19:29:18.953+0000] {dag.py:3239} INFO - Sync 1 DAGs
[2025-07-02T19:29:19.009+0000] {logging_mixin.py:190} INFO - [2025-07-02T19:29:19.008+0000] {dag.py:4180} INFO - Setting next_dagrun for extract_raw_data_pipeline to 2025-07-02 07:58:00+00:00, run_after=2025-07-02 07:59:00+00:00
[2025-07-02T19:29:19.051+0000] {processor.py:208} INFO - Processing /opt/airflow/dags/driven_data_pipeline.py took 0.611 seconds
[2025-07-02T19:34:22.039+0000] {processor.py:186} INFO - Started process (PID=71) to work on /opt/airflow/dags/driven_data_pipeline.py
[2025-07-02T19:34:22.042+0000] {processor.py:914} INFO - Processing file /opt/airflow/dags/driven_data_pipeline.py for tasks to queue
[2025-07-02T19:34:22.053+0000] {logging_mixin.py:190} INFO - [2025-07-02T19:34:22.052+0000] {dagbag.py:588} INFO - Filling up the DagBag from /opt/airflow/dags/driven_data_pipeline.py
[2025-07-02T19:34:26.752+0000] {processor.py:925} INFO - DAG(s) 'extract_raw_data_pipeline' retrieved from /opt/airflow/dags/driven_data_pipeline.py
[2025-07-02T19:34:27.071+0000] {logging_mixin.py:190} INFO - [2025-07-02T19:34:27.071+0000] {dag.py:3239} INFO - Sync 1 DAGs
[2025-07-02T19:34:27.218+0000] {logging_mixin.py:190} INFO - [2025-07-02T19:34:27.217+0000] {dag.py:4180} INFO - Setting next_dagrun for extract_raw_data_pipeline to 2025-07-02 07:58:00+00:00, run_after=2025-07-02 07:59:00+00:00
[2025-07-02T19:34:27.325+0000] {processor.py:208} INFO - Processing /opt/airflow/dags/driven_data_pipeline.py took 5.319 seconds
[2025-07-02T19:34:58.268+0000] {processor.py:186} INFO - Started process (PID=79) to work on /opt/airflow/dags/driven_data_pipeline.py
[2025-07-02T19:34:58.277+0000] {processor.py:914} INFO - Processing file /opt/airflow/dags/driven_data_pipeline.py for tasks to queue
[2025-07-02T19:34:58.289+0000] {logging_mixin.py:190} INFO - [2025-07-02T19:34:58.287+0000] {dagbag.py:588} INFO - Filling up the DagBag from /opt/airflow/dags/driven_data_pipeline.py
[2025-07-02T19:35:00.322+0000] {processor.py:925} INFO - DAG(s) 'extract_raw_data_pipeline' retrieved from /opt/airflow/dags/driven_data_pipeline.py
[2025-07-02T19:35:00.434+0000] {logging_mixin.py:190} INFO - [2025-07-02T19:35:00.434+0000] {dag.py:3239} INFO - Sync 1 DAGs
[2025-07-02T19:35:00.575+0000] {logging_mixin.py:190} INFO - [2025-07-02T19:35:00.574+0000] {dag.py:4180} INFO - Setting next_dagrun for extract_raw_data_pipeline to 2025-07-02 07:58:00+00:00, run_after=2025-07-02 07:59:00+00:00
[2025-07-02T19:35:00.763+0000] {processor.py:208} INFO - Processing /opt/airflow/dags/driven_data_pipeline.py took 2.522 seconds
[2025-07-02T19:35:32.356+0000] {processor.py:186} INFO - Started process (PID=86) to work on /opt/airflow/dags/driven_data_pipeline.py
[2025-07-02T19:35:32.368+0000] {processor.py:914} INFO - Processing file /opt/airflow/dags/driven_data_pipeline.py for tasks to queue
[2025-07-02T19:35:32.414+0000] {logging_mixin.py:190} INFO - [2025-07-02T19:35:32.411+0000] {dagbag.py:588} INFO - Filling up the DagBag from /opt/airflow/dags/driven_data_pipeline.py
[2025-07-02T19:35:34.183+0000] {processor.py:925} INFO - DAG(s) 'extract_raw_data_pipeline' retrieved from /opt/airflow/dags/driven_data_pipeline.py
[2025-07-02T19:35:34.260+0000] {logging_mixin.py:190} INFO - [2025-07-02T19:35:34.260+0000] {dag.py:3239} INFO - Sync 1 DAGs
[2025-07-02T19:35:34.421+0000] {logging_mixin.py:190} INFO - [2025-07-02T19:35:34.419+0000] {dag.py:4180} INFO - Setting next_dagrun for extract_raw_data_pipeline to 2025-07-02 07:58:00+00:00, run_after=2025-07-02 07:59:00+00:00
[2025-07-02T19:35:34.484+0000] {processor.py:208} INFO - Processing /opt/airflow/dags/driven_data_pipeline.py took 2.414 seconds
[2025-07-02T19:38:07.164+0000] {processor.py:186} INFO - Started process (PID=65) to work on /opt/airflow/dags/driven_data_pipeline.py
[2025-07-02T19:38:07.177+0000] {processor.py:914} INFO - Processing file /opt/airflow/dags/driven_data_pipeline.py for tasks to queue
[2025-07-02T19:38:07.182+0000] {logging_mixin.py:190} INFO - [2025-07-02T19:38:07.182+0000] {dagbag.py:588} INFO - Filling up the DagBag from /opt/airflow/dags/driven_data_pipeline.py
[2025-07-02T19:38:10.047+0000] {processor.py:925} INFO - DAG(s) 'extract_raw_data_pipeline' retrieved from /opt/airflow/dags/driven_data_pipeline.py
[2025-07-02T19:38:10.176+0000] {logging_mixin.py:190} INFO - [2025-07-02T19:38:10.176+0000] {dag.py:3239} INFO - Sync 1 DAGs
[2025-07-02T19:38:10.259+0000] {logging_mixin.py:190} INFO - [2025-07-02T19:38:10.259+0000] {dag.py:4180} INFO - Setting next_dagrun for extract_raw_data_pipeline to 2025-07-02 07:58:00+00:00, run_after=2025-07-02 07:59:00+00:00
[2025-07-02T19:38:10.341+0000] {processor.py:208} INFO - Processing /opt/airflow/dags/driven_data_pipeline.py took 3.212 seconds
[2025-07-02T19:38:41.297+0000] {processor.py:186} INFO - Started process (PID=74) to work on /opt/airflow/dags/driven_data_pipeline.py
[2025-07-02T19:38:41.318+0000] {processor.py:914} INFO - Processing file /opt/airflow/dags/driven_data_pipeline.py for tasks to queue
[2025-07-02T19:38:41.366+0000] {logging_mixin.py:190} INFO - [2025-07-02T19:38:41.358+0000] {dagbag.py:588} INFO - Filling up the DagBag from /opt/airflow/dags/driven_data_pipeline.py
[2025-07-02T19:38:46.234+0000] {processor.py:925} INFO - DAG(s) 'extract_raw_data_pipeline' retrieved from /opt/airflow/dags/driven_data_pipeline.py
[2025-07-02T19:38:46.354+0000] {logging_mixin.py:190} INFO - [2025-07-02T19:38:46.354+0000] {dag.py:3239} INFO - Sync 1 DAGs
[2025-07-02T19:38:46.429+0000] {logging_mixin.py:190} INFO - [2025-07-02T19:38:46.429+0000] {dag.py:4180} INFO - Setting next_dagrun for extract_raw_data_pipeline to 2025-07-02 07:58:00+00:00, run_after=2025-07-02 07:59:00+00:00
[2025-07-02T19:38:46.480+0000] {processor.py:208} INFO - Processing /opt/airflow/dags/driven_data_pipeline.py took 5.328 seconds
[2025-07-02T19:39:17.131+0000] {processor.py:186} INFO - Started process (PID=82) to work on /opt/airflow/dags/driven_data_pipeline.py
[2025-07-02T19:39:17.177+0000] {processor.py:914} INFO - Processing file /opt/airflow/dags/driven_data_pipeline.py for tasks to queue
[2025-07-02T19:39:17.280+0000] {logging_mixin.py:190} INFO - [2025-07-02T19:39:17.270+0000] {dagbag.py:588} INFO - Filling up the DagBag from /opt/airflow/dags/driven_data_pipeline.py
[2025-07-02T19:39:21.488+0000] {processor.py:925} INFO - DAG(s) 'extract_raw_data_pipeline' retrieved from /opt/airflow/dags/driven_data_pipeline.py
[2025-07-02T19:39:21.736+0000] {logging_mixin.py:190} INFO - [2025-07-02T19:39:21.735+0000] {dag.py:3239} INFO - Sync 1 DAGs
[2025-07-02T19:39:21.901+0000] {logging_mixin.py:190} INFO - [2025-07-02T19:39:21.900+0000] {dag.py:4180} INFO - Setting next_dagrun for extract_raw_data_pipeline to 2025-07-02 07:58:00+00:00, run_after=2025-07-02 07:59:00+00:00
[2025-07-02T19:39:22.023+0000] {processor.py:208} INFO - Processing /opt/airflow/dags/driven_data_pipeline.py took 4.819 seconds
[2025-07-02T19:39:52.545+0000] {processor.py:186} INFO - Started process (PID=96) to work on /opt/airflow/dags/driven_data_pipeline.py
[2025-07-02T19:39:52.554+0000] {processor.py:914} INFO - Processing file /opt/airflow/dags/driven_data_pipeline.py for tasks to queue
[2025-07-02T19:39:52.565+0000] {logging_mixin.py:190} INFO - [2025-07-02T19:39:52.564+0000] {dagbag.py:588} INFO - Filling up the DagBag from /opt/airflow/dags/driven_data_pipeline.py
[2025-07-02T19:39:53.608+0000] {processor.py:925} INFO - DAG(s) 'extract_raw_data_pipeline' retrieved from /opt/airflow/dags/driven_data_pipeline.py
[2025-07-02T19:39:53.724+0000] {logging_mixin.py:190} INFO - [2025-07-02T19:39:53.723+0000] {dag.py:3239} INFO - Sync 1 DAGs
[2025-07-02T19:39:53.761+0000] {logging_mixin.py:190} INFO - [2025-07-02T19:39:53.761+0000] {dag.py:4180} INFO - Setting next_dagrun for extract_raw_data_pipeline to 2025-07-02 07:58:00+00:00, run_after=2025-07-02 07:59:00+00:00
[2025-07-02T19:39:53.815+0000] {processor.py:208} INFO - Processing /opt/airflow/dags/driven_data_pipeline.py took 1.291 seconds
[2025-07-02T19:40:24.309+0000] {processor.py:186} INFO - Started process (PID=104) to work on /opt/airflow/dags/driven_data_pipeline.py
[2025-07-02T19:40:24.311+0000] {processor.py:914} INFO - Processing file /opt/airflow/dags/driven_data_pipeline.py for tasks to queue
[2025-07-02T19:40:24.317+0000] {logging_mixin.py:190} INFO - [2025-07-02T19:40:24.316+0000] {dagbag.py:588} INFO - Filling up the DagBag from /opt/airflow/dags/driven_data_pipeline.py
[2025-07-02T19:40:24.934+0000] {processor.py:925} INFO - DAG(s) 'extract_raw_data_pipeline' retrieved from /opt/airflow/dags/driven_data_pipeline.py
[2025-07-02T19:40:24.978+0000] {logging_mixin.py:190} INFO - [2025-07-02T19:40:24.978+0000] {dag.py:3239} INFO - Sync 1 DAGs
[2025-07-02T19:40:25.011+0000] {logging_mixin.py:190} INFO - [2025-07-02T19:40:25.011+0000] {dag.py:4180} INFO - Setting next_dagrun for extract_raw_data_pipeline to 2025-07-02 07:58:00+00:00, run_after=2025-07-02 07:59:00+00:00
[2025-07-02T19:40:25.056+0000] {processor.py:208} INFO - Processing /opt/airflow/dags/driven_data_pipeline.py took 0.756 seconds
[2025-07-02T19:40:55.320+0000] {processor.py:186} INFO - Started process (PID=112) to work on /opt/airflow/dags/driven_data_pipeline.py
[2025-07-02T19:40:55.322+0000] {processor.py:914} INFO - Processing file /opt/airflow/dags/driven_data_pipeline.py for tasks to queue
[2025-07-02T19:40:55.328+0000] {logging_mixin.py:190} INFO - [2025-07-02T19:40:55.327+0000] {dagbag.py:588} INFO - Filling up the DagBag from /opt/airflow/dags/driven_data_pipeline.py
[2025-07-02T19:40:55.870+0000] {processor.py:925} INFO - DAG(s) 'extract_raw_data_pipeline' retrieved from /opt/airflow/dags/driven_data_pipeline.py
[2025-07-02T19:40:55.906+0000] {logging_mixin.py:190} INFO - [2025-07-02T19:40:55.905+0000] {dag.py:3239} INFO - Sync 1 DAGs
[2025-07-02T19:40:55.938+0000] {logging_mixin.py:190} INFO - [2025-07-02T19:40:55.938+0000] {dag.py:4180} INFO - Setting next_dagrun for extract_raw_data_pipeline to 2025-07-02 07:58:00+00:00, run_after=2025-07-02 07:59:00+00:00
[2025-07-02T19:40:55.971+0000] {processor.py:208} INFO - Processing /opt/airflow/dags/driven_data_pipeline.py took 0.659 seconds
[2025-07-02T19:41:26.417+0000] {processor.py:186} INFO - Started process (PID=120) to work on /opt/airflow/dags/driven_data_pipeline.py
[2025-07-02T19:41:26.419+0000] {processor.py:914} INFO - Processing file /opt/airflow/dags/driven_data_pipeline.py for tasks to queue
[2025-07-02T19:41:26.425+0000] {logging_mixin.py:190} INFO - [2025-07-02T19:41:26.424+0000] {dagbag.py:588} INFO - Filling up the DagBag from /opt/airflow/dags/driven_data_pipeline.py
[2025-07-02T19:41:27.014+0000] {processor.py:925} INFO - DAG(s) 'extract_raw_data_pipeline' retrieved from /opt/airflow/dags/driven_data_pipeline.py
[2025-07-02T19:41:27.061+0000] {logging_mixin.py:190} INFO - [2025-07-02T19:41:27.060+0000] {dag.py:3239} INFO - Sync 1 DAGs
[2025-07-02T19:41:27.103+0000] {logging_mixin.py:190} INFO - [2025-07-02T19:41:27.102+0000] {dag.py:4180} INFO - Setting next_dagrun for extract_raw_data_pipeline to 2025-07-02 07:58:00+00:00, run_after=2025-07-02 07:59:00+00:00
[2025-07-02T19:41:27.132+0000] {processor.py:208} INFO - Processing /opt/airflow/dags/driven_data_pipeline.py took 0.724 seconds
[2025-07-02T19:41:57.374+0000] {processor.py:186} INFO - Started process (PID=128) to work on /opt/airflow/dags/driven_data_pipeline.py
[2025-07-02T19:41:57.376+0000] {processor.py:914} INFO - Processing file /opt/airflow/dags/driven_data_pipeline.py for tasks to queue
[2025-07-02T19:41:57.380+0000] {logging_mixin.py:190} INFO - [2025-07-02T19:41:57.379+0000] {dagbag.py:588} INFO - Filling up the DagBag from /opt/airflow/dags/driven_data_pipeline.py
[2025-07-02T19:41:57.951+0000] {processor.py:925} INFO - DAG(s) 'extract_raw_data_pipeline' retrieved from /opt/airflow/dags/driven_data_pipeline.py
[2025-07-02T19:41:57.990+0000] {logging_mixin.py:190} INFO - [2025-07-02T19:41:57.989+0000] {dag.py:3239} INFO - Sync 1 DAGs
[2025-07-02T19:41:58.024+0000] {logging_mixin.py:190} INFO - [2025-07-02T19:41:58.024+0000] {dag.py:4180} INFO - Setting next_dagrun for extract_raw_data_pipeline to 2025-07-02 07:58:00+00:00, run_after=2025-07-02 07:59:00+00:00
[2025-07-02T19:41:58.052+0000] {processor.py:208} INFO - Processing /opt/airflow/dags/driven_data_pipeline.py took 0.688 seconds
[2025-07-02T19:42:28.578+0000] {processor.py:186} INFO - Started process (PID=136) to work on /opt/airflow/dags/driven_data_pipeline.py
[2025-07-02T19:42:28.586+0000] {processor.py:914} INFO - Processing file /opt/airflow/dags/driven_data_pipeline.py for tasks to queue
[2025-07-02T19:42:28.601+0000] {logging_mixin.py:190} INFO - [2025-07-02T19:42:28.600+0000] {dagbag.py:588} INFO - Filling up the DagBag from /opt/airflow/dags/driven_data_pipeline.py
[2025-07-02T19:42:30.204+0000] {processor.py:925} INFO - DAG(s) 'extract_raw_data_pipeline' retrieved from /opt/airflow/dags/driven_data_pipeline.py
[2025-07-02T19:42:30.242+0000] {logging_mixin.py:190} INFO - [2025-07-02T19:42:30.242+0000] {dag.py:3239} INFO - Sync 1 DAGs
[2025-07-02T19:42:30.280+0000] {logging_mixin.py:190} INFO - [2025-07-02T19:42:30.279+0000] {dag.py:4180} INFO - Setting next_dagrun for extract_raw_data_pipeline to 2025-07-02 07:58:00+00:00, run_after=2025-07-02 07:59:00+00:00
[2025-07-02T19:42:30.312+0000] {processor.py:208} INFO - Processing /opt/airflow/dags/driven_data_pipeline.py took 1.776 seconds
[2025-07-02T19:43:00.830+0000] {processor.py:186} INFO - Started process (PID=144) to work on /opt/airflow/dags/driven_data_pipeline.py
[2025-07-02T19:43:00.832+0000] {processor.py:914} INFO - Processing file /opt/airflow/dags/driven_data_pipeline.py for tasks to queue
[2025-07-02T19:43:00.838+0000] {logging_mixin.py:190} INFO - [2025-07-02T19:43:00.838+0000] {dagbag.py:588} INFO - Filling up the DagBag from /opt/airflow/dags/driven_data_pipeline.py
[2025-07-02T19:43:02.033+0000] {processor.py:925} INFO - DAG(s) 'extract_raw_data_pipeline' retrieved from /opt/airflow/dags/driven_data_pipeline.py
[2025-07-02T19:43:02.118+0000] {logging_mixin.py:190} INFO - [2025-07-02T19:43:02.117+0000] {dag.py:3239} INFO - Sync 1 DAGs
[2025-07-02T19:43:02.173+0000] {logging_mixin.py:190} INFO - [2025-07-02T19:43:02.173+0000] {dag.py:4180} INFO - Setting next_dagrun for extract_raw_data_pipeline to 2025-07-02 07:58:00+00:00, run_after=2025-07-02 07:59:00+00:00
[2025-07-02T19:43:02.213+0000] {processor.py:208} INFO - Processing /opt/airflow/dags/driven_data_pipeline.py took 1.394 seconds
[2025-07-02T19:43:32.391+0000] {processor.py:186} INFO - Started process (PID=151) to work on /opt/airflow/dags/driven_data_pipeline.py
[2025-07-02T19:43:32.394+0000] {processor.py:914} INFO - Processing file /opt/airflow/dags/driven_data_pipeline.py for tasks to queue
[2025-07-02T19:43:32.399+0000] {logging_mixin.py:190} INFO - [2025-07-02T19:43:32.399+0000] {dagbag.py:588} INFO - Filling up the DagBag from /opt/airflow/dags/driven_data_pipeline.py
[2025-07-02T19:43:33.083+0000] {processor.py:925} INFO - DAG(s) 'extract_raw_data_pipeline' retrieved from /opt/airflow/dags/driven_data_pipeline.py
[2025-07-02T19:43:33.137+0000] {logging_mixin.py:190} INFO - [2025-07-02T19:43:33.137+0000] {dag.py:3239} INFO - Sync 1 DAGs
[2025-07-02T19:43:33.178+0000] {logging_mixin.py:190} INFO - [2025-07-02T19:43:33.177+0000] {dag.py:4180} INFO - Setting next_dagrun for extract_raw_data_pipeline to 2025-07-02 07:59:00+00:00, run_after=2025-07-03 07:00:00+00:00
[2025-07-02T19:43:33.230+0000] {processor.py:208} INFO - Processing /opt/airflow/dags/driven_data_pipeline.py took 0.855 seconds
[2025-07-02T19:44:03.742+0000] {processor.py:186} INFO - Started process (PID=159) to work on /opt/airflow/dags/driven_data_pipeline.py
[2025-07-02T19:44:03.746+0000] {processor.py:914} INFO - Processing file /opt/airflow/dags/driven_data_pipeline.py for tasks to queue
[2025-07-02T19:44:03.756+0000] {logging_mixin.py:190} INFO - [2025-07-02T19:44:03.754+0000] {dagbag.py:588} INFO - Filling up the DagBag from /opt/airflow/dags/driven_data_pipeline.py
[2025-07-02T19:44:05.506+0000] {processor.py:925} INFO - DAG(s) 'extract_raw_data_pipeline' retrieved from /opt/airflow/dags/driven_data_pipeline.py
[2025-07-02T19:44:05.623+0000] {logging_mixin.py:190} INFO - [2025-07-02T19:44:05.622+0000] {dag.py:3239} INFO - Sync 1 DAGs
[2025-07-02T19:44:05.714+0000] {logging_mixin.py:190} INFO - [2025-07-02T19:44:05.714+0000] {dag.py:4180} INFO - Setting next_dagrun for extract_raw_data_pipeline to 2025-07-02 07:59:00+00:00, run_after=2025-07-03 07:00:00+00:00
[2025-07-02T19:44:05.776+0000] {processor.py:208} INFO - Processing /opt/airflow/dags/driven_data_pipeline.py took 2.073 seconds
[2025-07-02T19:44:36.186+0000] {processor.py:186} INFO - Started process (PID=167) to work on /opt/airflow/dags/driven_data_pipeline.py
[2025-07-02T19:44:36.188+0000] {processor.py:914} INFO - Processing file /opt/airflow/dags/driven_data_pipeline.py for tasks to queue
[2025-07-02T19:44:36.193+0000] {logging_mixin.py:190} INFO - [2025-07-02T19:44:36.192+0000] {dagbag.py:588} INFO - Filling up the DagBag from /opt/airflow/dags/driven_data_pipeline.py
[2025-07-02T19:44:36.968+0000] {processor.py:925} INFO - DAG(s) 'extract_raw_data_pipeline' retrieved from /opt/airflow/dags/driven_data_pipeline.py
[2025-07-02T19:44:37.023+0000] {logging_mixin.py:190} INFO - [2025-07-02T19:44:37.022+0000] {dag.py:3239} INFO - Sync 1 DAGs
[2025-07-02T19:44:37.063+0000] {logging_mixin.py:190} INFO - [2025-07-02T19:44:37.062+0000] {dag.py:4180} INFO - Setting next_dagrun for extract_raw_data_pipeline to 2025-07-02 07:59:00+00:00, run_after=2025-07-03 07:00:00+00:00
[2025-07-02T19:44:37.107+0000] {processor.py:208} INFO - Processing /opt/airflow/dags/driven_data_pipeline.py took 0.932 seconds
[2025-07-02T19:45:07.565+0000] {processor.py:186} INFO - Started process (PID=174) to work on /opt/airflow/dags/driven_data_pipeline.py
[2025-07-02T19:45:07.585+0000] {processor.py:914} INFO - Processing file /opt/airflow/dags/driven_data_pipeline.py for tasks to queue
[2025-07-02T19:45:07.624+0000] {logging_mixin.py:190} INFO - [2025-07-02T19:45:07.620+0000] {dagbag.py:588} INFO - Filling up the DagBag from /opt/airflow/dags/driven_data_pipeline.py
[2025-07-02T19:45:08.218+0000] {processor.py:925} INFO - DAG(s) 'extract_raw_data_pipeline' retrieved from /opt/airflow/dags/driven_data_pipeline.py
[2025-07-02T19:45:08.260+0000] {logging_mixin.py:190} INFO - [2025-07-02T19:45:08.260+0000] {dag.py:3239} INFO - Sync 1 DAGs
[2025-07-02T19:45:08.306+0000] {logging_mixin.py:190} INFO - [2025-07-02T19:45:08.306+0000] {dag.py:4180} INFO - Setting next_dagrun for extract_raw_data_pipeline to 2025-07-02 07:59:00+00:00, run_after=2025-07-03 07:00:00+00:00
[2025-07-02T19:45:08.344+0000] {processor.py:208} INFO - Processing /opt/airflow/dags/driven_data_pipeline.py took 0.798 seconds
[2025-07-02T19:45:38.809+0000] {processor.py:186} INFO - Started process (PID=183) to work on /opt/airflow/dags/driven_data_pipeline.py
[2025-07-02T19:45:38.811+0000] {processor.py:914} INFO - Processing file /opt/airflow/dags/driven_data_pipeline.py for tasks to queue
[2025-07-02T19:45:38.816+0000] {logging_mixin.py:190} INFO - [2025-07-02T19:45:38.816+0000] {dagbag.py:588} INFO - Filling up the DagBag from /opt/airflow/dags/driven_data_pipeline.py
[2025-07-02T19:45:39.733+0000] {processor.py:925} INFO - DAG(s) 'extract_raw_data_pipeline' retrieved from /opt/airflow/dags/driven_data_pipeline.py
[2025-07-02T19:45:39.778+0000] {logging_mixin.py:190} INFO - [2025-07-02T19:45:39.778+0000] {dag.py:3239} INFO - Sync 1 DAGs
[2025-07-02T19:45:39.815+0000] {logging_mixin.py:190} INFO - [2025-07-02T19:45:39.815+0000] {dag.py:4180} INFO - Setting next_dagrun for extract_raw_data_pipeline to 2025-07-02 07:59:00+00:00, run_after=2025-07-03 07:00:00+00:00
[2025-07-02T19:45:39.845+0000] {processor.py:208} INFO - Processing /opt/airflow/dags/driven_data_pipeline.py took 1.049 seconds
[2025-07-02T19:46:10.142+0000] {processor.py:186} INFO - Started process (PID=191) to work on /opt/airflow/dags/driven_data_pipeline.py
[2025-07-02T19:46:10.144+0000] {processor.py:914} INFO - Processing file /opt/airflow/dags/driven_data_pipeline.py for tasks to queue
[2025-07-02T19:46:10.149+0000] {logging_mixin.py:190} INFO - [2025-07-02T19:46:10.149+0000] {dagbag.py:588} INFO - Filling up the DagBag from /opt/airflow/dags/driven_data_pipeline.py
[2025-07-02T19:46:10.720+0000] {processor.py:925} INFO - DAG(s) 'extract_raw_data_pipeline' retrieved from /opt/airflow/dags/driven_data_pipeline.py
[2025-07-02T19:46:10.762+0000] {logging_mixin.py:190} INFO - [2025-07-02T19:46:10.762+0000] {dag.py:3239} INFO - Sync 1 DAGs
[2025-07-02T19:46:10.801+0000] {logging_mixin.py:190} INFO - [2025-07-02T19:46:10.800+0000] {dag.py:4180} INFO - Setting next_dagrun for extract_raw_data_pipeline to 2025-07-02 07:59:00+00:00, run_after=2025-07-03 07:00:00+00:00
[2025-07-02T19:46:10.830+0000] {processor.py:208} INFO - Processing /opt/airflow/dags/driven_data_pipeline.py took 0.699 seconds
[2025-07-02T19:46:41.209+0000] {processor.py:186} INFO - Started process (PID=199) to work on /opt/airflow/dags/driven_data_pipeline.py
[2025-07-02T19:46:41.211+0000] {processor.py:914} INFO - Processing file /opt/airflow/dags/driven_data_pipeline.py for tasks to queue
[2025-07-02T19:46:41.217+0000] {logging_mixin.py:190} INFO - [2025-07-02T19:46:41.216+0000] {dagbag.py:588} INFO - Filling up the DagBag from /opt/airflow/dags/driven_data_pipeline.py
[2025-07-02T19:46:41.795+0000] {processor.py:925} INFO - DAG(s) 'extract_raw_data_pipeline' retrieved from /opt/airflow/dags/driven_data_pipeline.py
[2025-07-02T19:46:41.838+0000] {logging_mixin.py:190} INFO - [2025-07-02T19:46:41.838+0000] {dag.py:3239} INFO - Sync 1 DAGs
[2025-07-02T19:46:41.881+0000] {logging_mixin.py:190} INFO - [2025-07-02T19:46:41.880+0000] {dag.py:4180} INFO - Setting next_dagrun for extract_raw_data_pipeline to 2025-07-02 07:59:00+00:00, run_after=2025-07-03 07:00:00+00:00
[2025-07-02T19:46:41.955+0000] {processor.py:208} INFO - Processing /opt/airflow/dags/driven_data_pipeline.py took 0.757 seconds
[2025-07-02T19:47:12.729+0000] {processor.py:186} INFO - Started process (PID=207) to work on /opt/airflow/dags/driven_data_pipeline.py
[2025-07-02T19:47:12.731+0000] {processor.py:914} INFO - Processing file /opt/airflow/dags/driven_data_pipeline.py for tasks to queue
[2025-07-02T19:47:12.736+0000] {logging_mixin.py:190} INFO - [2025-07-02T19:47:12.735+0000] {dagbag.py:588} INFO - Filling up the DagBag from /opt/airflow/dags/driven_data_pipeline.py
[2025-07-02T19:47:13.094+0000] {processor.py:925} INFO - DAG(s) 'extract_raw_data_pipeline' retrieved from /opt/airflow/dags/driven_data_pipeline.py
[2025-07-02T19:47:13.148+0000] {logging_mixin.py:190} INFO - [2025-07-02T19:47:13.148+0000] {dag.py:3239} INFO - Sync 1 DAGs
[2025-07-02T19:47:13.196+0000] {logging_mixin.py:190} INFO - [2025-07-02T19:47:13.196+0000] {dag.py:4180} INFO - Setting next_dagrun for extract_raw_data_pipeline to 2025-07-02 07:59:00+00:00, run_after=2025-07-03 07:00:00+00:00
[2025-07-02T19:47:13.236+0000] {processor.py:208} INFO - Processing /opt/airflow/dags/driven_data_pipeline.py took 0.518 seconds
[2025-07-02T19:47:43.672+0000] {processor.py:186} INFO - Started process (PID=215) to work on /opt/airflow/dags/driven_data_pipeline.py
[2025-07-02T19:47:43.674+0000] {processor.py:914} INFO - Processing file /opt/airflow/dags/driven_data_pipeline.py for tasks to queue
[2025-07-02T19:47:43.681+0000] {logging_mixin.py:190} INFO - [2025-07-02T19:47:43.680+0000] {dagbag.py:588} INFO - Filling up the DagBag from /opt/airflow/dags/driven_data_pipeline.py
[2025-07-02T19:47:44.045+0000] {processor.py:925} INFO - DAG(s) 'extract_raw_data_pipeline' retrieved from /opt/airflow/dags/driven_data_pipeline.py
[2025-07-02T19:47:44.091+0000] {logging_mixin.py:190} INFO - [2025-07-02T19:47:44.091+0000] {dag.py:3239} INFO - Sync 1 DAGs
[2025-07-02T19:47:44.131+0000] {logging_mixin.py:190} INFO - [2025-07-02T19:47:44.131+0000] {dag.py:4180} INFO - Setting next_dagrun for extract_raw_data_pipeline to 2025-07-02 07:59:00+00:00, run_after=2025-07-03 07:00:00+00:00
[2025-07-02T19:47:44.167+0000] {processor.py:208} INFO - Processing /opt/airflow/dags/driven_data_pipeline.py took 0.507 seconds
[2025-07-02T19:48:14.712+0000] {processor.py:186} INFO - Started process (PID=223) to work on /opt/airflow/dags/driven_data_pipeline.py
[2025-07-02T19:48:14.715+0000] {processor.py:914} INFO - Processing file /opt/airflow/dags/driven_data_pipeline.py for tasks to queue
[2025-07-02T19:48:14.721+0000] {logging_mixin.py:190} INFO - [2025-07-02T19:48:14.720+0000] {dagbag.py:588} INFO - Filling up the DagBag from /opt/airflow/dags/driven_data_pipeline.py
[2025-07-02T19:48:15.043+0000] {processor.py:925} INFO - DAG(s) 'extract_raw_data_pipeline' retrieved from /opt/airflow/dags/driven_data_pipeline.py
[2025-07-02T19:48:15.083+0000] {logging_mixin.py:190} INFO - [2025-07-02T19:48:15.083+0000] {dag.py:3239} INFO - Sync 1 DAGs
[2025-07-02T19:48:15.118+0000] {logging_mixin.py:190} INFO - [2025-07-02T19:48:15.118+0000] {dag.py:4180} INFO - Setting next_dagrun for extract_raw_data_pipeline to 2025-07-02 07:59:00+00:00, run_after=2025-07-03 07:00:00+00:00
[2025-07-02T19:48:15.144+0000] {processor.py:208} INFO - Processing /opt/airflow/dags/driven_data_pipeline.py took 0.443 seconds
[2025-07-02T19:48:45.391+0000] {processor.py:186} INFO - Started process (PID=231) to work on /opt/airflow/dags/driven_data_pipeline.py
[2025-07-02T19:48:45.394+0000] {processor.py:914} INFO - Processing file /opt/airflow/dags/driven_data_pipeline.py for tasks to queue
[2025-07-02T19:48:45.402+0000] {logging_mixin.py:190} INFO - [2025-07-02T19:48:45.401+0000] {dagbag.py:588} INFO - Filling up the DagBag from /opt/airflow/dags/driven_data_pipeline.py
[2025-07-02T19:48:45.771+0000] {processor.py:925} INFO - DAG(s) 'extract_raw_data_pipeline' retrieved from /opt/airflow/dags/driven_data_pipeline.py
[2025-07-02T19:48:45.820+0000] {logging_mixin.py:190} INFO - [2025-07-02T19:48:45.820+0000] {dag.py:3239} INFO - Sync 1 DAGs
[2025-07-02T19:48:45.865+0000] {logging_mixin.py:190} INFO - [2025-07-02T19:48:45.865+0000] {dag.py:4180} INFO - Setting next_dagrun for extract_raw_data_pipeline to 2025-07-02 07:59:00+00:00, run_after=2025-07-03 07:00:00+00:00
[2025-07-02T19:48:45.903+0000] {processor.py:208} INFO - Processing /opt/airflow/dags/driven_data_pipeline.py took 0.527 seconds
[2025-07-02T19:49:16.260+0000] {processor.py:186} INFO - Started process (PID=239) to work on /opt/airflow/dags/driven_data_pipeline.py
[2025-07-02T19:49:16.262+0000] {processor.py:914} INFO - Processing file /opt/airflow/dags/driven_data_pipeline.py for tasks to queue
[2025-07-02T19:49:16.269+0000] {logging_mixin.py:190} INFO - [2025-07-02T19:49:16.268+0000] {dagbag.py:588} INFO - Filling up the DagBag from /opt/airflow/dags/driven_data_pipeline.py
[2025-07-02T19:49:16.558+0000] {processor.py:925} INFO - DAG(s) 'extract_raw_data_pipeline' retrieved from /opt/airflow/dags/driven_data_pipeline.py
[2025-07-02T19:49:16.610+0000] {logging_mixin.py:190} INFO - [2025-07-02T19:49:16.609+0000] {dag.py:3239} INFO - Sync 1 DAGs
[2025-07-02T19:49:16.656+0000] {logging_mixin.py:190} INFO - [2025-07-02T19:49:16.656+0000] {dag.py:4180} INFO - Setting next_dagrun for extract_raw_data_pipeline to 2025-07-02 07:59:00+00:00, run_after=2025-07-03 07:00:00+00:00
[2025-07-02T19:49:16.691+0000] {processor.py:208} INFO - Processing /opt/airflow/dags/driven_data_pipeline.py took 0.442 seconds
[2025-07-02T19:49:47.136+0000] {processor.py:186} INFO - Started process (PID=247) to work on /opt/airflow/dags/driven_data_pipeline.py
[2025-07-02T19:49:47.138+0000] {processor.py:914} INFO - Processing file /opt/airflow/dags/driven_data_pipeline.py for tasks to queue
[2025-07-02T19:49:47.144+0000] {logging_mixin.py:190} INFO - [2025-07-02T19:49:47.143+0000] {dagbag.py:588} INFO - Filling up the DagBag from /opt/airflow/dags/driven_data_pipeline.py
[2025-07-02T19:49:47.436+0000] {processor.py:925} INFO - DAG(s) 'extract_raw_data_pipeline' retrieved from /opt/airflow/dags/driven_data_pipeline.py
[2025-07-02T19:49:47.488+0000] {logging_mixin.py:190} INFO - [2025-07-02T19:49:47.488+0000] {dag.py:3239} INFO - Sync 1 DAGs
[2025-07-02T19:49:47.532+0000] {logging_mixin.py:190} INFO - [2025-07-02T19:49:47.531+0000] {dag.py:4180} INFO - Setting next_dagrun for extract_raw_data_pipeline to 2025-07-02 07:59:00+00:00, run_after=2025-07-03 07:00:00+00:00
[2025-07-02T19:49:47.572+0000] {processor.py:208} INFO - Processing /opt/airflow/dags/driven_data_pipeline.py took 0.445 seconds
[2025-07-02T19:56:06.971+0000] {processor.py:186} INFO - Started process (PID=70) to work on /opt/airflow/dags/driven_data_pipeline.py
[2025-07-02T19:56:06.974+0000] {processor.py:914} INFO - Processing file /opt/airflow/dags/driven_data_pipeline.py for tasks to queue
[2025-07-02T19:56:06.984+0000] {logging_mixin.py:190} INFO - [2025-07-02T19:56:06.983+0000] {dagbag.py:588} INFO - Filling up the DagBag from /opt/airflow/dags/driven_data_pipeline.py
[2025-07-02T19:56:12.812+0000] {processor.py:925} INFO - DAG(s) 'extract_raw_data_pipeline' retrieved from /opt/airflow/dags/driven_data_pipeline.py
[2025-07-02T19:56:14.922+0000] {logging_mixin.py:190} INFO - [2025-07-02T19:56:14.921+0000] {override.py:1900} INFO - Created Permission View: can delete on DAG:extract_raw_data_pipeline
[2025-07-02T19:56:15.009+0000] {logging_mixin.py:190} INFO - [2025-07-02T19:56:15.008+0000] {override.py:1900} INFO - Created Permission View: can read on DAG:extract_raw_data_pipeline
[2025-07-02T19:56:15.073+0000] {logging_mixin.py:190} INFO - [2025-07-02T19:56:15.072+0000] {override.py:1900} INFO - Created Permission View: can edit on DAG:extract_raw_data_pipeline
[2025-07-02T19:56:15.151+0000] {logging_mixin.py:190} INFO - [2025-07-02T19:56:15.150+0000] {override.py:1900} INFO - Created Permission View: can create on DAG Run:extract_raw_data_pipeline
[2025-07-02T19:56:15.215+0000] {logging_mixin.py:190} INFO - [2025-07-02T19:56:15.214+0000] {override.py:1900} INFO - Created Permission View: menu access on DAG Run:extract_raw_data_pipeline
[2025-07-02T19:56:15.414+0000] {logging_mixin.py:190} INFO - [2025-07-02T19:56:15.413+0000] {override.py:1900} INFO - Created Permission View: can delete on DAG Run:extract_raw_data_pipeline
[2025-07-02T19:56:15.929+0000] {logging_mixin.py:190} INFO - [2025-07-02T19:56:15.893+0000] {override.py:1900} INFO - Created Permission View: can read on DAG Run:extract_raw_data_pipeline
[2025-07-02T19:56:15.945+0000] {logging_mixin.py:190} INFO - [2025-07-02T19:56:15.944+0000] {dag.py:3239} INFO - Sync 1 DAGs
[2025-07-02T19:56:16.894+0000] {logging_mixin.py:190} INFO - [2025-07-02T19:56:16.893+0000] {dag.py:3262} INFO - Creating ORM DAG for extract_raw_data_pipeline
[2025-07-02T19:56:17.076+0000] {logging_mixin.py:190} INFO - [2025-07-02T19:56:17.068+0000] {dag.py:4180} INFO - Setting next_dagrun for extract_raw_data_pipeline to 2025-07-02 07:58:00+00:00, run_after=2025-07-02 07:59:00+00:00
[2025-07-02T19:56:17.416+0000] {processor.py:208} INFO - Processing /opt/airflow/dags/driven_data_pipeline.py took 10.467 seconds
[2025-07-02T19:58:28.815+0000] {processor.py:186} INFO - Started process (PID=58) to work on /opt/airflow/dags/driven_data_pipeline.py
[2025-07-02T19:58:28.829+0000] {processor.py:914} INFO - Processing file /opt/airflow/dags/driven_data_pipeline.py for tasks to queue
[2025-07-02T19:58:28.837+0000] {logging_mixin.py:190} INFO - [2025-07-02T19:58:28.836+0000] {dagbag.py:588} INFO - Filling up the DagBag from /opt/airflow/dags/driven_data_pipeline.py
[2025-07-02T19:58:30.288+0000] {processor.py:925} INFO - DAG(s) 'extract_raw_data_pipeline' retrieved from /opt/airflow/dags/driven_data_pipeline.py
[2025-07-02T19:58:30.388+0000] {logging_mixin.py:190} INFO - [2025-07-02T19:58:30.388+0000] {dag.py:3239} INFO - Sync 1 DAGs
[2025-07-02T19:58:30.475+0000] {logging_mixin.py:190} INFO - [2025-07-02T19:58:30.471+0000] {dag.py:4180} INFO - Setting next_dagrun for extract_raw_data_pipeline to 2025-07-02 07:58:00+00:00, run_after=2025-07-02 07:59:00+00:00
[2025-07-02T19:58:30.599+0000] {processor.py:208} INFO - Processing /opt/airflow/dags/driven_data_pipeline.py took 1.808 seconds
[2025-07-02T19:59:01.546+0000] {processor.py:186} INFO - Started process (PID=66) to work on /opt/airflow/dags/driven_data_pipeline.py
[2025-07-02T19:59:01.550+0000] {processor.py:914} INFO - Processing file /opt/airflow/dags/driven_data_pipeline.py for tasks to queue
[2025-07-02T19:59:01.578+0000] {logging_mixin.py:190} INFO - [2025-07-02T19:59:01.575+0000] {dagbag.py:588} INFO - Filling up the DagBag from /opt/airflow/dags/driven_data_pipeline.py
[2025-07-02T19:59:02.801+0000] {processor.py:925} INFO - DAG(s) 'extract_raw_data_pipeline' retrieved from /opt/airflow/dags/driven_data_pipeline.py
[2025-07-02T19:59:02.849+0000] {logging_mixin.py:190} INFO - [2025-07-02T19:59:02.849+0000] {dag.py:3239} INFO - Sync 1 DAGs
[2025-07-02T19:59:02.890+0000] {logging_mixin.py:190} INFO - [2025-07-02T19:59:02.890+0000] {dag.py:4180} INFO - Setting next_dagrun for extract_raw_data_pipeline to 2025-07-02 07:58:00+00:00, run_after=2025-07-02 07:59:00+00:00
[2025-07-02T19:59:02.918+0000] {processor.py:208} INFO - Processing /opt/airflow/dags/driven_data_pipeline.py took 1.416 seconds
[2025-07-02T19:59:33.298+0000] {processor.py:186} INFO - Started process (PID=74) to work on /opt/airflow/dags/driven_data_pipeline.py
[2025-07-02T19:59:33.300+0000] {processor.py:914} INFO - Processing file /opt/airflow/dags/driven_data_pipeline.py for tasks to queue
[2025-07-02T19:59:33.305+0000] {logging_mixin.py:190} INFO - [2025-07-02T19:59:33.304+0000] {dagbag.py:588} INFO - Filling up the DagBag from /opt/airflow/dags/driven_data_pipeline.py
[2025-07-02T19:59:33.908+0000] {processor.py:925} INFO - DAG(s) 'extract_raw_data_pipeline' retrieved from /opt/airflow/dags/driven_data_pipeline.py
[2025-07-02T19:59:33.958+0000] {logging_mixin.py:190} INFO - [2025-07-02T19:59:33.958+0000] {dag.py:3239} INFO - Sync 1 DAGs
[2025-07-02T19:59:33.995+0000] {logging_mixin.py:190} INFO - [2025-07-02T19:59:33.995+0000] {dag.py:4180} INFO - Setting next_dagrun for extract_raw_data_pipeline to 2025-07-02 07:58:00+00:00, run_after=2025-07-02 07:59:00+00:00
[2025-07-02T19:59:34.025+0000] {processor.py:208} INFO - Processing /opt/airflow/dags/driven_data_pipeline.py took 0.737 seconds
[2025-07-02T20:00:04.172+0000] {processor.py:186} INFO - Started process (PID=82) to work on /opt/airflow/dags/driven_data_pipeline.py
[2025-07-02T20:00:04.174+0000] {processor.py:914} INFO - Processing file /opt/airflow/dags/driven_data_pipeline.py for tasks to queue
[2025-07-02T20:00:04.178+0000] {logging_mixin.py:190} INFO - [2025-07-02T20:00:04.177+0000] {dagbag.py:588} INFO - Filling up the DagBag from /opt/airflow/dags/driven_data_pipeline.py
[2025-07-02T20:00:04.701+0000] {processor.py:925} INFO - DAG(s) 'extract_raw_data_pipeline' retrieved from /opt/airflow/dags/driven_data_pipeline.py
[2025-07-02T20:00:04.789+0000] {logging_mixin.py:190} INFO - [2025-07-02T20:00:04.789+0000] {dag.py:3239} INFO - Sync 1 DAGs
[2025-07-02T20:00:04.874+0000] {logging_mixin.py:190} INFO - [2025-07-02T20:00:04.874+0000] {dag.py:4180} INFO - Setting next_dagrun for extract_raw_data_pipeline to 2025-07-02 07:58:00+00:00, run_after=2025-07-02 07:59:00+00:00
[2025-07-02T20:00:04.936+0000] {processor.py:208} INFO - Processing /opt/airflow/dags/driven_data_pipeline.py took 0.775 seconds
[2025-07-02T20:00:35.390+0000] {processor.py:186} INFO - Started process (PID=89) to work on /opt/airflow/dags/driven_data_pipeline.py
[2025-07-02T20:00:35.397+0000] {processor.py:914} INFO - Processing file /opt/airflow/dags/driven_data_pipeline.py for tasks to queue
[2025-07-02T20:00:35.412+0000] {logging_mixin.py:190} INFO - [2025-07-02T20:00:35.410+0000] {dagbag.py:588} INFO - Filling up the DagBag from /opt/airflow/dags/driven_data_pipeline.py
[2025-07-02T20:00:36.550+0000] {processor.py:925} INFO - DAG(s) 'extract_raw_data_pipeline' retrieved from /opt/airflow/dags/driven_data_pipeline.py
[2025-07-02T20:00:36.623+0000] {logging_mixin.py:190} INFO - [2025-07-02T20:00:36.622+0000] {dag.py:3239} INFO - Sync 1 DAGs
[2025-07-02T20:00:36.697+0000] {logging_mixin.py:190} INFO - [2025-07-02T20:00:36.697+0000] {dag.py:4180} INFO - Setting next_dagrun for extract_raw_data_pipeline to 2025-07-02 07:58:00+00:00, run_after=2025-07-02 07:59:00+00:00
[2025-07-02T20:00:36.763+0000] {processor.py:208} INFO - Processing /opt/airflow/dags/driven_data_pipeline.py took 1.397 seconds
[2025-07-02T20:01:07.005+0000] {processor.py:186} INFO - Started process (PID=97) to work on /opt/airflow/dags/driven_data_pipeline.py
[2025-07-02T20:01:07.006+0000] {processor.py:914} INFO - Processing file /opt/airflow/dags/driven_data_pipeline.py for tasks to queue
[2025-07-02T20:01:07.010+0000] {logging_mixin.py:190} INFO - [2025-07-02T20:01:07.010+0000] {dagbag.py:588} INFO - Filling up the DagBag from /opt/airflow/dags/driven_data_pipeline.py
[2025-07-02T20:01:07.629+0000] {processor.py:925} INFO - DAG(s) 'extract_raw_data_pipeline' retrieved from /opt/airflow/dags/driven_data_pipeline.py
[2025-07-02T20:01:07.668+0000] {logging_mixin.py:190} INFO - [2025-07-02T20:01:07.668+0000] {dag.py:3239} INFO - Sync 1 DAGs
[2025-07-02T20:01:07.707+0000] {logging_mixin.py:190} INFO - [2025-07-02T20:01:07.707+0000] {dag.py:4180} INFO - Setting next_dagrun for extract_raw_data_pipeline to 2025-07-02 07:58:00+00:00, run_after=2025-07-02 07:59:00+00:00
[2025-07-02T20:01:07.737+0000] {processor.py:208} INFO - Processing /opt/airflow/dags/driven_data_pipeline.py took 0.741 seconds
[2025-07-02T20:01:38.521+0000] {processor.py:186} INFO - Started process (PID=105) to work on /opt/airflow/dags/driven_data_pipeline.py
[2025-07-02T20:01:38.523+0000] {processor.py:914} INFO - Processing file /opt/airflow/dags/driven_data_pipeline.py for tasks to queue
[2025-07-02T20:01:38.528+0000] {logging_mixin.py:190} INFO - [2025-07-02T20:01:38.527+0000] {dagbag.py:588} INFO - Filling up the DagBag from /opt/airflow/dags/driven_data_pipeline.py
[2025-07-02T20:01:38.798+0000] {processor.py:925} INFO - DAG(s) 'extract_raw_data_pipeline' retrieved from /opt/airflow/dags/driven_data_pipeline.py
[2025-07-02T20:01:38.839+0000] {logging_mixin.py:190} INFO - [2025-07-02T20:01:38.838+0000] {dag.py:3239} INFO - Sync 1 DAGs
[2025-07-02T20:01:38.878+0000] {logging_mixin.py:190} INFO - [2025-07-02T20:01:38.878+0000] {dag.py:4180} INFO - Setting next_dagrun for extract_raw_data_pipeline to 2025-07-02 07:59:00+00:00, run_after=2025-07-03 07:00:00+00:00
[2025-07-02T20:01:38.927+0000] {processor.py:208} INFO - Processing /opt/airflow/dags/driven_data_pipeline.py took 0.416 seconds
[2025-07-02T20:02:09.301+0000] {processor.py:186} INFO - Started process (PID=112) to work on /opt/airflow/dags/driven_data_pipeline.py
[2025-07-02T20:02:09.302+0000] {processor.py:914} INFO - Processing file /opt/airflow/dags/driven_data_pipeline.py for tasks to queue
[2025-07-02T20:02:09.306+0000] {logging_mixin.py:190} INFO - [2025-07-02T20:02:09.306+0000] {dagbag.py:588} INFO - Filling up the DagBag from /opt/airflow/dags/driven_data_pipeline.py
[2025-07-02T20:02:09.568+0000] {processor.py:925} INFO - DAG(s) 'extract_raw_data_pipeline' retrieved from /opt/airflow/dags/driven_data_pipeline.py
[2025-07-02T20:02:09.607+0000] {logging_mixin.py:190} INFO - [2025-07-02T20:02:09.606+0000] {dag.py:3239} INFO - Sync 1 DAGs
[2025-07-02T20:02:09.641+0000] {logging_mixin.py:190} INFO - [2025-07-02T20:02:09.641+0000] {dag.py:4180} INFO - Setting next_dagrun for extract_raw_data_pipeline to 2025-07-02 07:59:00+00:00, run_after=2025-07-03 07:00:00+00:00
[2025-07-02T20:02:09.677+0000] {processor.py:208} INFO - Processing /opt/airflow/dags/driven_data_pipeline.py took 0.385 seconds
[2025-07-02T20:02:40.056+0000] {processor.py:186} INFO - Started process (PID=120) to work on /opt/airflow/dags/driven_data_pipeline.py
[2025-07-02T20:02:40.058+0000] {processor.py:914} INFO - Processing file /opt/airflow/dags/driven_data_pipeline.py for tasks to queue
[2025-07-02T20:02:40.065+0000] {logging_mixin.py:190} INFO - [2025-07-02T20:02:40.063+0000] {dagbag.py:588} INFO - Filling up the DagBag from /opt/airflow/dags/driven_data_pipeline.py
[2025-07-02T20:02:40.351+0000] {processor.py:925} INFO - DAG(s) 'extract_raw_data_pipeline' retrieved from /opt/airflow/dags/driven_data_pipeline.py
[2025-07-02T20:02:40.390+0000] {logging_mixin.py:190} INFO - [2025-07-02T20:02:40.390+0000] {dag.py:3239} INFO - Sync 1 DAGs
[2025-07-02T20:02:40.423+0000] {logging_mixin.py:190} INFO - [2025-07-02T20:02:40.423+0000] {dag.py:4180} INFO - Setting next_dagrun for extract_raw_data_pipeline to 2025-07-02 07:59:00+00:00, run_after=2025-07-03 07:00:00+00:00
[2025-07-02T20:02:40.453+0000] {processor.py:208} INFO - Processing /opt/airflow/dags/driven_data_pipeline.py took 0.409 seconds
[2025-07-02T20:03:10.860+0000] {processor.py:186} INFO - Started process (PID=129) to work on /opt/airflow/dags/driven_data_pipeline.py
[2025-07-02T20:03:10.865+0000] {processor.py:914} INFO - Processing file /opt/airflow/dags/driven_data_pipeline.py for tasks to queue
[2025-07-02T20:03:10.873+0000] {logging_mixin.py:190} INFO - [2025-07-02T20:03:10.871+0000] {dagbag.py:588} INFO - Filling up the DagBag from /opt/airflow/dags/driven_data_pipeline.py
[2025-07-02T20:03:11.258+0000] {processor.py:925} INFO - DAG(s) 'extract_raw_data_pipeline' retrieved from /opt/airflow/dags/driven_data_pipeline.py
[2025-07-02T20:03:11.302+0000] {logging_mixin.py:190} INFO - [2025-07-02T20:03:11.301+0000] {dag.py:3239} INFO - Sync 1 DAGs
[2025-07-02T20:03:11.347+0000] {logging_mixin.py:190} INFO - [2025-07-02T20:03:11.347+0000] {dag.py:4180} INFO - Setting next_dagrun for extract_raw_data_pipeline to 2025-07-02 07:59:00+00:00, run_after=2025-07-03 07:00:00+00:00
[2025-07-02T20:03:11.387+0000] {processor.py:208} INFO - Processing /opt/airflow/dags/driven_data_pipeline.py took 0.545 seconds
[2025-07-02T20:03:41.723+0000] {processor.py:186} INFO - Started process (PID=137) to work on /opt/airflow/dags/driven_data_pipeline.py
[2025-07-02T20:03:41.725+0000] {processor.py:914} INFO - Processing file /opt/airflow/dags/driven_data_pipeline.py for tasks to queue
[2025-07-02T20:03:41.739+0000] {logging_mixin.py:190} INFO - [2025-07-02T20:03:41.738+0000] {dagbag.py:588} INFO - Filling up the DagBag from /opt/airflow/dags/driven_data_pipeline.py
[2025-07-02T20:03:42.122+0000] {processor.py:925} INFO - DAG(s) 'extract_raw_data_pipeline' retrieved from /opt/airflow/dags/driven_data_pipeline.py
[2025-07-02T20:03:42.173+0000] {logging_mixin.py:190} INFO - [2025-07-02T20:03:42.173+0000] {dag.py:3239} INFO - Sync 1 DAGs
[2025-07-02T20:03:42.217+0000] {logging_mixin.py:190} INFO - [2025-07-02T20:03:42.216+0000] {dag.py:4180} INFO - Setting next_dagrun for extract_raw_data_pipeline to 2025-07-02 07:59:00+00:00, run_after=2025-07-03 07:00:00+00:00
[2025-07-02T20:03:42.256+0000] {processor.py:208} INFO - Processing /opt/airflow/dags/driven_data_pipeline.py took 0.554 seconds
[2025-07-02T20:03:47.999+0000] {processor.py:186} INFO - Started process (PID=145) to work on /opt/airflow/dags/driven_data_pipeline.py
[2025-07-02T20:03:48.002+0000] {processor.py:914} INFO - Processing file /opt/airflow/dags/driven_data_pipeline.py for tasks to queue
[2025-07-02T20:03:48.009+0000] {logging_mixin.py:190} INFO - [2025-07-02T20:03:48.008+0000] {dagbag.py:588} INFO - Filling up the DagBag from /opt/airflow/dags/driven_data_pipeline.py
[2025-07-02T20:03:48.364+0000] {processor.py:925} INFO - DAG(s) 'extract_raw_data_pipeline' retrieved from /opt/airflow/dags/driven_data_pipeline.py
[2025-07-02T20:03:48.407+0000] {logging_mixin.py:190} INFO - [2025-07-02T20:03:48.407+0000] {dag.py:3239} INFO - Sync 1 DAGs
[2025-07-02T20:03:48.451+0000] {logging_mixin.py:190} INFO - [2025-07-02T20:03:48.451+0000] {dag.py:4180} INFO - Setting next_dagrun for extract_raw_data_pipeline to 2025-07-02 07:59:00+00:00, run_after=2025-07-03 07:00:00+00:00
[2025-07-02T20:03:48.484+0000] {processor.py:208} INFO - Processing /opt/airflow/dags/driven_data_pipeline.py took 0.517 seconds
[2025-07-02T20:04:18.730+0000] {processor.py:186} INFO - Started process (PID=153) to work on /opt/airflow/dags/driven_data_pipeline.py
[2025-07-02T20:04:18.733+0000] {processor.py:914} INFO - Processing file /opt/airflow/dags/driven_data_pipeline.py for tasks to queue
[2025-07-02T20:04:18.738+0000] {logging_mixin.py:190} INFO - [2025-07-02T20:04:18.738+0000] {dagbag.py:588} INFO - Filling up the DagBag from /opt/airflow/dags/driven_data_pipeline.py
[2025-07-02T20:04:19.129+0000] {processor.py:925} INFO - DAG(s) 'extract_raw_data_pipeline' retrieved from /opt/airflow/dags/driven_data_pipeline.py
[2025-07-02T20:04:19.200+0000] {logging_mixin.py:190} INFO - [2025-07-02T20:04:19.200+0000] {dag.py:3239} INFO - Sync 1 DAGs
[2025-07-02T20:04:19.260+0000] {logging_mixin.py:190} INFO - [2025-07-02T20:04:19.259+0000] {dag.py:4180} INFO - Setting next_dagrun for extract_raw_data_pipeline to 2025-07-02 07:59:00+00:00, run_after=2025-07-03 07:00:00+00:00
[2025-07-02T20:04:19.303+0000] {processor.py:208} INFO - Processing /opt/airflow/dags/driven_data_pipeline.py took 0.584 seconds
[2025-07-02T20:04:49.699+0000] {processor.py:186} INFO - Started process (PID=161) to work on /opt/airflow/dags/driven_data_pipeline.py
[2025-07-02T20:04:49.701+0000] {processor.py:914} INFO - Processing file /opt/airflow/dags/driven_data_pipeline.py for tasks to queue
[2025-07-02T20:04:49.708+0000] {logging_mixin.py:190} INFO - [2025-07-02T20:04:49.707+0000] {dagbag.py:588} INFO - Filling up the DagBag from /opt/airflow/dags/driven_data_pipeline.py
[2025-07-02T20:04:49.988+0000] {processor.py:925} INFO - DAG(s) 'extract_raw_data_pipeline' retrieved from /opt/airflow/dags/driven_data_pipeline.py
[2025-07-02T20:04:50.371+0000] {logging_mixin.py:190} INFO - [2025-07-02T20:04:50.371+0000] {dag.py:3239} INFO - Sync 1 DAGs
[2025-07-02T20:04:50.393+0000] {logging_mixin.py:190} INFO - [2025-07-02T20:04:50.392+0000] {dag.py:3262} INFO - Creating ORM DAG for extract_raw_data_pipeline
[2025-07-02T20:04:50.410+0000] {logging_mixin.py:190} INFO - [2025-07-02T20:04:50.409+0000] {dag.py:4180} INFO - Setting next_dagrun for extract_raw_data_pipeline to 2025-07-02 07:58:00+00:00, run_after=2025-07-02 07:59:00+00:00
[2025-07-02T20:04:50.439+0000] {processor.py:208} INFO - Processing /opt/airflow/dags/driven_data_pipeline.py took 0.753 seconds
[2025-07-02T20:05:20.977+0000] {processor.py:186} INFO - Started process (PID=170) to work on /opt/airflow/dags/driven_data_pipeline.py
[2025-07-02T20:05:20.980+0000] {processor.py:914} INFO - Processing file /opt/airflow/dags/driven_data_pipeline.py for tasks to queue
[2025-07-02T20:05:20.989+0000] {logging_mixin.py:190} INFO - [2025-07-02T20:05:20.988+0000] {dagbag.py:588} INFO - Filling up the DagBag from /opt/airflow/dags/driven_data_pipeline.py
[2025-07-02T20:05:21.569+0000] {processor.py:925} INFO - DAG(s) 'extract_raw_data_pipeline' retrieved from /opt/airflow/dags/driven_data_pipeline.py
[2025-07-02T20:05:21.704+0000] {logging_mixin.py:190} INFO - [2025-07-02T20:05:21.703+0000] {dag.py:3239} INFO - Sync 1 DAGs
[2025-07-02T20:05:21.842+0000] {logging_mixin.py:190} INFO - [2025-07-02T20:05:21.838+0000] {dag.py:4180} INFO - Setting next_dagrun for extract_raw_data_pipeline to 2025-07-02 07:58:00+00:00, run_after=2025-07-02 07:59:00+00:00
[2025-07-02T20:05:21.925+0000] {processor.py:208} INFO - Processing /opt/airflow/dags/driven_data_pipeline.py took 0.990 seconds
[2025-07-02T20:05:52.358+0000] {processor.py:186} INFO - Started process (PID=178) to work on /opt/airflow/dags/driven_data_pipeline.py
[2025-07-02T20:05:52.360+0000] {processor.py:914} INFO - Processing file /opt/airflow/dags/driven_data_pipeline.py for tasks to queue
[2025-07-02T20:05:52.366+0000] {logging_mixin.py:190} INFO - [2025-07-02T20:05:52.365+0000] {dagbag.py:588} INFO - Filling up the DagBag from /opt/airflow/dags/driven_data_pipeline.py
[2025-07-02T20:05:52.625+0000] {processor.py:925} INFO - DAG(s) 'extract_raw_data_pipeline' retrieved from /opt/airflow/dags/driven_data_pipeline.py
[2025-07-02T20:05:52.666+0000] {logging_mixin.py:190} INFO - [2025-07-02T20:05:52.666+0000] {dag.py:3239} INFO - Sync 1 DAGs
[2025-07-02T20:05:52.702+0000] {logging_mixin.py:190} INFO - [2025-07-02T20:05:52.702+0000] {dag.py:4180} INFO - Setting next_dagrun for extract_raw_data_pipeline to 2025-07-02 07:59:00+00:00, run_after=2025-07-03 07:00:00+00:00
[2025-07-02T20:05:52.734+0000] {processor.py:208} INFO - Processing /opt/airflow/dags/driven_data_pipeline.py took 0.386 seconds
[2025-07-02T20:06:23.128+0000] {processor.py:186} INFO - Started process (PID=186) to work on /opt/airflow/dags/driven_data_pipeline.py
[2025-07-02T20:06:23.130+0000] {processor.py:914} INFO - Processing file /opt/airflow/dags/driven_data_pipeline.py for tasks to queue
[2025-07-02T20:06:23.135+0000] {logging_mixin.py:190} INFO - [2025-07-02T20:06:23.134+0000] {dagbag.py:588} INFO - Filling up the DagBag from /opt/airflow/dags/driven_data_pipeline.py
[2025-07-02T20:06:23.448+0000] {processor.py:925} INFO - DAG(s) 'extract_raw_data_pipeline' retrieved from /opt/airflow/dags/driven_data_pipeline.py
[2025-07-02T20:06:23.492+0000] {logging_mixin.py:190} INFO - [2025-07-02T20:06:23.491+0000] {dag.py:3239} INFO - Sync 1 DAGs
[2025-07-02T20:06:23.532+0000] {logging_mixin.py:190} INFO - [2025-07-02T20:06:23.532+0000] {dag.py:4180} INFO - Setting next_dagrun for extract_raw_data_pipeline to 2025-07-02 07:59:00+00:00, run_after=2025-07-03 07:00:00+00:00
[2025-07-02T20:06:23.573+0000] {processor.py:208} INFO - Processing /opt/airflow/dags/driven_data_pipeline.py took 0.455 seconds
[2025-07-02T20:06:53.935+0000] {processor.py:186} INFO - Started process (PID=194) to work on /opt/airflow/dags/driven_data_pipeline.py
[2025-07-02T20:06:53.938+0000] {processor.py:914} INFO - Processing file /opt/airflow/dags/driven_data_pipeline.py for tasks to queue
[2025-07-02T20:06:53.945+0000] {logging_mixin.py:190} INFO - [2025-07-02T20:06:53.944+0000] {dagbag.py:588} INFO - Filling up the DagBag from /opt/airflow/dags/driven_data_pipeline.py
[2025-07-02T20:06:54.288+0000] {processor.py:925} INFO - DAG(s) 'extract_raw_data_pipeline' retrieved from /opt/airflow/dags/driven_data_pipeline.py
[2025-07-02T20:06:54.337+0000] {logging_mixin.py:190} INFO - [2025-07-02T20:06:54.336+0000] {dag.py:3239} INFO - Sync 1 DAGs
[2025-07-02T20:06:54.373+0000] {logging_mixin.py:190} INFO - [2025-07-02T20:06:54.372+0000] {dag.py:4180} INFO - Setting next_dagrun for extract_raw_data_pipeline to 2025-07-02 07:59:00+00:00, run_after=2025-07-03 07:00:00+00:00
[2025-07-02T20:06:54.407+0000] {processor.py:208} INFO - Processing /opt/airflow/dags/driven_data_pipeline.py took 0.481 seconds
[2025-07-02T20:07:24.754+0000] {processor.py:186} INFO - Started process (PID=202) to work on /opt/airflow/dags/driven_data_pipeline.py
[2025-07-02T20:07:24.756+0000] {processor.py:914} INFO - Processing file /opt/airflow/dags/driven_data_pipeline.py for tasks to queue
[2025-07-02T20:07:24.762+0000] {logging_mixin.py:190} INFO - [2025-07-02T20:07:24.761+0000] {dagbag.py:588} INFO - Filling up the DagBag from /opt/airflow/dags/driven_data_pipeline.py
[2025-07-02T20:07:25.075+0000] {processor.py:925} INFO - DAG(s) 'extract_raw_data_pipeline' retrieved from /opt/airflow/dags/driven_data_pipeline.py
[2025-07-02T20:07:25.126+0000] {logging_mixin.py:190} INFO - [2025-07-02T20:07:25.126+0000] {dag.py:3239} INFO - Sync 1 DAGs
[2025-07-02T20:07:25.171+0000] {logging_mixin.py:190} INFO - [2025-07-02T20:07:25.171+0000] {dag.py:4180} INFO - Setting next_dagrun for extract_raw_data_pipeline to 2025-07-02 07:59:00+00:00, run_after=2025-07-03 07:00:00+00:00
[2025-07-02T20:07:25.206+0000] {processor.py:208} INFO - Processing /opt/airflow/dags/driven_data_pipeline.py took 0.462 seconds
[2025-07-02T20:07:55.554+0000] {processor.py:186} INFO - Started process (PID=210) to work on /opt/airflow/dags/driven_data_pipeline.py
[2025-07-02T20:07:55.556+0000] {processor.py:914} INFO - Processing file /opt/airflow/dags/driven_data_pipeline.py for tasks to queue
[2025-07-02T20:07:55.560+0000] {logging_mixin.py:190} INFO - [2025-07-02T20:07:55.559+0000] {dagbag.py:588} INFO - Filling up the DagBag from /opt/airflow/dags/driven_data_pipeline.py
[2025-07-02T20:07:55.849+0000] {processor.py:925} INFO - DAG(s) 'extract_raw_data_pipeline' retrieved from /opt/airflow/dags/driven_data_pipeline.py
[2025-07-02T20:07:55.897+0000] {logging_mixin.py:190} INFO - [2025-07-02T20:07:55.896+0000] {dag.py:3239} INFO - Sync 1 DAGs
[2025-07-02T20:07:55.938+0000] {logging_mixin.py:190} INFO - [2025-07-02T20:07:55.938+0000] {dag.py:4180} INFO - Setting next_dagrun for extract_raw_data_pipeline to 2025-07-02 07:59:00+00:00, run_after=2025-07-03 07:00:00+00:00
[2025-07-02T20:07:55.970+0000] {processor.py:208} INFO - Processing /opt/airflow/dags/driven_data_pipeline.py took 0.426 seconds
[2025-07-02T20:08:26.362+0000] {processor.py:186} INFO - Started process (PID=218) to work on /opt/airflow/dags/driven_data_pipeline.py
[2025-07-02T20:08:26.364+0000] {processor.py:914} INFO - Processing file /opt/airflow/dags/driven_data_pipeline.py for tasks to queue
[2025-07-02T20:08:26.369+0000] {logging_mixin.py:190} INFO - [2025-07-02T20:08:26.368+0000] {dagbag.py:588} INFO - Filling up the DagBag from /opt/airflow/dags/driven_data_pipeline.py
[2025-07-02T20:08:26.711+0000] {processor.py:925} INFO - DAG(s) 'extract_raw_data_pipeline' retrieved from /opt/airflow/dags/driven_data_pipeline.py
[2025-07-02T20:08:26.766+0000] {logging_mixin.py:190} INFO - [2025-07-02T20:08:26.765+0000] {dag.py:3239} INFO - Sync 1 DAGs
[2025-07-02T20:08:26.819+0000] {logging_mixin.py:190} INFO - [2025-07-02T20:08:26.818+0000] {dag.py:4180} INFO - Setting next_dagrun for extract_raw_data_pipeline to 2025-07-02 07:59:00+00:00, run_after=2025-07-03 07:00:00+00:00
[2025-07-02T20:08:26.852+0000] {processor.py:208} INFO - Processing /opt/airflow/dags/driven_data_pipeline.py took 0.501 seconds
[2025-07-02T20:08:57.268+0000] {processor.py:186} INFO - Started process (PID=225) to work on /opt/airflow/dags/driven_data_pipeline.py
[2025-07-02T20:08:57.271+0000] {processor.py:914} INFO - Processing file /opt/airflow/dags/driven_data_pipeline.py for tasks to queue
[2025-07-02T20:08:57.287+0000] {logging_mixin.py:190} INFO - [2025-07-02T20:08:57.285+0000] {dagbag.py:588} INFO - Filling up the DagBag from /opt/airflow/dags/driven_data_pipeline.py
[2025-07-02T20:08:57.592+0000] {processor.py:925} INFO - DAG(s) 'extract_raw_data_pipeline' retrieved from /opt/airflow/dags/driven_data_pipeline.py
[2025-07-02T20:08:57.763+0000] {logging_mixin.py:190} INFO - [2025-07-02T20:08:57.762+0000] {dag.py:3239} INFO - Sync 1 DAGs
[2025-07-02T20:08:57.778+0000] {logging_mixin.py:190} INFO - [2025-07-02T20:08:57.778+0000] {dag.py:3262} INFO - Creating ORM DAG for extract_raw_data_pipeline
[2025-07-02T20:08:57.793+0000] {logging_mixin.py:190} INFO - [2025-07-02T20:08:57.792+0000] {dag.py:4180} INFO - Setting next_dagrun for extract_raw_data_pipeline to 2025-07-02 07:58:00+00:00, run_after=2025-07-02 07:59:00+00:00
[2025-07-02T20:08:57.821+0000] {processor.py:208} INFO - Processing /opt/airflow/dags/driven_data_pipeline.py took 0.562 seconds
[2025-07-02T20:12:00.360+0000] {processor.py:186} INFO - Started process (PID=64) to work on /opt/airflow/dags/driven_data_pipeline.py
[2025-07-02T20:12:00.368+0000] {processor.py:914} INFO - Processing file /opt/airflow/dags/driven_data_pipeline.py for tasks to queue
[2025-07-02T20:12:00.395+0000] {logging_mixin.py:190} INFO - [2025-07-02T20:12:00.394+0000] {dagbag.py:588} INFO - Filling up the DagBag from /opt/airflow/dags/driven_data_pipeline.py
[2025-07-02T20:12:03.516+0000] {processor.py:925} INFO - DAG(s) 'extract_raw_data_pipeline' retrieved from /opt/airflow/dags/driven_data_pipeline.py
[2025-07-02T20:12:04.694+0000] {logging_mixin.py:190} INFO - [2025-07-02T20:12:04.693+0000] {override.py:1900} INFO - Created Permission View: can delete on DAG:extract_raw_data_pipeline
[2025-07-02T20:12:04.728+0000] {logging_mixin.py:190} INFO - [2025-07-02T20:12:04.728+0000] {override.py:1900} INFO - Created Permission View: can edit on DAG:extract_raw_data_pipeline
[2025-07-02T20:12:04.744+0000] {logging_mixin.py:190} INFO - [2025-07-02T20:12:04.743+0000] {override.py:1900} INFO - Created Permission View: can read on DAG:extract_raw_data_pipeline
[2025-07-02T20:12:04.765+0000] {logging_mixin.py:190} INFO - [2025-07-02T20:12:04.765+0000] {override.py:1900} INFO - Created Permission View: can delete on DAG Run:extract_raw_data_pipeline
[2025-07-02T20:12:04.789+0000] {logging_mixin.py:190} INFO - [2025-07-02T20:12:04.788+0000] {override.py:1900} INFO - Created Permission View: can read on DAG Run:extract_raw_data_pipeline
[2025-07-02T20:12:04.813+0000] {logging_mixin.py:190} INFO - [2025-07-02T20:12:04.813+0000] {override.py:1900} INFO - Created Permission View: menu access on DAG Run:extract_raw_data_pipeline
[2025-07-02T20:12:04.832+0000] {logging_mixin.py:190} INFO - [2025-07-02T20:12:04.832+0000] {override.py:1900} INFO - Created Permission View: can create on DAG Run:extract_raw_data_pipeline
[2025-07-02T20:12:04.833+0000] {logging_mixin.py:190} INFO - [2025-07-02T20:12:04.833+0000] {dag.py:3239} INFO - Sync 1 DAGs
[2025-07-02T20:12:04.861+0000] {logging_mixin.py:190} INFO - [2025-07-02T20:12:04.861+0000] {dag.py:3262} INFO - Creating ORM DAG for extract_raw_data_pipeline
[2025-07-02T20:12:04.912+0000] {logging_mixin.py:190} INFO - [2025-07-02T20:12:04.911+0000] {dag.py:4180} INFO - Setting next_dagrun for extract_raw_data_pipeline to 2025-07-02 07:58:00+00:00, run_after=2025-07-02 07:59:00+00:00
[2025-07-02T20:12:04.976+0000] {processor.py:208} INFO - Processing /opt/airflow/dags/driven_data_pipeline.py took 4.663 seconds
[2025-07-02T20:12:37.198+0000] {processor.py:186} INFO - Started process (PID=72) to work on /opt/airflow/dags/driven_data_pipeline.py
[2025-07-02T20:12:37.235+0000] {processor.py:914} INFO - Processing file /opt/airflow/dags/driven_data_pipeline.py for tasks to queue
[2025-07-02T20:12:37.769+0000] {logging_mixin.py:190} INFO - [2025-07-02T20:12:37.703+0000] {dagbag.py:588} INFO - Filling up the DagBag from /opt/airflow/dags/driven_data_pipeline.py
[2025-07-02T20:12:53.292+0000] {processor.py:925} INFO - DAG(s) 'extract_raw_data_pipeline' retrieved from /opt/airflow/dags/driven_data_pipeline.py
[2025-07-02T20:12:53.353+0000] {logging_mixin.py:190} INFO - [2025-07-02T20:12:53.353+0000] {dag.py:3239} INFO - Sync 1 DAGs
[2025-07-02T20:12:53.397+0000] {logging_mixin.py:190} INFO - [2025-07-02T20:12:53.397+0000] {dag.py:4180} INFO - Setting next_dagrun for extract_raw_data_pipeline to 2025-07-02 07:58:00+00:00, run_after=2025-07-02 07:59:00+00:00
[2025-07-02T20:12:53.437+0000] {processor.py:208} INFO - Processing /opt/airflow/dags/driven_data_pipeline.py took 16.836 seconds
[2025-07-02T20:13:23.859+0000] {processor.py:186} INFO - Started process (PID=85) to work on /opt/airflow/dags/driven_data_pipeline.py
[2025-07-02T20:13:23.861+0000] {processor.py:914} INFO - Processing file /opt/airflow/dags/driven_data_pipeline.py for tasks to queue
[2025-07-02T20:13:23.866+0000] {logging_mixin.py:190} INFO - [2025-07-02T20:13:23.865+0000] {dagbag.py:588} INFO - Filling up the DagBag from /opt/airflow/dags/driven_data_pipeline.py
[2025-07-02T20:13:24.397+0000] {processor.py:925} INFO - DAG(s) 'extract_raw_data_pipeline' retrieved from /opt/airflow/dags/driven_data_pipeline.py
[2025-07-02T20:13:24.446+0000] {logging_mixin.py:190} INFO - [2025-07-02T20:13:24.446+0000] {dag.py:3239} INFO - Sync 1 DAGs
[2025-07-02T20:13:24.484+0000] {logging_mixin.py:190} INFO - [2025-07-02T20:13:24.483+0000] {dag.py:4180} INFO - Setting next_dagrun for extract_raw_data_pipeline to 2025-07-02 07:58:00+00:00, run_after=2025-07-02 07:59:00+00:00
[2025-07-02T20:13:24.510+0000] {processor.py:208} INFO - Processing /opt/airflow/dags/driven_data_pipeline.py took 0.662 seconds
[2025-07-02T20:13:54.758+0000] {processor.py:186} INFO - Started process (PID=94) to work on /opt/airflow/dags/driven_data_pipeline.py
[2025-07-02T20:13:54.760+0000] {processor.py:914} INFO - Processing file /opt/airflow/dags/driven_data_pipeline.py for tasks to queue
[2025-07-02T20:13:54.764+0000] {logging_mixin.py:190} INFO - [2025-07-02T20:13:54.763+0000] {dagbag.py:588} INFO - Filling up the DagBag from /opt/airflow/dags/driven_data_pipeline.py
[2025-07-02T20:13:55.286+0000] {processor.py:925} INFO - DAG(s) 'extract_raw_data_pipeline' retrieved from /opt/airflow/dags/driven_data_pipeline.py
[2025-07-02T20:13:55.326+0000] {logging_mixin.py:190} INFO - [2025-07-02T20:13:55.326+0000] {dag.py:3239} INFO - Sync 1 DAGs
[2025-07-02T20:13:55.359+0000] {logging_mixin.py:190} INFO - [2025-07-02T20:13:55.359+0000] {dag.py:4180} INFO - Setting next_dagrun for extract_raw_data_pipeline to 2025-07-02 07:58:00+00:00, run_after=2025-07-02 07:59:00+00:00
[2025-07-02T20:13:55.391+0000] {processor.py:208} INFO - Processing /opt/airflow/dags/driven_data_pipeline.py took 0.642 seconds
[2025-07-02T20:14:25.919+0000] {processor.py:186} INFO - Started process (PID=102) to work on /opt/airflow/dags/driven_data_pipeline.py
[2025-07-02T20:14:25.927+0000] {processor.py:914} INFO - Processing file /opt/airflow/dags/driven_data_pipeline.py for tasks to queue
[2025-07-02T20:14:25.937+0000] {logging_mixin.py:190} INFO - [2025-07-02T20:14:25.936+0000] {dagbag.py:588} INFO - Filling up the DagBag from /opt/airflow/dags/driven_data_pipeline.py
[2025-07-02T20:14:27.800+0000] {processor.py:925} INFO - DAG(s) 'extract_raw_data_pipeline' retrieved from /opt/airflow/dags/driven_data_pipeline.py
[2025-07-02T20:14:27.928+0000] {logging_mixin.py:190} INFO - [2025-07-02T20:14:27.928+0000] {dag.py:3239} INFO - Sync 1 DAGs
[2025-07-02T20:14:28.025+0000] {logging_mixin.py:190} INFO - [2025-07-02T20:14:28.024+0000] {dag.py:4180} INFO - Setting next_dagrun for extract_raw_data_pipeline to 2025-07-02 07:58:00+00:00, run_after=2025-07-02 07:59:00+00:00
[2025-07-02T20:14:28.101+0000] {processor.py:208} INFO - Processing /opt/airflow/dags/driven_data_pipeline.py took 2.214 seconds
[2025-07-02T20:14:58.582+0000] {processor.py:186} INFO - Started process (PID=109) to work on /opt/airflow/dags/driven_data_pipeline.py
[2025-07-02T20:14:58.584+0000] {processor.py:914} INFO - Processing file /opt/airflow/dags/driven_data_pipeline.py for tasks to queue
[2025-07-02T20:14:58.594+0000] {logging_mixin.py:190} INFO - [2025-07-02T20:14:58.594+0000] {dagbag.py:588} INFO - Filling up the DagBag from /opt/airflow/dags/driven_data_pipeline.py
[2025-07-02T20:14:59.098+0000] {processor.py:925} INFO - DAG(s) 'extract_raw_data_pipeline' retrieved from /opt/airflow/dags/driven_data_pipeline.py
[2025-07-02T20:14:59.132+0000] {logging_mixin.py:190} INFO - [2025-07-02T20:14:59.132+0000] {dag.py:3239} INFO - Sync 1 DAGs
[2025-07-02T20:14:59.162+0000] {logging_mixin.py:190} INFO - [2025-07-02T20:14:59.162+0000] {dag.py:4180} INFO - Setting next_dagrun for extract_raw_data_pipeline to 2025-07-02 07:58:00+00:00, run_after=2025-07-02 07:59:00+00:00
[2025-07-02T20:14:59.187+0000] {processor.py:208} INFO - Processing /opt/airflow/dags/driven_data_pipeline.py took 0.626 seconds
[2025-07-02T20:15:29.649+0000] {processor.py:186} INFO - Started process (PID=118) to work on /opt/airflow/dags/driven_data_pipeline.py
[2025-07-02T20:15:29.651+0000] {processor.py:914} INFO - Processing file /opt/airflow/dags/driven_data_pipeline.py for tasks to queue
[2025-07-02T20:15:29.656+0000] {logging_mixin.py:190} INFO - [2025-07-02T20:15:29.655+0000] {dagbag.py:588} INFO - Filling up the DagBag from /opt/airflow/dags/driven_data_pipeline.py
[2025-07-02T20:15:30.347+0000] {processor.py:925} INFO - DAG(s) 'extract_raw_data_pipeline' retrieved from /opt/airflow/dags/driven_data_pipeline.py
[2025-07-02T20:15:30.406+0000] {logging_mixin.py:190} INFO - [2025-07-02T20:15:30.405+0000] {dag.py:3239} INFO - Sync 1 DAGs
[2025-07-02T20:15:30.456+0000] {logging_mixin.py:190} INFO - [2025-07-02T20:15:30.455+0000] {dag.py:4180} INFO - Setting next_dagrun for extract_raw_data_pipeline to 2025-07-02 07:58:00+00:00, run_after=2025-07-02 07:59:00+00:00
[2025-07-02T20:15:30.514+0000] {processor.py:208} INFO - Processing /opt/airflow/dags/driven_data_pipeline.py took 0.876 seconds
[2025-07-02T20:16:00.939+0000] {processor.py:186} INFO - Started process (PID=126) to work on /opt/airflow/dags/driven_data_pipeline.py
[2025-07-02T20:16:00.940+0000] {processor.py:914} INFO - Processing file /opt/airflow/dags/driven_data_pipeline.py for tasks to queue
[2025-07-02T20:16:00.945+0000] {logging_mixin.py:190} INFO - [2025-07-02T20:16:00.944+0000] {dagbag.py:588} INFO - Filling up the DagBag from /opt/airflow/dags/driven_data_pipeline.py
[2025-07-02T20:16:01.684+0000] {processor.py:925} INFO - DAG(s) 'extract_raw_data_pipeline' retrieved from /opt/airflow/dags/driven_data_pipeline.py
[2025-07-02T20:16:01.733+0000] {logging_mixin.py:190} INFO - [2025-07-02T20:16:01.732+0000] {dag.py:3239} INFO - Sync 1 DAGs
[2025-07-02T20:16:01.773+0000] {logging_mixin.py:190} INFO - [2025-07-02T20:16:01.772+0000] {dag.py:4180} INFO - Setting next_dagrun for extract_raw_data_pipeline to 2025-07-02 07:58:00+00:00, run_after=2025-07-02 07:59:00+00:00
[2025-07-02T20:16:01.811+0000] {processor.py:208} INFO - Processing /opt/airflow/dags/driven_data_pipeline.py took 0.883 seconds
[2025-07-02T20:16:32.325+0000] {processor.py:186} INFO - Started process (PID=136) to work on /opt/airflow/dags/driven_data_pipeline.py
[2025-07-02T20:16:32.329+0000] {processor.py:914} INFO - Processing file /opt/airflow/dags/driven_data_pipeline.py for tasks to queue
[2025-07-02T20:16:32.334+0000] {logging_mixin.py:190} INFO - [2025-07-02T20:16:32.333+0000] {dagbag.py:588} INFO - Filling up the DagBag from /opt/airflow/dags/driven_data_pipeline.py
[2025-07-02T20:16:33.263+0000] {processor.py:925} INFO - DAG(s) 'extract_raw_data_pipeline' retrieved from /opt/airflow/dags/driven_data_pipeline.py
[2025-07-02T20:16:33.325+0000] {logging_mixin.py:190} INFO - [2025-07-02T20:16:33.324+0000] {dag.py:3239} INFO - Sync 1 DAGs
[2025-07-02T20:16:33.389+0000] {logging_mixin.py:190} INFO - [2025-07-02T20:16:33.389+0000] {dag.py:4180} INFO - Setting next_dagrun for extract_raw_data_pipeline to 2025-07-02 07:59:00+00:00, run_after=2025-07-03 07:00:00+00:00
[2025-07-02T20:16:33.426+0000] {processor.py:208} INFO - Processing /opt/airflow/dags/driven_data_pipeline.py took 1.116 seconds
[2025-07-02T20:17:04.467+0000] {processor.py:186} INFO - Started process (PID=145) to work on /opt/airflow/dags/driven_data_pipeline.py
[2025-07-02T20:17:04.469+0000] {processor.py:914} INFO - Processing file /opt/airflow/dags/driven_data_pipeline.py for tasks to queue
[2025-07-02T20:17:04.475+0000] {logging_mixin.py:190} INFO - [2025-07-02T20:17:04.474+0000] {dagbag.py:588} INFO - Filling up the DagBag from /opt/airflow/dags/driven_data_pipeline.py
[2025-07-02T20:17:04.754+0000] {processor.py:925} INFO - DAG(s) 'extract_raw_data_pipeline' retrieved from /opt/airflow/dags/driven_data_pipeline.py
[2025-07-02T20:17:04.796+0000] {logging_mixin.py:190} INFO - [2025-07-02T20:17:04.796+0000] {dag.py:3239} INFO - Sync 1 DAGs
[2025-07-02T20:17:04.833+0000] {logging_mixin.py:190} INFO - [2025-07-02T20:17:04.833+0000] {dag.py:4180} INFO - Setting next_dagrun for extract_raw_data_pipeline to 2025-07-02 07:59:00+00:00, run_after=2025-07-03 07:00:00+00:00
[2025-07-02T20:17:04.863+0000] {processor.py:208} INFO - Processing /opt/airflow/dags/driven_data_pipeline.py took 0.409 seconds
[2025-07-02T20:17:35.227+0000] {processor.py:186} INFO - Started process (PID=153) to work on /opt/airflow/dags/driven_data_pipeline.py
[2025-07-02T20:17:35.230+0000] {processor.py:914} INFO - Processing file /opt/airflow/dags/driven_data_pipeline.py for tasks to queue
[2025-07-02T20:17:35.235+0000] {logging_mixin.py:190} INFO - [2025-07-02T20:17:35.234+0000] {dagbag.py:588} INFO - Filling up the DagBag from /opt/airflow/dags/driven_data_pipeline.py
[2025-07-02T20:17:35.491+0000] {processor.py:925} INFO - DAG(s) 'extract_raw_data_pipeline' retrieved from /opt/airflow/dags/driven_data_pipeline.py
[2025-07-02T20:17:35.531+0000] {logging_mixin.py:190} INFO - [2025-07-02T20:17:35.531+0000] {dag.py:3239} INFO - Sync 1 DAGs
[2025-07-02T20:17:35.564+0000] {logging_mixin.py:190} INFO - [2025-07-02T20:17:35.564+0000] {dag.py:4180} INFO - Setting next_dagrun for extract_raw_data_pipeline to 2025-07-02 07:59:00+00:00, run_after=2025-07-03 07:00:00+00:00
[2025-07-02T20:17:35.591+0000] {processor.py:208} INFO - Processing /opt/airflow/dags/driven_data_pipeline.py took 0.377 seconds
[2025-07-02T20:18:05.932+0000] {processor.py:186} INFO - Started process (PID=161) to work on /opt/airflow/dags/driven_data_pipeline.py
[2025-07-02T20:18:05.934+0000] {processor.py:914} INFO - Processing file /opt/airflow/dags/driven_data_pipeline.py for tasks to queue
[2025-07-02T20:18:05.939+0000] {logging_mixin.py:190} INFO - [2025-07-02T20:18:05.939+0000] {dagbag.py:588} INFO - Filling up the DagBag from /opt/airflow/dags/driven_data_pipeline.py
[2025-07-02T20:18:06.290+0000] {processor.py:925} INFO - DAG(s) 'extract_raw_data_pipeline' retrieved from /opt/airflow/dags/driven_data_pipeline.py
[2025-07-02T20:18:06.341+0000] {logging_mixin.py:190} INFO - [2025-07-02T20:18:06.341+0000] {dag.py:3239} INFO - Sync 1 DAGs
[2025-07-02T20:18:06.381+0000] {logging_mixin.py:190} INFO - [2025-07-02T20:18:06.380+0000] {dag.py:4180} INFO - Setting next_dagrun for extract_raw_data_pipeline to 2025-07-02 07:59:00+00:00, run_after=2025-07-03 07:00:00+00:00
[2025-07-02T20:18:06.419+0000] {processor.py:208} INFO - Processing /opt/airflow/dags/driven_data_pipeline.py took 0.499 seconds
[2025-07-02T20:18:36.803+0000] {processor.py:186} INFO - Started process (PID=170) to work on /opt/airflow/dags/driven_data_pipeline.py
[2025-07-02T20:18:36.805+0000] {processor.py:914} INFO - Processing file /opt/airflow/dags/driven_data_pipeline.py for tasks to queue
[2025-07-02T20:18:36.810+0000] {logging_mixin.py:190} INFO - [2025-07-02T20:18:36.809+0000] {dagbag.py:588} INFO - Filling up the DagBag from /opt/airflow/dags/driven_data_pipeline.py
[2025-07-02T20:18:37.098+0000] {processor.py:925} INFO - DAG(s) 'extract_raw_data_pipeline' retrieved from /opt/airflow/dags/driven_data_pipeline.py
[2025-07-02T20:18:37.140+0000] {logging_mixin.py:190} INFO - [2025-07-02T20:18:37.139+0000] {dag.py:3239} INFO - Sync 1 DAGs
[2025-07-02T20:18:37.175+0000] {logging_mixin.py:190} INFO - [2025-07-02T20:18:37.175+0000] {dag.py:4180} INFO - Setting next_dagrun for extract_raw_data_pipeline to 2025-07-02 07:59:00+00:00, run_after=2025-07-03 07:00:00+00:00
[2025-07-02T20:18:37.206+0000] {processor.py:208} INFO - Processing /opt/airflow/dags/driven_data_pipeline.py took 0.414 seconds
[2025-07-02T20:19:07.520+0000] {processor.py:186} INFO - Started process (PID=178) to work on /opt/airflow/dags/driven_data_pipeline.py
[2025-07-02T20:19:07.522+0000] {processor.py:914} INFO - Processing file /opt/airflow/dags/driven_data_pipeline.py for tasks to queue
[2025-07-02T20:19:07.528+0000] {logging_mixin.py:190} INFO - [2025-07-02T20:19:07.527+0000] {dagbag.py:588} INFO - Filling up the DagBag from /opt/airflow/dags/driven_data_pipeline.py
[2025-07-02T20:19:08.135+0000] {processor.py:925} INFO - DAG(s) 'extract_raw_data_pipeline' retrieved from /opt/airflow/dags/driven_data_pipeline.py
[2025-07-02T20:19:08.175+0000] {logging_mixin.py:190} INFO - [2025-07-02T20:19:08.175+0000] {dag.py:3239} INFO - Sync 1 DAGs
[2025-07-02T20:19:08.211+0000] {logging_mixin.py:190} INFO - [2025-07-02T20:19:08.210+0000] {dag.py:4180} INFO - Setting next_dagrun for extract_raw_data_pipeline to 2025-07-02 07:59:00+00:00, run_after=2025-07-03 07:00:00+00:00
[2025-07-02T20:19:08.247+0000] {processor.py:208} INFO - Processing /opt/airflow/dags/driven_data_pipeline.py took 0.737 seconds
[2025-07-02T20:19:38.598+0000] {processor.py:186} INFO - Started process (PID=185) to work on /opt/airflow/dags/driven_data_pipeline.py
[2025-07-02T20:19:38.600+0000] {processor.py:914} INFO - Processing file /opt/airflow/dags/driven_data_pipeline.py for tasks to queue
[2025-07-02T20:19:38.605+0000] {logging_mixin.py:190} INFO - [2025-07-02T20:19:38.604+0000] {dagbag.py:588} INFO - Filling up the DagBag from /opt/airflow/dags/driven_data_pipeline.py
[2025-07-02T20:19:38.991+0000] {processor.py:925} INFO - DAG(s) 'extract_raw_data_pipeline' retrieved from /opt/airflow/dags/driven_data_pipeline.py
[2025-07-02T20:19:39.042+0000] {logging_mixin.py:190} INFO - [2025-07-02T20:19:39.042+0000] {dag.py:3239} INFO - Sync 1 DAGs
[2025-07-02T20:19:39.083+0000] {logging_mixin.py:190} INFO - [2025-07-02T20:19:39.083+0000] {dag.py:4180} INFO - Setting next_dagrun for extract_raw_data_pipeline to 2025-07-02 07:59:00+00:00, run_after=2025-07-03 07:00:00+00:00
[2025-07-02T20:19:39.139+0000] {processor.py:208} INFO - Processing /opt/airflow/dags/driven_data_pipeline.py took 0.553 seconds
[2025-07-02T20:20:09.508+0000] {processor.py:186} INFO - Started process (PID=193) to work on /opt/airflow/dags/driven_data_pipeline.py
[2025-07-02T20:20:09.510+0000] {processor.py:914} INFO - Processing file /opt/airflow/dags/driven_data_pipeline.py for tasks to queue
[2025-07-02T20:20:09.514+0000] {logging_mixin.py:190} INFO - [2025-07-02T20:20:09.513+0000] {dagbag.py:588} INFO - Filling up the DagBag from /opt/airflow/dags/driven_data_pipeline.py
[2025-07-02T20:20:09.767+0000] {processor.py:925} INFO - DAG(s) 'extract_raw_data_pipeline' retrieved from /opt/airflow/dags/driven_data_pipeline.py
[2025-07-02T20:20:09.808+0000] {logging_mixin.py:190} INFO - [2025-07-02T20:20:09.808+0000] {dag.py:3239} INFO - Sync 1 DAGs
[2025-07-02T20:20:09.842+0000] {logging_mixin.py:190} INFO - [2025-07-02T20:20:09.841+0000] {dag.py:4180} INFO - Setting next_dagrun for extract_raw_data_pipeline to 2025-07-02 07:59:00+00:00, run_after=2025-07-03 07:00:00+00:00
[2025-07-02T20:20:09.897+0000] {processor.py:208} INFO - Processing /opt/airflow/dags/driven_data_pipeline.py took 0.399 seconds
[2025-07-02T20:20:40.245+0000] {processor.py:186} INFO - Started process (PID=201) to work on /opt/airflow/dags/driven_data_pipeline.py
[2025-07-02T20:20:40.248+0000] {processor.py:914} INFO - Processing file /opt/airflow/dags/driven_data_pipeline.py for tasks to queue
[2025-07-02T20:20:40.253+0000] {logging_mixin.py:190} INFO - [2025-07-02T20:20:40.253+0000] {dagbag.py:588} INFO - Filling up the DagBag from /opt/airflow/dags/driven_data_pipeline.py
[2025-07-02T20:20:40.497+0000] {processor.py:925} INFO - DAG(s) 'extract_raw_data_pipeline' retrieved from /opt/airflow/dags/driven_data_pipeline.py
[2025-07-02T20:20:40.535+0000] {logging_mixin.py:190} INFO - [2025-07-02T20:20:40.534+0000] {dag.py:3239} INFO - Sync 1 DAGs
[2025-07-02T20:20:40.571+0000] {logging_mixin.py:190} INFO - [2025-07-02T20:20:40.571+0000] {dag.py:4180} INFO - Setting next_dagrun for extract_raw_data_pipeline to 2025-07-02 07:59:00+00:00, run_after=2025-07-03 07:00:00+00:00
[2025-07-02T20:20:40.602+0000] {processor.py:208} INFO - Processing /opt/airflow/dags/driven_data_pipeline.py took 0.366 seconds
[2025-07-02T20:21:10.952+0000] {processor.py:186} INFO - Started process (PID=209) to work on /opt/airflow/dags/driven_data_pipeline.py
[2025-07-02T20:21:10.954+0000] {processor.py:914} INFO - Processing file /opt/airflow/dags/driven_data_pipeline.py for tasks to queue
[2025-07-02T20:21:10.958+0000] {logging_mixin.py:190} INFO - [2025-07-02T20:21:10.958+0000] {dagbag.py:588} INFO - Filling up the DagBag from /opt/airflow/dags/driven_data_pipeline.py
[2025-07-02T20:21:11.212+0000] {processor.py:925} INFO - DAG(s) 'extract_raw_data_pipeline' retrieved from /opt/airflow/dags/driven_data_pipeline.py
[2025-07-02T20:21:11.249+0000] {logging_mixin.py:190} INFO - [2025-07-02T20:21:11.249+0000] {dag.py:3239} INFO - Sync 1 DAGs
[2025-07-02T20:21:11.284+0000] {logging_mixin.py:190} INFO - [2025-07-02T20:21:11.283+0000] {dag.py:4180} INFO - Setting next_dagrun for extract_raw_data_pipeline to 2025-07-02 07:59:00+00:00, run_after=2025-07-03 07:00:00+00:00
[2025-07-02T20:21:11.312+0000] {processor.py:208} INFO - Processing /opt/airflow/dags/driven_data_pipeline.py took 0.370 seconds
[2025-07-02T20:21:41.657+0000] {processor.py:186} INFO - Started process (PID=217) to work on /opt/airflow/dags/driven_data_pipeline.py
[2025-07-02T20:21:41.659+0000] {processor.py:914} INFO - Processing file /opt/airflow/dags/driven_data_pipeline.py for tasks to queue
[2025-07-02T20:21:41.665+0000] {logging_mixin.py:190} INFO - [2025-07-02T20:21:41.665+0000] {dagbag.py:588} INFO - Filling up the DagBag from /opt/airflow/dags/driven_data_pipeline.py
[2025-07-02T20:21:41.963+0000] {processor.py:925} INFO - DAG(s) 'extract_raw_data_pipeline' retrieved from /opt/airflow/dags/driven_data_pipeline.py
[2025-07-02T20:21:42.007+0000] {logging_mixin.py:190} INFO - [2025-07-02T20:21:42.007+0000] {dag.py:3239} INFO - Sync 1 DAGs
[2025-07-02T20:21:42.061+0000] {logging_mixin.py:190} INFO - [2025-07-02T20:21:42.060+0000] {dag.py:4180} INFO - Setting next_dagrun for extract_raw_data_pipeline to 2025-07-02 07:59:00+00:00, run_after=2025-07-03 07:00:00+00:00
[2025-07-02T20:21:42.130+0000] {processor.py:208} INFO - Processing /opt/airflow/dags/driven_data_pipeline.py took 0.483 seconds
[2025-07-02T20:22:12.638+0000] {processor.py:186} INFO - Started process (PID=224) to work on /opt/airflow/dags/driven_data_pipeline.py
[2025-07-02T20:22:12.640+0000] {processor.py:914} INFO - Processing file /opt/airflow/dags/driven_data_pipeline.py for tasks to queue
[2025-07-02T20:22:12.644+0000] {logging_mixin.py:190} INFO - [2025-07-02T20:22:12.644+0000] {dagbag.py:588} INFO - Filling up the DagBag from /opt/airflow/dags/driven_data_pipeline.py
[2025-07-02T20:22:12.888+0000] {processor.py:925} INFO - DAG(s) 'extract_raw_data_pipeline' retrieved from /opt/airflow/dags/driven_data_pipeline.py
[2025-07-02T20:22:12.927+0000] {logging_mixin.py:190} INFO - [2025-07-02T20:22:12.927+0000] {dag.py:3239} INFO - Sync 1 DAGs
[2025-07-02T20:22:12.965+0000] {logging_mixin.py:190} INFO - [2025-07-02T20:22:12.964+0000] {dag.py:4180} INFO - Setting next_dagrun for extract_raw_data_pipeline to 2025-07-02 07:59:00+00:00, run_after=2025-07-03 07:00:00+00:00
[2025-07-02T20:22:12.996+0000] {processor.py:208} INFO - Processing /opt/airflow/dags/driven_data_pipeline.py took 0.370 seconds
[2025-07-02T20:22:43.349+0000] {processor.py:186} INFO - Started process (PID=232) to work on /opt/airflow/dags/driven_data_pipeline.py
[2025-07-02T20:22:43.351+0000] {processor.py:914} INFO - Processing file /opt/airflow/dags/driven_data_pipeline.py for tasks to queue
[2025-07-02T20:22:43.355+0000] {logging_mixin.py:190} INFO - [2025-07-02T20:22:43.354+0000] {dagbag.py:588} INFO - Filling up the DagBag from /opt/airflow/dags/driven_data_pipeline.py
[2025-07-02T20:22:43.622+0000] {processor.py:925} INFO - DAG(s) 'extract_raw_data_pipeline' retrieved from /opt/airflow/dags/driven_data_pipeline.py
[2025-07-02T20:22:43.661+0000] {logging_mixin.py:190} INFO - [2025-07-02T20:22:43.661+0000] {dag.py:3239} INFO - Sync 1 DAGs
[2025-07-02T20:22:43.696+0000] {logging_mixin.py:190} INFO - [2025-07-02T20:22:43.696+0000] {dag.py:4180} INFO - Setting next_dagrun for extract_raw_data_pipeline to 2025-07-02 07:59:00+00:00, run_after=2025-07-03 07:00:00+00:00
[2025-07-02T20:22:43.726+0000] {processor.py:208} INFO - Processing /opt/airflow/dags/driven_data_pipeline.py took 0.386 seconds
[2025-07-02T20:23:14.118+0000] {processor.py:186} INFO - Started process (PID=240) to work on /opt/airflow/dags/driven_data_pipeline.py
[2025-07-02T20:23:14.122+0000] {processor.py:914} INFO - Processing file /opt/airflow/dags/driven_data_pipeline.py for tasks to queue
[2025-07-02T20:23:14.128+0000] {logging_mixin.py:190} INFO - [2025-07-02T20:23:14.127+0000] {dagbag.py:588} INFO - Filling up the DagBag from /opt/airflow/dags/driven_data_pipeline.py
[2025-07-02T20:23:14.533+0000] {processor.py:925} INFO - DAG(s) 'extract_raw_data_pipeline' retrieved from /opt/airflow/dags/driven_data_pipeline.py
[2025-07-02T20:23:14.593+0000] {logging_mixin.py:190} INFO - [2025-07-02T20:23:14.593+0000] {dag.py:3239} INFO - Sync 1 DAGs
[2025-07-02T20:23:14.643+0000] {logging_mixin.py:190} INFO - [2025-07-02T20:23:14.642+0000] {dag.py:4180} INFO - Setting next_dagrun for extract_raw_data_pipeline to 2025-07-02 07:59:00+00:00, run_after=2025-07-03 07:00:00+00:00
[2025-07-02T20:23:14.689+0000] {processor.py:208} INFO - Processing /opt/airflow/dags/driven_data_pipeline.py took 0.585 seconds
[2025-07-02T20:23:44.939+0000] {processor.py:186} INFO - Started process (PID=249) to work on /opt/airflow/dags/driven_data_pipeline.py
[2025-07-02T20:23:44.942+0000] {processor.py:914} INFO - Processing file /opt/airflow/dags/driven_data_pipeline.py for tasks to queue
[2025-07-02T20:23:44.950+0000] {logging_mixin.py:190} INFO - [2025-07-02T20:23:44.949+0000] {dagbag.py:588} INFO - Filling up the DagBag from /opt/airflow/dags/driven_data_pipeline.py
[2025-07-02T20:23:45.206+0000] {processor.py:925} INFO - DAG(s) 'extract_raw_data_pipeline' retrieved from /opt/airflow/dags/driven_data_pipeline.py
[2025-07-02T20:23:45.244+0000] {logging_mixin.py:190} INFO - [2025-07-02T20:23:45.243+0000] {dag.py:3239} INFO - Sync 1 DAGs
[2025-07-02T20:23:45.279+0000] {logging_mixin.py:190} INFO - [2025-07-02T20:23:45.279+0000] {dag.py:4180} INFO - Setting next_dagrun for extract_raw_data_pipeline to 2025-07-02 07:59:00+00:00, run_after=2025-07-03 07:00:00+00:00
[2025-07-02T20:23:45.310+0000] {processor.py:208} INFO - Processing /opt/airflow/dags/driven_data_pipeline.py took 0.383 seconds
[2025-07-02T20:24:15.463+0000] {processor.py:186} INFO - Started process (PID=256) to work on /opt/airflow/dags/driven_data_pipeline.py
[2025-07-02T20:24:15.465+0000] {processor.py:914} INFO - Processing file /opt/airflow/dags/driven_data_pipeline.py for tasks to queue
[2025-07-02T20:24:15.472+0000] {logging_mixin.py:190} INFO - [2025-07-02T20:24:15.471+0000] {dagbag.py:588} INFO - Filling up the DagBag from /opt/airflow/dags/driven_data_pipeline.py
[2025-07-02T20:24:15.760+0000] {processor.py:925} INFO - DAG(s) 'extract_raw_data_pipeline' retrieved from /opt/airflow/dags/driven_data_pipeline.py
[2025-07-02T20:24:15.803+0000] {logging_mixin.py:190} INFO - [2025-07-02T20:24:15.803+0000] {dag.py:3239} INFO - Sync 1 DAGs
[2025-07-02T20:24:15.835+0000] {logging_mixin.py:190} INFO - [2025-07-02T20:24:15.835+0000] {dag.py:4180} INFO - Setting next_dagrun for extract_raw_data_pipeline to 2025-07-02 07:59:00+00:00, run_after=2025-07-03 07:00:00+00:00
[2025-07-02T20:24:15.875+0000] {processor.py:208} INFO - Processing /opt/airflow/dags/driven_data_pipeline.py took 0.424 seconds
[2025-07-02T20:24:45.968+0000] {processor.py:186} INFO - Started process (PID=264) to work on /opt/airflow/dags/driven_data_pipeline.py
[2025-07-02T20:24:45.971+0000] {processor.py:914} INFO - Processing file /opt/airflow/dags/driven_data_pipeline.py for tasks to queue
[2025-07-02T20:24:45.977+0000] {logging_mixin.py:190} INFO - [2025-07-02T20:24:45.976+0000] {dagbag.py:588} INFO - Filling up the DagBag from /opt/airflow/dags/driven_data_pipeline.py
[2025-07-02T20:24:46.301+0000] {processor.py:925} INFO - DAG(s) 'extract_raw_data_pipeline' retrieved from /opt/airflow/dags/driven_data_pipeline.py
[2025-07-02T20:24:46.363+0000] {logging_mixin.py:190} INFO - [2025-07-02T20:24:46.363+0000] {dag.py:3239} INFO - Sync 1 DAGs
[2025-07-02T20:24:46.409+0000] {logging_mixin.py:190} INFO - [2025-07-02T20:24:46.408+0000] {dag.py:4180} INFO - Setting next_dagrun for extract_raw_data_pipeline to 2025-07-02 07:59:00+00:00, run_after=2025-07-03 07:00:00+00:00
[2025-07-02T20:24:46.444+0000] {processor.py:208} INFO - Processing /opt/airflow/dags/driven_data_pipeline.py took 0.489 seconds
[2025-07-02T20:25:16.547+0000] {processor.py:186} INFO - Started process (PID=271) to work on /opt/airflow/dags/driven_data_pipeline.py
[2025-07-02T20:25:16.548+0000] {processor.py:914} INFO - Processing file /opt/airflow/dags/driven_data_pipeline.py for tasks to queue
[2025-07-02T20:25:16.553+0000] {logging_mixin.py:190} INFO - [2025-07-02T20:25:16.552+0000] {dagbag.py:588} INFO - Filling up the DagBag from /opt/airflow/dags/driven_data_pipeline.py
[2025-07-02T20:25:16.799+0000] {processor.py:925} INFO - DAG(s) 'extract_raw_data_pipeline' retrieved from /opt/airflow/dags/driven_data_pipeline.py
[2025-07-02T20:25:16.842+0000] {logging_mixin.py:190} INFO - [2025-07-02T20:25:16.841+0000] {dag.py:3239} INFO - Sync 1 DAGs
[2025-07-02T20:25:16.878+0000] {logging_mixin.py:190} INFO - [2025-07-02T20:25:16.878+0000] {dag.py:4180} INFO - Setting next_dagrun for extract_raw_data_pipeline to 2025-07-02 07:59:00+00:00, run_after=2025-07-03 07:00:00+00:00
[2025-07-02T20:25:16.929+0000] {processor.py:208} INFO - Processing /opt/airflow/dags/driven_data_pipeline.py took 0.392 seconds
[2025-07-02T20:25:47.053+0000] {processor.py:186} INFO - Started process (PID=280) to work on /opt/airflow/dags/driven_data_pipeline.py
[2025-07-02T20:25:47.056+0000] {processor.py:914} INFO - Processing file /opt/airflow/dags/driven_data_pipeline.py for tasks to queue
[2025-07-02T20:25:47.062+0000] {logging_mixin.py:190} INFO - [2025-07-02T20:25:47.061+0000] {dagbag.py:588} INFO - Filling up the DagBag from /opt/airflow/dags/driven_data_pipeline.py
[2025-07-02T20:25:47.303+0000] {processor.py:925} INFO - DAG(s) 'extract_raw_data_pipeline' retrieved from /opt/airflow/dags/driven_data_pipeline.py
[2025-07-02T20:25:47.344+0000] {logging_mixin.py:190} INFO - [2025-07-02T20:25:47.344+0000] {dag.py:3239} INFO - Sync 1 DAGs
[2025-07-02T20:25:47.377+0000] {logging_mixin.py:190} INFO - [2025-07-02T20:25:47.377+0000] {dag.py:4180} INFO - Setting next_dagrun for extract_raw_data_pipeline to 2025-07-02 07:59:00+00:00, run_after=2025-07-03 07:00:00+00:00
[2025-07-02T20:25:47.404+0000] {processor.py:208} INFO - Processing /opt/airflow/dags/driven_data_pipeline.py took 0.362 seconds
[2025-07-02T20:26:17.557+0000] {processor.py:186} INFO - Started process (PID=287) to work on /opt/airflow/dags/driven_data_pipeline.py
[2025-07-02T20:26:17.558+0000] {processor.py:914} INFO - Processing file /opt/airflow/dags/driven_data_pipeline.py for tasks to queue
[2025-07-02T20:26:17.562+0000] {logging_mixin.py:190} INFO - [2025-07-02T20:26:17.562+0000] {dagbag.py:588} INFO - Filling up the DagBag from /opt/airflow/dags/driven_data_pipeline.py
[2025-07-02T20:26:17.835+0000] {processor.py:925} INFO - DAG(s) 'extract_raw_data_pipeline' retrieved from /opt/airflow/dags/driven_data_pipeline.py
[2025-07-02T20:26:17.873+0000] {logging_mixin.py:190} INFO - [2025-07-02T20:26:17.872+0000] {dag.py:3239} INFO - Sync 1 DAGs
[2025-07-02T20:26:17.910+0000] {logging_mixin.py:190} INFO - [2025-07-02T20:26:17.910+0000] {dag.py:4180} INFO - Setting next_dagrun for extract_raw_data_pipeline to 2025-07-02 07:59:00+00:00, run_after=2025-07-03 07:00:00+00:00
[2025-07-02T20:26:17.941+0000] {processor.py:208} INFO - Processing /opt/airflow/dags/driven_data_pipeline.py took 0.397 seconds
[2025-07-02T20:26:48.303+0000] {processor.py:186} INFO - Started process (PID=295) to work on /opt/airflow/dags/driven_data_pipeline.py
[2025-07-02T20:26:48.306+0000] {processor.py:914} INFO - Processing file /opt/airflow/dags/driven_data_pipeline.py for tasks to queue
[2025-07-02T20:26:48.313+0000] {logging_mixin.py:190} INFO - [2025-07-02T20:26:48.313+0000] {dagbag.py:588} INFO - Filling up the DagBag from /opt/airflow/dags/driven_data_pipeline.py
[2025-07-02T20:26:48.629+0000] {processor.py:925} INFO - DAG(s) 'extract_raw_data_pipeline' retrieved from /opt/airflow/dags/driven_data_pipeline.py
[2025-07-02T20:26:48.670+0000] {logging_mixin.py:190} INFO - [2025-07-02T20:26:48.670+0000] {dag.py:3239} INFO - Sync 1 DAGs
[2025-07-02T20:26:48.715+0000] {logging_mixin.py:190} INFO - [2025-07-02T20:26:48.715+0000] {dag.py:4180} INFO - Setting next_dagrun for extract_raw_data_pipeline to 2025-07-02 07:59:00+00:00, run_after=2025-07-03 07:00:00+00:00
[2025-07-02T20:26:48.747+0000] {processor.py:208} INFO - Processing /opt/airflow/dags/driven_data_pipeline.py took 0.456 seconds
[2025-07-02T20:27:19.205+0000] {processor.py:186} INFO - Started process (PID=303) to work on /opt/airflow/dags/driven_data_pipeline.py
[2025-07-02T20:27:19.208+0000] {processor.py:914} INFO - Processing file /opt/airflow/dags/driven_data_pipeline.py for tasks to queue
[2025-07-02T20:27:19.214+0000] {logging_mixin.py:190} INFO - [2025-07-02T20:27:19.213+0000] {dagbag.py:588} INFO - Filling up the DagBag from /opt/airflow/dags/driven_data_pipeline.py
[2025-07-02T20:27:19.472+0000] {processor.py:925} INFO - DAG(s) 'extract_raw_data_pipeline' retrieved from /opt/airflow/dags/driven_data_pipeline.py
[2025-07-02T20:27:19.547+0000] {logging_mixin.py:190} INFO - [2025-07-02T20:27:19.546+0000] {dag.py:3239} INFO - Sync 1 DAGs
[2025-07-02T20:27:19.622+0000] {logging_mixin.py:190} INFO - [2025-07-02T20:27:19.622+0000] {dag.py:4180} INFO - Setting next_dagrun for extract_raw_data_pipeline to 2025-07-02 07:59:00+00:00, run_after=2025-07-03 07:00:00+00:00
[2025-07-02T20:27:19.668+0000] {processor.py:208} INFO - Processing /opt/airflow/dags/driven_data_pipeline.py took 0.474 seconds
[2025-07-02T20:27:49.940+0000] {processor.py:186} INFO - Started process (PID=311) to work on /opt/airflow/dags/driven_data_pipeline.py
[2025-07-02T20:27:49.942+0000] {processor.py:914} INFO - Processing file /opt/airflow/dags/driven_data_pipeline.py for tasks to queue
[2025-07-02T20:27:49.946+0000] {logging_mixin.py:190} INFO - [2025-07-02T20:27:49.946+0000] {dagbag.py:588} INFO - Filling up the DagBag from /opt/airflow/dags/driven_data_pipeline.py
[2025-07-02T20:27:50.188+0000] {processor.py:925} INFO - DAG(s) 'extract_raw_data_pipeline' retrieved from /opt/airflow/dags/driven_data_pipeline.py
[2025-07-02T20:27:50.223+0000] {logging_mixin.py:190} INFO - [2025-07-02T20:27:50.223+0000] {dag.py:3239} INFO - Sync 1 DAGs
[2025-07-02T20:27:50.251+0000] {logging_mixin.py:190} INFO - [2025-07-02T20:27:50.251+0000] {dag.py:4180} INFO - Setting next_dagrun for extract_raw_data_pipeline to 2025-07-02 07:59:00+00:00, run_after=2025-07-03 07:00:00+00:00
[2025-07-02T20:27:50.275+0000] {processor.py:208} INFO - Processing /opt/airflow/dags/driven_data_pipeline.py took 0.343 seconds
[2025-07-02T20:28:20.606+0000] {processor.py:186} INFO - Started process (PID=319) to work on /opt/airflow/dags/driven_data_pipeline.py
[2025-07-02T20:28:20.608+0000] {processor.py:914} INFO - Processing file /opt/airflow/dags/driven_data_pipeline.py for tasks to queue
[2025-07-02T20:28:20.613+0000] {logging_mixin.py:190} INFO - [2025-07-02T20:28:20.612+0000] {dagbag.py:588} INFO - Filling up the DagBag from /opt/airflow/dags/driven_data_pipeline.py
[2025-07-02T20:28:20.898+0000] {processor.py:925} INFO - DAG(s) 'extract_raw_data_pipeline' retrieved from /opt/airflow/dags/driven_data_pipeline.py
[2025-07-02T20:28:20.940+0000] {logging_mixin.py:190} INFO - [2025-07-02T20:28:20.939+0000] {dag.py:3239} INFO - Sync 1 DAGs
[2025-07-02T20:28:20.979+0000] {logging_mixin.py:190} INFO - [2025-07-02T20:28:20.979+0000] {dag.py:4180} INFO - Setting next_dagrun for extract_raw_data_pipeline to 2025-07-02 07:59:00+00:00, run_after=2025-07-03 07:00:00+00:00
[2025-07-02T20:28:21.012+0000] {processor.py:208} INFO - Processing /opt/airflow/dags/driven_data_pipeline.py took 0.417 seconds
[2025-07-02T20:28:51.344+0000] {processor.py:186} INFO - Started process (PID=327) to work on /opt/airflow/dags/driven_data_pipeline.py
[2025-07-02T20:28:51.346+0000] {processor.py:914} INFO - Processing file /opt/airflow/dags/driven_data_pipeline.py for tasks to queue
[2025-07-02T20:28:51.352+0000] {logging_mixin.py:190} INFO - [2025-07-02T20:28:51.351+0000] {dagbag.py:588} INFO - Filling up the DagBag from /opt/airflow/dags/driven_data_pipeline.py
[2025-07-02T20:28:51.662+0000] {processor.py:925} INFO - DAG(s) 'extract_raw_data_pipeline' retrieved from /opt/airflow/dags/driven_data_pipeline.py
[2025-07-02T20:28:51.712+0000] {logging_mixin.py:190} INFO - [2025-07-02T20:28:51.711+0000] {dag.py:3239} INFO - Sync 1 DAGs
[2025-07-02T20:28:51.753+0000] {logging_mixin.py:190} INFO - [2025-07-02T20:28:51.753+0000] {dag.py:4180} INFO - Setting next_dagrun for extract_raw_data_pipeline to 2025-07-02 07:59:00+00:00, run_after=2025-07-03 07:00:00+00:00
[2025-07-02T20:28:51.784+0000] {processor.py:208} INFO - Processing /opt/airflow/dags/driven_data_pipeline.py took 0.451 seconds
[2025-07-02T20:29:22.155+0000] {processor.py:186} INFO - Started process (PID=335) to work on /opt/airflow/dags/driven_data_pipeline.py
[2025-07-02T20:29:22.157+0000] {processor.py:914} INFO - Processing file /opt/airflow/dags/driven_data_pipeline.py for tasks to queue
[2025-07-02T20:29:22.161+0000] {logging_mixin.py:190} INFO - [2025-07-02T20:29:22.161+0000] {dagbag.py:588} INFO - Filling up the DagBag from /opt/airflow/dags/driven_data_pipeline.py
[2025-07-02T20:29:22.485+0000] {processor.py:925} INFO - DAG(s) 'extract_raw_data_pipeline' retrieved from /opt/airflow/dags/driven_data_pipeline.py
[2025-07-02T20:29:22.527+0000] {logging_mixin.py:190} INFO - [2025-07-02T20:29:22.526+0000] {dag.py:3239} INFO - Sync 1 DAGs
[2025-07-02T20:29:22.560+0000] {logging_mixin.py:190} INFO - [2025-07-02T20:29:22.560+0000] {dag.py:4180} INFO - Setting next_dagrun for extract_raw_data_pipeline to 2025-07-02 07:59:00+00:00, run_after=2025-07-03 07:00:00+00:00
[2025-07-02T20:29:22.588+0000] {processor.py:208} INFO - Processing /opt/airflow/dags/driven_data_pipeline.py took 0.443 seconds
[2025-07-02T20:29:52.967+0000] {processor.py:186} INFO - Started process (PID=342) to work on /opt/airflow/dags/driven_data_pipeline.py
[2025-07-02T20:29:52.970+0000] {processor.py:914} INFO - Processing file /opt/airflow/dags/driven_data_pipeline.py for tasks to queue
[2025-07-02T20:29:52.979+0000] {logging_mixin.py:190} INFO - [2025-07-02T20:29:52.978+0000] {dagbag.py:588} INFO - Filling up the DagBag from /opt/airflow/dags/driven_data_pipeline.py
[2025-07-02T20:29:53.332+0000] {processor.py:925} INFO - DAG(s) 'extract_raw_data_pipeline' retrieved from /opt/airflow/dags/driven_data_pipeline.py
[2025-07-02T20:29:53.377+0000] {logging_mixin.py:190} INFO - [2025-07-02T20:29:53.377+0000] {dag.py:3239} INFO - Sync 1 DAGs
[2025-07-02T20:29:53.424+0000] {logging_mixin.py:190} INFO - [2025-07-02T20:29:53.424+0000] {dag.py:4180} INFO - Setting next_dagrun for extract_raw_data_pipeline to 2025-07-02 07:59:00+00:00, run_after=2025-07-03 07:00:00+00:00
[2025-07-02T20:29:53.493+0000] {processor.py:208} INFO - Processing /opt/airflow/dags/driven_data_pipeline.py took 0.538 seconds
[2025-07-02T20:30:23.895+0000] {processor.py:186} INFO - Started process (PID=350) to work on /opt/airflow/dags/driven_data_pipeline.py
[2025-07-02T20:30:23.896+0000] {processor.py:914} INFO - Processing file /opt/airflow/dags/driven_data_pipeline.py for tasks to queue
[2025-07-02T20:30:23.900+0000] {logging_mixin.py:190} INFO - [2025-07-02T20:30:23.900+0000] {dagbag.py:588} INFO - Filling up the DagBag from /opt/airflow/dags/driven_data_pipeline.py
[2025-07-02T20:30:24.164+0000] {processor.py:925} INFO - DAG(s) 'extract_raw_data_pipeline' retrieved from /opt/airflow/dags/driven_data_pipeline.py
[2025-07-02T20:30:24.206+0000] {logging_mixin.py:190} INFO - [2025-07-02T20:30:24.206+0000] {dag.py:3239} INFO - Sync 1 DAGs
[2025-07-02T20:30:24.241+0000] {logging_mixin.py:190} INFO - [2025-07-02T20:30:24.241+0000] {dag.py:4180} INFO - Setting next_dagrun for extract_raw_data_pipeline to 2025-07-02 07:59:00+00:00, run_after=2025-07-03 07:00:00+00:00
[2025-07-02T20:30:24.270+0000] {processor.py:208} INFO - Processing /opt/airflow/dags/driven_data_pipeline.py took 0.385 seconds
[2025-07-02T20:30:54.599+0000] {processor.py:186} INFO - Started process (PID=358) to work on /opt/airflow/dags/driven_data_pipeline.py
[2025-07-02T20:30:54.601+0000] {processor.py:914} INFO - Processing file /opt/airflow/dags/driven_data_pipeline.py for tasks to queue
[2025-07-02T20:30:54.606+0000] {logging_mixin.py:190} INFO - [2025-07-02T20:30:54.605+0000] {dagbag.py:588} INFO - Filling up the DagBag from /opt/airflow/dags/driven_data_pipeline.py
[2025-07-02T20:30:54.880+0000] {processor.py:925} INFO - DAG(s) 'extract_raw_data_pipeline' retrieved from /opt/airflow/dags/driven_data_pipeline.py
[2025-07-02T20:30:54.925+0000] {logging_mixin.py:190} INFO - [2025-07-02T20:30:54.924+0000] {dag.py:3239} INFO - Sync 1 DAGs
[2025-07-02T20:30:54.967+0000] {logging_mixin.py:190} INFO - [2025-07-02T20:30:54.967+0000] {dag.py:4180} INFO - Setting next_dagrun for extract_raw_data_pipeline to 2025-07-02 07:59:00+00:00, run_after=2025-07-03 07:00:00+00:00
[2025-07-02T20:30:55.006+0000] {processor.py:208} INFO - Processing /opt/airflow/dags/driven_data_pipeline.py took 0.418 seconds
[2025-07-02T20:31:25.373+0000] {processor.py:186} INFO - Started process (PID=372) to work on /opt/airflow/dags/driven_data_pipeline.py
[2025-07-02T20:31:25.375+0000] {processor.py:914} INFO - Processing file /opt/airflow/dags/driven_data_pipeline.py for tasks to queue
[2025-07-02T20:31:25.381+0000] {logging_mixin.py:190} INFO - [2025-07-02T20:31:25.380+0000] {dagbag.py:588} INFO - Filling up the DagBag from /opt/airflow/dags/driven_data_pipeline.py
[2025-07-02T20:31:25.735+0000] {processor.py:925} INFO - DAG(s) 'extract_raw_data_pipeline' retrieved from /opt/airflow/dags/driven_data_pipeline.py
[2025-07-02T20:31:25.781+0000] {logging_mixin.py:190} INFO - [2025-07-02T20:31:25.781+0000] {dag.py:3239} INFO - Sync 1 DAGs
[2025-07-02T20:31:25.821+0000] {logging_mixin.py:190} INFO - [2025-07-02T20:31:25.821+0000] {dag.py:4180} INFO - Setting next_dagrun for extract_raw_data_pipeline to 2025-07-02 07:59:00+00:00, run_after=2025-07-03 07:00:00+00:00
[2025-07-02T20:31:25.854+0000] {processor.py:208} INFO - Processing /opt/airflow/dags/driven_data_pipeline.py took 0.494 seconds
[2025-07-02T20:31:56.362+0000] {processor.py:186} INFO - Started process (PID=380) to work on /opt/airflow/dags/driven_data_pipeline.py
[2025-07-02T20:31:56.364+0000] {processor.py:914} INFO - Processing file /opt/airflow/dags/driven_data_pipeline.py for tasks to queue
[2025-07-02T20:31:56.374+0000] {logging_mixin.py:190} INFO - [2025-07-02T20:31:56.373+0000] {dagbag.py:588} INFO - Filling up the DagBag from /opt/airflow/dags/driven_data_pipeline.py
[2025-07-02T20:31:56.680+0000] {processor.py:925} INFO - DAG(s) 'extract_raw_data_pipeline' retrieved from /opt/airflow/dags/driven_data_pipeline.py
[2025-07-02T20:31:56.731+0000] {logging_mixin.py:190} INFO - [2025-07-02T20:31:56.731+0000] {dag.py:3239} INFO - Sync 1 DAGs
[2025-07-02T20:31:56.767+0000] {logging_mixin.py:190} INFO - [2025-07-02T20:31:56.767+0000] {dag.py:4180} INFO - Setting next_dagrun for extract_raw_data_pipeline to 2025-07-02 07:59:00+00:00, run_after=2025-07-03 07:00:00+00:00
[2025-07-02T20:31:56.802+0000] {processor.py:208} INFO - Processing /opt/airflow/dags/driven_data_pipeline.py took 0.456 seconds
[2025-07-02T20:32:27.174+0000] {processor.py:186} INFO - Started process (PID=387) to work on /opt/airflow/dags/driven_data_pipeline.py
[2025-07-02T20:32:27.176+0000] {processor.py:914} INFO - Processing file /opt/airflow/dags/driven_data_pipeline.py for tasks to queue
[2025-07-02T20:32:27.180+0000] {logging_mixin.py:190} INFO - [2025-07-02T20:32:27.179+0000] {dagbag.py:588} INFO - Filling up the DagBag from /opt/airflow/dags/driven_data_pipeline.py
[2025-07-02T20:32:27.476+0000] {processor.py:925} INFO - DAG(s) 'extract_raw_data_pipeline' retrieved from /opt/airflow/dags/driven_data_pipeline.py
[2025-07-02T20:32:27.521+0000] {logging_mixin.py:190} INFO - [2025-07-02T20:32:27.520+0000] {dag.py:3239} INFO - Sync 1 DAGs
[2025-07-02T20:32:27.565+0000] {logging_mixin.py:190} INFO - [2025-07-02T20:32:27.562+0000] {dag.py:4180} INFO - Setting next_dagrun for extract_raw_data_pipeline to 2025-07-02 07:59:00+00:00, run_after=2025-07-03 07:00:00+00:00
[2025-07-02T20:32:27.601+0000] {processor.py:208} INFO - Processing /opt/airflow/dags/driven_data_pipeline.py took 0.437 seconds
[2025-07-02T20:32:57.961+0000] {processor.py:186} INFO - Started process (PID=395) to work on /opt/airflow/dags/driven_data_pipeline.py
[2025-07-02T20:32:57.964+0000] {processor.py:914} INFO - Processing file /opt/airflow/dags/driven_data_pipeline.py for tasks to queue
[2025-07-02T20:32:57.970+0000] {logging_mixin.py:190} INFO - [2025-07-02T20:32:57.969+0000] {dagbag.py:588} INFO - Filling up the DagBag from /opt/airflow/dags/driven_data_pipeline.py
[2025-07-02T20:32:58.248+0000] {processor.py:925} INFO - DAG(s) 'extract_raw_data_pipeline' retrieved from /opt/airflow/dags/driven_data_pipeline.py
[2025-07-02T20:32:58.294+0000] {logging_mixin.py:190} INFO - [2025-07-02T20:32:58.294+0000] {dag.py:3239} INFO - Sync 1 DAGs
[2025-07-02T20:32:58.330+0000] {logging_mixin.py:190} INFO - [2025-07-02T20:32:58.329+0000] {dag.py:4180} INFO - Setting next_dagrun for extract_raw_data_pipeline to 2025-07-02 07:59:00+00:00, run_after=2025-07-03 07:00:00+00:00
[2025-07-02T20:32:58.356+0000] {processor.py:208} INFO - Processing /opt/airflow/dags/driven_data_pipeline.py took 0.407 seconds
[2025-07-02T20:33:28.742+0000] {processor.py:186} INFO - Started process (PID=403) to work on /opt/airflow/dags/driven_data_pipeline.py
[2025-07-02T20:33:28.744+0000] {processor.py:914} INFO - Processing file /opt/airflow/dags/driven_data_pipeline.py for tasks to queue
[2025-07-02T20:33:28.750+0000] {logging_mixin.py:190} INFO - [2025-07-02T20:33:28.750+0000] {dagbag.py:588} INFO - Filling up the DagBag from /opt/airflow/dags/driven_data_pipeline.py
[2025-07-02T20:33:29.087+0000] {processor.py:925} INFO - DAG(s) 'extract_raw_data_pipeline' retrieved from /opt/airflow/dags/driven_data_pipeline.py
[2025-07-02T20:33:29.127+0000] {logging_mixin.py:190} INFO - [2025-07-02T20:33:29.127+0000] {dag.py:3239} INFO - Sync 1 DAGs
[2025-07-02T20:33:29.174+0000] {logging_mixin.py:190} INFO - [2025-07-02T20:33:29.173+0000] {dag.py:4180} INFO - Setting next_dagrun for extract_raw_data_pipeline to 2025-07-02 07:59:00+00:00, run_after=2025-07-03 07:00:00+00:00
[2025-07-02T20:33:29.206+0000] {processor.py:208} INFO - Processing /opt/airflow/dags/driven_data_pipeline.py took 0.475 seconds
[2025-07-02T20:33:59.599+0000] {processor.py:186} INFO - Started process (PID=411) to work on /opt/airflow/dags/driven_data_pipeline.py
[2025-07-02T20:33:59.600+0000] {processor.py:914} INFO - Processing file /opt/airflow/dags/driven_data_pipeline.py for tasks to queue
[2025-07-02T20:33:59.604+0000] {logging_mixin.py:190} INFO - [2025-07-02T20:33:59.604+0000] {dagbag.py:588} INFO - Filling up the DagBag from /opt/airflow/dags/driven_data_pipeline.py
[2025-07-02T20:33:59.853+0000] {processor.py:925} INFO - DAG(s) 'extract_raw_data_pipeline' retrieved from /opt/airflow/dags/driven_data_pipeline.py
[2025-07-02T20:33:59.890+0000] {logging_mixin.py:190} INFO - [2025-07-02T20:33:59.890+0000] {dag.py:3239} INFO - Sync 1 DAGs
[2025-07-02T20:33:59.926+0000] {logging_mixin.py:190} INFO - [2025-07-02T20:33:59.926+0000] {dag.py:4180} INFO - Setting next_dagrun for extract_raw_data_pipeline to 2025-07-02 07:59:00+00:00, run_after=2025-07-03 07:00:00+00:00
[2025-07-02T20:33:59.957+0000] {processor.py:208} INFO - Processing /opt/airflow/dags/driven_data_pipeline.py took 0.368 seconds
[2025-07-02T20:34:30.388+0000] {processor.py:186} INFO - Started process (PID=419) to work on /opt/airflow/dags/driven_data_pipeline.py
[2025-07-02T20:34:30.391+0000] {processor.py:914} INFO - Processing file /opt/airflow/dags/driven_data_pipeline.py for tasks to queue
[2025-07-02T20:34:30.399+0000] {logging_mixin.py:190} INFO - [2025-07-02T20:34:30.398+0000] {dagbag.py:588} INFO - Filling up the DagBag from /opt/airflow/dags/driven_data_pipeline.py
[2025-07-02T20:34:30.702+0000] {processor.py:925} INFO - DAG(s) 'extract_raw_data_pipeline' retrieved from /opt/airflow/dags/driven_data_pipeline.py
[2025-07-02T20:34:30.750+0000] {logging_mixin.py:190} INFO - [2025-07-02T20:34:30.750+0000] {dag.py:3239} INFO - Sync 1 DAGs
[2025-07-02T20:34:30.791+0000] {logging_mixin.py:190} INFO - [2025-07-02T20:34:30.790+0000] {dag.py:4180} INFO - Setting next_dagrun for extract_raw_data_pipeline to 2025-07-02 07:59:00+00:00, run_after=2025-07-03 07:00:00+00:00
[2025-07-02T20:34:30.822+0000] {processor.py:208} INFO - Processing /opt/airflow/dags/driven_data_pipeline.py took 0.445 seconds
[2025-07-02T20:35:01.167+0000] {processor.py:186} INFO - Started process (PID=426) to work on /opt/airflow/dags/driven_data_pipeline.py
[2025-07-02T20:35:01.169+0000] {processor.py:914} INFO - Processing file /opt/airflow/dags/driven_data_pipeline.py for tasks to queue
[2025-07-02T20:35:01.178+0000] {logging_mixin.py:190} INFO - [2025-07-02T20:35:01.177+0000] {dagbag.py:588} INFO - Filling up the DagBag from /opt/airflow/dags/driven_data_pipeline.py
[2025-07-02T20:35:01.470+0000] {processor.py:925} INFO - DAG(s) 'extract_raw_data_pipeline' retrieved from /opt/airflow/dags/driven_data_pipeline.py
[2025-07-02T20:35:01.508+0000] {logging_mixin.py:190} INFO - [2025-07-02T20:35:01.508+0000] {dag.py:3239} INFO - Sync 1 DAGs
[2025-07-02T20:35:01.551+0000] {logging_mixin.py:190} INFO - [2025-07-02T20:35:01.550+0000] {dag.py:4180} INFO - Setting next_dagrun for extract_raw_data_pipeline to 2025-07-02 07:59:00+00:00, run_after=2025-07-03 07:00:00+00:00
[2025-07-02T20:35:01.581+0000] {processor.py:208} INFO - Processing /opt/airflow/dags/driven_data_pipeline.py took 0.424 seconds
[2025-07-02T20:35:31.968+0000] {processor.py:186} INFO - Started process (PID=434) to work on /opt/airflow/dags/driven_data_pipeline.py
[2025-07-02T20:35:31.970+0000] {processor.py:914} INFO - Processing file /opt/airflow/dags/driven_data_pipeline.py for tasks to queue
[2025-07-02T20:35:31.976+0000] {logging_mixin.py:190} INFO - [2025-07-02T20:35:31.975+0000] {dagbag.py:588} INFO - Filling up the DagBag from /opt/airflow/dags/driven_data_pipeline.py
[2025-07-02T20:35:32.224+0000] {processor.py:925} INFO - DAG(s) 'extract_raw_data_pipeline' retrieved from /opt/airflow/dags/driven_data_pipeline.py
[2025-07-02T20:35:32.263+0000] {logging_mixin.py:190} INFO - [2025-07-02T20:35:32.262+0000] {dag.py:3239} INFO - Sync 1 DAGs
[2025-07-02T20:35:32.298+0000] {logging_mixin.py:190} INFO - [2025-07-02T20:35:32.297+0000] {dag.py:4180} INFO - Setting next_dagrun for extract_raw_data_pipeline to 2025-07-02 07:59:00+00:00, run_after=2025-07-03 07:00:00+00:00
[2025-07-02T20:35:32.327+0000] {processor.py:208} INFO - Processing /opt/airflow/dags/driven_data_pipeline.py took 0.370 seconds
[2025-07-02T20:36:02.688+0000] {processor.py:186} INFO - Started process (PID=441) to work on /opt/airflow/dags/driven_data_pipeline.py
[2025-07-02T20:36:02.690+0000] {processor.py:914} INFO - Processing file /opt/airflow/dags/driven_data_pipeline.py for tasks to queue
[2025-07-02T20:36:02.695+0000] {logging_mixin.py:190} INFO - [2025-07-02T20:36:02.694+0000] {dagbag.py:588} INFO - Filling up the DagBag from /opt/airflow/dags/driven_data_pipeline.py
[2025-07-02T20:36:03.007+0000] {processor.py:925} INFO - DAG(s) 'extract_raw_data_pipeline' retrieved from /opt/airflow/dags/driven_data_pipeline.py
[2025-07-02T20:36:03.054+0000] {logging_mixin.py:190} INFO - [2025-07-02T20:36:03.054+0000] {dag.py:3239} INFO - Sync 1 DAGs
[2025-07-02T20:36:03.094+0000] {logging_mixin.py:190} INFO - [2025-07-02T20:36:03.093+0000] {dag.py:4180} INFO - Setting next_dagrun for extract_raw_data_pipeline to 2025-07-02 07:59:00+00:00, run_after=2025-07-03 07:00:00+00:00
[2025-07-02T20:36:03.128+0000] {processor.py:208} INFO - Processing /opt/airflow/dags/driven_data_pipeline.py took 0.453 seconds
[2025-07-02T20:36:33.519+0000] {processor.py:186} INFO - Started process (PID=450) to work on /opt/airflow/dags/driven_data_pipeline.py
[2025-07-02T20:36:33.522+0000] {processor.py:914} INFO - Processing file /opt/airflow/dags/driven_data_pipeline.py for tasks to queue
[2025-07-02T20:36:33.527+0000] {logging_mixin.py:190} INFO - [2025-07-02T20:36:33.527+0000] {dagbag.py:588} INFO - Filling up the DagBag from /opt/airflow/dags/driven_data_pipeline.py
[2025-07-02T20:36:33.845+0000] {processor.py:925} INFO - DAG(s) 'extract_raw_data_pipeline' retrieved from /opt/airflow/dags/driven_data_pipeline.py
[2025-07-02T20:36:33.889+0000] {logging_mixin.py:190} INFO - [2025-07-02T20:36:33.888+0000] {dag.py:3239} INFO - Sync 1 DAGs
[2025-07-02T20:36:33.930+0000] {logging_mixin.py:190} INFO - [2025-07-02T20:36:33.929+0000] {dag.py:4180} INFO - Setting next_dagrun for extract_raw_data_pipeline to 2025-07-02 07:59:00+00:00, run_after=2025-07-03 07:00:00+00:00
[2025-07-02T20:36:33.961+0000] {processor.py:208} INFO - Processing /opt/airflow/dags/driven_data_pipeline.py took 0.457 seconds
[2025-07-02T20:37:04.366+0000] {processor.py:186} INFO - Started process (PID=459) to work on /opt/airflow/dags/driven_data_pipeline.py
[2025-07-02T20:37:04.368+0000] {processor.py:914} INFO - Processing file /opt/airflow/dags/driven_data_pipeline.py for tasks to queue
[2025-07-02T20:37:04.374+0000] {logging_mixin.py:190} INFO - [2025-07-02T20:37:04.374+0000] {dagbag.py:588} INFO - Filling up the DagBag from /opt/airflow/dags/driven_data_pipeline.py
[2025-07-02T20:37:04.673+0000] {processor.py:925} INFO - DAG(s) 'extract_raw_data_pipeline' retrieved from /opt/airflow/dags/driven_data_pipeline.py
[2025-07-02T20:37:04.743+0000] {logging_mixin.py:190} INFO - [2025-07-02T20:37:04.743+0000] {dag.py:3239} INFO - Sync 1 DAGs
[2025-07-02T20:37:04.789+0000] {logging_mixin.py:190} INFO - [2025-07-02T20:37:04.788+0000] {dag.py:4180} INFO - Setting next_dagrun for extract_raw_data_pipeline to 2025-07-02 07:59:00+00:00, run_after=2025-07-03 07:00:00+00:00
[2025-07-02T20:37:04.825+0000] {processor.py:208} INFO - Processing /opt/airflow/dags/driven_data_pipeline.py took 0.472 seconds
[2025-07-02T20:37:35.207+0000] {processor.py:186} INFO - Started process (PID=467) to work on /opt/airflow/dags/driven_data_pipeline.py
[2025-07-02T20:37:35.210+0000] {processor.py:914} INFO - Processing file /opt/airflow/dags/driven_data_pipeline.py for tasks to queue
[2025-07-02T20:37:35.217+0000] {logging_mixin.py:190} INFO - [2025-07-02T20:37:35.216+0000] {dagbag.py:588} INFO - Filling up the DagBag from /opt/airflow/dags/driven_data_pipeline.py
[2025-07-02T20:37:35.510+0000] {processor.py:925} INFO - DAG(s) 'extract_raw_data_pipeline' retrieved from /opt/airflow/dags/driven_data_pipeline.py
[2025-07-02T20:37:35.554+0000] {logging_mixin.py:190} INFO - [2025-07-02T20:37:35.554+0000] {dag.py:3239} INFO - Sync 1 DAGs
[2025-07-02T20:37:35.590+0000] {logging_mixin.py:190} INFO - [2025-07-02T20:37:35.590+0000] {dag.py:4180} INFO - Setting next_dagrun for extract_raw_data_pipeline to 2025-07-02 07:59:00+00:00, run_after=2025-07-03 07:00:00+00:00
[2025-07-02T20:37:35.622+0000] {processor.py:208} INFO - Processing /opt/airflow/dags/driven_data_pipeline.py took 0.427 seconds
[2025-07-02T20:38:06.083+0000] {processor.py:186} INFO - Started process (PID=475) to work on /opt/airflow/dags/driven_data_pipeline.py
[2025-07-02T20:38:06.086+0000] {processor.py:914} INFO - Processing file /opt/airflow/dags/driven_data_pipeline.py for tasks to queue
[2025-07-02T20:38:06.094+0000] {logging_mixin.py:190} INFO - [2025-07-02T20:38:06.093+0000] {dagbag.py:588} INFO - Filling up the DagBag from /opt/airflow/dags/driven_data_pipeline.py
[2025-07-02T20:38:06.417+0000] {processor.py:925} INFO - DAG(s) 'extract_raw_data_pipeline' retrieved from /opt/airflow/dags/driven_data_pipeline.py
[2025-07-02T20:38:06.470+0000] {logging_mixin.py:190} INFO - [2025-07-02T20:38:06.469+0000] {dag.py:3239} INFO - Sync 1 DAGs
[2025-07-02T20:38:06.513+0000] {logging_mixin.py:190} INFO - [2025-07-02T20:38:06.512+0000] {dag.py:4180} INFO - Setting next_dagrun for extract_raw_data_pipeline to 2025-07-02 07:59:00+00:00, run_after=2025-07-03 07:00:00+00:00
[2025-07-02T20:38:06.562+0000] {processor.py:208} INFO - Processing /opt/airflow/dags/driven_data_pipeline.py took 0.490 seconds
[2025-07-02T20:38:36.864+0000] {processor.py:186} INFO - Started process (PID=483) to work on /opt/airflow/dags/driven_data_pipeline.py
[2025-07-02T20:38:36.866+0000] {processor.py:914} INFO - Processing file /opt/airflow/dags/driven_data_pipeline.py for tasks to queue
[2025-07-02T20:38:36.872+0000] {logging_mixin.py:190} INFO - [2025-07-02T20:38:36.872+0000] {dagbag.py:588} INFO - Filling up the DagBag from /opt/airflow/dags/driven_data_pipeline.py
[2025-07-02T20:38:37.180+0000] {processor.py:925} INFO - DAG(s) 'extract_raw_data_pipeline' retrieved from /opt/airflow/dags/driven_data_pipeline.py
[2025-07-02T20:38:37.222+0000] {logging_mixin.py:190} INFO - [2025-07-02T20:38:37.222+0000] {dag.py:3239} INFO - Sync 1 DAGs
[2025-07-02T20:38:37.272+0000] {logging_mixin.py:190} INFO - [2025-07-02T20:38:37.271+0000] {dag.py:4180} INFO - Setting next_dagrun for extract_raw_data_pipeline to 2025-07-02 07:59:00+00:00, run_after=2025-07-03 07:00:00+00:00
[2025-07-02T20:38:37.306+0000] {processor.py:208} INFO - Processing /opt/airflow/dags/driven_data_pipeline.py took 0.455 seconds
[2025-07-02T20:39:07.642+0000] {processor.py:186} INFO - Started process (PID=491) to work on /opt/airflow/dags/driven_data_pipeline.py
[2025-07-02T20:39:07.644+0000] {processor.py:914} INFO - Processing file /opt/airflow/dags/driven_data_pipeline.py for tasks to queue
[2025-07-02T20:39:07.648+0000] {logging_mixin.py:190} INFO - [2025-07-02T20:39:07.647+0000] {dagbag.py:588} INFO - Filling up the DagBag from /opt/airflow/dags/driven_data_pipeline.py
[2025-07-02T20:39:08.047+0000] {processor.py:925} INFO - DAG(s) 'extract_raw_data_pipeline' retrieved from /opt/airflow/dags/driven_data_pipeline.py
[2025-07-02T20:39:08.107+0000] {logging_mixin.py:190} INFO - [2025-07-02T20:39:08.106+0000] {dag.py:3239} INFO - Sync 1 DAGs
[2025-07-02T20:39:08.182+0000] {logging_mixin.py:190} INFO - [2025-07-02T20:39:08.181+0000] {dag.py:4180} INFO - Setting next_dagrun for extract_raw_data_pipeline to 2025-07-02 07:59:00+00:00, run_after=2025-07-03 07:00:00+00:00
[2025-07-02T20:39:08.222+0000] {processor.py:208} INFO - Processing /opt/airflow/dags/driven_data_pipeline.py took 0.591 seconds
[2025-07-02T20:39:38.524+0000] {processor.py:186} INFO - Started process (PID=499) to work on /opt/airflow/dags/driven_data_pipeline.py
[2025-07-02T20:39:38.526+0000] {processor.py:914} INFO - Processing file /opt/airflow/dags/driven_data_pipeline.py for tasks to queue
[2025-07-02T20:39:38.530+0000] {logging_mixin.py:190} INFO - [2025-07-02T20:39:38.530+0000] {dagbag.py:588} INFO - Filling up the DagBag from /opt/airflow/dags/driven_data_pipeline.py
[2025-07-02T20:39:38.898+0000] {processor.py:925} INFO - DAG(s) 'extract_raw_data_pipeline' retrieved from /opt/airflow/dags/driven_data_pipeline.py
[2025-07-02T20:39:38.941+0000] {logging_mixin.py:190} INFO - [2025-07-02T20:39:38.941+0000] {dag.py:3239} INFO - Sync 1 DAGs
[2025-07-02T20:39:38.979+0000] {logging_mixin.py:190} INFO - [2025-07-02T20:39:38.979+0000] {dag.py:4180} INFO - Setting next_dagrun for extract_raw_data_pipeline to 2025-07-02 07:59:00+00:00, run_after=2025-07-03 07:00:00+00:00
[2025-07-02T20:39:39.010+0000] {processor.py:208} INFO - Processing /opt/airflow/dags/driven_data_pipeline.py took 0.496 seconds
[2025-07-02T20:40:09.379+0000] {processor.py:186} INFO - Started process (PID=507) to work on /opt/airflow/dags/driven_data_pipeline.py
[2025-07-02T20:40:09.380+0000] {processor.py:914} INFO - Processing file /opt/airflow/dags/driven_data_pipeline.py for tasks to queue
[2025-07-02T20:40:09.385+0000] {logging_mixin.py:190} INFO - [2025-07-02T20:40:09.385+0000] {dagbag.py:588} INFO - Filling up the DagBag from /opt/airflow/dags/driven_data_pipeline.py
[2025-07-02T20:40:09.895+0000] {processor.py:925} INFO - DAG(s) 'extract_raw_data_pipeline' retrieved from /opt/airflow/dags/driven_data_pipeline.py
[2025-07-02T20:40:09.947+0000] {logging_mixin.py:190} INFO - [2025-07-02T20:40:09.946+0000] {dag.py:3239} INFO - Sync 1 DAGs
[2025-07-02T20:40:09.995+0000] {logging_mixin.py:190} INFO - [2025-07-02T20:40:09.994+0000] {dag.py:4180} INFO - Setting next_dagrun for extract_raw_data_pipeline to 2025-07-02 07:59:00+00:00, run_after=2025-07-03 07:00:00+00:00
[2025-07-02T20:40:10.027+0000] {processor.py:208} INFO - Processing /opt/airflow/dags/driven_data_pipeline.py took 0.664 seconds
[2025-07-02T20:40:40.206+0000] {processor.py:186} INFO - Started process (PID=514) to work on /opt/airflow/dags/driven_data_pipeline.py
[2025-07-02T20:40:40.208+0000] {processor.py:914} INFO - Processing file /opt/airflow/dags/driven_data_pipeline.py for tasks to queue
[2025-07-02T20:40:40.214+0000] {logging_mixin.py:190} INFO - [2025-07-02T20:40:40.213+0000] {dagbag.py:588} INFO - Filling up the DagBag from /opt/airflow/dags/driven_data_pipeline.py
[2025-07-02T20:40:40.532+0000] {processor.py:925} INFO - DAG(s) 'extract_raw_data_pipeline' retrieved from /opt/airflow/dags/driven_data_pipeline.py
[2025-07-02T20:40:40.582+0000] {logging_mixin.py:190} INFO - [2025-07-02T20:40:40.582+0000] {dag.py:3239} INFO - Sync 1 DAGs
[2025-07-02T20:40:40.625+0000] {logging_mixin.py:190} INFO - [2025-07-02T20:40:40.624+0000] {dag.py:4180} INFO - Setting next_dagrun for extract_raw_data_pipeline to 2025-07-02 07:59:00+00:00, run_after=2025-07-03 07:00:00+00:00
[2025-07-02T20:40:40.665+0000] {processor.py:208} INFO - Processing /opt/airflow/dags/driven_data_pipeline.py took 0.472 seconds
[2025-07-02T20:40:47.834+0000] {processor.py:186} INFO - Started process (PID=516) to work on /opt/airflow/dags/driven_data_pipeline.py
[2025-07-02T20:40:47.837+0000] {processor.py:914} INFO - Processing file /opt/airflow/dags/driven_data_pipeline.py for tasks to queue
[2025-07-02T20:40:47.843+0000] {logging_mixin.py:190} INFO - [2025-07-02T20:40:47.842+0000] {dagbag.py:588} INFO - Filling up the DagBag from /opt/airflow/dags/driven_data_pipeline.py
[2025-07-02T20:40:48.117+0000] {processor.py:925} INFO - DAG(s) 'extract_raw_data_pipeline' retrieved from /opt/airflow/dags/driven_data_pipeline.py
[2025-07-02T20:40:48.625+0000] {logging_mixin.py:190} INFO - [2025-07-02T20:40:48.624+0000] {dag.py:3239} INFO - Sync 1 DAGs
[2025-07-02T20:40:48.660+0000] {logging_mixin.py:190} INFO - [2025-07-02T20:40:48.659+0000] {dag.py:4180} INFO - Setting next_dagrun for extract_raw_data_pipeline to 2025-07-02 07:59:00+00:00, run_after=2025-07-03 07:00:00+00:00
[2025-07-02T20:40:48.706+0000] {processor.py:208} INFO - Processing /opt/airflow/dags/driven_data_pipeline.py took 0.885 seconds
[2025-07-02T20:40:49.834+0000] {processor.py:186} INFO - Started process (PID=518) to work on /opt/airflow/dags/driven_data_pipeline.py
[2025-07-02T20:40:49.836+0000] {processor.py:914} INFO - Processing file /opt/airflow/dags/driven_data_pipeline.py for tasks to queue
[2025-07-02T20:40:49.842+0000] {logging_mixin.py:190} INFO - [2025-07-02T20:40:49.841+0000] {dagbag.py:588} INFO - Filling up the DagBag from /opt/airflow/dags/driven_data_pipeline.py
[2025-07-02T20:40:50.206+0000] {processor.py:925} INFO - DAG(s) 'extract_raw_data_pipeline' retrieved from /opt/airflow/dags/driven_data_pipeline.py
[2025-07-02T20:40:50.233+0000] {logging_mixin.py:190} INFO - [2025-07-02T20:40:50.233+0000] {dag.py:3239} INFO - Sync 1 DAGs
[2025-07-02T20:40:50.278+0000] {logging_mixin.py:190} INFO - [2025-07-02T20:40:50.278+0000] {dag.py:4180} INFO - Setting next_dagrun for extract_raw_data_pipeline to 2025-07-02 07:59:00+00:00, run_after=2025-07-03 07:00:00+00:00
[2025-07-02T20:40:50.321+0000] {processor.py:208} INFO - Processing /opt/airflow/dags/driven_data_pipeline.py took 0.500 seconds
[2025-07-02T20:41:03.545+0000] {processor.py:186} INFO - Started process (PID=526) to work on /opt/airflow/dags/driven_data_pipeline.py
[2025-07-02T20:41:03.547+0000] {processor.py:914} INFO - Processing file /opt/airflow/dags/driven_data_pipeline.py for tasks to queue
[2025-07-02T20:41:03.551+0000] {logging_mixin.py:190} INFO - [2025-07-02T20:41:03.551+0000] {dagbag.py:588} INFO - Filling up the DagBag from /opt/airflow/dags/driven_data_pipeline.py
[2025-07-02T20:41:03.888+0000] {processor.py:925} INFO - DAG(s) 'extract_raw_data_pipeline' retrieved from /opt/airflow/dags/driven_data_pipeline.py
[2025-07-02T20:41:03.910+0000] {logging_mixin.py:190} INFO - [2025-07-02T20:41:03.910+0000] {dag.py:3239} INFO - Sync 1 DAGs
[2025-07-02T20:41:03.944+0000] {logging_mixin.py:190} INFO - [2025-07-02T20:41:03.943+0000] {dag.py:4180} INFO - Setting next_dagrun for extract_raw_data_pipeline to 2025-07-02 07:59:00+00:00, run_after=2025-07-03 07:00:00+00:00
[2025-07-02T20:41:03.982+0000] {processor.py:208} INFO - Processing /opt/airflow/dags/driven_data_pipeline.py took 0.447 seconds
[2025-07-02T20:41:06.001+0000] {processor.py:186} INFO - Started process (PID=528) to work on /opt/airflow/dags/driven_data_pipeline.py
[2025-07-02T20:41:06.003+0000] {processor.py:914} INFO - Processing file /opt/airflow/dags/driven_data_pipeline.py for tasks to queue
[2025-07-02T20:41:06.007+0000] {logging_mixin.py:190} INFO - [2025-07-02T20:41:06.007+0000] {dagbag.py:588} INFO - Filling up the DagBag from /opt/airflow/dags/driven_data_pipeline.py
[2025-07-02T20:41:06.309+0000] {processor.py:925} INFO - DAG(s) 'extract_raw_data_pipeline' retrieved from /opt/airflow/dags/driven_data_pipeline.py
[2025-07-02T20:41:06.331+0000] {logging_mixin.py:190} INFO - [2025-07-02T20:41:06.330+0000] {dag.py:3239} INFO - Sync 1 DAGs
[2025-07-02T20:41:06.368+0000] {logging_mixin.py:190} INFO - [2025-07-02T20:41:06.368+0000] {dag.py:4180} INFO - Setting next_dagrun for extract_raw_data_pipeline to 2025-07-02 07:59:00+00:00, run_after=2025-07-03 07:00:00+00:00
[2025-07-02T20:41:06.408+0000] {processor.py:208} INFO - Processing /opt/airflow/dags/driven_data_pipeline.py took 0.418 seconds
[2025-07-02T20:41:24.295+0000] {processor.py:186} INFO - Started process (PID=530) to work on /opt/airflow/dags/driven_data_pipeline.py
[2025-07-02T20:41:24.297+0000] {processor.py:914} INFO - Processing file /opt/airflow/dags/driven_data_pipeline.py for tasks to queue
[2025-07-02T20:41:24.301+0000] {logging_mixin.py:190} INFO - [2025-07-02T20:41:24.301+0000] {dagbag.py:588} INFO - Filling up the DagBag from /opt/airflow/dags/driven_data_pipeline.py
[2025-07-02T20:41:24.572+0000] {processor.py:925} INFO - DAG(s) 'extract_raw_data_pipeline' retrieved from /opt/airflow/dags/driven_data_pipeline.py
[2025-07-02T20:41:24.751+0000] {logging_mixin.py:190} INFO - [2025-07-02T20:41:24.751+0000] {dag.py:3239} INFO - Sync 1 DAGs
[2025-07-02T20:41:24.783+0000] {logging_mixin.py:190} INFO - [2025-07-02T20:41:24.783+0000] {dag.py:4180} INFO - Setting next_dagrun for extract_raw_data_pipeline to 2025-07-02 07:59:00+00:00, run_after=2025-07-03 07:00:00+00:00
[2025-07-02T20:41:24.819+0000] {processor.py:208} INFO - Processing /opt/airflow/dags/driven_data_pipeline.py took 0.534 seconds
[2025-07-02T20:41:25.646+0000] {processor.py:186} INFO - Started process (PID=532) to work on /opt/airflow/dags/driven_data_pipeline.py
[2025-07-02T20:41:25.648+0000] {processor.py:914} INFO - Processing file /opt/airflow/dags/driven_data_pipeline.py for tasks to queue
[2025-07-02T20:41:25.654+0000] {logging_mixin.py:190} INFO - [2025-07-02T20:41:25.653+0000] {dagbag.py:588} INFO - Filling up the DagBag from /opt/airflow/dags/driven_data_pipeline.py
[2025-07-02T20:41:25.917+0000] {processor.py:925} INFO - DAG(s) 'extract_raw_data_pipeline' retrieved from /opt/airflow/dags/driven_data_pipeline.py
[2025-07-02T20:41:25.936+0000] {logging_mixin.py:190} INFO - [2025-07-02T20:41:25.936+0000] {dag.py:3239} INFO - Sync 1 DAGs
[2025-07-02T20:41:25.972+0000] {logging_mixin.py:190} INFO - [2025-07-02T20:41:25.972+0000] {dag.py:4180} INFO - Setting next_dagrun for extract_raw_data_pipeline to 2025-07-02 07:59:00+00:00, run_after=2025-07-03 07:00:00+00:00
[2025-07-02T20:41:26.007+0000] {processor.py:208} INFO - Processing /opt/airflow/dags/driven_data_pipeline.py took 0.372 seconds
[2025-07-02T20:41:56.238+0000] {processor.py:186} INFO - Started process (PID=540) to work on /opt/airflow/dags/driven_data_pipeline.py
[2025-07-02T20:41:56.240+0000] {processor.py:914} INFO - Processing file /opt/airflow/dags/driven_data_pipeline.py for tasks to queue
[2025-07-02T20:41:56.246+0000] {logging_mixin.py:190} INFO - [2025-07-02T20:41:56.245+0000] {dagbag.py:588} INFO - Filling up the DagBag from /opt/airflow/dags/driven_data_pipeline.py
[2025-07-02T20:41:56.564+0000] {processor.py:925} INFO - DAG(s) 'extract_raw_data_pipeline' retrieved from /opt/airflow/dags/driven_data_pipeline.py
[2025-07-02T20:41:56.607+0000] {logging_mixin.py:190} INFO - [2025-07-02T20:41:56.606+0000] {dag.py:3239} INFO - Sync 1 DAGs
[2025-07-02T20:41:56.644+0000] {logging_mixin.py:190} INFO - [2025-07-02T20:41:56.644+0000] {dag.py:4180} INFO - Setting next_dagrun for extract_raw_data_pipeline to 2025-07-02 07:59:00+00:00, run_after=2025-07-03 07:00:00+00:00
[2025-07-02T20:41:56.692+0000] {processor.py:208} INFO - Processing /opt/airflow/dags/driven_data_pipeline.py took 0.467 seconds
[2025-07-02T20:42:27.258+0000] {processor.py:186} INFO - Started process (PID=553) to work on /opt/airflow/dags/driven_data_pipeline.py
[2025-07-02T20:42:27.260+0000] {processor.py:914} INFO - Processing file /opt/airflow/dags/driven_data_pipeline.py for tasks to queue
[2025-07-02T20:42:27.269+0000] {logging_mixin.py:190} INFO - [2025-07-02T20:42:27.268+0000] {dagbag.py:588} INFO - Filling up the DagBag from /opt/airflow/dags/driven_data_pipeline.py
[2025-07-02T20:42:27.623+0000] {processor.py:925} INFO - DAG(s) 'extract_raw_data_pipeline' retrieved from /opt/airflow/dags/driven_data_pipeline.py
[2025-07-02T20:42:27.690+0000] {logging_mixin.py:190} INFO - [2025-07-02T20:42:27.689+0000] {dag.py:3239} INFO - Sync 1 DAGs
[2025-07-02T20:42:27.741+0000] {logging_mixin.py:190} INFO - [2025-07-02T20:42:27.741+0000] {dag.py:4180} INFO - Setting next_dagrun for extract_raw_data_pipeline to 2025-07-02 07:59:00+00:00, run_after=2025-07-03 07:00:00+00:00
[2025-07-02T20:42:27.775+0000] {processor.py:208} INFO - Processing /opt/airflow/dags/driven_data_pipeline.py took 0.529 seconds
[2025-07-02T20:42:58.098+0000] {processor.py:186} INFO - Started process (PID=561) to work on /opt/airflow/dags/driven_data_pipeline.py
[2025-07-02T20:42:58.101+0000] {processor.py:914} INFO - Processing file /opt/airflow/dags/driven_data_pipeline.py for tasks to queue
[2025-07-02T20:42:58.107+0000] {logging_mixin.py:190} INFO - [2025-07-02T20:42:58.106+0000] {dagbag.py:588} INFO - Filling up the DagBag from /opt/airflow/dags/driven_data_pipeline.py
[2025-07-02T20:42:58.429+0000] {processor.py:925} INFO - DAG(s) 'extract_raw_data_pipeline' retrieved from /opt/airflow/dags/driven_data_pipeline.py
[2025-07-02T20:42:58.477+0000] {logging_mixin.py:190} INFO - [2025-07-02T20:42:58.476+0000] {dag.py:3239} INFO - Sync 1 DAGs
[2025-07-02T20:42:58.516+0000] {logging_mixin.py:190} INFO - [2025-07-02T20:42:58.515+0000] {dag.py:4180} INFO - Setting next_dagrun for extract_raw_data_pipeline to 2025-07-02 07:59:00+00:00, run_after=2025-07-03 07:00:00+00:00
[2025-07-02T20:42:58.551+0000] {processor.py:208} INFO - Processing /opt/airflow/dags/driven_data_pipeline.py took 0.462 seconds
[2025-07-02T20:43:28.943+0000] {processor.py:186} INFO - Started process (PID=569) to work on /opt/airflow/dags/driven_data_pipeline.py
[2025-07-02T20:43:28.944+0000] {processor.py:914} INFO - Processing file /opt/airflow/dags/driven_data_pipeline.py for tasks to queue
[2025-07-02T20:43:28.949+0000] {logging_mixin.py:190} INFO - [2025-07-02T20:43:28.948+0000] {dagbag.py:588} INFO - Filling up the DagBag from /opt/airflow/dags/driven_data_pipeline.py
[2025-07-02T20:43:29.235+0000] {processor.py:925} INFO - DAG(s) 'extract_raw_data_pipeline' retrieved from /opt/airflow/dags/driven_data_pipeline.py
[2025-07-02T20:43:29.284+0000] {logging_mixin.py:190} INFO - [2025-07-02T20:43:29.283+0000] {dag.py:3239} INFO - Sync 1 DAGs
[2025-07-02T20:43:29.331+0000] {logging_mixin.py:190} INFO - [2025-07-02T20:43:29.330+0000] {dag.py:4180} INFO - Setting next_dagrun for extract_raw_data_pipeline to 2025-07-02 07:59:00+00:00, run_after=2025-07-03 07:00:00+00:00
[2025-07-02T20:43:29.362+0000] {processor.py:208} INFO - Processing /opt/airflow/dags/driven_data_pipeline.py took 0.430 seconds
[2025-07-02T20:43:59.752+0000] {processor.py:186} INFO - Started process (PID=577) to work on /opt/airflow/dags/driven_data_pipeline.py
[2025-07-02T20:43:59.754+0000] {processor.py:914} INFO - Processing file /opt/airflow/dags/driven_data_pipeline.py for tasks to queue
[2025-07-02T20:43:59.760+0000] {logging_mixin.py:190} INFO - [2025-07-02T20:43:59.759+0000] {dagbag.py:588} INFO - Filling up the DagBag from /opt/airflow/dags/driven_data_pipeline.py
[2025-07-02T20:44:00.015+0000] {processor.py:925} INFO - DAG(s) 'extract_raw_data_pipeline' retrieved from /opt/airflow/dags/driven_data_pipeline.py
[2025-07-02T20:44:00.054+0000] {logging_mixin.py:190} INFO - [2025-07-02T20:44:00.054+0000] {dag.py:3239} INFO - Sync 1 DAGs
[2025-07-02T20:44:00.096+0000] {logging_mixin.py:190} INFO - [2025-07-02T20:44:00.096+0000] {dag.py:4180} INFO - Setting next_dagrun for extract_raw_data_pipeline to 2025-07-02 07:59:00+00:00, run_after=2025-07-03 07:00:00+00:00
[2025-07-02T20:44:00.129+0000] {processor.py:208} INFO - Processing /opt/airflow/dags/driven_data_pipeline.py took 0.391 seconds
[2025-07-02T20:44:08.284+0000] {processor.py:186} INFO - Started process (PID=579) to work on /opt/airflow/dags/driven_data_pipeline.py
[2025-07-02T20:44:08.286+0000] {processor.py:914} INFO - Processing file /opt/airflow/dags/driven_data_pipeline.py for tasks to queue
[2025-07-02T20:44:08.293+0000] {logging_mixin.py:190} INFO - [2025-07-02T20:44:08.292+0000] {dagbag.py:588} INFO - Filling up the DagBag from /opt/airflow/dags/driven_data_pipeline.py
[2025-07-02T20:44:08.337+0000] {logging_mixin.py:190} INFO - [2025-07-02T20:44:08.324+0000] {dagbag.py:387} ERROR - Failed to import: /opt/airflow/dags/driven_data_pipeline.py
Traceback (most recent call last):
  File "/home/airflow/.local/lib/python3.12/site-packages/airflow/models/dagbag.py", line 383, in parse
    loader.exec_module(new_module)
  File "<frozen importlib._bootstrap_external>", line 991, in exec_module
  File "<frozen importlib._bootstrap_external>", line 1129, in get_code
  File "<frozen importlib._bootstrap_external>", line 1059, in source_to_code
  File "<frozen importlib._bootstrap>", line 488, in _call_with_frames_removed
  File "/opt/airflow/dags/driven_data_pipeline.py", line 100
    logging.info(f"Written {rows} records to the CSV file.")
                                                            ^
IndentationError: unindent does not match any outer indentation level
[2025-07-02T20:44:08.339+0000] {processor.py:927} WARNING - No viable dags retrieved from /opt/airflow/dags/driven_data_pipeline.py
[2025-07-02T20:44:08.402+0000] {processor.py:208} INFO - Processing /opt/airflow/dags/driven_data_pipeline.py took 0.128 seconds
[2025-07-02T20:44:13.433+0000] {processor.py:186} INFO - Started process (PID=580) to work on /opt/airflow/dags/driven_data_pipeline.py
[2025-07-02T20:44:13.441+0000] {processor.py:914} INFO - Processing file /opt/airflow/dags/driven_data_pipeline.py for tasks to queue
[2025-07-02T20:44:13.445+0000] {logging_mixin.py:190} INFO - [2025-07-02T20:44:13.444+0000] {dagbag.py:588} INFO - Filling up the DagBag from /opt/airflow/dags/driven_data_pipeline.py
[2025-07-02T20:44:13.717+0000] {processor.py:925} INFO - DAG(s) 'extract_raw_data_pipeline' retrieved from /opt/airflow/dags/driven_data_pipeline.py
[2025-07-02T20:44:13.755+0000] {logging_mixin.py:190} INFO - [2025-07-02T20:44:13.755+0000] {dag.py:3239} INFO - Sync 1 DAGs
[2025-07-02T20:44:13.791+0000] {logging_mixin.py:190} INFO - [2025-07-02T20:44:13.790+0000] {dag.py:4180} INFO - Setting next_dagrun for extract_raw_data_pipeline to 2025-07-02 07:59:00+00:00, run_after=2025-07-03 07:00:00+00:00
[2025-07-02T20:44:13.829+0000] {processor.py:208} INFO - Processing /opt/airflow/dags/driven_data_pipeline.py took 0.439 seconds
[2025-07-02T20:44:16.552+0000] {processor.py:186} INFO - Started process (PID=582) to work on /opt/airflow/dags/driven_data_pipeline.py
[2025-07-02T20:44:16.554+0000] {processor.py:914} INFO - Processing file /opt/airflow/dags/driven_data_pipeline.py for tasks to queue
[2025-07-02T20:44:16.560+0000] {logging_mixin.py:190} INFO - [2025-07-02T20:44:16.559+0000] {dagbag.py:588} INFO - Filling up the DagBag from /opt/airflow/dags/driven_data_pipeline.py
[2025-07-02T20:44:16.583+0000] {logging_mixin.py:190} INFO - [2025-07-02T20:44:16.581+0000] {dagbag.py:387} ERROR - Failed to import: /opt/airflow/dags/driven_data_pipeline.py
Traceback (most recent call last):
  File "/home/airflow/.local/lib/python3.12/site-packages/airflow/models/dagbag.py", line 383, in parse
    loader.exec_module(new_module)
  File "<frozen importlib._bootstrap_external>", line 991, in exec_module
  File "<frozen importlib._bootstrap_external>", line 1129, in get_code
  File "<frozen importlib._bootstrap_external>", line 1059, in source_to_code
  File "<frozen importlib._bootstrap>", line 488, in _call_with_frames_removed
  File "/opt/airflow/dags/driven_data_pipeline.py", line 100
    logging.info(f"Written {rows} records to the CSV file.")
                                                            ^
IndentationError: unindent does not match any outer indentation level
[2025-07-02T20:44:16.584+0000] {processor.py:927} WARNING - No viable dags retrieved from /opt/airflow/dags/driven_data_pipeline.py
[2025-07-02T20:44:16.623+0000] {processor.py:208} INFO - Processing /opt/airflow/dags/driven_data_pipeline.py took 0.089 seconds
[2025-07-02T20:44:19.593+0000] {processor.py:186} INFO - Started process (PID=583) to work on /opt/airflow/dags/driven_data_pipeline.py
[2025-07-02T20:44:19.595+0000] {processor.py:914} INFO - Processing file /opt/airflow/dags/driven_data_pipeline.py for tasks to queue
[2025-07-02T20:44:19.600+0000] {logging_mixin.py:190} INFO - [2025-07-02T20:44:19.599+0000] {dagbag.py:588} INFO - Filling up the DagBag from /opt/airflow/dags/driven_data_pipeline.py
[2025-07-02T20:44:19.902+0000] {processor.py:925} INFO - DAG(s) 'extract_raw_data_pipeline' retrieved from /opt/airflow/dags/driven_data_pipeline.py
[2025-07-02T20:44:19.946+0000] {logging_mixin.py:190} INFO - [2025-07-02T20:44:19.946+0000] {dag.py:3239} INFO - Sync 1 DAGs
[2025-07-02T20:44:19.982+0000] {logging_mixin.py:190} INFO - [2025-07-02T20:44:19.981+0000] {dag.py:4180} INFO - Setting next_dagrun for extract_raw_data_pipeline to 2025-07-02 07:59:00+00:00, run_after=2025-07-03 07:00:00+00:00
[2025-07-02T20:44:20.021+0000] {processor.py:208} INFO - Processing /opt/airflow/dags/driven_data_pipeline.py took 0.440 seconds
[2025-07-02T20:44:26.874+0000] {processor.py:186} INFO - Started process (PID=585) to work on /opt/airflow/dags/driven_data_pipeline.py
[2025-07-02T20:44:26.885+0000] {processor.py:914} INFO - Processing file /opt/airflow/dags/driven_data_pipeline.py for tasks to queue
[2025-07-02T20:44:26.910+0000] {logging_mixin.py:190} INFO - [2025-07-02T20:44:26.909+0000] {dagbag.py:588} INFO - Filling up the DagBag from /opt/airflow/dags/driven_data_pipeline.py
[2025-07-02T20:44:27.208+0000] {processor.py:925} INFO - DAG(s) 'extract_raw_data_pipeline' retrieved from /opt/airflow/dags/driven_data_pipeline.py
[2025-07-02T20:44:27.257+0000] {logging_mixin.py:190} INFO - [2025-07-02T20:44:27.257+0000] {dag.py:3239} INFO - Sync 1 DAGs
[2025-07-02T20:44:27.293+0000] {logging_mixin.py:190} INFO - [2025-07-02T20:44:27.293+0000] {dag.py:4180} INFO - Setting next_dagrun for extract_raw_data_pipeline to 2025-07-02 07:59:00+00:00, run_after=2025-07-03 07:00:00+00:00
[2025-07-02T20:44:27.331+0000] {processor.py:208} INFO - Processing /opt/airflow/dags/driven_data_pipeline.py took 0.519 seconds
[2025-07-02T20:44:57.494+0000] {processor.py:186} INFO - Started process (PID=600) to work on /opt/airflow/dags/driven_data_pipeline.py
[2025-07-02T20:44:57.496+0000] {processor.py:914} INFO - Processing file /opt/airflow/dags/driven_data_pipeline.py for tasks to queue
[2025-07-02T20:44:57.502+0000] {logging_mixin.py:190} INFO - [2025-07-02T20:44:57.501+0000] {dagbag.py:588} INFO - Filling up the DagBag from /opt/airflow/dags/driven_data_pipeline.py
[2025-07-02T20:44:57.800+0000] {processor.py:925} INFO - DAG(s) 'extract_raw_data_pipeline' retrieved from /opt/airflow/dags/driven_data_pipeline.py
[2025-07-02T20:44:57.864+0000] {logging_mixin.py:190} INFO - [2025-07-02T20:44:57.863+0000] {dag.py:3239} INFO - Sync 1 DAGs
[2025-07-02T20:44:57.909+0000] {logging_mixin.py:190} INFO - [2025-07-02T20:44:57.908+0000] {dag.py:4180} INFO - Setting next_dagrun for extract_raw_data_pipeline to 2025-07-02 07:59:00+00:00, run_after=2025-07-03 07:00:00+00:00
[2025-07-02T20:44:57.941+0000] {processor.py:208} INFO - Processing /opt/airflow/dags/driven_data_pipeline.py took 0.458 seconds
[2025-07-02T20:45:03.081+0000] {processor.py:186} INFO - Started process (PID=602) to work on /opt/airflow/dags/driven_data_pipeline.py
[2025-07-02T20:45:03.083+0000] {processor.py:914} INFO - Processing file /opt/airflow/dags/driven_data_pipeline.py for tasks to queue
[2025-07-02T20:45:03.090+0000] {logging_mixin.py:190} INFO - [2025-07-02T20:45:03.089+0000] {dagbag.py:588} INFO - Filling up the DagBag from /opt/airflow/dags/driven_data_pipeline.py
[2025-07-02T20:45:03.378+0000] {processor.py:925} INFO - DAG(s) 'extract_raw_data_pipeline' retrieved from /opt/airflow/dags/driven_data_pipeline.py
[2025-07-02T20:45:03.419+0000] {logging_mixin.py:190} INFO - [2025-07-02T20:45:03.419+0000] {dag.py:3239} INFO - Sync 1 DAGs
[2025-07-02T20:45:03.461+0000] {logging_mixin.py:190} INFO - [2025-07-02T20:45:03.461+0000] {dag.py:4180} INFO - Setting next_dagrun for extract_raw_data_pipeline to 2025-07-02 07:59:00+00:00, run_after=2025-07-03 07:00:00+00:00
[2025-07-02T20:45:03.499+0000] {processor.py:208} INFO - Processing /opt/airflow/dags/driven_data_pipeline.py took 0.428 seconds
[2025-07-02T20:45:04.136+0000] {processor.py:186} INFO - Started process (PID=604) to work on /opt/airflow/dags/driven_data_pipeline.py
[2025-07-02T20:45:04.139+0000] {processor.py:914} INFO - Processing file /opt/airflow/dags/driven_data_pipeline.py for tasks to queue
[2025-07-02T20:45:04.144+0000] {logging_mixin.py:190} INFO - [2025-07-02T20:45:04.144+0000] {dagbag.py:588} INFO - Filling up the DagBag from /opt/airflow/dags/driven_data_pipeline.py
[2025-07-02T20:45:04.591+0000] {processor.py:925} INFO - DAG(s) 'extract_raw_data_pipeline' retrieved from /opt/airflow/dags/driven_data_pipeline.py
[2025-07-02T20:45:04.637+0000] {logging_mixin.py:190} INFO - [2025-07-02T20:45:04.636+0000] {dag.py:3239} INFO - Sync 1 DAGs
[2025-07-02T20:45:04.684+0000] {logging_mixin.py:190} INFO - [2025-07-02T20:45:04.683+0000] {dag.py:4180} INFO - Setting next_dagrun for extract_raw_data_pipeline to 2025-07-02 07:59:00+00:00, run_after=2025-07-03 07:00:00+00:00
[2025-07-02T20:45:04.727+0000] {processor.py:208} INFO - Processing /opt/airflow/dags/driven_data_pipeline.py took 0.602 seconds
[2025-07-02T20:45:35.112+0000] {processor.py:186} INFO - Started process (PID=612) to work on /opt/airflow/dags/driven_data_pipeline.py
[2025-07-02T20:45:35.125+0000] {processor.py:914} INFO - Processing file /opt/airflow/dags/driven_data_pipeline.py for tasks to queue
[2025-07-02T20:45:35.135+0000] {logging_mixin.py:190} INFO - [2025-07-02T20:45:35.134+0000] {dagbag.py:588} INFO - Filling up the DagBag from /opt/airflow/dags/driven_data_pipeline.py
[2025-07-02T20:45:35.736+0000] {processor.py:925} INFO - DAG(s) 'extract_raw_data_pipeline' retrieved from /opt/airflow/dags/driven_data_pipeline.py
[2025-07-02T20:45:35.802+0000] {logging_mixin.py:190} INFO - [2025-07-02T20:45:35.801+0000] {dag.py:3239} INFO - Sync 1 DAGs
[2025-07-02T20:45:35.854+0000] {logging_mixin.py:190} INFO - [2025-07-02T20:45:35.853+0000] {dag.py:4180} INFO - Setting next_dagrun for extract_raw_data_pipeline to 2025-07-02 07:59:00+00:00, run_after=2025-07-03 07:00:00+00:00
[2025-07-02T20:45:35.918+0000] {processor.py:208} INFO - Processing /opt/airflow/dags/driven_data_pipeline.py took 0.885 seconds
[2025-07-02T20:46:06.421+0000] {processor.py:186} INFO - Started process (PID=620) to work on /opt/airflow/dags/driven_data_pipeline.py
[2025-07-02T20:46:06.422+0000] {processor.py:914} INFO - Processing file /opt/airflow/dags/driven_data_pipeline.py for tasks to queue
[2025-07-02T20:46:06.428+0000] {logging_mixin.py:190} INFO - [2025-07-02T20:46:06.427+0000] {dagbag.py:588} INFO - Filling up the DagBag from /opt/airflow/dags/driven_data_pipeline.py
[2025-07-02T20:46:07.344+0000] {processor.py:925} INFO - DAG(s) 'extract_raw_data_pipeline' retrieved from /opt/airflow/dags/driven_data_pipeline.py
[2025-07-02T20:46:07.400+0000] {logging_mixin.py:190} INFO - [2025-07-02T20:46:07.400+0000] {dag.py:3239} INFO - Sync 1 DAGs
[2025-07-02T20:46:07.485+0000] {logging_mixin.py:190} INFO - [2025-07-02T20:46:07.485+0000] {dag.py:4180} INFO - Setting next_dagrun for extract_raw_data_pipeline to 2025-07-02 07:59:00+00:00, run_after=2025-07-03 07:00:00+00:00
[2025-07-02T20:46:07.544+0000] {processor.py:208} INFO - Processing /opt/airflow/dags/driven_data_pipeline.py took 1.144 seconds
[2025-07-02T20:46:37.908+0000] {processor.py:186} INFO - Started process (PID=628) to work on /opt/airflow/dags/driven_data_pipeline.py
[2025-07-02T20:46:37.911+0000] {processor.py:914} INFO - Processing file /opt/airflow/dags/driven_data_pipeline.py for tasks to queue
[2025-07-02T20:46:37.916+0000] {logging_mixin.py:190} INFO - [2025-07-02T20:46:37.916+0000] {dagbag.py:588} INFO - Filling up the DagBag from /opt/airflow/dags/driven_data_pipeline.py
[2025-07-02T20:46:38.194+0000] {processor.py:925} INFO - DAG(s) 'extract_raw_data_pipeline' retrieved from /opt/airflow/dags/driven_data_pipeline.py
[2025-07-02T20:46:38.239+0000] {logging_mixin.py:190} INFO - [2025-07-02T20:46:38.238+0000] {dag.py:3239} INFO - Sync 1 DAGs
[2025-07-02T20:46:38.282+0000] {logging_mixin.py:190} INFO - [2025-07-02T20:46:38.281+0000] {dag.py:4180} INFO - Setting next_dagrun for extract_raw_data_pipeline to 2025-07-02 07:59:00+00:00, run_after=2025-07-03 07:00:00+00:00
[2025-07-02T20:46:38.317+0000] {processor.py:208} INFO - Processing /opt/airflow/dags/driven_data_pipeline.py took 0.420 seconds
[2025-07-02T20:47:08.740+0000] {processor.py:186} INFO - Started process (PID=636) to work on /opt/airflow/dags/driven_data_pipeline.py
[2025-07-02T20:47:08.742+0000] {processor.py:914} INFO - Processing file /opt/airflow/dags/driven_data_pipeline.py for tasks to queue
[2025-07-02T20:47:08.748+0000] {logging_mixin.py:190} INFO - [2025-07-02T20:47:08.748+0000] {dagbag.py:588} INFO - Filling up the DagBag from /opt/airflow/dags/driven_data_pipeline.py
[2025-07-02T20:47:09.013+0000] {processor.py:925} INFO - DAG(s) 'extract_raw_data_pipeline' retrieved from /opt/airflow/dags/driven_data_pipeline.py
[2025-07-02T20:47:09.054+0000] {logging_mixin.py:190} INFO - [2025-07-02T20:47:09.054+0000] {dag.py:3239} INFO - Sync 1 DAGs
[2025-07-02T20:47:09.090+0000] {logging_mixin.py:190} INFO - [2025-07-02T20:47:09.090+0000] {dag.py:4180} INFO - Setting next_dagrun for extract_raw_data_pipeline to 2025-07-02 07:59:00+00:00, run_after=2025-07-03 07:00:00+00:00
[2025-07-02T20:47:09.122+0000] {processor.py:208} INFO - Processing /opt/airflow/dags/driven_data_pipeline.py took 0.393 seconds
[2025-07-02T20:47:39.486+0000] {processor.py:186} INFO - Started process (PID=644) to work on /opt/airflow/dags/driven_data_pipeline.py
[2025-07-02T20:47:39.488+0000] {processor.py:914} INFO - Processing file /opt/airflow/dags/driven_data_pipeline.py for tasks to queue
[2025-07-02T20:47:39.494+0000] {logging_mixin.py:190} INFO - [2025-07-02T20:47:39.494+0000] {dagbag.py:588} INFO - Filling up the DagBag from /opt/airflow/dags/driven_data_pipeline.py
[2025-07-02T20:47:39.833+0000] {processor.py:925} INFO - DAG(s) 'extract_raw_data_pipeline' retrieved from /opt/airflow/dags/driven_data_pipeline.py
[2025-07-02T20:47:39.884+0000] {logging_mixin.py:190} INFO - [2025-07-02T20:47:39.884+0000] {dag.py:3239} INFO - Sync 1 DAGs
[2025-07-02T20:47:39.924+0000] {logging_mixin.py:190} INFO - [2025-07-02T20:47:39.924+0000] {dag.py:4180} INFO - Setting next_dagrun for extract_raw_data_pipeline to 2025-07-02 07:59:00+00:00, run_after=2025-07-03 07:00:00+00:00
[2025-07-02T20:47:39.960+0000] {processor.py:208} INFO - Processing /opt/airflow/dags/driven_data_pipeline.py took 0.484 seconds
[2025-07-02T20:48:10.492+0000] {processor.py:186} INFO - Started process (PID=652) to work on /opt/airflow/dags/driven_data_pipeline.py
[2025-07-02T20:48:10.497+0000] {processor.py:914} INFO - Processing file /opt/airflow/dags/driven_data_pipeline.py for tasks to queue
[2025-07-02T20:48:10.507+0000] {logging_mixin.py:190} INFO - [2025-07-02T20:48:10.506+0000] {dagbag.py:588} INFO - Filling up the DagBag from /opt/airflow/dags/driven_data_pipeline.py
[2025-07-02T20:48:10.844+0000] {processor.py:925} INFO - DAG(s) 'extract_raw_data_pipeline' retrieved from /opt/airflow/dags/driven_data_pipeline.py
[2025-07-02T20:48:10.883+0000] {logging_mixin.py:190} INFO - [2025-07-02T20:48:10.883+0000] {dag.py:3239} INFO - Sync 1 DAGs
[2025-07-02T20:48:10.919+0000] {logging_mixin.py:190} INFO - [2025-07-02T20:48:10.919+0000] {dag.py:4180} INFO - Setting next_dagrun for extract_raw_data_pipeline to 2025-07-02 07:59:00+00:00, run_after=2025-07-03 07:00:00+00:00
[2025-07-02T20:48:10.969+0000] {processor.py:208} INFO - Processing /opt/airflow/dags/driven_data_pipeline.py took 0.523 seconds
[2025-07-02T20:48:41.172+0000] {processor.py:186} INFO - Started process (PID=660) to work on /opt/airflow/dags/driven_data_pipeline.py
[2025-07-02T20:48:41.174+0000] {processor.py:914} INFO - Processing file /opt/airflow/dags/driven_data_pipeline.py for tasks to queue
[2025-07-02T20:48:41.180+0000] {logging_mixin.py:190} INFO - [2025-07-02T20:48:41.179+0000] {dagbag.py:588} INFO - Filling up the DagBag from /opt/airflow/dags/driven_data_pipeline.py
[2025-07-02T20:48:41.479+0000] {processor.py:925} INFO - DAG(s) 'extract_raw_data_pipeline' retrieved from /opt/airflow/dags/driven_data_pipeline.py
[2025-07-02T20:48:41.518+0000] {logging_mixin.py:190} INFO - [2025-07-02T20:48:41.518+0000] {dag.py:3239} INFO - Sync 1 DAGs
[2025-07-02T20:48:41.557+0000] {logging_mixin.py:190} INFO - [2025-07-02T20:48:41.556+0000] {dag.py:4180} INFO - Setting next_dagrun for extract_raw_data_pipeline to 2025-07-02 07:59:00+00:00, run_after=2025-07-03 07:00:00+00:00
[2025-07-02T20:48:41.592+0000] {processor.py:208} INFO - Processing /opt/airflow/dags/driven_data_pipeline.py took 0.432 seconds
[2025-07-02T20:49:01.591+0000] {processor.py:186} INFO - Started process (PID=668) to work on /opt/airflow/dags/driven_data_pipeline.py
[2025-07-02T20:49:01.593+0000] {processor.py:914} INFO - Processing file /opt/airflow/dags/driven_data_pipeline.py for tasks to queue
[2025-07-02T20:49:01.598+0000] {logging_mixin.py:190} INFO - [2025-07-02T20:49:01.597+0000] {dagbag.py:588} INFO - Filling up the DagBag from /opt/airflow/dags/driven_data_pipeline.py
[2025-07-02T20:49:01.917+0000] {processor.py:925} INFO - DAG(s) 'extract_raw_data_pipeline' retrieved from /opt/airflow/dags/driven_data_pipeline.py
[2025-07-02T20:49:02.157+0000] {logging_mixin.py:190} INFO - [2025-07-02T20:49:02.157+0000] {dag.py:3239} INFO - Sync 1 DAGs
[2025-07-02T20:49:02.192+0000] {logging_mixin.py:190} INFO - [2025-07-02T20:49:02.192+0000] {dag.py:4180} INFO - Setting next_dagrun for extract_raw_data_pipeline to 2025-07-02 07:59:00+00:00, run_after=2025-07-03 07:00:00+00:00
[2025-07-02T20:49:02.233+0000] {processor.py:208} INFO - Processing /opt/airflow/dags/driven_data_pipeline.py took 0.655 seconds
[2025-07-02T20:49:03.881+0000] {processor.py:186} INFO - Started process (PID=670) to work on /opt/airflow/dags/driven_data_pipeline.py
[2025-07-02T20:49:03.885+0000] {processor.py:914} INFO - Processing file /opt/airflow/dags/driven_data_pipeline.py for tasks to queue
[2025-07-02T20:49:03.891+0000] {logging_mixin.py:190} INFO - [2025-07-02T20:49:03.890+0000] {dagbag.py:588} INFO - Filling up the DagBag from /opt/airflow/dags/driven_data_pipeline.py
[2025-07-02T20:49:04.270+0000] {processor.py:925} INFO - DAG(s) 'extract_raw_data_pipeline' retrieved from /opt/airflow/dags/driven_data_pipeline.py
[2025-07-02T20:49:04.298+0000] {logging_mixin.py:190} INFO - [2025-07-02T20:49:04.297+0000] {dag.py:3239} INFO - Sync 1 DAGs
[2025-07-02T20:49:04.368+0000] {logging_mixin.py:190} INFO - [2025-07-02T20:49:04.368+0000] {dag.py:4180} INFO - Setting next_dagrun for extract_raw_data_pipeline to 2025-07-02 07:59:00+00:00, run_after=2025-07-03 07:00:00+00:00
[2025-07-02T20:49:04.413+0000] {processor.py:208} INFO - Processing /opt/airflow/dags/driven_data_pipeline.py took 0.543 seconds
[2025-07-02T20:49:05.527+0000] {processor.py:186} INFO - Started process (PID=672) to work on /opt/airflow/dags/driven_data_pipeline.py
[2025-07-02T20:49:05.529+0000] {processor.py:914} INFO - Processing file /opt/airflow/dags/driven_data_pipeline.py for tasks to queue
[2025-07-02T20:49:05.534+0000] {logging_mixin.py:190} INFO - [2025-07-02T20:49:05.533+0000] {dagbag.py:588} INFO - Filling up the DagBag from /opt/airflow/dags/driven_data_pipeline.py
[2025-07-02T20:49:05.887+0000] {processor.py:925} INFO - DAG(s) 'extract_raw_data_pipeline' retrieved from /opt/airflow/dags/driven_data_pipeline.py
[2025-07-02T20:49:05.905+0000] {logging_mixin.py:190} INFO - [2025-07-02T20:49:05.904+0000] {dag.py:3239} INFO - Sync 1 DAGs
[2025-07-02T20:49:05.954+0000] {logging_mixin.py:190} INFO - [2025-07-02T20:49:05.954+0000] {dag.py:4180} INFO - Setting next_dagrun for extract_raw_data_pipeline to 2025-07-02 07:59:00+00:00, run_after=2025-07-03 07:00:00+00:00
[2025-07-02T20:49:06.040+0000] {processor.py:208} INFO - Processing /opt/airflow/dags/driven_data_pipeline.py took 0.524 seconds
[2025-07-02T20:49:06.568+0000] {processor.py:186} INFO - Started process (PID=674) to work on /opt/airflow/dags/driven_data_pipeline.py
[2025-07-02T20:49:06.570+0000] {processor.py:914} INFO - Processing file /opt/airflow/dags/driven_data_pipeline.py for tasks to queue
[2025-07-02T20:49:06.574+0000] {logging_mixin.py:190} INFO - [2025-07-02T20:49:06.574+0000] {dagbag.py:588} INFO - Filling up the DagBag from /opt/airflow/dags/driven_data_pipeline.py
[2025-07-02T20:49:06.895+0000] {processor.py:925} INFO - DAG(s) 'extract_raw_data_pipeline' retrieved from /opt/airflow/dags/driven_data_pipeline.py
[2025-07-02T20:49:06.918+0000] {logging_mixin.py:190} INFO - [2025-07-02T20:49:06.917+0000] {dag.py:3239} INFO - Sync 1 DAGs
[2025-07-02T20:49:06.964+0000] {logging_mixin.py:190} INFO - [2025-07-02T20:49:06.964+0000] {dag.py:4180} INFO - Setting next_dagrun for extract_raw_data_pipeline to 2025-07-02 07:59:00+00:00, run_after=2025-07-03 07:00:00+00:00
[2025-07-02T20:49:07.001+0000] {processor.py:208} INFO - Processing /opt/airflow/dags/driven_data_pipeline.py took 0.443 seconds
[2025-07-02T20:49:37.505+0000] {processor.py:186} INFO - Started process (PID=682) to work on /opt/airflow/dags/driven_data_pipeline.py
[2025-07-02T20:49:37.509+0000] {processor.py:914} INFO - Processing file /opt/airflow/dags/driven_data_pipeline.py for tasks to queue
[2025-07-02T20:49:37.517+0000] {logging_mixin.py:190} INFO - [2025-07-02T20:49:37.515+0000] {dagbag.py:588} INFO - Filling up the DagBag from /opt/airflow/dags/driven_data_pipeline.py
[2025-07-02T20:49:37.928+0000] {processor.py:925} INFO - DAG(s) 'extract_raw_data_pipeline' retrieved from /opt/airflow/dags/driven_data_pipeline.py
[2025-07-02T20:49:37.975+0000] {logging_mixin.py:190} INFO - [2025-07-02T20:49:37.975+0000] {dag.py:3239} INFO - Sync 1 DAGs
[2025-07-02T20:49:38.016+0000] {logging_mixin.py:190} INFO - [2025-07-02T20:49:38.015+0000] {dag.py:4180} INFO - Setting next_dagrun for extract_raw_data_pipeline to 2025-07-02 07:59:00+00:00, run_after=2025-07-03 07:00:00+00:00
[2025-07-02T20:49:38.048+0000] {processor.py:208} INFO - Processing /opt/airflow/dags/driven_data_pipeline.py took 0.563 seconds
[2025-07-02T20:50:08.574+0000] {processor.py:186} INFO - Started process (PID=691) to work on /opt/airflow/dags/driven_data_pipeline.py
[2025-07-02T20:50:08.580+0000] {processor.py:914} INFO - Processing file /opt/airflow/dags/driven_data_pipeline.py for tasks to queue
[2025-07-02T20:50:08.593+0000] {logging_mixin.py:190} INFO - [2025-07-02T20:50:08.592+0000] {dagbag.py:588} INFO - Filling up the DagBag from /opt/airflow/dags/driven_data_pipeline.py
[2025-07-02T20:50:09.050+0000] {processor.py:925} INFO - DAG(s) 'extract_raw_data_pipeline' retrieved from /opt/airflow/dags/driven_data_pipeline.py
[2025-07-02T20:50:09.100+0000] {logging_mixin.py:190} INFO - [2025-07-02T20:50:09.099+0000] {dag.py:3239} INFO - Sync 1 DAGs
[2025-07-02T20:50:09.146+0000] {logging_mixin.py:190} INFO - [2025-07-02T20:50:09.145+0000] {dag.py:4180} INFO - Setting next_dagrun for extract_raw_data_pipeline to 2025-07-02 07:59:00+00:00, run_after=2025-07-03 07:00:00+00:00
[2025-07-02T20:50:09.191+0000] {processor.py:208} INFO - Processing /opt/airflow/dags/driven_data_pipeline.py took 0.636 seconds
[2025-07-02T20:50:39.595+0000] {processor.py:186} INFO - Started process (PID=699) to work on /opt/airflow/dags/driven_data_pipeline.py
[2025-07-02T20:50:39.597+0000] {processor.py:914} INFO - Processing file /opt/airflow/dags/driven_data_pipeline.py for tasks to queue
[2025-07-02T20:50:39.604+0000] {logging_mixin.py:190} INFO - [2025-07-02T20:50:39.603+0000] {dagbag.py:588} INFO - Filling up the DagBag from /opt/airflow/dags/driven_data_pipeline.py
[2025-07-02T20:50:39.886+0000] {processor.py:925} INFO - DAG(s) 'extract_raw_data_pipeline' retrieved from /opt/airflow/dags/driven_data_pipeline.py
[2025-07-02T20:50:39.925+0000] {logging_mixin.py:190} INFO - [2025-07-02T20:50:39.924+0000] {dag.py:3239} INFO - Sync 1 DAGs
[2025-07-02T20:50:39.966+0000] {logging_mixin.py:190} INFO - [2025-07-02T20:50:39.966+0000] {dag.py:4180} INFO - Setting next_dagrun for extract_raw_data_pipeline to 2025-07-02 07:59:00+00:00, run_after=2025-07-03 07:00:00+00:00
[2025-07-02T20:50:40.003+0000] {processor.py:208} INFO - Processing /opt/airflow/dags/driven_data_pipeline.py took 0.419 seconds
[2025-07-02T20:51:10.512+0000] {processor.py:186} INFO - Started process (PID=707) to work on /opt/airflow/dags/driven_data_pipeline.py
[2025-07-02T20:51:10.516+0000] {processor.py:914} INFO - Processing file /opt/airflow/dags/driven_data_pipeline.py for tasks to queue
[2025-07-02T20:51:10.527+0000] {logging_mixin.py:190} INFO - [2025-07-02T20:51:10.525+0000] {dagbag.py:588} INFO - Filling up the DagBag from /opt/airflow/dags/driven_data_pipeline.py
[2025-07-02T20:51:10.992+0000] {processor.py:925} INFO - DAG(s) 'extract_raw_data_pipeline' retrieved from /opt/airflow/dags/driven_data_pipeline.py
[2025-07-02T20:51:11.052+0000] {logging_mixin.py:190} INFO - [2025-07-02T20:51:11.052+0000] {dag.py:3239} INFO - Sync 1 DAGs
[2025-07-02T20:51:11.105+0000] {logging_mixin.py:190} INFO - [2025-07-02T20:51:11.104+0000] {dag.py:4180} INFO - Setting next_dagrun for extract_raw_data_pipeline to 2025-07-02 07:59:00+00:00, run_after=2025-07-03 07:00:00+00:00
[2025-07-02T20:51:11.155+0000] {processor.py:208} INFO - Processing /opt/airflow/dags/driven_data_pipeline.py took 0.674 seconds
[2025-07-02T20:51:41.535+0000] {processor.py:186} INFO - Started process (PID=715) to work on /opt/airflow/dags/driven_data_pipeline.py
[2025-07-02T20:51:41.537+0000] {processor.py:914} INFO - Processing file /opt/airflow/dags/driven_data_pipeline.py for tasks to queue
[2025-07-02T20:51:41.547+0000] {logging_mixin.py:190} INFO - [2025-07-02T20:51:41.546+0000] {dagbag.py:588} INFO - Filling up the DagBag from /opt/airflow/dags/driven_data_pipeline.py
[2025-07-02T20:51:41.818+0000] {processor.py:925} INFO - DAG(s) 'extract_raw_data_pipeline' retrieved from /opt/airflow/dags/driven_data_pipeline.py
[2025-07-02T20:51:41.856+0000] {logging_mixin.py:190} INFO - [2025-07-02T20:51:41.856+0000] {dag.py:3239} INFO - Sync 1 DAGs
[2025-07-02T20:51:41.890+0000] {logging_mixin.py:190} INFO - [2025-07-02T20:51:41.889+0000] {dag.py:4180} INFO - Setting next_dagrun for extract_raw_data_pipeline to 2025-07-02 07:59:00+00:00, run_after=2025-07-03 07:00:00+00:00
[2025-07-02T20:51:41.917+0000] {processor.py:208} INFO - Processing /opt/airflow/dags/driven_data_pipeline.py took 0.393 seconds
[2025-07-02T20:52:12.155+0000] {processor.py:186} INFO - Started process (PID=723) to work on /opt/airflow/dags/driven_data_pipeline.py
[2025-07-02T20:52:12.157+0000] {processor.py:914} INFO - Processing file /opt/airflow/dags/driven_data_pipeline.py for tasks to queue
[2025-07-02T20:52:12.163+0000] {logging_mixin.py:190} INFO - [2025-07-02T20:52:12.162+0000] {dagbag.py:588} INFO - Filling up the DagBag from /opt/airflow/dags/driven_data_pipeline.py
[2025-07-02T20:52:12.406+0000] {processor.py:925} INFO - DAG(s) 'extract_raw_data_pipeline' retrieved from /opt/airflow/dags/driven_data_pipeline.py
[2025-07-02T20:52:12.445+0000] {logging_mixin.py:190} INFO - [2025-07-02T20:52:12.444+0000] {dag.py:3239} INFO - Sync 1 DAGs
[2025-07-02T20:52:12.481+0000] {logging_mixin.py:190} INFO - [2025-07-02T20:52:12.480+0000] {dag.py:4180} INFO - Setting next_dagrun for extract_raw_data_pipeline to 2025-07-02 07:59:00+00:00, run_after=2025-07-03 07:00:00+00:00
[2025-07-02T20:52:12.510+0000] {processor.py:208} INFO - Processing /opt/airflow/dags/driven_data_pipeline.py took 0.365 seconds
[2025-07-02T20:52:42.841+0000] {processor.py:186} INFO - Started process (PID=732) to work on /opt/airflow/dags/driven_data_pipeline.py
[2025-07-02T20:52:42.843+0000] {processor.py:914} INFO - Processing file /opt/airflow/dags/driven_data_pipeline.py for tasks to queue
[2025-07-02T20:52:42.849+0000] {logging_mixin.py:190} INFO - [2025-07-02T20:52:42.849+0000] {dagbag.py:588} INFO - Filling up the DagBag from /opt/airflow/dags/driven_data_pipeline.py
[2025-07-02T20:52:43.157+0000] {processor.py:925} INFO - DAG(s) 'extract_raw_data_pipeline' retrieved from /opt/airflow/dags/driven_data_pipeline.py
[2025-07-02T20:52:43.220+0000] {logging_mixin.py:190} INFO - [2025-07-02T20:52:43.220+0000] {dag.py:3239} INFO - Sync 1 DAGs
[2025-07-02T20:52:43.278+0000] {logging_mixin.py:190} INFO - [2025-07-02T20:52:43.277+0000] {dag.py:4180} INFO - Setting next_dagrun for extract_raw_data_pipeline to 2025-07-02 07:59:00+00:00, run_after=2025-07-03 07:00:00+00:00
[2025-07-02T20:52:43.310+0000] {processor.py:208} INFO - Processing /opt/airflow/dags/driven_data_pipeline.py took 0.479 seconds
[2025-07-02T20:53:13.660+0000] {processor.py:186} INFO - Started process (PID=740) to work on /opt/airflow/dags/driven_data_pipeline.py
[2025-07-02T20:53:13.663+0000] {processor.py:914} INFO - Processing file /opt/airflow/dags/driven_data_pipeline.py for tasks to queue
[2025-07-02T20:53:13.669+0000] {logging_mixin.py:190} INFO - [2025-07-02T20:53:13.668+0000] {dagbag.py:588} INFO - Filling up the DagBag from /opt/airflow/dags/driven_data_pipeline.py
[2025-07-02T20:53:13.922+0000] {processor.py:925} INFO - DAG(s) 'extract_raw_data_pipeline' retrieved from /opt/airflow/dags/driven_data_pipeline.py
[2025-07-02T20:53:13.966+0000] {logging_mixin.py:190} INFO - [2025-07-02T20:53:13.966+0000] {dag.py:3239} INFO - Sync 1 DAGs
[2025-07-02T20:53:14.004+0000] {logging_mixin.py:190} INFO - [2025-07-02T20:53:14.004+0000] {dag.py:4180} INFO - Setting next_dagrun for extract_raw_data_pipeline to 2025-07-02 07:59:00+00:00, run_after=2025-07-03 07:00:00+00:00
[2025-07-02T20:53:14.035+0000] {processor.py:208} INFO - Processing /opt/airflow/dags/driven_data_pipeline.py took 0.384 seconds
[2025-07-02T20:53:44.433+0000] {processor.py:186} INFO - Started process (PID=748) to work on /opt/airflow/dags/driven_data_pipeline.py
[2025-07-02T20:53:44.436+0000] {processor.py:914} INFO - Processing file /opt/airflow/dags/driven_data_pipeline.py for tasks to queue
[2025-07-02T20:53:44.442+0000] {logging_mixin.py:190} INFO - [2025-07-02T20:53:44.441+0000] {dagbag.py:588} INFO - Filling up the DagBag from /opt/airflow/dags/driven_data_pipeline.py
[2025-07-02T20:53:44.749+0000] {processor.py:925} INFO - DAG(s) 'extract_raw_data_pipeline' retrieved from /opt/airflow/dags/driven_data_pipeline.py
[2025-07-02T20:53:44.788+0000] {logging_mixin.py:190} INFO - [2025-07-02T20:53:44.788+0000] {dag.py:3239} INFO - Sync 1 DAGs
[2025-07-02T20:53:44.821+0000] {logging_mixin.py:190} INFO - [2025-07-02T20:53:44.821+0000] {dag.py:4180} INFO - Setting next_dagrun for extract_raw_data_pipeline to 2025-07-02 07:59:00+00:00, run_after=2025-07-03 07:00:00+00:00
[2025-07-02T20:53:44.850+0000] {processor.py:208} INFO - Processing /opt/airflow/dags/driven_data_pipeline.py took 0.428 seconds
[2025-07-02T20:54:15.218+0000] {processor.py:186} INFO - Started process (PID=756) to work on /opt/airflow/dags/driven_data_pipeline.py
[2025-07-02T20:54:15.220+0000] {processor.py:914} INFO - Processing file /opt/airflow/dags/driven_data_pipeline.py for tasks to queue
[2025-07-02T20:54:15.226+0000] {logging_mixin.py:190} INFO - [2025-07-02T20:54:15.225+0000] {dagbag.py:588} INFO - Filling up the DagBag from /opt/airflow/dags/driven_data_pipeline.py
[2025-07-02T20:54:15.569+0000] {processor.py:925} INFO - DAG(s) 'extract_raw_data_pipeline' retrieved from /opt/airflow/dags/driven_data_pipeline.py
[2025-07-02T20:54:15.619+0000] {logging_mixin.py:190} INFO - [2025-07-02T20:54:15.619+0000] {dag.py:3239} INFO - Sync 1 DAGs
[2025-07-02T20:54:15.652+0000] {logging_mixin.py:190} INFO - [2025-07-02T20:54:15.651+0000] {dag.py:4180} INFO - Setting next_dagrun for extract_raw_data_pipeline to 2025-07-02 07:59:00+00:00, run_after=2025-07-03 07:00:00+00:00
[2025-07-02T20:54:15.693+0000] {processor.py:208} INFO - Processing /opt/airflow/dags/driven_data_pipeline.py took 0.485 seconds
[2025-07-02T20:54:46.015+0000] {processor.py:186} INFO - Started process (PID=764) to work on /opt/airflow/dags/driven_data_pipeline.py
[2025-07-02T20:54:46.017+0000] {processor.py:914} INFO - Processing file /opt/airflow/dags/driven_data_pipeline.py for tasks to queue
[2025-07-02T20:54:46.023+0000] {logging_mixin.py:190} INFO - [2025-07-02T20:54:46.022+0000] {dagbag.py:588} INFO - Filling up the DagBag from /opt/airflow/dags/driven_data_pipeline.py
[2025-07-02T20:54:46.301+0000] {processor.py:925} INFO - DAG(s) 'extract_raw_data_pipeline' retrieved from /opt/airflow/dags/driven_data_pipeline.py
[2025-07-02T20:54:46.342+0000] {logging_mixin.py:190} INFO - [2025-07-02T20:54:46.341+0000] {dag.py:3239} INFO - Sync 1 DAGs
[2025-07-02T20:54:46.376+0000] {logging_mixin.py:190} INFO - [2025-07-02T20:54:46.375+0000] {dag.py:4180} INFO - Setting next_dagrun for extract_raw_data_pipeline to 2025-07-02 07:59:00+00:00, run_after=2025-07-03 07:00:00+00:00
[2025-07-02T20:54:46.408+0000] {processor.py:208} INFO - Processing /opt/airflow/dags/driven_data_pipeline.py took 0.403 seconds
[2025-07-02T20:55:16.770+0000] {processor.py:186} INFO - Started process (PID=772) to work on /opt/airflow/dags/driven_data_pipeline.py
[2025-07-02T20:55:16.772+0000] {processor.py:914} INFO - Processing file /opt/airflow/dags/driven_data_pipeline.py for tasks to queue
[2025-07-02T20:55:16.778+0000] {logging_mixin.py:190} INFO - [2025-07-02T20:55:16.777+0000] {dagbag.py:588} INFO - Filling up the DagBag from /opt/airflow/dags/driven_data_pipeline.py
[2025-07-02T20:55:17.027+0000] {processor.py:925} INFO - DAG(s) 'extract_raw_data_pipeline' retrieved from /opt/airflow/dags/driven_data_pipeline.py
[2025-07-02T20:55:17.072+0000] {logging_mixin.py:190} INFO - [2025-07-02T20:55:17.071+0000] {dag.py:3239} INFO - Sync 1 DAGs
[2025-07-02T20:55:17.111+0000] {logging_mixin.py:190} INFO - [2025-07-02T20:55:17.111+0000] {dag.py:4180} INFO - Setting next_dagrun for extract_raw_data_pipeline to 2025-07-02 07:59:00+00:00, run_after=2025-07-03 07:00:00+00:00
[2025-07-02T20:55:17.143+0000] {processor.py:208} INFO - Processing /opt/airflow/dags/driven_data_pipeline.py took 0.383 seconds
[2025-07-02T20:55:47.501+0000] {processor.py:186} INFO - Started process (PID=780) to work on /opt/airflow/dags/driven_data_pipeline.py
[2025-07-02T20:55:47.503+0000] {processor.py:914} INFO - Processing file /opt/airflow/dags/driven_data_pipeline.py for tasks to queue
[2025-07-02T20:55:47.507+0000] {logging_mixin.py:190} INFO - [2025-07-02T20:55:47.506+0000] {dagbag.py:588} INFO - Filling up the DagBag from /opt/airflow/dags/driven_data_pipeline.py
[2025-07-02T20:55:47.772+0000] {processor.py:925} INFO - DAG(s) 'extract_raw_data_pipeline' retrieved from /opt/airflow/dags/driven_data_pipeline.py
[2025-07-02T20:55:47.814+0000] {logging_mixin.py:190} INFO - [2025-07-02T20:55:47.814+0000] {dag.py:3239} INFO - Sync 1 DAGs
[2025-07-02T20:55:47.851+0000] {logging_mixin.py:190} INFO - [2025-07-02T20:55:47.851+0000] {dag.py:4180} INFO - Setting next_dagrun for extract_raw_data_pipeline to 2025-07-02 07:59:00+00:00, run_after=2025-07-03 07:00:00+00:00
[2025-07-02T20:55:47.881+0000] {processor.py:208} INFO - Processing /opt/airflow/dags/driven_data_pipeline.py took 0.391 seconds
[2025-07-02T20:56:18.221+0000] {processor.py:186} INFO - Started process (PID=788) to work on /opt/airflow/dags/driven_data_pipeline.py
[2025-07-02T20:56:18.223+0000] {processor.py:914} INFO - Processing file /opt/airflow/dags/driven_data_pipeline.py for tasks to queue
[2025-07-02T20:56:18.228+0000] {logging_mixin.py:190} INFO - [2025-07-02T20:56:18.228+0000] {dagbag.py:588} INFO - Filling up the DagBag from /opt/airflow/dags/driven_data_pipeline.py
[2025-07-02T20:56:18.498+0000] {processor.py:925} INFO - DAG(s) 'extract_raw_data_pipeline' retrieved from /opt/airflow/dags/driven_data_pipeline.py
[2025-07-02T20:56:18.541+0000] {logging_mixin.py:190} INFO - [2025-07-02T20:56:18.541+0000] {dag.py:3239} INFO - Sync 1 DAGs
[2025-07-02T20:56:18.577+0000] {logging_mixin.py:190} INFO - [2025-07-02T20:56:18.577+0000] {dag.py:4180} INFO - Setting next_dagrun for extract_raw_data_pipeline to 2025-07-02 07:59:00+00:00, run_after=2025-07-03 07:00:00+00:00
[2025-07-02T20:56:18.612+0000] {processor.py:208} INFO - Processing /opt/airflow/dags/driven_data_pipeline.py took 0.405 seconds
[2025-07-02T20:56:48.971+0000] {processor.py:186} INFO - Started process (PID=796) to work on /opt/airflow/dags/driven_data_pipeline.py
[2025-07-02T20:56:48.977+0000] {processor.py:914} INFO - Processing file /opt/airflow/dags/driven_data_pipeline.py for tasks to queue
[2025-07-02T20:56:48.985+0000] {logging_mixin.py:190} INFO - [2025-07-02T20:56:48.981+0000] {dagbag.py:588} INFO - Filling up the DagBag from /opt/airflow/dags/driven_data_pipeline.py
[2025-07-02T20:56:49.263+0000] {processor.py:925} INFO - DAG(s) 'extract_raw_data_pipeline' retrieved from /opt/airflow/dags/driven_data_pipeline.py
[2025-07-02T20:56:49.305+0000] {logging_mixin.py:190} INFO - [2025-07-02T20:56:49.305+0000] {dag.py:3239} INFO - Sync 1 DAGs
[2025-07-02T20:56:49.341+0000] {logging_mixin.py:190} INFO - [2025-07-02T20:56:49.341+0000] {dag.py:4180} INFO - Setting next_dagrun for extract_raw_data_pipeline to 2025-07-02 07:59:00+00:00, run_after=2025-07-03 07:00:00+00:00
[2025-07-02T20:56:49.390+0000] {processor.py:208} INFO - Processing /opt/airflow/dags/driven_data_pipeline.py took 0.429 seconds
[2025-07-02T20:57:19.721+0000] {processor.py:186} INFO - Started process (PID=804) to work on /opt/airflow/dags/driven_data_pipeline.py
[2025-07-02T20:57:19.723+0000] {processor.py:914} INFO - Processing file /opt/airflow/dags/driven_data_pipeline.py for tasks to queue
[2025-07-02T20:57:19.729+0000] {logging_mixin.py:190} INFO - [2025-07-02T20:57:19.728+0000] {dagbag.py:588} INFO - Filling up the DagBag from /opt/airflow/dags/driven_data_pipeline.py
[2025-07-02T20:57:19.981+0000] {processor.py:925} INFO - DAG(s) 'extract_raw_data_pipeline' retrieved from /opt/airflow/dags/driven_data_pipeline.py
[2025-07-02T20:57:20.024+0000] {logging_mixin.py:190} INFO - [2025-07-02T20:57:20.024+0000] {dag.py:3239} INFO - Sync 1 DAGs
[2025-07-02T20:57:20.061+0000] {logging_mixin.py:190} INFO - [2025-07-02T20:57:20.061+0000] {dag.py:4180} INFO - Setting next_dagrun for extract_raw_data_pipeline to 2025-07-02 07:59:00+00:00, run_after=2025-07-03 07:00:00+00:00
[2025-07-02T20:57:20.092+0000] {processor.py:208} INFO - Processing /opt/airflow/dags/driven_data_pipeline.py took 0.381 seconds
[2025-07-02T20:57:50.439+0000] {processor.py:186} INFO - Started process (PID=812) to work on /opt/airflow/dags/driven_data_pipeline.py
[2025-07-02T20:57:50.440+0000] {processor.py:914} INFO - Processing file /opt/airflow/dags/driven_data_pipeline.py for tasks to queue
[2025-07-02T20:57:50.444+0000] {logging_mixin.py:190} INFO - [2025-07-02T20:57:50.444+0000] {dagbag.py:588} INFO - Filling up the DagBag from /opt/airflow/dags/driven_data_pipeline.py
[2025-07-02T20:57:50.700+0000] {processor.py:925} INFO - DAG(s) 'extract_raw_data_pipeline' retrieved from /opt/airflow/dags/driven_data_pipeline.py
[2025-07-02T20:57:50.739+0000] {logging_mixin.py:190} INFO - [2025-07-02T20:57:50.739+0000] {dag.py:3239} INFO - Sync 1 DAGs
[2025-07-02T20:57:50.777+0000] {logging_mixin.py:190} INFO - [2025-07-02T20:57:50.776+0000] {dag.py:4180} INFO - Setting next_dagrun for extract_raw_data_pipeline to 2025-07-02 07:59:00+00:00, run_after=2025-07-03 07:00:00+00:00
[2025-07-02T20:57:50.808+0000] {processor.py:208} INFO - Processing /opt/airflow/dags/driven_data_pipeline.py took 0.379 seconds
[2025-07-02T20:58:21.162+0000] {processor.py:186} INFO - Started process (PID=820) to work on /opt/airflow/dags/driven_data_pipeline.py
[2025-07-02T20:58:21.164+0000] {processor.py:914} INFO - Processing file /opt/airflow/dags/driven_data_pipeline.py for tasks to queue
[2025-07-02T20:58:21.168+0000] {logging_mixin.py:190} INFO - [2025-07-02T20:58:21.168+0000] {dagbag.py:588} INFO - Filling up the DagBag from /opt/airflow/dags/driven_data_pipeline.py
[2025-07-02T20:58:21.410+0000] {processor.py:925} INFO - DAG(s) 'extract_raw_data_pipeline' retrieved from /opt/airflow/dags/driven_data_pipeline.py
[2025-07-02T20:58:21.451+0000] {logging_mixin.py:190} INFO - [2025-07-02T20:58:21.450+0000] {dag.py:3239} INFO - Sync 1 DAGs
[2025-07-02T20:58:21.484+0000] {logging_mixin.py:190} INFO - [2025-07-02T20:58:21.484+0000] {dag.py:4180} INFO - Setting next_dagrun for extract_raw_data_pipeline to 2025-07-02 07:59:00+00:00, run_after=2025-07-03 07:00:00+00:00
[2025-07-02T20:58:21.516+0000] {processor.py:208} INFO - Processing /opt/airflow/dags/driven_data_pipeline.py took 0.364 seconds
[2025-07-02T20:58:51.885+0000] {processor.py:186} INFO - Started process (PID=828) to work on /opt/airflow/dags/driven_data_pipeline.py
[2025-07-02T20:58:51.887+0000] {processor.py:914} INFO - Processing file /opt/airflow/dags/driven_data_pipeline.py for tasks to queue
[2025-07-02T20:58:51.892+0000] {logging_mixin.py:190} INFO - [2025-07-02T20:58:51.892+0000] {dagbag.py:588} INFO - Filling up the DagBag from /opt/airflow/dags/driven_data_pipeline.py
[2025-07-02T20:58:52.144+0000] {processor.py:925} INFO - DAG(s) 'extract_raw_data_pipeline' retrieved from /opt/airflow/dags/driven_data_pipeline.py
[2025-07-02T20:58:52.183+0000] {logging_mixin.py:190} INFO - [2025-07-02T20:58:52.182+0000] {dag.py:3239} INFO - Sync 1 DAGs
[2025-07-02T20:58:52.217+0000] {logging_mixin.py:190} INFO - [2025-07-02T20:58:52.216+0000] {dag.py:4180} INFO - Setting next_dagrun for extract_raw_data_pipeline to 2025-07-02 07:59:00+00:00, run_after=2025-07-03 07:00:00+00:00
[2025-07-02T20:58:52.248+0000] {processor.py:208} INFO - Processing /opt/airflow/dags/driven_data_pipeline.py took 0.373 seconds
[2025-07-02T20:59:22.604+0000] {processor.py:186} INFO - Started process (PID=836) to work on /opt/airflow/dags/driven_data_pipeline.py
[2025-07-02T20:59:22.610+0000] {processor.py:914} INFO - Processing file /opt/airflow/dags/driven_data_pipeline.py for tasks to queue
[2025-07-02T20:59:22.616+0000] {logging_mixin.py:190} INFO - [2025-07-02T20:59:22.615+0000] {dagbag.py:588} INFO - Filling up the DagBag from /opt/airflow/dags/driven_data_pipeline.py
[2025-07-02T20:59:22.887+0000] {processor.py:925} INFO - DAG(s) 'extract_raw_data_pipeline' retrieved from /opt/airflow/dags/driven_data_pipeline.py
[2025-07-02T20:59:22.931+0000] {logging_mixin.py:190} INFO - [2025-07-02T20:59:22.931+0000] {dag.py:3239} INFO - Sync 1 DAGs
[2025-07-02T20:59:22.965+0000] {logging_mixin.py:190} INFO - [2025-07-02T20:59:22.964+0000] {dag.py:4180} INFO - Setting next_dagrun for extract_raw_data_pipeline to 2025-07-02 07:59:00+00:00, run_after=2025-07-03 07:00:00+00:00
[2025-07-02T20:59:22.998+0000] {processor.py:208} INFO - Processing /opt/airflow/dags/driven_data_pipeline.py took 0.406 seconds
[2025-07-02T20:59:53.392+0000] {processor.py:186} INFO - Started process (PID=844) to work on /opt/airflow/dags/driven_data_pipeline.py
[2025-07-02T20:59:53.395+0000] {processor.py:914} INFO - Processing file /opt/airflow/dags/driven_data_pipeline.py for tasks to queue
[2025-07-02T20:59:53.403+0000] {logging_mixin.py:190} INFO - [2025-07-02T20:59:53.402+0000] {dagbag.py:588} INFO - Filling up the DagBag from /opt/airflow/dags/driven_data_pipeline.py
[2025-07-02T20:59:53.670+0000] {processor.py:925} INFO - DAG(s) 'extract_raw_data_pipeline' retrieved from /opt/airflow/dags/driven_data_pipeline.py
[2025-07-02T20:59:53.708+0000] {logging_mixin.py:190} INFO - [2025-07-02T20:59:53.707+0000] {dag.py:3239} INFO - Sync 1 DAGs
[2025-07-02T20:59:53.740+0000] {logging_mixin.py:190} INFO - [2025-07-02T20:59:53.740+0000] {dag.py:4180} INFO - Setting next_dagrun for extract_raw_data_pipeline to 2025-07-02 07:59:00+00:00, run_after=2025-07-03 07:00:00+00:00
[2025-07-02T20:59:53.772+0000] {processor.py:208} INFO - Processing /opt/airflow/dags/driven_data_pipeline.py took 0.396 seconds
[2025-07-02T21:00:24.142+0000] {processor.py:186} INFO - Started process (PID=852) to work on /opt/airflow/dags/driven_data_pipeline.py
[2025-07-02T21:00:24.144+0000] {processor.py:914} INFO - Processing file /opt/airflow/dags/driven_data_pipeline.py for tasks to queue
[2025-07-02T21:00:24.151+0000] {logging_mixin.py:190} INFO - [2025-07-02T21:00:24.150+0000] {dagbag.py:588} INFO - Filling up the DagBag from /opt/airflow/dags/driven_data_pipeline.py
[2025-07-02T21:00:24.410+0000] {processor.py:925} INFO - DAG(s) 'extract_raw_data_pipeline' retrieved from /opt/airflow/dags/driven_data_pipeline.py
[2025-07-02T21:00:24.453+0000] {logging_mixin.py:190} INFO - [2025-07-02T21:00:24.453+0000] {dag.py:3239} INFO - Sync 1 DAGs
[2025-07-02T21:00:24.487+0000] {logging_mixin.py:190} INFO - [2025-07-02T21:00:24.487+0000] {dag.py:4180} INFO - Setting next_dagrun for extract_raw_data_pipeline to 2025-07-02 07:59:00+00:00, run_after=2025-07-03 07:00:00+00:00
[2025-07-02T21:00:24.517+0000] {processor.py:208} INFO - Processing /opt/airflow/dags/driven_data_pipeline.py took 0.386 seconds
[2025-07-02T21:00:54.836+0000] {processor.py:186} INFO - Started process (PID=859) to work on /opt/airflow/dags/driven_data_pipeline.py
[2025-07-02T21:00:54.838+0000] {processor.py:914} INFO - Processing file /opt/airflow/dags/driven_data_pipeline.py for tasks to queue
[2025-07-02T21:00:54.842+0000] {logging_mixin.py:190} INFO - [2025-07-02T21:00:54.842+0000] {dagbag.py:588} INFO - Filling up the DagBag from /opt/airflow/dags/driven_data_pipeline.py
[2025-07-02T21:00:55.092+0000] {processor.py:925} INFO - DAG(s) 'extract_raw_data_pipeline' retrieved from /opt/airflow/dags/driven_data_pipeline.py
[2025-07-02T21:00:55.131+0000] {logging_mixin.py:190} INFO - [2025-07-02T21:00:55.131+0000] {dag.py:3239} INFO - Sync 1 DAGs
[2025-07-02T21:00:55.167+0000] {logging_mixin.py:190} INFO - [2025-07-02T21:00:55.166+0000] {dag.py:4180} INFO - Setting next_dagrun for extract_raw_data_pipeline to 2025-07-02 07:59:00+00:00, run_after=2025-07-03 07:00:00+00:00
[2025-07-02T21:00:55.197+0000] {processor.py:208} INFO - Processing /opt/airflow/dags/driven_data_pipeline.py took 0.372 seconds
[2025-07-02T21:01:25.564+0000] {processor.py:186} INFO - Started process (PID=867) to work on /opt/airflow/dags/driven_data_pipeline.py
[2025-07-02T21:01:25.566+0000] {processor.py:914} INFO - Processing file /opt/airflow/dags/driven_data_pipeline.py for tasks to queue
[2025-07-02T21:01:25.572+0000] {logging_mixin.py:190} INFO - [2025-07-02T21:01:25.571+0000] {dagbag.py:588} INFO - Filling up the DagBag from /opt/airflow/dags/driven_data_pipeline.py
[2025-07-02T21:01:25.832+0000] {processor.py:925} INFO - DAG(s) 'extract_raw_data_pipeline' retrieved from /opt/airflow/dags/driven_data_pipeline.py
[2025-07-02T21:01:25.874+0000] {logging_mixin.py:190} INFO - [2025-07-02T21:01:25.874+0000] {dag.py:3239} INFO - Sync 1 DAGs
[2025-07-02T21:01:25.911+0000] {logging_mixin.py:190} INFO - [2025-07-02T21:01:25.911+0000] {dag.py:4180} INFO - Setting next_dagrun for extract_raw_data_pipeline to 2025-07-02 07:59:00+00:00, run_after=2025-07-03 07:00:00+00:00
[2025-07-02T21:01:25.941+0000] {processor.py:208} INFO - Processing /opt/airflow/dags/driven_data_pipeline.py took 0.387 seconds
[2025-07-02T21:01:56.303+0000] {processor.py:186} INFO - Started process (PID=875) to work on /opt/airflow/dags/driven_data_pipeline.py
[2025-07-02T21:01:56.305+0000] {processor.py:914} INFO - Processing file /opt/airflow/dags/driven_data_pipeline.py for tasks to queue
[2025-07-02T21:01:56.309+0000] {logging_mixin.py:190} INFO - [2025-07-02T21:01:56.308+0000] {dagbag.py:588} INFO - Filling up the DagBag from /opt/airflow/dags/driven_data_pipeline.py
[2025-07-02T21:01:56.577+0000] {processor.py:925} INFO - DAG(s) 'extract_raw_data_pipeline' retrieved from /opt/airflow/dags/driven_data_pipeline.py
[2025-07-02T21:01:56.618+0000] {logging_mixin.py:190} INFO - [2025-07-02T21:01:56.618+0000] {dag.py:3239} INFO - Sync 1 DAGs
[2025-07-02T21:01:56.653+0000] {logging_mixin.py:190} INFO - [2025-07-02T21:01:56.652+0000] {dag.py:4180} INFO - Setting next_dagrun for extract_raw_data_pipeline to 2025-07-02 07:59:00+00:00, run_after=2025-07-03 07:00:00+00:00
[2025-07-02T21:01:56.684+0000] {processor.py:208} INFO - Processing /opt/airflow/dags/driven_data_pipeline.py took 0.391 seconds
[2025-07-02T21:02:27.048+0000] {processor.py:186} INFO - Started process (PID=883) to work on /opt/airflow/dags/driven_data_pipeline.py
[2025-07-02T21:02:27.050+0000] {processor.py:914} INFO - Processing file /opt/airflow/dags/driven_data_pipeline.py for tasks to queue
[2025-07-02T21:02:27.057+0000] {logging_mixin.py:190} INFO - [2025-07-02T21:02:27.056+0000] {dagbag.py:588} INFO - Filling up the DagBag from /opt/airflow/dags/driven_data_pipeline.py
[2025-07-02T21:02:27.325+0000] {processor.py:925} INFO - DAG(s) 'extract_raw_data_pipeline' retrieved from /opt/airflow/dags/driven_data_pipeline.py
[2025-07-02T21:02:27.391+0000] {logging_mixin.py:190} INFO - [2025-07-02T21:02:27.391+0000] {dag.py:3239} INFO - Sync 1 DAGs
[2025-07-02T21:02:27.424+0000] {logging_mixin.py:190} INFO - [2025-07-02T21:02:27.424+0000] {dag.py:4180} INFO - Setting next_dagrun for extract_raw_data_pipeline to 2025-07-02 07:59:00+00:00, run_after=2025-07-03 07:00:00+00:00
[2025-07-02T21:02:27.459+0000] {processor.py:208} INFO - Processing /opt/airflow/dags/driven_data_pipeline.py took 0.423 seconds
[2025-07-02T21:02:57.789+0000] {processor.py:186} INFO - Started process (PID=891) to work on /opt/airflow/dags/driven_data_pipeline.py
[2025-07-02T21:02:57.791+0000] {processor.py:914} INFO - Processing file /opt/airflow/dags/driven_data_pipeline.py for tasks to queue
[2025-07-02T21:02:57.796+0000] {logging_mixin.py:190} INFO - [2025-07-02T21:02:57.795+0000] {dagbag.py:588} INFO - Filling up the DagBag from /opt/airflow/dags/driven_data_pipeline.py
[2025-07-02T21:02:58.033+0000] {processor.py:925} INFO - DAG(s) 'extract_raw_data_pipeline' retrieved from /opt/airflow/dags/driven_data_pipeline.py
[2025-07-02T21:02:58.074+0000] {logging_mixin.py:190} INFO - [2025-07-02T21:02:58.073+0000] {dag.py:3239} INFO - Sync 1 DAGs
[2025-07-02T21:02:58.109+0000] {logging_mixin.py:190} INFO - [2025-07-02T21:02:58.108+0000] {dag.py:4180} INFO - Setting next_dagrun for extract_raw_data_pipeline to 2025-07-02 07:59:00+00:00, run_after=2025-07-03 07:00:00+00:00
[2025-07-02T21:02:58.137+0000] {processor.py:208} INFO - Processing /opt/airflow/dags/driven_data_pipeline.py took 0.359 seconds
[2025-07-02T21:03:28.503+0000] {processor.py:186} INFO - Started process (PID=899) to work on /opt/airflow/dags/driven_data_pipeline.py
[2025-07-02T21:03:28.505+0000] {processor.py:914} INFO - Processing file /opt/airflow/dags/driven_data_pipeline.py for tasks to queue
[2025-07-02T21:03:28.511+0000] {logging_mixin.py:190} INFO - [2025-07-02T21:03:28.510+0000] {dagbag.py:588} INFO - Filling up the DagBag from /opt/airflow/dags/driven_data_pipeline.py
[2025-07-02T21:03:28.767+0000] {processor.py:925} INFO - DAG(s) 'extract_raw_data_pipeline' retrieved from /opt/airflow/dags/driven_data_pipeline.py
[2025-07-02T21:03:28.811+0000] {logging_mixin.py:190} INFO - [2025-07-02T21:03:28.810+0000] {dag.py:3239} INFO - Sync 1 DAGs
[2025-07-02T21:03:28.853+0000] {logging_mixin.py:190} INFO - [2025-07-02T21:03:28.852+0000] {dag.py:4180} INFO - Setting next_dagrun for extract_raw_data_pipeline to 2025-07-02 07:59:00+00:00, run_after=2025-07-03 07:00:00+00:00
[2025-07-02T21:03:28.886+0000] {processor.py:208} INFO - Processing /opt/airflow/dags/driven_data_pipeline.py took 0.392 seconds
[2025-07-02T21:03:59.259+0000] {processor.py:186} INFO - Started process (PID=907) to work on /opt/airflow/dags/driven_data_pipeline.py
[2025-07-02T21:03:59.261+0000] {processor.py:914} INFO - Processing file /opt/airflow/dags/driven_data_pipeline.py for tasks to queue
[2025-07-02T21:03:59.266+0000] {logging_mixin.py:190} INFO - [2025-07-02T21:03:59.265+0000] {dagbag.py:588} INFO - Filling up the DagBag from /opt/airflow/dags/driven_data_pipeline.py
[2025-07-02T21:03:59.520+0000] {processor.py:925} INFO - DAG(s) 'extract_raw_data_pipeline' retrieved from /opt/airflow/dags/driven_data_pipeline.py
[2025-07-02T21:03:59.559+0000] {logging_mixin.py:190} INFO - [2025-07-02T21:03:59.559+0000] {dag.py:3239} INFO - Sync 1 DAGs
[2025-07-02T21:03:59.594+0000] {logging_mixin.py:190} INFO - [2025-07-02T21:03:59.594+0000] {dag.py:4180} INFO - Setting next_dagrun for extract_raw_data_pipeline to 2025-07-02 07:59:00+00:00, run_after=2025-07-03 07:00:00+00:00
[2025-07-02T21:03:59.623+0000] {processor.py:208} INFO - Processing /opt/airflow/dags/driven_data_pipeline.py took 0.377 seconds
[2025-07-02T21:04:30.020+0000] {processor.py:186} INFO - Started process (PID=915) to work on /opt/airflow/dags/driven_data_pipeline.py
[2025-07-02T21:04:30.022+0000] {processor.py:914} INFO - Processing file /opt/airflow/dags/driven_data_pipeline.py for tasks to queue
[2025-07-02T21:04:30.028+0000] {logging_mixin.py:190} INFO - [2025-07-02T21:04:30.027+0000] {dagbag.py:588} INFO - Filling up the DagBag from /opt/airflow/dags/driven_data_pipeline.py
[2025-07-02T21:04:30.298+0000] {processor.py:925} INFO - DAG(s) 'extract_raw_data_pipeline' retrieved from /opt/airflow/dags/driven_data_pipeline.py
[2025-07-02T21:04:30.362+0000] {logging_mixin.py:190} INFO - [2025-07-02T21:04:30.361+0000] {dag.py:3239} INFO - Sync 1 DAGs
[2025-07-02T21:04:30.412+0000] {logging_mixin.py:190} INFO - [2025-07-02T21:04:30.411+0000] {dag.py:4180} INFO - Setting next_dagrun for extract_raw_data_pipeline to 2025-07-02 07:59:00+00:00, run_after=2025-07-03 07:00:00+00:00
[2025-07-02T21:04:30.456+0000] {processor.py:208} INFO - Processing /opt/airflow/dags/driven_data_pipeline.py took 0.449 seconds
[2025-07-02T21:05:00.892+0000] {processor.py:186} INFO - Started process (PID=928) to work on /opt/airflow/dags/driven_data_pipeline.py
[2025-07-02T21:05:00.895+0000] {processor.py:914} INFO - Processing file /opt/airflow/dags/driven_data_pipeline.py for tasks to queue
[2025-07-02T21:05:00.902+0000] {logging_mixin.py:190} INFO - [2025-07-02T21:05:00.901+0000] {dagbag.py:588} INFO - Filling up the DagBag from /opt/airflow/dags/driven_data_pipeline.py
[2025-07-02T21:05:01.159+0000] {processor.py:925} INFO - DAG(s) 'extract_raw_data_pipeline' retrieved from /opt/airflow/dags/driven_data_pipeline.py
[2025-07-02T21:05:01.200+0000] {logging_mixin.py:190} INFO - [2025-07-02T21:05:01.200+0000] {dag.py:3239} INFO - Sync 1 DAGs
[2025-07-02T21:05:01.235+0000] {logging_mixin.py:190} INFO - [2025-07-02T21:05:01.234+0000] {dag.py:4180} INFO - Setting next_dagrun for extract_raw_data_pipeline to 2025-07-02 07:59:00+00:00, run_after=2025-07-03 07:00:00+00:00
[2025-07-02T21:05:01.265+0000] {processor.py:208} INFO - Processing /opt/airflow/dags/driven_data_pipeline.py took 0.386 seconds
[2025-07-02T21:05:31.587+0000] {processor.py:186} INFO - Started process (PID=936) to work on /opt/airflow/dags/driven_data_pipeline.py
[2025-07-02T21:05:31.589+0000] {processor.py:914} INFO - Processing file /opt/airflow/dags/driven_data_pipeline.py for tasks to queue
[2025-07-02T21:05:31.594+0000] {logging_mixin.py:190} INFO - [2025-07-02T21:05:31.593+0000] {dagbag.py:588} INFO - Filling up the DagBag from /opt/airflow/dags/driven_data_pipeline.py
[2025-07-02T21:05:31.853+0000] {processor.py:925} INFO - DAG(s) 'extract_raw_data_pipeline' retrieved from /opt/airflow/dags/driven_data_pipeline.py
[2025-07-02T21:05:31.890+0000] {logging_mixin.py:190} INFO - [2025-07-02T21:05:31.890+0000] {dag.py:3239} INFO - Sync 1 DAGs
[2025-07-02T21:05:31.933+0000] {logging_mixin.py:190} INFO - [2025-07-02T21:05:31.933+0000] {dag.py:4180} INFO - Setting next_dagrun for extract_raw_data_pipeline to 2025-07-02 07:59:00+00:00, run_after=2025-07-03 07:00:00+00:00
[2025-07-02T21:05:31.977+0000] {processor.py:208} INFO - Processing /opt/airflow/dags/driven_data_pipeline.py took 0.403 seconds
[2025-07-02T21:06:02.334+0000] {processor.py:186} INFO - Started process (PID=944) to work on /opt/airflow/dags/driven_data_pipeline.py
[2025-07-02T21:06:02.336+0000] {processor.py:914} INFO - Processing file /opt/airflow/dags/driven_data_pipeline.py for tasks to queue
[2025-07-02T21:06:02.342+0000] {logging_mixin.py:190} INFO - [2025-07-02T21:06:02.342+0000] {dagbag.py:588} INFO - Filling up the DagBag from /opt/airflow/dags/driven_data_pipeline.py
[2025-07-02T21:06:02.593+0000] {processor.py:925} INFO - DAG(s) 'extract_raw_data_pipeline' retrieved from /opt/airflow/dags/driven_data_pipeline.py
[2025-07-02T21:06:02.631+0000] {logging_mixin.py:190} INFO - [2025-07-02T21:06:02.631+0000] {dag.py:3239} INFO - Sync 1 DAGs
[2025-07-02T21:06:02.663+0000] {logging_mixin.py:190} INFO - [2025-07-02T21:06:02.663+0000] {dag.py:4180} INFO - Setting next_dagrun for extract_raw_data_pipeline to 2025-07-02 07:59:00+00:00, run_after=2025-07-03 07:00:00+00:00
[2025-07-02T21:06:02.691+0000] {processor.py:208} INFO - Processing /opt/airflow/dags/driven_data_pipeline.py took 0.367 seconds
[2025-07-02T21:06:33.018+0000] {processor.py:186} INFO - Started process (PID=951) to work on /opt/airflow/dags/driven_data_pipeline.py
[2025-07-02T21:06:33.021+0000] {processor.py:914} INFO - Processing file /opt/airflow/dags/driven_data_pipeline.py for tasks to queue
[2025-07-02T21:06:33.027+0000] {logging_mixin.py:190} INFO - [2025-07-02T21:06:33.026+0000] {dagbag.py:588} INFO - Filling up the DagBag from /opt/airflow/dags/driven_data_pipeline.py
[2025-07-02T21:06:33.283+0000] {processor.py:925} INFO - DAG(s) 'extract_raw_data_pipeline' retrieved from /opt/airflow/dags/driven_data_pipeline.py
[2025-07-02T21:06:33.323+0000] {logging_mixin.py:190} INFO - [2025-07-02T21:06:33.323+0000] {dag.py:3239} INFO - Sync 1 DAGs
[2025-07-02T21:06:33.362+0000] {logging_mixin.py:190} INFO - [2025-07-02T21:06:33.361+0000] {dag.py:4180} INFO - Setting next_dagrun for extract_raw_data_pipeline to 2025-07-02 07:59:00+00:00, run_after=2025-07-03 07:00:00+00:00
[2025-07-02T21:06:33.401+0000] {processor.py:208} INFO - Processing /opt/airflow/dags/driven_data_pipeline.py took 0.394 seconds
[2025-07-02T21:07:03.799+0000] {processor.py:186} INFO - Started process (PID=959) to work on /opt/airflow/dags/driven_data_pipeline.py
[2025-07-02T21:07:03.801+0000] {processor.py:914} INFO - Processing file /opt/airflow/dags/driven_data_pipeline.py for tasks to queue
[2025-07-02T21:07:03.807+0000] {logging_mixin.py:190} INFO - [2025-07-02T21:07:03.807+0000] {dagbag.py:588} INFO - Filling up the DagBag from /opt/airflow/dags/driven_data_pipeline.py
[2025-07-02T21:07:04.057+0000] {processor.py:925} INFO - DAG(s) 'extract_raw_data_pipeline' retrieved from /opt/airflow/dags/driven_data_pipeline.py
[2025-07-02T21:07:04.095+0000] {logging_mixin.py:190} INFO - [2025-07-02T21:07:04.094+0000] {dag.py:3239} INFO - Sync 1 DAGs
[2025-07-02T21:07:04.128+0000] {logging_mixin.py:190} INFO - [2025-07-02T21:07:04.128+0000] {dag.py:4180} INFO - Setting next_dagrun for extract_raw_data_pipeline to 2025-07-02 07:59:00+00:00, run_after=2025-07-03 07:00:00+00:00
[2025-07-02T21:07:04.154+0000] {processor.py:208} INFO - Processing /opt/airflow/dags/driven_data_pipeline.py took 0.367 seconds
[2025-07-02T21:07:34.514+0000] {processor.py:186} INFO - Started process (PID=967) to work on /opt/airflow/dags/driven_data_pipeline.py
[2025-07-02T21:07:34.516+0000] {processor.py:914} INFO - Processing file /opt/airflow/dags/driven_data_pipeline.py for tasks to queue
[2025-07-02T21:07:34.521+0000] {logging_mixin.py:190} INFO - [2025-07-02T21:07:34.521+0000] {dagbag.py:588} INFO - Filling up the DagBag from /opt/airflow/dags/driven_data_pipeline.py
[2025-07-02T21:07:34.776+0000] {processor.py:925} INFO - DAG(s) 'extract_raw_data_pipeline' retrieved from /opt/airflow/dags/driven_data_pipeline.py
[2025-07-02T21:07:34.815+0000] {logging_mixin.py:190} INFO - [2025-07-02T21:07:34.815+0000] {dag.py:3239} INFO - Sync 1 DAGs
[2025-07-02T21:07:34.847+0000] {logging_mixin.py:190} INFO - [2025-07-02T21:07:34.847+0000] {dag.py:4180} INFO - Setting next_dagrun for extract_raw_data_pipeline to 2025-07-02 07:59:00+00:00, run_after=2025-07-03 07:00:00+00:00
[2025-07-02T21:07:34.876+0000] {processor.py:208} INFO - Processing /opt/airflow/dags/driven_data_pipeline.py took 0.373 seconds
[2025-07-02T21:08:05.236+0000] {processor.py:186} INFO - Started process (PID=975) to work on /opt/airflow/dags/driven_data_pipeline.py
[2025-07-02T21:08:05.238+0000] {processor.py:914} INFO - Processing file /opt/airflow/dags/driven_data_pipeline.py for tasks to queue
[2025-07-02T21:08:05.243+0000] {logging_mixin.py:190} INFO - [2025-07-02T21:08:05.242+0000] {dagbag.py:588} INFO - Filling up the DagBag from /opt/airflow/dags/driven_data_pipeline.py
[2025-07-02T21:08:05.535+0000] {processor.py:925} INFO - DAG(s) 'extract_raw_data_pipeline' retrieved from /opt/airflow/dags/driven_data_pipeline.py
[2025-07-02T21:08:05.577+0000] {logging_mixin.py:190} INFO - [2025-07-02T21:08:05.576+0000] {dag.py:3239} INFO - Sync 1 DAGs
[2025-07-02T21:08:05.611+0000] {logging_mixin.py:190} INFO - [2025-07-02T21:08:05.611+0000] {dag.py:4180} INFO - Setting next_dagrun for extract_raw_data_pipeline to 2025-07-02 07:59:00+00:00, run_after=2025-07-03 07:00:00+00:00
[2025-07-02T21:08:05.650+0000] {processor.py:208} INFO - Processing /opt/airflow/dags/driven_data_pipeline.py took 0.425 seconds
[2025-07-02T21:08:36.057+0000] {processor.py:186} INFO - Started process (PID=983) to work on /opt/airflow/dags/driven_data_pipeline.py
[2025-07-02T21:08:36.059+0000] {processor.py:914} INFO - Processing file /opt/airflow/dags/driven_data_pipeline.py for tasks to queue
[2025-07-02T21:08:36.063+0000] {logging_mixin.py:190} INFO - [2025-07-02T21:08:36.062+0000] {dagbag.py:588} INFO - Filling up the DagBag from /opt/airflow/dags/driven_data_pipeline.py
[2025-07-02T21:08:36.333+0000] {processor.py:925} INFO - DAG(s) 'extract_raw_data_pipeline' retrieved from /opt/airflow/dags/driven_data_pipeline.py
[2025-07-02T21:08:36.371+0000] {logging_mixin.py:190} INFO - [2025-07-02T21:08:36.371+0000] {dag.py:3239} INFO - Sync 1 DAGs
[2025-07-02T21:08:36.403+0000] {logging_mixin.py:190} INFO - [2025-07-02T21:08:36.403+0000] {dag.py:4180} INFO - Setting next_dagrun for extract_raw_data_pipeline to 2025-07-02 07:59:00+00:00, run_after=2025-07-03 07:00:00+00:00
[2025-07-02T21:08:36.436+0000] {processor.py:208} INFO - Processing /opt/airflow/dags/driven_data_pipeline.py took 0.389 seconds
[2025-07-02T21:09:06.834+0000] {processor.py:186} INFO - Started process (PID=992) to work on /opt/airflow/dags/driven_data_pipeline.py
[2025-07-02T21:09:06.837+0000] {processor.py:914} INFO - Processing file /opt/airflow/dags/driven_data_pipeline.py for tasks to queue
[2025-07-02T21:09:06.843+0000] {logging_mixin.py:190} INFO - [2025-07-02T21:09:06.843+0000] {dagbag.py:588} INFO - Filling up the DagBag from /opt/airflow/dags/driven_data_pipeline.py
[2025-07-02T21:09:07.103+0000] {processor.py:925} INFO - DAG(s) 'extract_raw_data_pipeline' retrieved from /opt/airflow/dags/driven_data_pipeline.py
[2025-07-02T21:09:07.141+0000] {logging_mixin.py:190} INFO - [2025-07-02T21:09:07.141+0000] {dag.py:3239} INFO - Sync 1 DAGs
[2025-07-02T21:09:07.175+0000] {logging_mixin.py:190} INFO - [2025-07-02T21:09:07.175+0000] {dag.py:4180} INFO - Setting next_dagrun for extract_raw_data_pipeline to 2025-07-02 07:59:00+00:00, run_after=2025-07-03 07:00:00+00:00
[2025-07-02T21:09:07.204+0000] {processor.py:208} INFO - Processing /opt/airflow/dags/driven_data_pipeline.py took 0.385 seconds
[2025-07-02T21:09:37.565+0000] {processor.py:186} INFO - Started process (PID=1000) to work on /opt/airflow/dags/driven_data_pipeline.py
[2025-07-02T21:09:37.567+0000] {processor.py:914} INFO - Processing file /opt/airflow/dags/driven_data_pipeline.py for tasks to queue
[2025-07-02T21:09:37.573+0000] {logging_mixin.py:190} INFO - [2025-07-02T21:09:37.572+0000] {dagbag.py:588} INFO - Filling up the DagBag from /opt/airflow/dags/driven_data_pipeline.py
[2025-07-02T21:09:38.022+0000] {processor.py:925} INFO - DAG(s) 'extract_raw_data_pipeline' retrieved from /opt/airflow/dags/driven_data_pipeline.py
[2025-07-02T21:09:38.154+0000] {logging_mixin.py:190} INFO - [2025-07-02T21:09:38.154+0000] {dag.py:3239} INFO - Sync 1 DAGs
[2025-07-02T21:09:38.252+0000] {logging_mixin.py:190} INFO - [2025-07-02T21:09:38.251+0000] {dag.py:4180} INFO - Setting next_dagrun for extract_raw_data_pipeline to 2025-07-02 07:59:00+00:00, run_after=2025-07-03 07:00:00+00:00
[2025-07-02T21:09:38.312+0000] {processor.py:208} INFO - Processing /opt/airflow/dags/driven_data_pipeline.py took 0.759 seconds
[2025-07-02T21:09:54.366+0000] {processor.py:186} INFO - Started process (PID=1002) to work on /opt/airflow/dags/driven_data_pipeline.py
[2025-07-02T21:09:54.368+0000] {processor.py:914} INFO - Processing file /opt/airflow/dags/driven_data_pipeline.py for tasks to queue
[2025-07-02T21:09:54.372+0000] {logging_mixin.py:190} INFO - [2025-07-02T21:09:54.371+0000] {dagbag.py:588} INFO - Filling up the DagBag from /opt/airflow/dags/driven_data_pipeline.py
[2025-07-02T21:09:54.679+0000] {logging_mixin.py:190} INFO - [2025-07-02T21:09:54.656+0000] {dagbag.py:387} ERROR - Failed to import: /opt/airflow/dags/driven_data_pipeline.py
Traceback (most recent call last):
  File "/home/airflow/.local/lib/python3.12/site-packages/airflow/models/dagbag.py", line 383, in parse
    loader.exec_module(new_module)
  File "<frozen importlib._bootstrap_external>", line 995, in exec_module
  File "<frozen importlib._bootstrap>", line 488, in _call_with_frames_removed
  File "/opt/airflow/dags/driven_data_pipeline.py", line 228, in <module>
    load_raw_data_task = SQLExecuteQueryOperator(
                         ^^^^^^^^^^^^^^^^^^^^^^^^
  File "/home/airflow/.local/lib/python3.12/site-packages/airflow/models/baseoperator.py", line 490, in apply_defaults
    result = func(self, **kwargs, default_args=default_args)
             ^^^^^^^^^^^^^^^^^^^^^^^^^^^^^^^^^^^^^^^^^^^^^^^
  File "/home/airflow/.local/lib/python3.12/site-packages/airflow/providers/common/sql/operators/sql.py", line 232, in __init__
    super().__init__(conn_id=conn_id, database=database, **kwargs)
  File "/home/airflow/.local/lib/python3.12/site-packages/airflow/models/baseoperator.py", line 490, in apply_defaults
    result = func(self, **kwargs, default_args=default_args)
             ^^^^^^^^^^^^^^^^^^^^^^^^^^^^^^^^^^^^^^^^^^^^^^^
  File "/home/airflow/.local/lib/python3.12/site-packages/airflow/providers/common/sql/operators/sql.py", line 142, in __init__
    super().__init__(**kwargs)
  File "/home/airflow/.local/lib/python3.12/site-packages/airflow/models/baseoperator.py", line 490, in apply_defaults
    result = func(self, **kwargs, default_args=default_args)
             ^^^^^^^^^^^^^^^^^^^^^^^^^^^^^^^^^^^^^^^^^^^^^^^
  File "/home/airflow/.local/lib/python3.12/site-packages/airflow/models/baseoperator.py", line 956, in __init__
    task_group.add(self)
  File "/home/airflow/.local/lib/python3.12/site-packages/airflow/utils/task_group.py", line 250, in add
    raise DuplicateTaskIdFound(f"{node_type} id '{key}' has already been added to the DAG")
airflow.exceptions.DuplicateTaskIdFound: Task id 'load_raw_data' has already been added to the DAG
[2025-07-02T21:09:54.681+0000] {processor.py:927} WARNING - No viable dags retrieved from /opt/airflow/dags/driven_data_pipeline.py
[2025-07-02T21:09:54.730+0000] {processor.py:208} INFO - Processing /opt/airflow/dags/driven_data_pipeline.py took 0.375 seconds
[2025-07-02T21:09:56.562+0000] {processor.py:186} INFO - Started process (PID=1004) to work on /opt/airflow/dags/driven_data_pipeline.py
[2025-07-02T21:09:56.564+0000] {processor.py:914} INFO - Processing file /opt/airflow/dags/driven_data_pipeline.py for tasks to queue
[2025-07-02T21:09:56.570+0000] {logging_mixin.py:190} INFO - [2025-07-02T21:09:56.570+0000] {dagbag.py:588} INFO - Filling up the DagBag from /opt/airflow/dags/driven_data_pipeline.py
[2025-07-02T21:09:56.854+0000] {processor.py:925} INFO - DAG(s) 'extract_raw_data_pipeline' retrieved from /opt/airflow/dags/driven_data_pipeline.py
[2025-07-02T21:09:56.894+0000] {logging_mixin.py:190} INFO - [2025-07-02T21:09:56.893+0000] {dag.py:3239} INFO - Sync 1 DAGs
[2025-07-02T21:09:56.931+0000] {logging_mixin.py:190} INFO - [2025-07-02T21:09:56.931+0000] {dag.py:4180} INFO - Setting next_dagrun for extract_raw_data_pipeline to 2025-07-02 07:59:00+00:00, run_after=2025-07-03 07:00:00+00:00
[2025-07-02T21:09:56.969+0000] {processor.py:208} INFO - Processing /opt/airflow/dags/driven_data_pipeline.py took 0.418 seconds
[2025-07-02T21:09:58.857+0000] {processor.py:186} INFO - Started process (PID=1006) to work on /opt/airflow/dags/driven_data_pipeline.py
[2025-07-02T21:09:58.858+0000] {processor.py:914} INFO - Processing file /opt/airflow/dags/driven_data_pipeline.py for tasks to queue
[2025-07-02T21:09:58.863+0000] {logging_mixin.py:190} INFO - [2025-07-02T21:09:58.862+0000] {dagbag.py:588} INFO - Filling up the DagBag from /opt/airflow/dags/driven_data_pipeline.py
[2025-07-02T21:09:59.131+0000] {processor.py:925} INFO - DAG(s) 'extract_raw_data_pipeline' retrieved from /opt/airflow/dags/driven_data_pipeline.py
[2025-07-02T21:09:59.389+0000] {logging_mixin.py:190} INFO - [2025-07-02T21:09:59.389+0000] {dag.py:3239} INFO - Sync 1 DAGs
[2025-07-02T21:09:59.420+0000] {logging_mixin.py:190} INFO - [2025-07-02T21:09:59.420+0000] {dag.py:4180} INFO - Setting next_dagrun for extract_raw_data_pipeline to 2025-07-02 07:59:00+00:00, run_after=2025-07-03 07:00:00+00:00
[2025-07-02T21:09:59.463+0000] {processor.py:208} INFO - Processing /opt/airflow/dags/driven_data_pipeline.py took 0.616 seconds
[2025-07-02T21:10:02.098+0000] {processor.py:186} INFO - Started process (PID=1014) to work on /opt/airflow/dags/driven_data_pipeline.py
[2025-07-02T21:10:02.100+0000] {processor.py:914} INFO - Processing file /opt/airflow/dags/driven_data_pipeline.py for tasks to queue
[2025-07-02T21:10:02.106+0000] {logging_mixin.py:190} INFO - [2025-07-02T21:10:02.105+0000] {dagbag.py:588} INFO - Filling up the DagBag from /opt/airflow/dags/driven_data_pipeline.py
[2025-07-02T21:10:02.388+0000] {processor.py:925} INFO - DAG(s) 'extract_raw_data_pipeline' retrieved from /opt/airflow/dags/driven_data_pipeline.py
[2025-07-02T21:10:02.410+0000] {logging_mixin.py:190} INFO - [2025-07-02T21:10:02.409+0000] {dag.py:3239} INFO - Sync 1 DAGs
[2025-07-02T21:10:02.446+0000] {logging_mixin.py:190} INFO - [2025-07-02T21:10:02.446+0000] {dag.py:4180} INFO - Setting next_dagrun for extract_raw_data_pipeline to 2025-07-02 07:59:00+00:00, run_after=2025-07-03 07:00:00+00:00
[2025-07-02T21:10:02.480+0000] {processor.py:208} INFO - Processing /opt/airflow/dags/driven_data_pipeline.py took 0.393 seconds
[2025-07-02T21:10:04.135+0000] {processor.py:186} INFO - Started process (PID=1016) to work on /opt/airflow/dags/driven_data_pipeline.py
[2025-07-02T21:10:04.137+0000] {processor.py:914} INFO - Processing file /opt/airflow/dags/driven_data_pipeline.py for tasks to queue
[2025-07-02T21:10:04.142+0000] {logging_mixin.py:190} INFO - [2025-07-02T21:10:04.141+0000] {dagbag.py:588} INFO - Filling up the DagBag from /opt/airflow/dags/driven_data_pipeline.py
[2025-07-02T21:10:04.446+0000] {processor.py:925} INFO - DAG(s) 'extract_raw_data_pipeline' retrieved from /opt/airflow/dags/driven_data_pipeline.py
[2025-07-02T21:10:04.470+0000] {logging_mixin.py:190} INFO - [2025-07-02T21:10:04.470+0000] {dag.py:3239} INFO - Sync 1 DAGs
[2025-07-02T21:10:04.504+0000] {logging_mixin.py:190} INFO - [2025-07-02T21:10:04.504+0000] {dag.py:4180} INFO - Setting next_dagrun for extract_raw_data_pipeline to 2025-07-02 07:59:00+00:00, run_after=2025-07-03 07:00:00+00:00
[2025-07-02T21:10:04.539+0000] {processor.py:208} INFO - Processing /opt/airflow/dags/driven_data_pipeline.py took 0.414 seconds
[2025-07-02T21:10:05.608+0000] {processor.py:186} INFO - Started process (PID=1018) to work on /opt/airflow/dags/driven_data_pipeline.py
[2025-07-02T21:10:05.610+0000] {processor.py:914} INFO - Processing file /opt/airflow/dags/driven_data_pipeline.py for tasks to queue
[2025-07-02T21:10:05.616+0000] {logging_mixin.py:190} INFO - [2025-07-02T21:10:05.616+0000] {dagbag.py:588} INFO - Filling up the DagBag from /opt/airflow/dags/driven_data_pipeline.py
[2025-07-02T21:10:05.954+0000] {processor.py:925} INFO - DAG(s) 'extract_raw_data_pipeline' retrieved from /opt/airflow/dags/driven_data_pipeline.py
[2025-07-02T21:10:05.977+0000] {logging_mixin.py:190} INFO - [2025-07-02T21:10:05.977+0000] {dag.py:3239} INFO - Sync 1 DAGs
[2025-07-02T21:10:06.012+0000] {logging_mixin.py:190} INFO - [2025-07-02T21:10:06.011+0000] {dag.py:4180} INFO - Setting next_dagrun for extract_raw_data_pipeline to 2025-07-02 07:59:00+00:00, run_after=2025-07-03 07:00:00+00:00
[2025-07-02T21:10:06.050+0000] {processor.py:208} INFO - Processing /opt/airflow/dags/driven_data_pipeline.py took 0.455 seconds
[2025-07-02T21:10:24.350+0000] {processor.py:186} INFO - Started process (PID=1020) to work on /opt/airflow/dags/driven_data_pipeline.py
[2025-07-02T21:10:24.351+0000] {processor.py:914} INFO - Processing file /opt/airflow/dags/driven_data_pipeline.py for tasks to queue
[2025-07-02T21:10:24.357+0000] {logging_mixin.py:190} INFO - [2025-07-02T21:10:24.356+0000] {dagbag.py:588} INFO - Filling up the DagBag from /opt/airflow/dags/driven_data_pipeline.py
[2025-07-02T21:10:24.716+0000] {processor.py:925} INFO - DAG(s) 'extract_raw_data_pipeline' retrieved from /opt/airflow/dags/driven_data_pipeline.py
[2025-07-02T21:10:24.742+0000] {logging_mixin.py:190} INFO - [2025-07-02T21:10:24.741+0000] {dag.py:3239} INFO - Sync 1 DAGs
[2025-07-02T21:10:24.863+0000] {logging_mixin.py:190} INFO - [2025-07-02T21:10:24.863+0000] {dag.py:4180} INFO - Setting next_dagrun for extract_raw_data_pipeline to 2025-07-02 07:59:00+00:00, run_after=2025-07-03 07:00:00+00:00
[2025-07-02T21:10:24.911+0000] {processor.py:208} INFO - Processing /opt/airflow/dags/driven_data_pipeline.py took 0.571 seconds
[2025-07-02T21:10:26.907+0000] {processor.py:186} INFO - Started process (PID=1022) to work on /opt/airflow/dags/driven_data_pipeline.py
[2025-07-02T21:10:26.909+0000] {processor.py:914} INFO - Processing file /opt/airflow/dags/driven_data_pipeline.py for tasks to queue
[2025-07-02T21:10:26.914+0000] {logging_mixin.py:190} INFO - [2025-07-02T21:10:26.913+0000] {dagbag.py:588} INFO - Filling up the DagBag from /opt/airflow/dags/driven_data_pipeline.py
[2025-07-02T21:10:27.260+0000] {processor.py:925} INFO - DAG(s) 'extract_raw_data_pipeline' retrieved from /opt/airflow/dags/driven_data_pipeline.py
[2025-07-02T21:10:27.286+0000] {logging_mixin.py:190} INFO - [2025-07-02T21:10:27.286+0000] {dag.py:3239} INFO - Sync 1 DAGs
[2025-07-02T21:10:27.325+0000] {logging_mixin.py:190} INFO - [2025-07-02T21:10:27.324+0000] {dag.py:4180} INFO - Setting next_dagrun for extract_raw_data_pipeline to 2025-07-02 07:59:00+00:00, run_after=2025-07-03 07:00:00+00:00
[2025-07-02T21:10:27.362+0000] {processor.py:208} INFO - Processing /opt/airflow/dags/driven_data_pipeline.py took 0.467 seconds
[2025-07-02T21:10:36.107+0000] {processor.py:186} INFO - Started process (PID=1030) to work on /opt/airflow/dags/driven_data_pipeline.py
[2025-07-02T21:10:36.109+0000] {processor.py:914} INFO - Processing file /opt/airflow/dags/driven_data_pipeline.py for tasks to queue
[2025-07-02T21:10:36.115+0000] {logging_mixin.py:190} INFO - [2025-07-02T21:10:36.114+0000] {dagbag.py:588} INFO - Filling up the DagBag from /opt/airflow/dags/driven_data_pipeline.py
[2025-07-02T21:10:36.430+0000] {processor.py:925} INFO - DAG(s) 'extract_raw_data_pipeline' retrieved from /opt/airflow/dags/driven_data_pipeline.py
[2025-07-02T21:10:36.604+0000] {logging_mixin.py:190} INFO - [2025-07-02T21:10:36.603+0000] {dag.py:3239} INFO - Sync 1 DAGs
[2025-07-02T21:10:36.637+0000] {logging_mixin.py:190} INFO - [2025-07-02T21:10:36.636+0000] {dag.py:4180} INFO - Setting next_dagrun for extract_raw_data_pipeline to 2025-07-02 07:59:00+00:00, run_after=2025-07-03 07:00:00+00:00
[2025-07-02T21:10:36.675+0000] {processor.py:208} INFO - Processing /opt/airflow/dags/driven_data_pipeline.py took 0.579 seconds
[2025-07-02T21:11:06.910+0000] {processor.py:186} INFO - Started process (PID=1038) to work on /opt/airflow/dags/driven_data_pipeline.py
[2025-07-02T21:11:06.912+0000] {processor.py:914} INFO - Processing file /opt/airflow/dags/driven_data_pipeline.py for tasks to queue
[2025-07-02T21:11:06.918+0000] {logging_mixin.py:190} INFO - [2025-07-02T21:11:06.918+0000] {dagbag.py:588} INFO - Filling up the DagBag from /opt/airflow/dags/driven_data_pipeline.py
[2025-07-02T21:11:07.315+0000] {processor.py:925} INFO - DAG(s) 'extract_raw_data_pipeline' retrieved from /opt/airflow/dags/driven_data_pipeline.py
[2025-07-02T21:11:07.373+0000] {logging_mixin.py:190} INFO - [2025-07-02T21:11:07.372+0000] {dag.py:3239} INFO - Sync 1 DAGs
[2025-07-02T21:11:07.423+0000] {logging_mixin.py:190} INFO - [2025-07-02T21:11:07.423+0000] {dag.py:4180} INFO - Setting next_dagrun for extract_raw_data_pipeline to 2025-07-02 07:59:00+00:00, run_after=2025-07-03 07:00:00+00:00
[2025-07-02T21:11:07.463+0000] {processor.py:208} INFO - Processing /opt/airflow/dags/driven_data_pipeline.py took 0.565 seconds
[2025-07-02T21:11:37.907+0000] {processor.py:186} INFO - Started process (PID=1046) to work on /opt/airflow/dags/driven_data_pipeline.py
[2025-07-02T21:11:37.910+0000] {processor.py:914} INFO - Processing file /opt/airflow/dags/driven_data_pipeline.py for tasks to queue
[2025-07-02T21:11:37.916+0000] {logging_mixin.py:190} INFO - [2025-07-02T21:11:37.915+0000] {dagbag.py:588} INFO - Filling up the DagBag from /opt/airflow/dags/driven_data_pipeline.py
[2025-07-02T21:11:38.193+0000] {processor.py:925} INFO - DAG(s) 'extract_raw_data_pipeline' retrieved from /opt/airflow/dags/driven_data_pipeline.py
[2025-07-02T21:11:38.239+0000] {logging_mixin.py:190} INFO - [2025-07-02T21:11:38.238+0000] {dag.py:3239} INFO - Sync 1 DAGs
[2025-07-02T21:11:38.272+0000] {logging_mixin.py:190} INFO - [2025-07-02T21:11:38.271+0000] {dag.py:4180} INFO - Setting next_dagrun for extract_raw_data_pipeline to 2025-07-02 07:59:00+00:00, run_after=2025-07-03 07:00:00+00:00
[2025-07-02T21:11:38.306+0000] {processor.py:208} INFO - Processing /opt/airflow/dags/driven_data_pipeline.py took 0.410 seconds
[2025-07-02T21:12:08.399+0000] {processor.py:186} INFO - Started process (PID=1054) to work on /opt/airflow/dags/driven_data_pipeline.py
[2025-07-02T21:12:08.401+0000] {processor.py:914} INFO - Processing file /opt/airflow/dags/driven_data_pipeline.py for tasks to queue
[2025-07-02T21:12:08.407+0000] {logging_mixin.py:190} INFO - [2025-07-02T21:12:08.406+0000] {dagbag.py:588} INFO - Filling up the DagBag from /opt/airflow/dags/driven_data_pipeline.py
[2025-07-02T21:12:08.766+0000] {processor.py:925} INFO - DAG(s) 'extract_raw_data_pipeline' retrieved from /opt/airflow/dags/driven_data_pipeline.py
[2025-07-02T21:12:08.813+0000] {logging_mixin.py:190} INFO - [2025-07-02T21:12:08.812+0000] {dag.py:3239} INFO - Sync 1 DAGs
[2025-07-02T21:12:08.857+0000] {logging_mixin.py:190} INFO - [2025-07-02T21:12:08.856+0000] {dag.py:4180} INFO - Setting next_dagrun for extract_raw_data_pipeline to 2025-07-02 07:59:00+00:00, run_after=2025-07-03 07:00:00+00:00
[2025-07-02T21:12:08.894+0000] {processor.py:208} INFO - Processing /opt/airflow/dags/driven_data_pipeline.py took 0.507 seconds
[2025-07-02T21:12:14.765+0000] {processor.py:186} INFO - Started process (PID=1056) to work on /opt/airflow/dags/driven_data_pipeline.py
[2025-07-02T21:12:14.770+0000] {processor.py:914} INFO - Processing file /opt/airflow/dags/driven_data_pipeline.py for tasks to queue
[2025-07-02T21:12:14.775+0000] {logging_mixin.py:190} INFO - [2025-07-02T21:12:14.774+0000] {dagbag.py:588} INFO - Filling up the DagBag from /opt/airflow/dags/driven_data_pipeline.py
[2025-07-02T21:12:15.141+0000] {processor.py:925} INFO - DAG(s) 'extract_raw_data_pipeline' retrieved from /opt/airflow/dags/driven_data_pipeline.py
[2025-07-02T21:12:15.219+0000] {logging_mixin.py:190} INFO - [2025-07-02T21:12:15.218+0000] {dag.py:3239} INFO - Sync 1 DAGs
[2025-07-02T21:12:15.268+0000] {logging_mixin.py:190} INFO - [2025-07-02T21:12:15.268+0000] {dag.py:4180} INFO - Setting next_dagrun for extract_raw_data_pipeline to 2025-07-02 07:59:00+00:00, run_after=2025-07-03 07:00:00+00:00
[2025-07-02T21:12:15.310+0000] {processor.py:208} INFO - Processing /opt/airflow/dags/driven_data_pipeline.py took 0.559 seconds
[2025-07-02T21:12:19.068+0000] {processor.py:186} INFO - Started process (PID=1058) to work on /opt/airflow/dags/driven_data_pipeline.py
[2025-07-02T21:12:19.070+0000] {processor.py:914} INFO - Processing file /opt/airflow/dags/driven_data_pipeline.py for tasks to queue
[2025-07-02T21:12:19.074+0000] {logging_mixin.py:190} INFO - [2025-07-02T21:12:19.074+0000] {dagbag.py:588} INFO - Filling up the DagBag from /opt/airflow/dags/driven_data_pipeline.py
[2025-07-02T21:12:19.413+0000] {processor.py:925} INFO - DAG(s) 'extract_raw_data_pipeline' retrieved from /opt/airflow/dags/driven_data_pipeline.py
[2025-07-02T21:12:19.466+0000] {logging_mixin.py:190} INFO - [2025-07-02T21:12:19.465+0000] {dag.py:3239} INFO - Sync 1 DAGs
[2025-07-02T21:12:19.514+0000] {logging_mixin.py:190} INFO - [2025-07-02T21:12:19.513+0000] {dag.py:4180} INFO - Setting next_dagrun for extract_raw_data_pipeline to 2025-07-02 07:59:00+00:00, run_after=2025-07-03 07:00:00+00:00
[2025-07-02T21:12:19.560+0000] {processor.py:208} INFO - Processing /opt/airflow/dags/driven_data_pipeline.py took 0.502 seconds
[2025-07-02T21:12:33.791+0000] {processor.py:186} INFO - Started process (PID=1065) to work on /opt/airflow/dags/driven_data_pipeline.py
[2025-07-02T21:12:33.794+0000] {processor.py:914} INFO - Processing file /opt/airflow/dags/driven_data_pipeline.py for tasks to queue
[2025-07-02T21:12:33.801+0000] {logging_mixin.py:190} INFO - [2025-07-02T21:12:33.800+0000] {dagbag.py:588} INFO - Filling up the DagBag from /opt/airflow/dags/driven_data_pipeline.py
[2025-07-02T21:12:34.106+0000] {processor.py:925} INFO - DAG(s) 'extract_raw_data_pipeline' retrieved from /opt/airflow/dags/driven_data_pipeline.py
[2025-07-02T21:12:34.194+0000] {logging_mixin.py:190} INFO - [2025-07-02T21:12:34.193+0000] {dag.py:3239} INFO - Sync 1 DAGs
[2025-07-02T21:12:34.254+0000] {logging_mixin.py:190} INFO - [2025-07-02T21:12:34.253+0000] {dag.py:4180} INFO - Setting next_dagrun for extract_raw_data_pipeline to 2025-07-02 07:59:00+00:00, run_after=2025-07-03 07:00:00+00:00
[2025-07-02T21:12:34.305+0000] {processor.py:208} INFO - Processing /opt/airflow/dags/driven_data_pipeline.py took 0.529 seconds
[2025-07-02T21:13:04.777+0000] {processor.py:186} INFO - Started process (PID=1072) to work on /opt/airflow/dags/driven_data_pipeline.py
[2025-07-02T21:13:04.784+0000] {processor.py:914} INFO - Processing file /opt/airflow/dags/driven_data_pipeline.py for tasks to queue
[2025-07-02T21:13:04.794+0000] {logging_mixin.py:190} INFO - [2025-07-02T21:13:04.793+0000] {dagbag.py:588} INFO - Filling up the DagBag from /opt/airflow/dags/driven_data_pipeline.py
[2025-07-02T21:13:05.440+0000] {processor.py:925} INFO - DAG(s) 'extract_raw_data_pipeline' retrieved from /opt/airflow/dags/driven_data_pipeline.py
[2025-07-02T21:13:05.572+0000] {logging_mixin.py:190} INFO - [2025-07-02T21:13:05.572+0000] {dag.py:3239} INFO - Sync 1 DAGs
[2025-07-02T21:13:05.705+0000] {logging_mixin.py:190} INFO - [2025-07-02T21:13:05.704+0000] {dag.py:4180} INFO - Setting next_dagrun for extract_raw_data_pipeline to 2025-07-02 07:59:00+00:00, run_after=2025-07-03 07:00:00+00:00
[2025-07-02T21:13:05.835+0000] {processor.py:208} INFO - Processing /opt/airflow/dags/driven_data_pipeline.py took 1.083 seconds
[2025-07-02T21:13:36.226+0000] {processor.py:186} INFO - Started process (PID=1080) to work on /opt/airflow/dags/driven_data_pipeline.py
[2025-07-02T21:13:36.228+0000] {processor.py:914} INFO - Processing file /opt/airflow/dags/driven_data_pipeline.py for tasks to queue
[2025-07-02T21:13:36.235+0000] {logging_mixin.py:190} INFO - [2025-07-02T21:13:36.233+0000] {dagbag.py:588} INFO - Filling up the DagBag from /opt/airflow/dags/driven_data_pipeline.py
[2025-07-02T21:13:36.563+0000] {processor.py:925} INFO - DAG(s) 'extract_raw_data_pipeline' retrieved from /opt/airflow/dags/driven_data_pipeline.py
[2025-07-02T21:13:36.612+0000] {logging_mixin.py:190} INFO - [2025-07-02T21:13:36.612+0000] {dag.py:3239} INFO - Sync 1 DAGs
[2025-07-02T21:13:36.659+0000] {logging_mixin.py:190} INFO - [2025-07-02T21:13:36.659+0000] {dag.py:4180} INFO - Setting next_dagrun for extract_raw_data_pipeline to 2025-07-02 07:59:00+00:00, run_after=2025-07-03 07:00:00+00:00
[2025-07-02T21:13:36.703+0000] {processor.py:208} INFO - Processing /opt/airflow/dags/driven_data_pipeline.py took 0.488 seconds
[2025-07-02T21:14:07.108+0000] {processor.py:186} INFO - Started process (PID=1088) to work on /opt/airflow/dags/driven_data_pipeline.py
[2025-07-02T21:14:07.110+0000] {processor.py:914} INFO - Processing file /opt/airflow/dags/driven_data_pipeline.py for tasks to queue
[2025-07-02T21:14:07.115+0000] {logging_mixin.py:190} INFO - [2025-07-02T21:14:07.114+0000] {dagbag.py:588} INFO - Filling up the DagBag from /opt/airflow/dags/driven_data_pipeline.py
[2025-07-02T21:14:07.412+0000] {processor.py:925} INFO - DAG(s) 'extract_raw_data_pipeline' retrieved from /opt/airflow/dags/driven_data_pipeline.py
[2025-07-02T21:14:07.459+0000] {logging_mixin.py:190} INFO - [2025-07-02T21:14:07.459+0000] {dag.py:3239} INFO - Sync 1 DAGs
[2025-07-02T21:14:07.502+0000] {logging_mixin.py:190} INFO - [2025-07-02T21:14:07.502+0000] {dag.py:4180} INFO - Setting next_dagrun for extract_raw_data_pipeline to 2025-07-02 07:59:00+00:00, run_after=2025-07-03 07:00:00+00:00
[2025-07-02T21:14:07.535+0000] {processor.py:208} INFO - Processing /opt/airflow/dags/driven_data_pipeline.py took 0.439 seconds
[2025-07-02T21:14:37.962+0000] {processor.py:186} INFO - Started process (PID=1096) to work on /opt/airflow/dags/driven_data_pipeline.py
[2025-07-02T21:14:37.964+0000] {processor.py:914} INFO - Processing file /opt/airflow/dags/driven_data_pipeline.py for tasks to queue
[2025-07-02T21:14:37.971+0000] {logging_mixin.py:190} INFO - [2025-07-02T21:14:37.970+0000] {dagbag.py:588} INFO - Filling up the DagBag from /opt/airflow/dags/driven_data_pipeline.py
[2025-07-02T21:14:38.262+0000] {processor.py:925} INFO - DAG(s) 'extract_raw_data_pipeline' retrieved from /opt/airflow/dags/driven_data_pipeline.py
[2025-07-02T21:14:38.309+0000] {logging_mixin.py:190} INFO - [2025-07-02T21:14:38.309+0000] {dag.py:3239} INFO - Sync 1 DAGs
[2025-07-02T21:14:38.349+0000] {logging_mixin.py:190} INFO - [2025-07-02T21:14:38.348+0000] {dag.py:4180} INFO - Setting next_dagrun for extract_raw_data_pipeline to 2025-07-02 07:59:00+00:00, run_after=2025-07-03 07:00:00+00:00
[2025-07-02T21:14:38.381+0000] {processor.py:208} INFO - Processing /opt/airflow/dags/driven_data_pipeline.py took 0.431 seconds
[2025-07-02T21:15:08.759+0000] {processor.py:186} INFO - Started process (PID=1105) to work on /opt/airflow/dags/driven_data_pipeline.py
[2025-07-02T21:15:08.761+0000] {processor.py:914} INFO - Processing file /opt/airflow/dags/driven_data_pipeline.py for tasks to queue
[2025-07-02T21:15:08.767+0000] {logging_mixin.py:190} INFO - [2025-07-02T21:15:08.766+0000] {dagbag.py:588} INFO - Filling up the DagBag from /opt/airflow/dags/driven_data_pipeline.py
[2025-07-02T21:15:09.040+0000] {processor.py:925} INFO - DAG(s) 'extract_raw_data_pipeline' retrieved from /opt/airflow/dags/driven_data_pipeline.py
[2025-07-02T21:15:09.083+0000] {logging_mixin.py:190} INFO - [2025-07-02T21:15:09.082+0000] {dag.py:3239} INFO - Sync 1 DAGs
[2025-07-02T21:15:09.119+0000] {logging_mixin.py:190} INFO - [2025-07-02T21:15:09.118+0000] {dag.py:4180} INFO - Setting next_dagrun for extract_raw_data_pipeline to 2025-07-02 07:59:00+00:00, run_after=2025-07-03 07:00:00+00:00
[2025-07-02T21:15:09.162+0000] {processor.py:208} INFO - Processing /opt/airflow/dags/driven_data_pipeline.py took 0.412 seconds
[2025-07-02T21:15:39.517+0000] {processor.py:186} INFO - Started process (PID=1113) to work on /opt/airflow/dags/driven_data_pipeline.py
[2025-07-02T21:15:39.519+0000] {processor.py:914} INFO - Processing file /opt/airflow/dags/driven_data_pipeline.py for tasks to queue
[2025-07-02T21:15:39.525+0000] {logging_mixin.py:190} INFO - [2025-07-02T21:15:39.524+0000] {dagbag.py:588} INFO - Filling up the DagBag from /opt/airflow/dags/driven_data_pipeline.py
[2025-07-02T21:15:39.787+0000] {processor.py:925} INFO - DAG(s) 'extract_raw_data_pipeline' retrieved from /opt/airflow/dags/driven_data_pipeline.py
[2025-07-02T21:15:39.827+0000] {logging_mixin.py:190} INFO - [2025-07-02T21:15:39.826+0000] {dag.py:3239} INFO - Sync 1 DAGs
[2025-07-02T21:15:39.861+0000] {logging_mixin.py:190} INFO - [2025-07-02T21:15:39.861+0000] {dag.py:4180} INFO - Setting next_dagrun for extract_raw_data_pipeline to 2025-07-02 07:59:00+00:00, run_after=2025-07-03 07:00:00+00:00
[2025-07-02T21:15:39.899+0000] {processor.py:208} INFO - Processing /opt/airflow/dags/driven_data_pipeline.py took 0.393 seconds
[2025-07-02T21:16:10.381+0000] {processor.py:186} INFO - Started process (PID=1121) to work on /opt/airflow/dags/driven_data_pipeline.py
[2025-07-02T21:16:10.383+0000] {processor.py:914} INFO - Processing file /opt/airflow/dags/driven_data_pipeline.py for tasks to queue
[2025-07-02T21:16:10.389+0000] {logging_mixin.py:190} INFO - [2025-07-02T21:16:10.388+0000] {dagbag.py:588} INFO - Filling up the DagBag from /opt/airflow/dags/driven_data_pipeline.py
[2025-07-02T21:16:10.805+0000] {processor.py:925} INFO - DAG(s) 'extract_raw_data_pipeline' retrieved from /opt/airflow/dags/driven_data_pipeline.py
[2025-07-02T21:16:10.858+0000] {logging_mixin.py:190} INFO - [2025-07-02T21:16:10.857+0000] {dag.py:3239} INFO - Sync 1 DAGs
[2025-07-02T21:16:10.905+0000] {logging_mixin.py:190} INFO - [2025-07-02T21:16:10.904+0000] {dag.py:4180} INFO - Setting next_dagrun for extract_raw_data_pipeline to 2025-07-02 07:59:00+00:00, run_after=2025-07-03 07:00:00+00:00
[2025-07-02T21:16:10.937+0000] {processor.py:208} INFO - Processing /opt/airflow/dags/driven_data_pipeline.py took 0.567 seconds
[2025-07-02T21:16:17.958+0000] {processor.py:186} INFO - Started process (PID=1123) to work on /opt/airflow/dags/driven_data_pipeline.py
[2025-07-02T21:16:17.960+0000] {processor.py:914} INFO - Processing file /opt/airflow/dags/driven_data_pipeline.py for tasks to queue
[2025-07-02T21:16:17.968+0000] {logging_mixin.py:190} INFO - [2025-07-02T21:16:17.967+0000] {dagbag.py:588} INFO - Filling up the DagBag from /opt/airflow/dags/driven_data_pipeline.py
[2025-07-02T21:16:17.983+0000] {logging_mixin.py:190} INFO - [2025-07-02T21:16:17.982+0000] {dagbag.py:366} INFO - File /opt/airflow/dags/driven_data_pipeline.py assumed to contain no DAGs. Skipping.
[2025-07-02T21:16:17.984+0000] {processor.py:927} WARNING - No viable dags retrieved from /opt/airflow/dags/driven_data_pipeline.py
[2025-07-02T21:16:18.019+0000] {processor.py:208} INFO - Processing /opt/airflow/dags/driven_data_pipeline.py took 0.071 seconds
[2025-07-02T21:16:18.947+0000] {processor.py:186} INFO - Started process (PID=1124) to work on /opt/airflow/dags/driven_data_pipeline.py
[2025-07-02T21:16:18.949+0000] {processor.py:914} INFO - Processing file /opt/airflow/dags/driven_data_pipeline.py for tasks to queue
[2025-07-02T21:16:18.954+0000] {logging_mixin.py:190} INFO - [2025-07-02T21:16:18.953+0000] {dagbag.py:588} INFO - Filling up the DagBag from /opt/airflow/dags/driven_data_pipeline.py
[2025-07-02T21:16:19.253+0000] {processor.py:925} INFO - DAG(s) 'extract_raw_data_pipeline' retrieved from /opt/airflow/dags/driven_data_pipeline.py
[2025-07-02T21:16:19.475+0000] {logging_mixin.py:190} INFO - [2025-07-02T21:16:19.474+0000] {dag.py:3239} INFO - Sync 1 DAGs
[2025-07-02T21:16:19.509+0000] {logging_mixin.py:190} INFO - [2025-07-02T21:16:19.509+0000] {dag.py:4180} INFO - Setting next_dagrun for extract_raw_data_pipeline to 2025-07-02 07:00:00+00:00, run_after=2025-07-03 07:00:00+00:00
[2025-07-02T21:16:19.550+0000] {processor.py:208} INFO - Processing /opt/airflow/dags/driven_data_pipeline.py took 0.614 seconds
[2025-07-02T21:16:20.149+0000] {processor.py:186} INFO - Started process (PID=1126) to work on /opt/airflow/dags/driven_data_pipeline.py
[2025-07-02T21:16:20.151+0000] {processor.py:914} INFO - Processing file /opt/airflow/dags/driven_data_pipeline.py for tasks to queue
[2025-07-02T21:16:20.155+0000] {logging_mixin.py:190} INFO - [2025-07-02T21:16:20.154+0000] {dagbag.py:588} INFO - Filling up the DagBag from /opt/airflow/dags/driven_data_pipeline.py
[2025-07-02T21:16:20.444+0000] {processor.py:925} INFO - DAG(s) 'extract_raw_data_pipeline' retrieved from /opt/airflow/dags/driven_data_pipeline.py
[2025-07-02T21:16:20.468+0000] {logging_mixin.py:190} INFO - [2025-07-02T21:16:20.468+0000] {dag.py:3239} INFO - Sync 1 DAGs
[2025-07-02T21:16:20.505+0000] {logging_mixin.py:190} INFO - [2025-07-02T21:16:20.505+0000] {dag.py:4180} INFO - Setting next_dagrun for extract_raw_data_pipeline to 2025-07-02 07:00:00+00:00, run_after=2025-07-03 07:00:00+00:00
[2025-07-02T21:16:20.537+0000] {processor.py:208} INFO - Processing /opt/airflow/dags/driven_data_pipeline.py took 0.399 seconds
[2025-07-02T21:16:21.198+0000] {processor.py:186} INFO - Started process (PID=1128) to work on /opt/airflow/dags/driven_data_pipeline.py
[2025-07-02T21:16:21.200+0000] {processor.py:914} INFO - Processing file /opt/airflow/dags/driven_data_pipeline.py for tasks to queue
[2025-07-02T21:16:21.206+0000] {logging_mixin.py:190} INFO - [2025-07-02T21:16:21.205+0000] {dagbag.py:588} INFO - Filling up the DagBag from /opt/airflow/dags/driven_data_pipeline.py
[2025-07-02T21:16:21.496+0000] {processor.py:925} INFO - DAG(s) 'extract_raw_data_pipeline' retrieved from /opt/airflow/dags/driven_data_pipeline.py
[2025-07-02T21:16:21.518+0000] {logging_mixin.py:190} INFO - [2025-07-02T21:16:21.518+0000] {dag.py:3239} INFO - Sync 1 DAGs
[2025-07-02T21:16:21.562+0000] {logging_mixin.py:190} INFO - [2025-07-02T21:16:21.561+0000] {dag.py:4180} INFO - Setting next_dagrun for extract_raw_data_pipeline to 2025-07-02 07:00:00+00:00, run_after=2025-07-03 07:00:00+00:00
[2025-07-02T21:16:21.601+0000] {processor.py:208} INFO - Processing /opt/airflow/dags/driven_data_pipeline.py took 0.415 seconds
[2025-07-02T21:16:22.644+0000] {processor.py:186} INFO - Started process (PID=1130) to work on /opt/airflow/dags/driven_data_pipeline.py
[2025-07-02T21:16:22.646+0000] {processor.py:914} INFO - Processing file /opt/airflow/dags/driven_data_pipeline.py for tasks to queue
[2025-07-02T21:16:22.651+0000] {logging_mixin.py:190} INFO - [2025-07-02T21:16:22.650+0000] {dagbag.py:588} INFO - Filling up the DagBag from /opt/airflow/dags/driven_data_pipeline.py
[2025-07-02T21:16:22.935+0000] {processor.py:925} INFO - DAG(s) 'extract_raw_data_pipeline' retrieved from /opt/airflow/dags/driven_data_pipeline.py
[2025-07-02T21:16:22.957+0000] {logging_mixin.py:190} INFO - [2025-07-02T21:16:22.957+0000] {dag.py:3239} INFO - Sync 1 DAGs
[2025-07-02T21:16:22.996+0000] {logging_mixin.py:190} INFO - [2025-07-02T21:16:22.995+0000] {dag.py:4180} INFO - Setting next_dagrun for extract_raw_data_pipeline to 2025-07-02 07:00:00+00:00, run_after=2025-07-03 07:00:00+00:00
[2025-07-02T21:16:23.028+0000] {processor.py:208} INFO - Processing /opt/airflow/dags/driven_data_pipeline.py took 0.394 seconds
[2025-07-02T21:16:53.207+0000] {processor.py:186} INFO - Started process (PID=1138) to work on /opt/airflow/dags/driven_data_pipeline.py
[2025-07-02T21:16:53.216+0000] {processor.py:914} INFO - Processing file /opt/airflow/dags/driven_data_pipeline.py for tasks to queue
[2025-07-02T21:16:53.228+0000] {logging_mixin.py:190} INFO - [2025-07-02T21:16:53.227+0000] {dagbag.py:588} INFO - Filling up the DagBag from /opt/airflow/dags/driven_data_pipeline.py
[2025-07-02T21:16:54.430+0000] {processor.py:925} INFO - DAG(s) 'extract_raw_data_pipeline' retrieved from /opt/airflow/dags/driven_data_pipeline.py
[2025-07-02T21:16:54.532+0000] {logging_mixin.py:190} INFO - [2025-07-02T21:16:54.532+0000] {dag.py:3239} INFO - Sync 1 DAGs
[2025-07-02T21:16:54.616+0000] {logging_mixin.py:190} INFO - [2025-07-02T21:16:54.616+0000] {dag.py:4180} INFO - Setting next_dagrun for extract_raw_data_pipeline to 2025-07-02 07:00:00+00:00, run_after=2025-07-03 07:00:00+00:00
[2025-07-02T21:16:54.664+0000] {processor.py:208} INFO - Processing /opt/airflow/dags/driven_data_pipeline.py took 1.486 seconds
[2025-07-02T21:17:25.150+0000] {processor.py:186} INFO - Started process (PID=1146) to work on /opt/airflow/dags/driven_data_pipeline.py
[2025-07-02T21:17:25.152+0000] {processor.py:914} INFO - Processing file /opt/airflow/dags/driven_data_pipeline.py for tasks to queue
[2025-07-02T21:17:25.159+0000] {logging_mixin.py:190} INFO - [2025-07-02T21:17:25.158+0000] {dagbag.py:588} INFO - Filling up the DagBag from /opt/airflow/dags/driven_data_pipeline.py
[2025-07-02T21:17:25.522+0000] {processor.py:925} INFO - DAG(s) 'extract_raw_data_pipeline' retrieved from /opt/airflow/dags/driven_data_pipeline.py
[2025-07-02T21:17:25.577+0000] {logging_mixin.py:190} INFO - [2025-07-02T21:17:25.576+0000] {dag.py:3239} INFO - Sync 1 DAGs
[2025-07-02T21:17:25.644+0000] {logging_mixin.py:190} INFO - [2025-07-02T21:17:25.644+0000] {dag.py:4180} INFO - Setting next_dagrun for extract_raw_data_pipeline to 2025-07-02 07:00:00+00:00, run_after=2025-07-03 07:00:00+00:00
[2025-07-02T21:17:25.679+0000] {processor.py:208} INFO - Processing /opt/airflow/dags/driven_data_pipeline.py took 0.540 seconds
[2025-07-02T21:17:56.047+0000] {processor.py:186} INFO - Started process (PID=1154) to work on /opt/airflow/dags/driven_data_pipeline.py
[2025-07-02T21:17:56.049+0000] {processor.py:914} INFO - Processing file /opt/airflow/dags/driven_data_pipeline.py for tasks to queue
[2025-07-02T21:17:56.054+0000] {logging_mixin.py:190} INFO - [2025-07-02T21:17:56.054+0000] {dagbag.py:588} INFO - Filling up the DagBag from /opt/airflow/dags/driven_data_pipeline.py
[2025-07-02T21:17:56.350+0000] {processor.py:925} INFO - DAG(s) 'extract_raw_data_pipeline' retrieved from /opt/airflow/dags/driven_data_pipeline.py
[2025-07-02T21:17:56.393+0000] {logging_mixin.py:190} INFO - [2025-07-02T21:17:56.393+0000] {dag.py:3239} INFO - Sync 1 DAGs
[2025-07-02T21:17:56.431+0000] {logging_mixin.py:190} INFO - [2025-07-02T21:17:56.431+0000] {dag.py:4180} INFO - Setting next_dagrun for extract_raw_data_pipeline to 2025-07-02 07:00:00+00:00, run_after=2025-07-03 07:00:00+00:00
[2025-07-02T21:17:56.487+0000] {processor.py:208} INFO - Processing /opt/airflow/dags/driven_data_pipeline.py took 0.452 seconds
[2025-07-02T21:18:09.686+0000] {processor.py:186} INFO - Started process (PID=1163) to work on /opt/airflow/dags/driven_data_pipeline.py
[2025-07-02T21:18:09.688+0000] {processor.py:914} INFO - Processing file /opt/airflow/dags/driven_data_pipeline.py for tasks to queue
[2025-07-02T21:18:09.693+0000] {logging_mixin.py:190} INFO - [2025-07-02T21:18:09.692+0000] {dagbag.py:588} INFO - Filling up the DagBag from /opt/airflow/dags/driven_data_pipeline.py
[2025-07-02T21:18:09.996+0000] {processor.py:925} INFO - DAG(s) 'extract_raw_data_pipeline' retrieved from /opt/airflow/dags/driven_data_pipeline.py
[2025-07-02T21:18:10.042+0000] {logging_mixin.py:190} INFO - [2025-07-02T21:18:10.041+0000] {dag.py:3239} INFO - Sync 1 DAGs
[2025-07-02T21:18:10.085+0000] {logging_mixin.py:190} INFO - [2025-07-02T21:18:10.084+0000] {dag.py:4180} INFO - Setting next_dagrun for extract_raw_data_pipeline to 2025-07-02 07:00:00+00:00, run_after=2025-07-03 07:00:00+00:00
[2025-07-02T21:18:10.125+0000] {processor.py:208} INFO - Processing /opt/airflow/dags/driven_data_pipeline.py took 0.451 seconds
[2025-07-02T21:18:11.222+0000] {processor.py:186} INFO - Started process (PID=1165) to work on /opt/airflow/dags/driven_data_pipeline.py
[2025-07-02T21:18:11.225+0000] {processor.py:914} INFO - Processing file /opt/airflow/dags/driven_data_pipeline.py for tasks to queue
[2025-07-02T21:18:11.230+0000] {logging_mixin.py:190} INFO - [2025-07-02T21:18:11.230+0000] {dagbag.py:588} INFO - Filling up the DagBag from /opt/airflow/dags/driven_data_pipeline.py
[2025-07-02T21:18:11.530+0000] {processor.py:925} INFO - DAG(s) 'extract_raw_data_pipeline' retrieved from /opt/airflow/dags/driven_data_pipeline.py
[2025-07-02T21:18:11.574+0000] {logging_mixin.py:190} INFO - [2025-07-02T21:18:11.573+0000] {dag.py:3239} INFO - Sync 1 DAGs
[2025-07-02T21:18:11.609+0000] {logging_mixin.py:190} INFO - [2025-07-02T21:18:11.608+0000] {dag.py:4180} INFO - Setting next_dagrun for extract_raw_data_pipeline to 2025-07-02 07:00:00+00:00, run_after=2025-07-03 07:00:00+00:00
[2025-07-02T21:18:11.644+0000] {processor.py:208} INFO - Processing /opt/airflow/dags/driven_data_pipeline.py took 0.435 seconds
[2025-07-02T21:18:14.751+0000] {processor.py:186} INFO - Started process (PID=1167) to work on /opt/airflow/dags/driven_data_pipeline.py
[2025-07-02T21:18:14.752+0000] {processor.py:914} INFO - Processing file /opt/airflow/dags/driven_data_pipeline.py for tasks to queue
[2025-07-02T21:18:14.757+0000] {logging_mixin.py:190} INFO - [2025-07-02T21:18:14.756+0000] {dagbag.py:588} INFO - Filling up the DagBag from /opt/airflow/dags/driven_data_pipeline.py
[2025-07-02T21:18:15.036+0000] {processor.py:925} INFO - DAG(s) 'extract_raw_data_pipeline' retrieved from /opt/airflow/dags/driven_data_pipeline.py
[2025-07-02T21:18:15.082+0000] {logging_mixin.py:190} INFO - [2025-07-02T21:18:15.081+0000] {dag.py:3239} INFO - Sync 1 DAGs
[2025-07-02T21:18:15.116+0000] {logging_mixin.py:190} INFO - [2025-07-02T21:18:15.116+0000] {dag.py:4180} INFO - Setting next_dagrun for extract_raw_data_pipeline to 2025-07-02 07:00:00+00:00, run_after=2025-07-03 07:00:00+00:00
[2025-07-02T21:18:15.150+0000] {processor.py:208} INFO - Processing /opt/airflow/dags/driven_data_pipeline.py took 0.409 seconds
[2025-07-02T21:18:30.367+0000] {processor.py:186} INFO - Started process (PID=1169) to work on /opt/airflow/dags/driven_data_pipeline.py
[2025-07-02T21:18:30.369+0000] {processor.py:914} INFO - Processing file /opt/airflow/dags/driven_data_pipeline.py for tasks to queue
[2025-07-02T21:18:30.373+0000] {logging_mixin.py:190} INFO - [2025-07-02T21:18:30.372+0000] {dagbag.py:588} INFO - Filling up the DagBag from /opt/airflow/dags/driven_data_pipeline.py
[2025-07-02T21:18:30.661+0000] {processor.py:925} INFO - DAG(s) 'extract_raw_data_pipeline' retrieved from /opt/airflow/dags/driven_data_pipeline.py
[2025-07-02T21:18:30.700+0000] {logging_mixin.py:190} INFO - [2025-07-02T21:18:30.700+0000] {dag.py:3239} INFO - Sync 1 DAGs
[2025-07-02T21:18:30.737+0000] {logging_mixin.py:190} INFO - [2025-07-02T21:18:30.736+0000] {dag.py:4180} INFO - Setting next_dagrun for extract_raw_data_pipeline to 2025-07-02 07:00:00+00:00, run_after=2025-07-03 07:00:00+00:00
[2025-07-02T21:18:30.769+0000] {processor.py:208} INFO - Processing /opt/airflow/dags/driven_data_pipeline.py took 0.413 seconds
[2025-07-02T21:19:01.364+0000] {processor.py:186} INFO - Started process (PID=1177) to work on /opt/airflow/dags/driven_data_pipeline.py
[2025-07-02T21:19:01.367+0000] {processor.py:914} INFO - Processing file /opt/airflow/dags/driven_data_pipeline.py for tasks to queue
[2025-07-02T21:19:01.380+0000] {logging_mixin.py:190} INFO - [2025-07-02T21:19:01.375+0000] {dagbag.py:588} INFO - Filling up the DagBag from /opt/airflow/dags/driven_data_pipeline.py
[2025-07-02T21:19:01.778+0000] {processor.py:925} INFO - DAG(s) 'extract_raw_data_pipeline' retrieved from /opt/airflow/dags/driven_data_pipeline.py
[2025-07-02T21:19:01.825+0000] {logging_mixin.py:190} INFO - [2025-07-02T21:19:01.825+0000] {dag.py:3239} INFO - Sync 1 DAGs
[2025-07-02T21:19:01.867+0000] {logging_mixin.py:190} INFO - [2025-07-02T21:19:01.867+0000] {dag.py:4180} INFO - Setting next_dagrun for extract_raw_data_pipeline to 2025-07-02 07:00:00+00:00, run_after=2025-07-03 07:00:00+00:00
[2025-07-02T21:19:01.902+0000] {processor.py:208} INFO - Processing /opt/airflow/dags/driven_data_pipeline.py took 0.561 seconds
[2025-07-02T21:19:32.129+0000] {processor.py:186} INFO - Started process (PID=1185) to work on /opt/airflow/dags/driven_data_pipeline.py
[2025-07-02T21:19:32.131+0000] {processor.py:914} INFO - Processing file /opt/airflow/dags/driven_data_pipeline.py for tasks to queue
[2025-07-02T21:19:32.136+0000] {logging_mixin.py:190} INFO - [2025-07-02T21:19:32.135+0000] {dagbag.py:588} INFO - Filling up the DagBag from /opt/airflow/dags/driven_data_pipeline.py
[2025-07-02T21:19:32.454+0000] {processor.py:925} INFO - DAG(s) 'extract_raw_data_pipeline' retrieved from /opt/airflow/dags/driven_data_pipeline.py
[2025-07-02T21:19:32.497+0000] {logging_mixin.py:190} INFO - [2025-07-02T21:19:32.497+0000] {dag.py:3239} INFO - Sync 1 DAGs
[2025-07-02T21:19:32.546+0000] {logging_mixin.py:190} INFO - [2025-07-02T21:19:32.546+0000] {dag.py:4180} INFO - Setting next_dagrun for extract_raw_data_pipeline to 2025-07-02 07:00:00+00:00, run_after=2025-07-03 07:00:00+00:00
[2025-07-02T21:19:32.577+0000] {processor.py:208} INFO - Processing /opt/airflow/dags/driven_data_pipeline.py took 0.460 seconds
[2025-07-02T21:20:02.901+0000] {processor.py:186} INFO - Started process (PID=1193) to work on /opt/airflow/dags/driven_data_pipeline.py
[2025-07-02T21:20:02.902+0000] {processor.py:914} INFO - Processing file /opt/airflow/dags/driven_data_pipeline.py for tasks to queue
[2025-07-02T21:20:02.907+0000] {logging_mixin.py:190} INFO - [2025-07-02T21:20:02.906+0000] {dagbag.py:588} INFO - Filling up the DagBag from /opt/airflow/dags/driven_data_pipeline.py
[2025-07-02T21:20:03.193+0000] {processor.py:925} INFO - DAG(s) 'extract_raw_data_pipeline' retrieved from /opt/airflow/dags/driven_data_pipeline.py
[2025-07-02T21:20:03.277+0000] {logging_mixin.py:190} INFO - [2025-07-02T21:20:03.277+0000] {dag.py:3239} INFO - Sync 1 DAGs
[2025-07-02T21:20:03.377+0000] {logging_mixin.py:190} INFO - [2025-07-02T21:20:03.376+0000] {dag.py:4180} INFO - Setting next_dagrun for extract_raw_data_pipeline to 2025-07-02 07:00:00+00:00, run_after=2025-07-03 07:00:00+00:00
[2025-07-02T21:20:03.420+0000] {processor.py:208} INFO - Processing /opt/airflow/dags/driven_data_pipeline.py took 0.530 seconds
[2025-07-02T21:20:33.803+0000] {processor.py:186} INFO - Started process (PID=1206) to work on /opt/airflow/dags/driven_data_pipeline.py
[2025-07-02T21:20:33.805+0000] {processor.py:914} INFO - Processing file /opt/airflow/dags/driven_data_pipeline.py for tasks to queue
[2025-07-02T21:20:33.811+0000] {logging_mixin.py:190} INFO - [2025-07-02T21:20:33.811+0000] {dagbag.py:588} INFO - Filling up the DagBag from /opt/airflow/dags/driven_data_pipeline.py
[2025-07-02T21:20:34.159+0000] {processor.py:925} INFO - DAG(s) 'extract_raw_data_pipeline' retrieved from /opt/airflow/dags/driven_data_pipeline.py
[2025-07-02T21:20:34.200+0000] {logging_mixin.py:190} INFO - [2025-07-02T21:20:34.200+0000] {dag.py:3239} INFO - Sync 1 DAGs
[2025-07-02T21:20:34.240+0000] {logging_mixin.py:190} INFO - [2025-07-02T21:20:34.240+0000] {dag.py:4180} INFO - Setting next_dagrun for extract_raw_data_pipeline to 2025-07-02 07:00:00+00:00, run_after=2025-07-03 07:00:00+00:00
[2025-07-02T21:20:34.269+0000] {processor.py:208} INFO - Processing /opt/airflow/dags/driven_data_pipeline.py took 0.476 seconds
[2025-07-02T21:21:04.592+0000] {processor.py:186} INFO - Started process (PID=1214) to work on /opt/airflow/dags/driven_data_pipeline.py
[2025-07-02T21:21:04.594+0000] {processor.py:914} INFO - Processing file /opt/airflow/dags/driven_data_pipeline.py for tasks to queue
[2025-07-02T21:21:04.598+0000] {logging_mixin.py:190} INFO - [2025-07-02T21:21:04.597+0000] {dagbag.py:588} INFO - Filling up the DagBag from /opt/airflow/dags/driven_data_pipeline.py
[2025-07-02T21:21:04.865+0000] {processor.py:925} INFO - DAG(s) 'extract_raw_data_pipeline' retrieved from /opt/airflow/dags/driven_data_pipeline.py
[2025-07-02T21:21:04.912+0000] {logging_mixin.py:190} INFO - [2025-07-02T21:21:04.911+0000] {dag.py:3239} INFO - Sync 1 DAGs
[2025-07-02T21:21:04.950+0000] {logging_mixin.py:190} INFO - [2025-07-02T21:21:04.950+0000] {dag.py:4180} INFO - Setting next_dagrun for extract_raw_data_pipeline to 2025-07-02 07:00:00+00:00, run_after=2025-07-03 07:00:00+00:00
[2025-07-02T21:21:04.981+0000] {processor.py:208} INFO - Processing /opt/airflow/dags/driven_data_pipeline.py took 0.398 seconds
[2025-07-02T21:21:35.336+0000] {processor.py:186} INFO - Started process (PID=1222) to work on /opt/airflow/dags/driven_data_pipeline.py
[2025-07-02T21:21:35.338+0000] {processor.py:914} INFO - Processing file /opt/airflow/dags/driven_data_pipeline.py for tasks to queue
[2025-07-02T21:21:35.342+0000] {logging_mixin.py:190} INFO - [2025-07-02T21:21:35.341+0000] {dagbag.py:588} INFO - Filling up the DagBag from /opt/airflow/dags/driven_data_pipeline.py
[2025-07-02T21:21:35.599+0000] {processor.py:925} INFO - DAG(s) 'extract_raw_data_pipeline' retrieved from /opt/airflow/dags/driven_data_pipeline.py
[2025-07-02T21:21:35.640+0000] {logging_mixin.py:190} INFO - [2025-07-02T21:21:35.640+0000] {dag.py:3239} INFO - Sync 1 DAGs
[2025-07-02T21:21:35.687+0000] {logging_mixin.py:190} INFO - [2025-07-02T21:21:35.686+0000] {dag.py:4180} INFO - Setting next_dagrun for extract_raw_data_pipeline to 2025-07-02 07:00:00+00:00, run_after=2025-07-03 07:00:00+00:00
[2025-07-02T21:21:35.720+0000] {processor.py:208} INFO - Processing /opt/airflow/dags/driven_data_pipeline.py took 0.394 seconds
[2025-07-02T21:22:06.180+0000] {processor.py:186} INFO - Started process (PID=1229) to work on /opt/airflow/dags/driven_data_pipeline.py
[2025-07-02T21:22:06.182+0000] {processor.py:914} INFO - Processing file /opt/airflow/dags/driven_data_pipeline.py for tasks to queue
[2025-07-02T21:22:06.188+0000] {logging_mixin.py:190} INFO - [2025-07-02T21:22:06.187+0000] {dagbag.py:588} INFO - Filling up the DagBag from /opt/airflow/dags/driven_data_pipeline.py
[2025-07-02T21:22:06.540+0000] {processor.py:925} INFO - DAG(s) 'extract_raw_data_pipeline' retrieved from /opt/airflow/dags/driven_data_pipeline.py
[2025-07-02T21:22:06.605+0000] {logging_mixin.py:190} INFO - [2025-07-02T21:22:06.605+0000] {dag.py:3239} INFO - Sync 1 DAGs
[2025-07-02T21:22:06.647+0000] {logging_mixin.py:190} INFO - [2025-07-02T21:22:06.647+0000] {dag.py:4180} INFO - Setting next_dagrun for extract_raw_data_pipeline to 2025-07-02 07:00:00+00:00, run_after=2025-07-03 07:00:00+00:00
[2025-07-02T21:22:06.685+0000] {processor.py:208} INFO - Processing /opt/airflow/dags/driven_data_pipeline.py took 0.520 seconds
[2025-07-02T21:24:42.955+0000] {processor.py:186} INFO - Started process (PID=67) to work on /opt/airflow/dags/driven_data_pipeline.py
[2025-07-02T21:24:42.961+0000] {processor.py:914} INFO - Processing file /opt/airflow/dags/driven_data_pipeline.py for tasks to queue
[2025-07-02T21:24:42.974+0000] {logging_mixin.py:190} INFO - [2025-07-02T21:24:42.973+0000] {dagbag.py:588} INFO - Filling up the DagBag from /opt/airflow/dags/driven_data_pipeline.py
[2025-07-02T21:24:44.750+0000] {processor.py:925} INFO - DAG(s) 'extract_raw_data_pipeline' retrieved from /opt/airflow/dags/driven_data_pipeline.py
[2025-07-02T21:24:44.897+0000] {logging_mixin.py:190} INFO - [2025-07-02T21:24:44.897+0000] {dag.py:3239} INFO - Sync 1 DAGs
[2025-07-02T21:24:45.083+0000] {logging_mixin.py:190} INFO - [2025-07-02T21:24:45.083+0000] {dag.py:4180} INFO - Setting next_dagrun for extract_raw_data_pipeline to 2025-07-02 07:00:00+00:00, run_after=2025-07-03 07:00:00+00:00
[2025-07-02T21:24:45.266+0000] {processor.py:208} INFO - Processing /opt/airflow/dags/driven_data_pipeline.py took 2.336 seconds
[2025-07-02T21:25:18.972+0000] {processor.py:186} INFO - Started process (PID=74) to work on /opt/airflow/dags/driven_data_pipeline.py
[2025-07-02T21:25:18.996+0000] {processor.py:914} INFO - Processing file /opt/airflow/dags/driven_data_pipeline.py for tasks to queue
[2025-07-02T21:25:19.265+0000] {logging_mixin.py:190} INFO - [2025-07-02T21:25:19.243+0000] {dagbag.py:588} INFO - Filling up the DagBag from /opt/airflow/dags/driven_data_pipeline.py
[2025-07-02T21:25:36.376+0000] {processor.py:925} INFO - DAG(s) 'extract_raw_data_pipeline' retrieved from /opt/airflow/dags/driven_data_pipeline.py
[2025-07-02T21:25:36.603+0000] {logging_mixin.py:190} INFO - [2025-07-02T21:25:36.602+0000] {dag.py:3239} INFO - Sync 1 DAGs
[2025-07-02T21:25:36.770+0000] {logging_mixin.py:190} INFO - [2025-07-02T21:25:36.769+0000] {dag.py:4180} INFO - Setting next_dagrun for extract_raw_data_pipeline to 2025-07-02 07:00:00+00:00, run_after=2025-07-03 07:00:00+00:00
[2025-07-02T21:25:37.230+0000] {processor.py:208} INFO - Processing /opt/airflow/dags/driven_data_pipeline.py took 18.900 seconds
[2025-07-02T21:26:08.322+0000] {processor.py:186} INFO - Started process (PID=89) to work on /opt/airflow/dags/driven_data_pipeline.py
[2025-07-02T21:26:08.334+0000] {processor.py:914} INFO - Processing file /opt/airflow/dags/driven_data_pipeline.py for tasks to queue
[2025-07-02T21:26:08.404+0000] {logging_mixin.py:190} INFO - [2025-07-02T21:26:08.402+0000] {dagbag.py:588} INFO - Filling up the DagBag from /opt/airflow/dags/driven_data_pipeline.py
[2025-07-02T21:26:09.904+0000] {processor.py:925} INFO - DAG(s) 'extract_raw_data_pipeline' retrieved from /opt/airflow/dags/driven_data_pipeline.py
[2025-07-02T21:26:09.951+0000] {logging_mixin.py:190} INFO - [2025-07-02T21:26:09.950+0000] {dag.py:3239} INFO - Sync 1 DAGs
[2025-07-02T21:26:09.989+0000] {logging_mixin.py:190} INFO - [2025-07-02T21:26:09.988+0000] {dag.py:4180} INFO - Setting next_dagrun for extract_raw_data_pipeline to 2025-07-02 07:00:00+00:00, run_after=2025-07-03 07:00:00+00:00
[2025-07-02T21:26:10.024+0000] {processor.py:208} INFO - Processing /opt/airflow/dags/driven_data_pipeline.py took 1.751 seconds
[2025-07-02T21:26:41.155+0000] {processor.py:186} INFO - Started process (PID=97) to work on /opt/airflow/dags/driven_data_pipeline.py
[2025-07-02T21:26:41.166+0000] {processor.py:914} INFO - Processing file /opt/airflow/dags/driven_data_pipeline.py for tasks to queue
[2025-07-02T21:26:41.328+0000] {logging_mixin.py:190} INFO - [2025-07-02T21:26:41.272+0000] {dagbag.py:588} INFO - Filling up the DagBag from /opt/airflow/dags/driven_data_pipeline.py
[2025-07-02T21:26:48.746+0000] {processor.py:925} INFO - DAG(s) 'extract_raw_data_pipeline' retrieved from /opt/airflow/dags/driven_data_pipeline.py
[2025-07-02T21:26:48.979+0000] {logging_mixin.py:190} INFO - [2025-07-02T21:26:48.978+0000] {dag.py:3239} INFO - Sync 1 DAGs
[2025-07-02T21:26:49.209+0000] {logging_mixin.py:190} INFO - [2025-07-02T21:26:49.209+0000] {dag.py:4180} INFO - Setting next_dagrun for extract_raw_data_pipeline to 2025-07-02 07:00:00+00:00, run_after=2025-07-03 07:00:00+00:00
[2025-07-02T21:26:49.328+0000] {processor.py:208} INFO - Processing /opt/airflow/dags/driven_data_pipeline.py took 8.400 seconds
[2025-07-02T21:27:19.552+0000] {processor.py:186} INFO - Started process (PID=104) to work on /opt/airflow/dags/driven_data_pipeline.py
[2025-07-02T21:27:19.554+0000] {processor.py:914} INFO - Processing file /opt/airflow/dags/driven_data_pipeline.py for tasks to queue
[2025-07-02T21:27:19.559+0000] {logging_mixin.py:190} INFO - [2025-07-02T21:27:19.557+0000] {dagbag.py:588} INFO - Filling up the DagBag from /opt/airflow/dags/driven_data_pipeline.py
[2025-07-02T21:27:20.178+0000] {processor.py:925} INFO - DAG(s) 'extract_raw_data_pipeline' retrieved from /opt/airflow/dags/driven_data_pipeline.py
[2025-07-02T21:27:20.210+0000] {logging_mixin.py:190} INFO - [2025-07-02T21:27:20.210+0000] {dag.py:3239} INFO - Sync 1 DAGs
[2025-07-02T21:27:20.241+0000] {logging_mixin.py:190} INFO - [2025-07-02T21:27:20.241+0000] {dag.py:4180} INFO - Setting next_dagrun for extract_raw_data_pipeline to 2025-07-02 07:00:00+00:00, run_after=2025-07-03 07:00:00+00:00
[2025-07-02T21:27:20.268+0000] {processor.py:208} INFO - Processing /opt/airflow/dags/driven_data_pipeline.py took 0.726 seconds
[2025-07-02T21:27:50.640+0000] {processor.py:186} INFO - Started process (PID=113) to work on /opt/airflow/dags/driven_data_pipeline.py
[2025-07-02T21:27:50.642+0000] {processor.py:914} INFO - Processing file /opt/airflow/dags/driven_data_pipeline.py for tasks to queue
[2025-07-02T21:27:50.648+0000] {logging_mixin.py:190} INFO - [2025-07-02T21:27:50.647+0000] {dagbag.py:588} INFO - Filling up the DagBag from /opt/airflow/dags/driven_data_pipeline.py
[2025-07-02T21:27:51.152+0000] {processor.py:925} INFO - DAG(s) 'extract_raw_data_pipeline' retrieved from /opt/airflow/dags/driven_data_pipeline.py
[2025-07-02T21:27:51.184+0000] {logging_mixin.py:190} INFO - [2025-07-02T21:27:51.184+0000] {dag.py:3239} INFO - Sync 1 DAGs
[2025-07-02T21:27:51.214+0000] {logging_mixin.py:190} INFO - [2025-07-02T21:27:51.213+0000] {dag.py:4180} INFO - Setting next_dagrun for extract_raw_data_pipeline to 2025-07-02 07:00:00+00:00, run_after=2025-07-03 07:00:00+00:00
[2025-07-02T21:27:51.240+0000] {processor.py:208} INFO - Processing /opt/airflow/dags/driven_data_pipeline.py took 0.610 seconds
[2025-07-02T21:28:21.382+0000] {processor.py:186} INFO - Started process (PID=121) to work on /opt/airflow/dags/driven_data_pipeline.py
[2025-07-02T21:28:21.384+0000] {processor.py:914} INFO - Processing file /opt/airflow/dags/driven_data_pipeline.py for tasks to queue
[2025-07-02T21:28:21.390+0000] {logging_mixin.py:190} INFO - [2025-07-02T21:28:21.389+0000] {dagbag.py:588} INFO - Filling up the DagBag from /opt/airflow/dags/driven_data_pipeline.py
[2025-07-02T21:28:21.860+0000] {processor.py:925} INFO - DAG(s) 'extract_raw_data_pipeline' retrieved from /opt/airflow/dags/driven_data_pipeline.py
[2025-07-02T21:28:21.904+0000] {logging_mixin.py:190} INFO - [2025-07-02T21:28:21.903+0000] {dag.py:3239} INFO - Sync 1 DAGs
[2025-07-02T21:28:21.939+0000] {logging_mixin.py:190} INFO - [2025-07-02T21:28:21.939+0000] {dag.py:4180} INFO - Setting next_dagrun for extract_raw_data_pipeline to 2025-07-02 07:00:00+00:00, run_after=2025-07-03 07:00:00+00:00
[2025-07-02T21:28:21.970+0000] {processor.py:208} INFO - Processing /opt/airflow/dags/driven_data_pipeline.py took 0.599 seconds
[2025-07-02T21:28:52.362+0000] {processor.py:186} INFO - Started process (PID=129) to work on /opt/airflow/dags/driven_data_pipeline.py
[2025-07-02T21:28:52.364+0000] {processor.py:914} INFO - Processing file /opt/airflow/dags/driven_data_pipeline.py for tasks to queue
[2025-07-02T21:28:52.369+0000] {logging_mixin.py:190} INFO - [2025-07-02T21:28:52.368+0000] {dagbag.py:588} INFO - Filling up the DagBag from /opt/airflow/dags/driven_data_pipeline.py
[2025-07-02T21:28:52.917+0000] {processor.py:925} INFO - DAG(s) 'extract_raw_data_pipeline' retrieved from /opt/airflow/dags/driven_data_pipeline.py
[2025-07-02T21:28:52.954+0000] {logging_mixin.py:190} INFO - [2025-07-02T21:28:52.953+0000] {dag.py:3239} INFO - Sync 1 DAGs
[2025-07-02T21:28:52.991+0000] {logging_mixin.py:190} INFO - [2025-07-02T21:28:52.991+0000] {dag.py:4180} INFO - Setting next_dagrun for extract_raw_data_pipeline to 2025-07-02 07:00:00+00:00, run_after=2025-07-03 07:00:00+00:00
[2025-07-02T21:28:53.022+0000] {processor.py:208} INFO - Processing /opt/airflow/dags/driven_data_pipeline.py took 0.671 seconds
[2025-07-02T21:29:23.232+0000] {processor.py:186} INFO - Started process (PID=137) to work on /opt/airflow/dags/driven_data_pipeline.py
[2025-07-02T21:29:23.234+0000] {processor.py:914} INFO - Processing file /opt/airflow/dags/driven_data_pipeline.py for tasks to queue
[2025-07-02T21:29:23.240+0000] {logging_mixin.py:190} INFO - [2025-07-02T21:29:23.239+0000] {dagbag.py:588} INFO - Filling up the DagBag from /opt/airflow/dags/driven_data_pipeline.py
[2025-07-02T21:29:23.755+0000] {processor.py:925} INFO - DAG(s) 'extract_raw_data_pipeline' retrieved from /opt/airflow/dags/driven_data_pipeline.py
[2025-07-02T21:29:23.798+0000] {logging_mixin.py:190} INFO - [2025-07-02T21:29:23.797+0000] {dag.py:3239} INFO - Sync 1 DAGs
[2025-07-02T21:29:23.835+0000] {logging_mixin.py:190} INFO - [2025-07-02T21:29:23.834+0000] {dag.py:4180} INFO - Setting next_dagrun for extract_raw_data_pipeline to 2025-07-02 07:00:00+00:00, run_after=2025-07-03 07:00:00+00:00
[2025-07-02T21:29:23.866+0000] {processor.py:208} INFO - Processing /opt/airflow/dags/driven_data_pipeline.py took 0.646 seconds
[2025-07-02T21:29:54.485+0000] {processor.py:186} INFO - Started process (PID=146) to work on /opt/airflow/dags/driven_data_pipeline.py
[2025-07-02T21:29:54.487+0000] {processor.py:914} INFO - Processing file /opt/airflow/dags/driven_data_pipeline.py for tasks to queue
[2025-07-02T21:29:54.492+0000] {logging_mixin.py:190} INFO - [2025-07-02T21:29:54.492+0000] {dagbag.py:588} INFO - Filling up the DagBag from /opt/airflow/dags/driven_data_pipeline.py
[2025-07-02T21:29:54.784+0000] {processor.py:925} INFO - DAG(s) 'extract_raw_data_pipeline' retrieved from /opt/airflow/dags/driven_data_pipeline.py
[2025-07-02T21:29:54.831+0000] {logging_mixin.py:190} INFO - [2025-07-02T21:29:54.831+0000] {dag.py:3239} INFO - Sync 1 DAGs
[2025-07-02T21:29:54.872+0000] {logging_mixin.py:190} INFO - [2025-07-02T21:29:54.872+0000] {dag.py:4180} INFO - Setting next_dagrun for extract_raw_data_pipeline to 2025-07-02 07:00:00+00:00, run_after=2025-07-03 07:00:00+00:00
[2025-07-02T21:29:54.902+0000] {processor.py:208} INFO - Processing /opt/airflow/dags/driven_data_pipeline.py took 0.427 seconds
[2025-07-02T21:30:25.297+0000] {processor.py:186} INFO - Started process (PID=154) to work on /opt/airflow/dags/driven_data_pipeline.py
[2025-07-02T21:30:25.299+0000] {processor.py:914} INFO - Processing file /opt/airflow/dags/driven_data_pipeline.py for tasks to queue
[2025-07-02T21:30:25.307+0000] {logging_mixin.py:190} INFO - [2025-07-02T21:30:25.306+0000] {dagbag.py:588} INFO - Filling up the DagBag from /opt/airflow/dags/driven_data_pipeline.py
[2025-07-02T21:30:25.585+0000] {processor.py:925} INFO - DAG(s) 'extract_raw_data_pipeline' retrieved from /opt/airflow/dags/driven_data_pipeline.py
[2025-07-02T21:30:25.634+0000] {logging_mixin.py:190} INFO - [2025-07-02T21:30:25.633+0000] {dag.py:3239} INFO - Sync 1 DAGs
[2025-07-02T21:30:25.670+0000] {logging_mixin.py:190} INFO - [2025-07-02T21:30:25.670+0000] {dag.py:4180} INFO - Setting next_dagrun for extract_raw_data_pipeline to 2025-07-02 07:00:00+00:00, run_after=2025-07-03 07:00:00+00:00
[2025-07-02T21:30:25.705+0000] {processor.py:208} INFO - Processing /opt/airflow/dags/driven_data_pipeline.py took 0.420 seconds
[2025-07-02T21:30:56.058+0000] {processor.py:186} INFO - Started process (PID=162) to work on /opt/airflow/dags/driven_data_pipeline.py
[2025-07-02T21:30:56.060+0000] {processor.py:914} INFO - Processing file /opt/airflow/dags/driven_data_pipeline.py for tasks to queue
[2025-07-02T21:30:56.065+0000] {logging_mixin.py:190} INFO - [2025-07-02T21:30:56.065+0000] {dagbag.py:588} INFO - Filling up the DagBag from /opt/airflow/dags/driven_data_pipeline.py
[2025-07-02T21:30:56.318+0000] {processor.py:925} INFO - DAG(s) 'extract_raw_data_pipeline' retrieved from /opt/airflow/dags/driven_data_pipeline.py
[2025-07-02T21:30:56.359+0000] {logging_mixin.py:190} INFO - [2025-07-02T21:30:56.359+0000] {dag.py:3239} INFO - Sync 1 DAGs
[2025-07-02T21:30:56.401+0000] {logging_mixin.py:190} INFO - [2025-07-02T21:30:56.401+0000] {dag.py:4180} INFO - Setting next_dagrun for extract_raw_data_pipeline to 2025-07-02 07:00:00+00:00, run_after=2025-07-03 07:00:00+00:00
[2025-07-02T21:30:56.437+0000] {processor.py:208} INFO - Processing /opt/airflow/dags/driven_data_pipeline.py took 0.389 seconds
[2025-07-02T21:31:26.814+0000] {processor.py:186} INFO - Started process (PID=170) to work on /opt/airflow/dags/driven_data_pipeline.py
[2025-07-02T21:31:26.816+0000] {processor.py:914} INFO - Processing file /opt/airflow/dags/driven_data_pipeline.py for tasks to queue
[2025-07-02T21:31:26.823+0000] {logging_mixin.py:190} INFO - [2025-07-02T21:31:26.822+0000] {dagbag.py:588} INFO - Filling up the DagBag from /opt/airflow/dags/driven_data_pipeline.py
[2025-07-02T21:31:27.086+0000] {processor.py:925} INFO - DAG(s) 'extract_raw_data_pipeline' retrieved from /opt/airflow/dags/driven_data_pipeline.py
[2025-07-02T21:31:27.128+0000] {logging_mixin.py:190} INFO - [2025-07-02T21:31:27.128+0000] {dag.py:3239} INFO - Sync 1 DAGs
[2025-07-02T21:31:27.166+0000] {logging_mixin.py:190} INFO - [2025-07-02T21:31:27.166+0000] {dag.py:4180} INFO - Setting next_dagrun for extract_raw_data_pipeline to 2025-07-02 07:00:00+00:00, run_after=2025-07-03 07:00:00+00:00
[2025-07-02T21:31:27.205+0000] {processor.py:208} INFO - Processing /opt/airflow/dags/driven_data_pipeline.py took 0.403 seconds
[2025-07-02T21:31:57.777+0000] {processor.py:186} INFO - Started process (PID=178) to work on /opt/airflow/dags/driven_data_pipeline.py
[2025-07-02T21:31:57.787+0000] {processor.py:914} INFO - Processing file /opt/airflow/dags/driven_data_pipeline.py for tasks to queue
[2025-07-02T21:31:57.803+0000] {logging_mixin.py:190} INFO - [2025-07-02T21:31:57.798+0000] {dagbag.py:588} INFO - Filling up the DagBag from /opt/airflow/dags/driven_data_pipeline.py
[2025-07-02T21:31:59.773+0000] {processor.py:925} INFO - DAG(s) 'extract_raw_data_pipeline' retrieved from /opt/airflow/dags/driven_data_pipeline.py
[2025-07-02T21:32:00.059+0000] {logging_mixin.py:190} INFO - [2025-07-02T21:32:00.058+0000] {dag.py:3239} INFO - Sync 1 DAGs
[2025-07-02T21:32:00.160+0000] {logging_mixin.py:190} INFO - [2025-07-02T21:32:00.159+0000] {dag.py:4180} INFO - Setting next_dagrun for extract_raw_data_pipeline to 2025-07-02 07:00:00+00:00, run_after=2025-07-03 07:00:00+00:00
[2025-07-02T21:32:00.211+0000] {processor.py:208} INFO - Processing /opt/airflow/dags/driven_data_pipeline.py took 2.472 seconds
[2025-07-02T21:32:30.644+0000] {processor.py:186} INFO - Started process (PID=186) to work on /opt/airflow/dags/driven_data_pipeline.py
[2025-07-02T21:32:30.647+0000] {processor.py:914} INFO - Processing file /opt/airflow/dags/driven_data_pipeline.py for tasks to queue
[2025-07-02T21:32:30.656+0000] {logging_mixin.py:190} INFO - [2025-07-02T21:32:30.654+0000] {dagbag.py:588} INFO - Filling up the DagBag from /opt/airflow/dags/driven_data_pipeline.py
[2025-07-02T21:32:31.122+0000] {processor.py:925} INFO - DAG(s) 'extract_raw_data_pipeline' retrieved from /opt/airflow/dags/driven_data_pipeline.py
[2025-07-02T21:32:31.166+0000] {logging_mixin.py:190} INFO - [2025-07-02T21:32:31.166+0000] {dag.py:3239} INFO - Sync 1 DAGs
[2025-07-02T21:32:31.208+0000] {logging_mixin.py:190} INFO - [2025-07-02T21:32:31.208+0000] {dag.py:4180} INFO - Setting next_dagrun for extract_raw_data_pipeline to 2025-07-02 07:00:00+00:00, run_after=2025-07-03 07:00:00+00:00
[2025-07-02T21:32:31.247+0000] {processor.py:208} INFO - Processing /opt/airflow/dags/driven_data_pipeline.py took 0.618 seconds
[2025-07-02T21:33:01.716+0000] {processor.py:186} INFO - Started process (PID=194) to work on /opt/airflow/dags/driven_data_pipeline.py
[2025-07-02T21:33:01.718+0000] {processor.py:914} INFO - Processing file /opt/airflow/dags/driven_data_pipeline.py for tasks to queue
[2025-07-02T21:33:01.723+0000] {logging_mixin.py:190} INFO - [2025-07-02T21:33:01.723+0000] {dagbag.py:588} INFO - Filling up the DagBag from /opt/airflow/dags/driven_data_pipeline.py
[2025-07-02T21:33:02.057+0000] {processor.py:925} INFO - DAG(s) 'extract_raw_data_pipeline' retrieved from /opt/airflow/dags/driven_data_pipeline.py
[2025-07-02T21:33:02.107+0000] {logging_mixin.py:190} INFO - [2025-07-02T21:33:02.107+0000] {dag.py:3239} INFO - Sync 1 DAGs
[2025-07-02T21:33:02.148+0000] {logging_mixin.py:190} INFO - [2025-07-02T21:33:02.147+0000] {dag.py:4180} INFO - Setting next_dagrun for extract_raw_data_pipeline to 2025-07-02 07:00:00+00:00, run_after=2025-07-03 07:00:00+00:00
[2025-07-02T21:33:02.188+0000] {processor.py:208} INFO - Processing /opt/airflow/dags/driven_data_pipeline.py took 0.483 seconds
[2025-07-02T21:33:32.589+0000] {processor.py:186} INFO - Started process (PID=202) to work on /opt/airflow/dags/driven_data_pipeline.py
[2025-07-02T21:33:32.591+0000] {processor.py:914} INFO - Processing file /opt/airflow/dags/driven_data_pipeline.py for tasks to queue
[2025-07-02T21:33:32.597+0000] {logging_mixin.py:190} INFO - [2025-07-02T21:33:32.597+0000] {dagbag.py:588} INFO - Filling up the DagBag from /opt/airflow/dags/driven_data_pipeline.py
[2025-07-02T21:33:32.861+0000] {processor.py:925} INFO - DAG(s) 'extract_raw_data_pipeline' retrieved from /opt/airflow/dags/driven_data_pipeline.py
[2025-07-02T21:33:32.902+0000] {logging_mixin.py:190} INFO - [2025-07-02T21:33:32.902+0000] {dag.py:3239} INFO - Sync 1 DAGs
[2025-07-02T21:33:32.943+0000] {logging_mixin.py:190} INFO - [2025-07-02T21:33:32.942+0000] {dag.py:4180} INFO - Setting next_dagrun for extract_raw_data_pipeline to 2025-07-02 07:00:00+00:00, run_after=2025-07-03 07:00:00+00:00
[2025-07-02T21:33:32.974+0000] {processor.py:208} INFO - Processing /opt/airflow/dags/driven_data_pipeline.py took 0.395 seconds
[2025-07-02T21:34:03.443+0000] {processor.py:186} INFO - Started process (PID=209) to work on /opt/airflow/dags/driven_data_pipeline.py
[2025-07-02T21:34:03.446+0000] {processor.py:914} INFO - Processing file /opt/airflow/dags/driven_data_pipeline.py for tasks to queue
[2025-07-02T21:34:03.453+0000] {logging_mixin.py:190} INFO - [2025-07-02T21:34:03.452+0000] {dagbag.py:588} INFO - Filling up the DagBag from /opt/airflow/dags/driven_data_pipeline.py
[2025-07-02T21:34:03.847+0000] {processor.py:925} INFO - DAG(s) 'extract_raw_data_pipeline' retrieved from /opt/airflow/dags/driven_data_pipeline.py
[2025-07-02T21:34:03.905+0000] {logging_mixin.py:190} INFO - [2025-07-02T21:34:03.905+0000] {dag.py:3239} INFO - Sync 1 DAGs
[2025-07-02T21:34:03.974+0000] {logging_mixin.py:190} INFO - [2025-07-02T21:34:03.973+0000] {dag.py:4180} INFO - Setting next_dagrun for extract_raw_data_pipeline to 2025-07-02 07:00:00+00:00, run_after=2025-07-03 07:00:00+00:00
[2025-07-02T21:34:04.025+0000] {processor.py:208} INFO - Processing /opt/airflow/dags/driven_data_pipeline.py took 0.596 seconds
[2025-07-02T21:34:34.358+0000] {processor.py:186} INFO - Started process (PID=218) to work on /opt/airflow/dags/driven_data_pipeline.py
[2025-07-02T21:34:34.363+0000] {processor.py:914} INFO - Processing file /opt/airflow/dags/driven_data_pipeline.py for tasks to queue
[2025-07-02T21:34:34.370+0000] {logging_mixin.py:190} INFO - [2025-07-02T21:34:34.369+0000] {dagbag.py:588} INFO - Filling up the DagBag from /opt/airflow/dags/driven_data_pipeline.py
[2025-07-02T21:34:34.628+0000] {processor.py:925} INFO - DAG(s) 'extract_raw_data_pipeline' retrieved from /opt/airflow/dags/driven_data_pipeline.py
[2025-07-02T21:34:34.669+0000] {logging_mixin.py:190} INFO - [2025-07-02T21:34:34.669+0000] {dag.py:3239} INFO - Sync 1 DAGs
[2025-07-02T21:34:34.708+0000] {logging_mixin.py:190} INFO - [2025-07-02T21:34:34.707+0000] {dag.py:4180} INFO - Setting next_dagrun for extract_raw_data_pipeline to 2025-07-02 07:00:00+00:00, run_after=2025-07-03 07:00:00+00:00
[2025-07-02T21:34:34.737+0000] {processor.py:208} INFO - Processing /opt/airflow/dags/driven_data_pipeline.py took 0.391 seconds
[2025-07-02T21:35:05.138+0000] {processor.py:186} INFO - Started process (PID=225) to work on /opt/airflow/dags/driven_data_pipeline.py
[2025-07-02T21:35:05.140+0000] {processor.py:914} INFO - Processing file /opt/airflow/dags/driven_data_pipeline.py for tasks to queue
[2025-07-02T21:35:05.146+0000] {logging_mixin.py:190} INFO - [2025-07-02T21:35:05.145+0000] {dagbag.py:588} INFO - Filling up the DagBag from /opt/airflow/dags/driven_data_pipeline.py
[2025-07-02T21:35:05.410+0000] {processor.py:925} INFO - DAG(s) 'extract_raw_data_pipeline' retrieved from /opt/airflow/dags/driven_data_pipeline.py
[2025-07-02T21:35:05.452+0000] {logging_mixin.py:190} INFO - [2025-07-02T21:35:05.452+0000] {dag.py:3239} INFO - Sync 1 DAGs
[2025-07-02T21:35:05.489+0000] {logging_mixin.py:190} INFO - [2025-07-02T21:35:05.488+0000] {dag.py:4180} INFO - Setting next_dagrun for extract_raw_data_pipeline to 2025-07-02 07:00:00+00:00, run_after=2025-07-03 07:00:00+00:00
[2025-07-02T21:35:05.525+0000] {processor.py:208} INFO - Processing /opt/airflow/dags/driven_data_pipeline.py took 0.398 seconds
[2025-07-02T21:35:35.983+0000] {processor.py:186} INFO - Started process (PID=233) to work on /opt/airflow/dags/driven_data_pipeline.py
[2025-07-02T21:35:35.985+0000] {processor.py:914} INFO - Processing file /opt/airflow/dags/driven_data_pipeline.py for tasks to queue
[2025-07-02T21:35:35.990+0000] {logging_mixin.py:190} INFO - [2025-07-02T21:35:35.989+0000] {dagbag.py:588} INFO - Filling up the DagBag from /opt/airflow/dags/driven_data_pipeline.py
[2025-07-02T21:35:36.288+0000] {processor.py:925} INFO - DAG(s) 'extract_raw_data_pipeline' retrieved from /opt/airflow/dags/driven_data_pipeline.py
[2025-07-02T21:35:36.331+0000] {logging_mixin.py:190} INFO - [2025-07-02T21:35:36.331+0000] {dag.py:3239} INFO - Sync 1 DAGs
[2025-07-02T21:35:36.367+0000] {logging_mixin.py:190} INFO - [2025-07-02T21:35:36.366+0000] {dag.py:4180} INFO - Setting next_dagrun for extract_raw_data_pipeline to 2025-07-02 07:00:00+00:00, run_after=2025-07-03 07:00:00+00:00
[2025-07-02T21:35:36.405+0000] {processor.py:208} INFO - Processing /opt/airflow/dags/driven_data_pipeline.py took 0.435 seconds
[2025-07-02T21:36:06.858+0000] {processor.py:186} INFO - Started process (PID=241) to work on /opt/airflow/dags/driven_data_pipeline.py
[2025-07-02T21:36:06.865+0000] {processor.py:914} INFO - Processing file /opt/airflow/dags/driven_data_pipeline.py for tasks to queue
[2025-07-02T21:36:06.869+0000] {logging_mixin.py:190} INFO - [2025-07-02T21:36:06.869+0000] {dagbag.py:588} INFO - Filling up the DagBag from /opt/airflow/dags/driven_data_pipeline.py
[2025-07-02T21:36:07.381+0000] {processor.py:925} INFO - DAG(s) 'extract_raw_data_pipeline' retrieved from /opt/airflow/dags/driven_data_pipeline.py
[2025-07-02T21:36:07.434+0000] {logging_mixin.py:190} INFO - [2025-07-02T21:36:07.433+0000] {dag.py:3239} INFO - Sync 1 DAGs
[2025-07-02T21:36:07.470+0000] {logging_mixin.py:190} INFO - [2025-07-02T21:36:07.470+0000] {dag.py:4180} INFO - Setting next_dagrun for extract_raw_data_pipeline to 2025-07-02 07:00:00+00:00, run_after=2025-07-03 07:00:00+00:00
[2025-07-02T21:36:07.499+0000] {processor.py:208} INFO - Processing /opt/airflow/dags/driven_data_pipeline.py took 0.669 seconds
[2025-07-02T21:36:37.680+0000] {processor.py:186} INFO - Started process (PID=249) to work on /opt/airflow/dags/driven_data_pipeline.py
[2025-07-02T21:36:37.682+0000] {processor.py:914} INFO - Processing file /opt/airflow/dags/driven_data_pipeline.py for tasks to queue
[2025-07-02T21:36:37.687+0000] {logging_mixin.py:190} INFO - [2025-07-02T21:36:37.686+0000] {dagbag.py:588} INFO - Filling up the DagBag from /opt/airflow/dags/driven_data_pipeline.py
[2025-07-02T21:36:38.013+0000] {processor.py:925} INFO - DAG(s) 'extract_raw_data_pipeline' retrieved from /opt/airflow/dags/driven_data_pipeline.py
[2025-07-02T21:36:38.057+0000] {logging_mixin.py:190} INFO - [2025-07-02T21:36:38.056+0000] {dag.py:3239} INFO - Sync 1 DAGs
[2025-07-02T21:36:38.095+0000] {logging_mixin.py:190} INFO - [2025-07-02T21:36:38.095+0000] {dag.py:4180} INFO - Setting next_dagrun for extract_raw_data_pipeline to 2025-07-02 07:00:00+00:00, run_after=2025-07-03 07:00:00+00:00
[2025-07-02T21:36:38.131+0000] {processor.py:208} INFO - Processing /opt/airflow/dags/driven_data_pipeline.py took 0.462 seconds
[2025-07-02T21:37:08.383+0000] {processor.py:186} INFO - Started process (PID=257) to work on /opt/airflow/dags/driven_data_pipeline.py
[2025-07-02T21:37:08.388+0000] {processor.py:914} INFO - Processing file /opt/airflow/dags/driven_data_pipeline.py for tasks to queue
[2025-07-02T21:37:08.395+0000] {logging_mixin.py:190} INFO - [2025-07-02T21:37:08.394+0000] {dagbag.py:588} INFO - Filling up the DagBag from /opt/airflow/dags/driven_data_pipeline.py
[2025-07-02T21:37:08.912+0000] {processor.py:925} INFO - DAG(s) 'extract_raw_data_pipeline' retrieved from /opt/airflow/dags/driven_data_pipeline.py
[2025-07-02T21:37:08.955+0000] {logging_mixin.py:190} INFO - [2025-07-02T21:37:08.955+0000] {dag.py:3239} INFO - Sync 1 DAGs
[2025-07-02T21:37:08.992+0000] {logging_mixin.py:190} INFO - [2025-07-02T21:37:08.991+0000] {dag.py:4180} INFO - Setting next_dagrun for extract_raw_data_pipeline to 2025-07-02 07:00:00+00:00, run_after=2025-07-03 07:00:00+00:00
[2025-07-02T21:37:09.029+0000] {processor.py:208} INFO - Processing /opt/airflow/dags/driven_data_pipeline.py took 0.672 seconds
[2025-07-02T21:37:39.433+0000] {processor.py:186} INFO - Started process (PID=265) to work on /opt/airflow/dags/driven_data_pipeline.py
[2025-07-02T21:37:39.435+0000] {processor.py:914} INFO - Processing file /opt/airflow/dags/driven_data_pipeline.py for tasks to queue
[2025-07-02T21:37:39.441+0000] {logging_mixin.py:190} INFO - [2025-07-02T21:37:39.440+0000] {dagbag.py:588} INFO - Filling up the DagBag from /opt/airflow/dags/driven_data_pipeline.py
[2025-07-02T21:37:39.695+0000] {processor.py:925} INFO - DAG(s) 'extract_raw_data_pipeline' retrieved from /opt/airflow/dags/driven_data_pipeline.py
[2025-07-02T21:37:39.734+0000] {logging_mixin.py:190} INFO - [2025-07-02T21:37:39.734+0000] {dag.py:3239} INFO - Sync 1 DAGs
[2025-07-02T21:37:39.772+0000] {logging_mixin.py:190} INFO - [2025-07-02T21:37:39.772+0000] {dag.py:4180} INFO - Setting next_dagrun for extract_raw_data_pipeline to 2025-07-02 07:00:00+00:00, run_after=2025-07-03 07:00:00+00:00
[2025-07-02T21:37:39.799+0000] {processor.py:208} INFO - Processing /opt/airflow/dags/driven_data_pipeline.py took 0.376 seconds
[2025-07-02T21:38:10.251+0000] {processor.py:186} INFO - Started process (PID=274) to work on /opt/airflow/dags/driven_data_pipeline.py
[2025-07-02T21:38:10.254+0000] {processor.py:914} INFO - Processing file /opt/airflow/dags/driven_data_pipeline.py for tasks to queue
[2025-07-02T21:38:10.259+0000] {logging_mixin.py:190} INFO - [2025-07-02T21:38:10.258+0000] {dagbag.py:588} INFO - Filling up the DagBag from /opt/airflow/dags/driven_data_pipeline.py
[2025-07-02T21:38:10.812+0000] {processor.py:925} INFO - DAG(s) 'extract_raw_data_pipeline' retrieved from /opt/airflow/dags/driven_data_pipeline.py
[2025-07-02T21:38:10.877+0000] {logging_mixin.py:190} INFO - [2025-07-02T21:38:10.877+0000] {dag.py:3239} INFO - Sync 1 DAGs
[2025-07-02T21:38:10.921+0000] {logging_mixin.py:190} INFO - [2025-07-02T21:38:10.921+0000] {dag.py:4180} INFO - Setting next_dagrun for extract_raw_data_pipeline to 2025-07-02 07:00:00+00:00, run_after=2025-07-03 07:00:00+00:00
[2025-07-02T21:38:10.958+0000] {processor.py:208} INFO - Processing /opt/airflow/dags/driven_data_pipeline.py took 0.720 seconds
[2025-07-02T21:38:41.163+0000] {processor.py:186} INFO - Started process (PID=281) to work on /opt/airflow/dags/driven_data_pipeline.py
[2025-07-02T21:38:41.165+0000] {processor.py:914} INFO - Processing file /opt/airflow/dags/driven_data_pipeline.py for tasks to queue
[2025-07-02T21:38:41.172+0000] {logging_mixin.py:190} INFO - [2025-07-02T21:38:41.171+0000] {dagbag.py:588} INFO - Filling up the DagBag from /opt/airflow/dags/driven_data_pipeline.py
[2025-07-02T21:38:41.496+0000] {processor.py:925} INFO - DAG(s) 'extract_raw_data_pipeline' retrieved from /opt/airflow/dags/driven_data_pipeline.py
[2025-07-02T21:38:41.538+0000] {logging_mixin.py:190} INFO - [2025-07-02T21:38:41.537+0000] {dag.py:3239} INFO - Sync 1 DAGs
[2025-07-02T21:38:41.580+0000] {logging_mixin.py:190} INFO - [2025-07-02T21:38:41.579+0000] {dag.py:4180} INFO - Setting next_dagrun for extract_raw_data_pipeline to 2025-07-02 07:00:00+00:00, run_after=2025-07-03 07:00:00+00:00
[2025-07-02T21:38:41.613+0000] {processor.py:208} INFO - Processing /opt/airflow/dags/driven_data_pipeline.py took 0.462 seconds
[2025-07-02T21:39:11.972+0000] {processor.py:186} INFO - Started process (PID=296) to work on /opt/airflow/dags/driven_data_pipeline.py
[2025-07-02T21:39:11.974+0000] {processor.py:914} INFO - Processing file /opt/airflow/dags/driven_data_pipeline.py for tasks to queue
[2025-07-02T21:39:11.980+0000] {logging_mixin.py:190} INFO - [2025-07-02T21:39:11.980+0000] {dagbag.py:588} INFO - Filling up the DagBag from /opt/airflow/dags/driven_data_pipeline.py
[2025-07-02T21:39:12.233+0000] {processor.py:925} INFO - DAG(s) 'extract_raw_data_pipeline' retrieved from /opt/airflow/dags/driven_data_pipeline.py
[2025-07-02T21:39:12.277+0000] {logging_mixin.py:190} INFO - [2025-07-02T21:39:12.277+0000] {dag.py:3239} INFO - Sync 1 DAGs
[2025-07-02T21:39:12.313+0000] {logging_mixin.py:190} INFO - [2025-07-02T21:39:12.313+0000] {dag.py:4180} INFO - Setting next_dagrun for extract_raw_data_pipeline to 2025-07-02 07:00:00+00:00, run_after=2025-07-03 07:00:00+00:00
[2025-07-02T21:39:12.345+0000] {processor.py:208} INFO - Processing /opt/airflow/dags/driven_data_pipeline.py took 0.382 seconds
[2025-07-02T21:39:42.858+0000] {processor.py:186} INFO - Started process (PID=303) to work on /opt/airflow/dags/driven_data_pipeline.py
[2025-07-02T21:39:42.860+0000] {processor.py:914} INFO - Processing file /opt/airflow/dags/driven_data_pipeline.py for tasks to queue
[2025-07-02T21:39:42.866+0000] {logging_mixin.py:190} INFO - [2025-07-02T21:39:42.865+0000] {dagbag.py:588} INFO - Filling up the DagBag from /opt/airflow/dags/driven_data_pipeline.py
[2025-07-02T21:39:43.244+0000] {processor.py:925} INFO - DAG(s) 'extract_raw_data_pipeline' retrieved from /opt/airflow/dags/driven_data_pipeline.py
[2025-07-02T21:39:43.286+0000] {logging_mixin.py:190} INFO - [2025-07-02T21:39:43.285+0000] {dag.py:3239} INFO - Sync 1 DAGs
[2025-07-02T21:39:43.329+0000] {logging_mixin.py:190} INFO - [2025-07-02T21:39:43.328+0000] {dag.py:4180} INFO - Setting next_dagrun for extract_raw_data_pipeline to 2025-07-02 07:00:00+00:00, run_after=2025-07-03 07:00:00+00:00
[2025-07-02T21:39:43.370+0000] {processor.py:208} INFO - Processing /opt/airflow/dags/driven_data_pipeline.py took 0.527 seconds
[2025-07-02T21:40:13.775+0000] {processor.py:186} INFO - Started process (PID=310) to work on /opt/airflow/dags/driven_data_pipeline.py
[2025-07-02T21:40:13.777+0000] {processor.py:914} INFO - Processing file /opt/airflow/dags/driven_data_pipeline.py for tasks to queue
[2025-07-02T21:40:13.783+0000] {logging_mixin.py:190} INFO - [2025-07-02T21:40:13.782+0000] {dagbag.py:588} INFO - Filling up the DagBag from /opt/airflow/dags/driven_data_pipeline.py
[2025-07-02T21:40:14.061+0000] {processor.py:925} INFO - DAG(s) 'extract_raw_data_pipeline' retrieved from /opt/airflow/dags/driven_data_pipeline.py
[2025-07-02T21:40:14.107+0000] {logging_mixin.py:190} INFO - [2025-07-02T21:40:14.107+0000] {dag.py:3239} INFO - Sync 1 DAGs
[2025-07-02T21:40:14.144+0000] {logging_mixin.py:190} INFO - [2025-07-02T21:40:14.144+0000] {dag.py:4180} INFO - Setting next_dagrun for extract_raw_data_pipeline to 2025-07-02 07:00:00+00:00, run_after=2025-07-03 07:00:00+00:00
[2025-07-02T21:40:14.184+0000] {processor.py:208} INFO - Processing /opt/airflow/dags/driven_data_pipeline.py took 0.419 seconds
[2025-07-02T21:40:44.536+0000] {processor.py:186} INFO - Started process (PID=318) to work on /opt/airflow/dags/driven_data_pipeline.py
[2025-07-02T21:40:44.538+0000] {processor.py:914} INFO - Processing file /opt/airflow/dags/driven_data_pipeline.py for tasks to queue
[2025-07-02T21:40:44.545+0000] {logging_mixin.py:190} INFO - [2025-07-02T21:40:44.544+0000] {dagbag.py:588} INFO - Filling up the DagBag from /opt/airflow/dags/driven_data_pipeline.py
[2025-07-02T21:40:44.812+0000] {processor.py:925} INFO - DAG(s) 'extract_raw_data_pipeline' retrieved from /opt/airflow/dags/driven_data_pipeline.py
[2025-07-02T21:40:44.856+0000] {logging_mixin.py:190} INFO - [2025-07-02T21:40:44.856+0000] {dag.py:3239} INFO - Sync 1 DAGs
[2025-07-02T21:40:44.889+0000] {logging_mixin.py:190} INFO - [2025-07-02T21:40:44.888+0000] {dag.py:4180} INFO - Setting next_dagrun for extract_raw_data_pipeline to 2025-07-02 07:00:00+00:00, run_after=2025-07-03 07:00:00+00:00
[2025-07-02T21:40:44.915+0000] {processor.py:208} INFO - Processing /opt/airflow/dags/driven_data_pipeline.py took 0.390 seconds
[2025-07-02T21:41:15.280+0000] {processor.py:186} INFO - Started process (PID=327) to work on /opt/airflow/dags/driven_data_pipeline.py
[2025-07-02T21:41:15.282+0000] {processor.py:914} INFO - Processing file /opt/airflow/dags/driven_data_pipeline.py for tasks to queue
[2025-07-02T21:41:15.287+0000] {logging_mixin.py:190} INFO - [2025-07-02T21:41:15.286+0000] {dagbag.py:588} INFO - Filling up the DagBag from /opt/airflow/dags/driven_data_pipeline.py
[2025-07-02T21:41:15.533+0000] {processor.py:925} INFO - DAG(s) 'extract_raw_data_pipeline' retrieved from /opt/airflow/dags/driven_data_pipeline.py
[2025-07-02T21:41:15.572+0000] {logging_mixin.py:190} INFO - [2025-07-02T21:41:15.572+0000] {dag.py:3239} INFO - Sync 1 DAGs
[2025-07-02T21:41:15.607+0000] {logging_mixin.py:190} INFO - [2025-07-02T21:41:15.607+0000] {dag.py:4180} INFO - Setting next_dagrun for extract_raw_data_pipeline to 2025-07-02 07:00:00+00:00, run_after=2025-07-03 07:00:00+00:00
[2025-07-02T21:41:15.649+0000] {processor.py:208} INFO - Processing /opt/airflow/dags/driven_data_pipeline.py took 0.381 seconds
[2025-07-02T21:41:46.011+0000] {processor.py:186} INFO - Started process (PID=335) to work on /opt/airflow/dags/driven_data_pipeline.py
[2025-07-02T21:41:46.013+0000] {processor.py:914} INFO - Processing file /opt/airflow/dags/driven_data_pipeline.py for tasks to queue
[2025-07-02T21:41:46.019+0000] {logging_mixin.py:190} INFO - [2025-07-02T21:41:46.018+0000] {dagbag.py:588} INFO - Filling up the DagBag from /opt/airflow/dags/driven_data_pipeline.py
[2025-07-02T21:41:46.269+0000] {processor.py:925} INFO - DAG(s) 'extract_raw_data_pipeline' retrieved from /opt/airflow/dags/driven_data_pipeline.py
[2025-07-02T21:41:46.308+0000] {logging_mixin.py:190} INFO - [2025-07-02T21:41:46.308+0000] {dag.py:3239} INFO - Sync 1 DAGs
[2025-07-02T21:41:46.348+0000] {logging_mixin.py:190} INFO - [2025-07-02T21:41:46.347+0000] {dag.py:4180} INFO - Setting next_dagrun for extract_raw_data_pipeline to 2025-07-02 07:00:00+00:00, run_after=2025-07-03 07:00:00+00:00
[2025-07-02T21:41:46.375+0000] {processor.py:208} INFO - Processing /opt/airflow/dags/driven_data_pipeline.py took 0.379 seconds
[2025-07-02T21:42:16.779+0000] {processor.py:186} INFO - Started process (PID=343) to work on /opt/airflow/dags/driven_data_pipeline.py
[2025-07-02T21:42:16.781+0000] {processor.py:914} INFO - Processing file /opt/airflow/dags/driven_data_pipeline.py for tasks to queue
[2025-07-02T21:42:16.785+0000] {logging_mixin.py:190} INFO - [2025-07-02T21:42:16.785+0000] {dagbag.py:588} INFO - Filling up the DagBag from /opt/airflow/dags/driven_data_pipeline.py
[2025-07-02T21:42:17.045+0000] {processor.py:925} INFO - DAG(s) 'extract_raw_data_pipeline' retrieved from /opt/airflow/dags/driven_data_pipeline.py
[2025-07-02T21:42:17.086+0000] {logging_mixin.py:190} INFO - [2025-07-02T21:42:17.085+0000] {dag.py:3239} INFO - Sync 1 DAGs
[2025-07-02T21:42:17.118+0000] {logging_mixin.py:190} INFO - [2025-07-02T21:42:17.118+0000] {dag.py:4180} INFO - Setting next_dagrun for extract_raw_data_pipeline to 2025-07-02 07:00:00+00:00, run_after=2025-07-03 07:00:00+00:00
[2025-07-02T21:42:17.147+0000] {processor.py:208} INFO - Processing /opt/airflow/dags/driven_data_pipeline.py took 0.380 seconds
[2025-07-02T21:42:47.506+0000] {processor.py:186} INFO - Started process (PID=350) to work on /opt/airflow/dags/driven_data_pipeline.py
[2025-07-02T21:42:47.508+0000] {processor.py:914} INFO - Processing file /opt/airflow/dags/driven_data_pipeline.py for tasks to queue
[2025-07-02T21:42:47.515+0000] {logging_mixin.py:190} INFO - [2025-07-02T21:42:47.514+0000] {dagbag.py:588} INFO - Filling up the DagBag from /opt/airflow/dags/driven_data_pipeline.py
[2025-07-02T21:42:47.753+0000] {processor.py:925} INFO - DAG(s) 'extract_raw_data_pipeline' retrieved from /opt/airflow/dags/driven_data_pipeline.py
[2025-07-02T21:42:47.795+0000] {logging_mixin.py:190} INFO - [2025-07-02T21:42:47.795+0000] {dag.py:3239} INFO - Sync 1 DAGs
[2025-07-02T21:42:47.828+0000] {logging_mixin.py:190} INFO - [2025-07-02T21:42:47.827+0000] {dag.py:4180} INFO - Setting next_dagrun for extract_raw_data_pipeline to 2025-07-02 07:00:00+00:00, run_after=2025-07-03 07:00:00+00:00
[2025-07-02T21:42:47.855+0000] {processor.py:208} INFO - Processing /opt/airflow/dags/driven_data_pipeline.py took 0.360 seconds
[2025-07-02T21:43:18.222+0000] {processor.py:186} INFO - Started process (PID=358) to work on /opt/airflow/dags/driven_data_pipeline.py
[2025-07-02T21:43:18.225+0000] {processor.py:914} INFO - Processing file /opt/airflow/dags/driven_data_pipeline.py for tasks to queue
[2025-07-02T21:43:18.232+0000] {logging_mixin.py:190} INFO - [2025-07-02T21:43:18.231+0000] {dagbag.py:588} INFO - Filling up the DagBag from /opt/airflow/dags/driven_data_pipeline.py
[2025-07-02T21:43:18.503+0000] {processor.py:925} INFO - DAG(s) 'extract_raw_data_pipeline' retrieved from /opt/airflow/dags/driven_data_pipeline.py
[2025-07-02T21:43:18.549+0000] {logging_mixin.py:190} INFO - [2025-07-02T21:43:18.549+0000] {dag.py:3239} INFO - Sync 1 DAGs
[2025-07-02T21:43:18.599+0000] {logging_mixin.py:190} INFO - [2025-07-02T21:43:18.598+0000] {dag.py:4180} INFO - Setting next_dagrun for extract_raw_data_pipeline to 2025-07-02 07:00:00+00:00, run_after=2025-07-03 07:00:00+00:00
[2025-07-02T21:43:18.642+0000] {processor.py:208} INFO - Processing /opt/airflow/dags/driven_data_pipeline.py took 0.431 seconds
[2025-07-02T21:43:48.983+0000] {processor.py:186} INFO - Started process (PID=366) to work on /opt/airflow/dags/driven_data_pipeline.py
[2025-07-02T21:43:48.985+0000] {processor.py:914} INFO - Processing file /opt/airflow/dags/driven_data_pipeline.py for tasks to queue
[2025-07-02T21:43:48.991+0000] {logging_mixin.py:190} INFO - [2025-07-02T21:43:48.990+0000] {dagbag.py:588} INFO - Filling up the DagBag from /opt/airflow/dags/driven_data_pipeline.py
[2025-07-02T21:43:49.223+0000] {processor.py:925} INFO - DAG(s) 'extract_raw_data_pipeline' retrieved from /opt/airflow/dags/driven_data_pipeline.py
[2025-07-02T21:43:49.260+0000] {logging_mixin.py:190} INFO - [2025-07-02T21:43:49.260+0000] {dag.py:3239} INFO - Sync 1 DAGs
[2025-07-02T21:43:49.296+0000] {logging_mixin.py:190} INFO - [2025-07-02T21:43:49.296+0000] {dag.py:4180} INFO - Setting next_dagrun for extract_raw_data_pipeline to 2025-07-02 07:00:00+00:00, run_after=2025-07-03 07:00:00+00:00
[2025-07-02T21:43:49.331+0000] {processor.py:208} INFO - Processing /opt/airflow/dags/driven_data_pipeline.py took 0.358 seconds
[2025-07-02T21:44:19.690+0000] {processor.py:186} INFO - Started process (PID=374) to work on /opt/airflow/dags/driven_data_pipeline.py
[2025-07-02T21:44:19.692+0000] {processor.py:914} INFO - Processing file /opt/airflow/dags/driven_data_pipeline.py for tasks to queue
[2025-07-02T21:44:19.699+0000] {logging_mixin.py:190} INFO - [2025-07-02T21:44:19.698+0000] {dagbag.py:588} INFO - Filling up the DagBag from /opt/airflow/dags/driven_data_pipeline.py
[2025-07-02T21:44:19.952+0000] {processor.py:925} INFO - DAG(s) 'extract_raw_data_pipeline' retrieved from /opt/airflow/dags/driven_data_pipeline.py
[2025-07-02T21:44:19.989+0000] {logging_mixin.py:190} INFO - [2025-07-02T21:44:19.989+0000] {dag.py:3239} INFO - Sync 1 DAGs
[2025-07-02T21:44:20.023+0000] {logging_mixin.py:190} INFO - [2025-07-02T21:44:20.023+0000] {dag.py:4180} INFO - Setting next_dagrun for extract_raw_data_pipeline to 2025-07-02 07:00:00+00:00, run_after=2025-07-03 07:00:00+00:00
[2025-07-02T21:44:20.051+0000] {processor.py:208} INFO - Processing /opt/airflow/dags/driven_data_pipeline.py took 0.373 seconds
[2025-07-02T21:44:50.486+0000] {processor.py:186} INFO - Started process (PID=383) to work on /opt/airflow/dags/driven_data_pipeline.py
[2025-07-02T21:44:50.488+0000] {processor.py:914} INFO - Processing file /opt/airflow/dags/driven_data_pipeline.py for tasks to queue
[2025-07-02T21:44:50.493+0000] {logging_mixin.py:190} INFO - [2025-07-02T21:44:50.493+0000] {dagbag.py:588} INFO - Filling up the DagBag from /opt/airflow/dags/driven_data_pipeline.py
[2025-07-02T21:44:50.752+0000] {processor.py:925} INFO - DAG(s) 'extract_raw_data_pipeline' retrieved from /opt/airflow/dags/driven_data_pipeline.py
[2025-07-02T21:44:50.792+0000] {logging_mixin.py:190} INFO - [2025-07-02T21:44:50.792+0000] {dag.py:3239} INFO - Sync 1 DAGs
[2025-07-02T21:44:50.825+0000] {logging_mixin.py:190} INFO - [2025-07-02T21:44:50.824+0000] {dag.py:4180} INFO - Setting next_dagrun for extract_raw_data_pipeline to 2025-07-02 07:00:00+00:00, run_after=2025-07-03 07:00:00+00:00
[2025-07-02T21:44:50.853+0000] {processor.py:208} INFO - Processing /opt/airflow/dags/driven_data_pipeline.py took 0.377 seconds
[2025-07-02T21:45:21.201+0000] {processor.py:186} INFO - Started process (PID=391) to work on /opt/airflow/dags/driven_data_pipeline.py
[2025-07-02T21:45:21.204+0000] {processor.py:914} INFO - Processing file /opt/airflow/dags/driven_data_pipeline.py for tasks to queue
[2025-07-02T21:45:21.209+0000] {logging_mixin.py:190} INFO - [2025-07-02T21:45:21.208+0000] {dagbag.py:588} INFO - Filling up the DagBag from /opt/airflow/dags/driven_data_pipeline.py
[2025-07-02T21:45:21.500+0000] {processor.py:925} INFO - DAG(s) 'extract_raw_data_pipeline' retrieved from /opt/airflow/dags/driven_data_pipeline.py
[2025-07-02T21:45:21.541+0000] {logging_mixin.py:190} INFO - [2025-07-02T21:45:21.540+0000] {dag.py:3239} INFO - Sync 1 DAGs
[2025-07-02T21:45:21.579+0000] {logging_mixin.py:190} INFO - [2025-07-02T21:45:21.579+0000] {dag.py:4180} INFO - Setting next_dagrun for extract_raw_data_pipeline to 2025-07-02 07:00:00+00:00, run_after=2025-07-03 07:00:00+00:00
[2025-07-02T21:45:21.607+0000] {processor.py:208} INFO - Processing /opt/airflow/dags/driven_data_pipeline.py took 0.416 seconds
[2025-07-02T21:45:51.954+0000] {processor.py:186} INFO - Started process (PID=399) to work on /opt/airflow/dags/driven_data_pipeline.py
[2025-07-02T21:45:51.956+0000] {processor.py:914} INFO - Processing file /opt/airflow/dags/driven_data_pipeline.py for tasks to queue
[2025-07-02T21:45:51.962+0000] {logging_mixin.py:190} INFO - [2025-07-02T21:45:51.961+0000] {dagbag.py:588} INFO - Filling up the DagBag from /opt/airflow/dags/driven_data_pipeline.py
[2025-07-02T21:45:52.238+0000] {processor.py:925} INFO - DAG(s) 'extract_raw_data_pipeline' retrieved from /opt/airflow/dags/driven_data_pipeline.py
[2025-07-02T21:45:52.275+0000] {logging_mixin.py:190} INFO - [2025-07-02T21:45:52.274+0000] {dag.py:3239} INFO - Sync 1 DAGs
[2025-07-02T21:45:52.308+0000] {logging_mixin.py:190} INFO - [2025-07-02T21:45:52.308+0000] {dag.py:4180} INFO - Setting next_dagrun for extract_raw_data_pipeline to 2025-07-02 07:00:00+00:00, run_after=2025-07-03 07:00:00+00:00
[2025-07-02T21:45:52.344+0000] {processor.py:208} INFO - Processing /opt/airflow/dags/driven_data_pipeline.py took 0.400 seconds
[2025-07-02T21:46:22.719+0000] {processor.py:186} INFO - Started process (PID=407) to work on /opt/airflow/dags/driven_data_pipeline.py
[2025-07-02T21:46:22.721+0000] {processor.py:914} INFO - Processing file /opt/airflow/dags/driven_data_pipeline.py for tasks to queue
[2025-07-02T21:46:22.726+0000] {logging_mixin.py:190} INFO - [2025-07-02T21:46:22.725+0000] {dagbag.py:588} INFO - Filling up the DagBag from /opt/airflow/dags/driven_data_pipeline.py
[2025-07-02T21:46:23.013+0000] {processor.py:925} INFO - DAG(s) 'extract_raw_data_pipeline' retrieved from /opt/airflow/dags/driven_data_pipeline.py
[2025-07-02T21:46:23.057+0000] {logging_mixin.py:190} INFO - [2025-07-02T21:46:23.057+0000] {dag.py:3239} INFO - Sync 1 DAGs
[2025-07-02T21:46:23.120+0000] {logging_mixin.py:190} INFO - [2025-07-02T21:46:23.119+0000] {dag.py:4180} INFO - Setting next_dagrun for extract_raw_data_pipeline to 2025-07-02 07:00:00+00:00, run_after=2025-07-03 07:00:00+00:00
[2025-07-02T21:46:23.174+0000] {processor.py:208} INFO - Processing /opt/airflow/dags/driven_data_pipeline.py took 0.467 seconds
[2025-07-02T21:46:53.590+0000] {processor.py:186} INFO - Started process (PID=414) to work on /opt/airflow/dags/driven_data_pipeline.py
[2025-07-02T21:46:53.593+0000] {processor.py:914} INFO - Processing file /opt/airflow/dags/driven_data_pipeline.py for tasks to queue
[2025-07-02T21:46:53.598+0000] {logging_mixin.py:190} INFO - [2025-07-02T21:46:53.598+0000] {dagbag.py:588} INFO - Filling up the DagBag from /opt/airflow/dags/driven_data_pipeline.py
[2025-07-02T21:46:53.960+0000] {processor.py:925} INFO - DAG(s) 'extract_raw_data_pipeline' retrieved from /opt/airflow/dags/driven_data_pipeline.py
[2025-07-02T21:46:54.006+0000] {logging_mixin.py:190} INFO - [2025-07-02T21:46:54.006+0000] {dag.py:3239} INFO - Sync 1 DAGs
[2025-07-02T21:46:54.053+0000] {logging_mixin.py:190} INFO - [2025-07-02T21:46:54.052+0000] {dag.py:4180} INFO - Setting next_dagrun for extract_raw_data_pipeline to 2025-07-02 07:00:00+00:00, run_after=2025-07-03 07:00:00+00:00
[2025-07-02T21:46:54.090+0000] {processor.py:208} INFO - Processing /opt/airflow/dags/driven_data_pipeline.py took 0.512 seconds
[2025-07-02T21:47:24.484+0000] {processor.py:186} INFO - Started process (PID=421) to work on /opt/airflow/dags/driven_data_pipeline.py
[2025-07-02T21:47:24.486+0000] {processor.py:914} INFO - Processing file /opt/airflow/dags/driven_data_pipeline.py for tasks to queue
[2025-07-02T21:47:24.492+0000] {logging_mixin.py:190} INFO - [2025-07-02T21:47:24.491+0000] {dagbag.py:588} INFO - Filling up the DagBag from /opt/airflow/dags/driven_data_pipeline.py
[2025-07-02T21:47:24.812+0000] {processor.py:925} INFO - DAG(s) 'extract_raw_data_pipeline' retrieved from /opt/airflow/dags/driven_data_pipeline.py
[2025-07-02T21:47:24.863+0000] {logging_mixin.py:190} INFO - [2025-07-02T21:47:24.862+0000] {dag.py:3239} INFO - Sync 1 DAGs
[2025-07-02T21:47:24.903+0000] {logging_mixin.py:190} INFO - [2025-07-02T21:47:24.903+0000] {dag.py:4180} INFO - Setting next_dagrun for extract_raw_data_pipeline to 2025-07-02 07:00:00+00:00, run_after=2025-07-03 07:00:00+00:00
[2025-07-02T21:47:24.936+0000] {processor.py:208} INFO - Processing /opt/airflow/dags/driven_data_pipeline.py took 0.464 seconds
[2025-07-02T21:47:55.206+0000] {processor.py:186} INFO - Started process (PID=429) to work on /opt/airflow/dags/driven_data_pipeline.py
[2025-07-02T21:47:55.208+0000] {processor.py:914} INFO - Processing file /opt/airflow/dags/driven_data_pipeline.py for tasks to queue
[2025-07-02T21:47:55.214+0000] {logging_mixin.py:190} INFO - [2025-07-02T21:47:55.213+0000] {dagbag.py:588} INFO - Filling up the DagBag from /opt/airflow/dags/driven_data_pipeline.py
[2025-07-02T21:47:55.530+0000] {processor.py:925} INFO - DAG(s) 'extract_raw_data_pipeline' retrieved from /opt/airflow/dags/driven_data_pipeline.py
[2025-07-02T21:47:55.573+0000] {logging_mixin.py:190} INFO - [2025-07-02T21:47:55.572+0000] {dag.py:3239} INFO - Sync 1 DAGs
[2025-07-02T21:47:55.616+0000] {logging_mixin.py:190} INFO - [2025-07-02T21:47:55.615+0000] {dag.py:4180} INFO - Setting next_dagrun for extract_raw_data_pipeline to 2025-07-02 07:00:00+00:00, run_after=2025-07-03 07:00:00+00:00
[2025-07-02T21:47:55.653+0000] {processor.py:208} INFO - Processing /opt/airflow/dags/driven_data_pipeline.py took 0.461 seconds
[2025-07-02T21:48:26.099+0000] {processor.py:186} INFO - Started process (PID=437) to work on /opt/airflow/dags/driven_data_pipeline.py
[2025-07-02T21:48:26.101+0000] {processor.py:914} INFO - Processing file /opt/airflow/dags/driven_data_pipeline.py for tasks to queue
[2025-07-02T21:48:26.109+0000] {logging_mixin.py:190} INFO - [2025-07-02T21:48:26.107+0000] {dagbag.py:588} INFO - Filling up the DagBag from /opt/airflow/dags/driven_data_pipeline.py
[2025-07-02T21:48:26.544+0000] {processor.py:925} INFO - DAG(s) 'extract_raw_data_pipeline' retrieved from /opt/airflow/dags/driven_data_pipeline.py
[2025-07-02T21:48:26.610+0000] {logging_mixin.py:190} INFO - [2025-07-02T21:48:26.609+0000] {dag.py:3239} INFO - Sync 1 DAGs
[2025-07-02T21:48:26.668+0000] {logging_mixin.py:190} INFO - [2025-07-02T21:48:26.667+0000] {dag.py:4180} INFO - Setting next_dagrun for extract_raw_data_pipeline to 2025-07-02 07:00:00+00:00, run_after=2025-07-03 07:00:00+00:00
[2025-07-02T21:48:26.718+0000] {processor.py:208} INFO - Processing /opt/airflow/dags/driven_data_pipeline.py took 0.639 seconds
[2025-07-02T21:48:57.252+0000] {processor.py:186} INFO - Started process (PID=445) to work on /opt/airflow/dags/driven_data_pipeline.py
[2025-07-02T21:48:57.255+0000] {processor.py:914} INFO - Processing file /opt/airflow/dags/driven_data_pipeline.py for tasks to queue
[2025-07-02T21:48:57.262+0000] {logging_mixin.py:190} INFO - [2025-07-02T21:48:57.261+0000] {dagbag.py:588} INFO - Filling up the DagBag from /opt/airflow/dags/driven_data_pipeline.py
[2025-07-02T21:48:57.578+0000] {processor.py:925} INFO - DAG(s) 'extract_raw_data_pipeline' retrieved from /opt/airflow/dags/driven_data_pipeline.py
[2025-07-02T21:48:57.630+0000] {logging_mixin.py:190} INFO - [2025-07-02T21:48:57.629+0000] {dag.py:3239} INFO - Sync 1 DAGs
[2025-07-02T21:48:57.667+0000] {logging_mixin.py:190} INFO - [2025-07-02T21:48:57.667+0000] {dag.py:4180} INFO - Setting next_dagrun for extract_raw_data_pipeline to 2025-07-02 07:00:00+00:00, run_after=2025-07-03 07:00:00+00:00
[2025-07-02T21:48:57.702+0000] {processor.py:208} INFO - Processing /opt/airflow/dags/driven_data_pipeline.py took 0.463 seconds
[2025-07-02T21:49:28.094+0000] {processor.py:186} INFO - Started process (PID=454) to work on /opt/airflow/dags/driven_data_pipeline.py
[2025-07-02T21:49:28.097+0000] {processor.py:914} INFO - Processing file /opt/airflow/dags/driven_data_pipeline.py for tasks to queue
[2025-07-02T21:49:28.102+0000] {logging_mixin.py:190} INFO - [2025-07-02T21:49:28.101+0000] {dagbag.py:588} INFO - Filling up the DagBag from /opt/airflow/dags/driven_data_pipeline.py
[2025-07-02T21:49:28.423+0000] {processor.py:925} INFO - DAG(s) 'extract_raw_data_pipeline' retrieved from /opt/airflow/dags/driven_data_pipeline.py
[2025-07-02T21:49:28.466+0000] {logging_mixin.py:190} INFO - [2025-07-02T21:49:28.465+0000] {dag.py:3239} INFO - Sync 1 DAGs
[2025-07-02T21:49:28.506+0000] {logging_mixin.py:190} INFO - [2025-07-02T21:49:28.506+0000] {dag.py:4180} INFO - Setting next_dagrun for extract_raw_data_pipeline to 2025-07-02 07:00:00+00:00, run_after=2025-07-03 07:00:00+00:00
[2025-07-02T21:49:28.539+0000] {processor.py:208} INFO - Processing /opt/airflow/dags/driven_data_pipeline.py took 0.459 seconds
[2025-07-02T21:49:58.987+0000] {processor.py:186} INFO - Started process (PID=462) to work on /opt/airflow/dags/driven_data_pipeline.py
[2025-07-02T21:49:58.990+0000] {processor.py:914} INFO - Processing file /opt/airflow/dags/driven_data_pipeline.py for tasks to queue
[2025-07-02T21:49:58.997+0000] {logging_mixin.py:190} INFO - [2025-07-02T21:49:58.996+0000] {dagbag.py:588} INFO - Filling up the DagBag from /opt/airflow/dags/driven_data_pipeline.py
[2025-07-02T21:49:59.293+0000] {processor.py:925} INFO - DAG(s) 'extract_raw_data_pipeline' retrieved from /opt/airflow/dags/driven_data_pipeline.py
[2025-07-02T21:49:59.352+0000] {logging_mixin.py:190} INFO - [2025-07-02T21:49:59.352+0000] {dag.py:3239} INFO - Sync 1 DAGs
[2025-07-02T21:49:59.395+0000] {logging_mixin.py:190} INFO - [2025-07-02T21:49:59.394+0000] {dag.py:4180} INFO - Setting next_dagrun for extract_raw_data_pipeline to 2025-07-02 07:00:00+00:00, run_after=2025-07-03 07:00:00+00:00
[2025-07-02T21:49:59.428+0000] {processor.py:208} INFO - Processing /opt/airflow/dags/driven_data_pipeline.py took 0.454 seconds
[2025-07-02T21:50:29.752+0000] {processor.py:186} INFO - Started process (PID=470) to work on /opt/airflow/dags/driven_data_pipeline.py
[2025-07-02T21:50:29.754+0000] {processor.py:914} INFO - Processing file /opt/airflow/dags/driven_data_pipeline.py for tasks to queue
[2025-07-02T21:50:29.760+0000] {logging_mixin.py:190} INFO - [2025-07-02T21:50:29.759+0000] {dagbag.py:588} INFO - Filling up the DagBag from /opt/airflow/dags/driven_data_pipeline.py
[2025-07-02T21:50:30.069+0000] {processor.py:925} INFO - DAG(s) 'extract_raw_data_pipeline' retrieved from /opt/airflow/dags/driven_data_pipeline.py
[2025-07-02T21:50:30.147+0000] {logging_mixin.py:190} INFO - [2025-07-02T21:50:30.144+0000] {dag.py:3239} INFO - Sync 1 DAGs
[2025-07-02T21:50:30.216+0000] {logging_mixin.py:190} INFO - [2025-07-02T21:50:30.215+0000] {dag.py:4180} INFO - Setting next_dagrun for extract_raw_data_pipeline to 2025-07-02 07:00:00+00:00, run_after=2025-07-03 07:00:00+00:00
[2025-07-02T21:50:30.256+0000] {processor.py:208} INFO - Processing /opt/airflow/dags/driven_data_pipeline.py took 0.518 seconds
[2025-07-02T21:51:00.654+0000] {processor.py:186} INFO - Started process (PID=479) to work on /opt/airflow/dags/driven_data_pipeline.py
[2025-07-02T21:51:00.656+0000] {processor.py:914} INFO - Processing file /opt/airflow/dags/driven_data_pipeline.py for tasks to queue
[2025-07-02T21:51:00.665+0000] {logging_mixin.py:190} INFO - [2025-07-02T21:51:00.664+0000] {dagbag.py:588} INFO - Filling up the DagBag from /opt/airflow/dags/driven_data_pipeline.py
[2025-07-02T21:51:01.120+0000] {processor.py:925} INFO - DAG(s) 'extract_raw_data_pipeline' retrieved from /opt/airflow/dags/driven_data_pipeline.py
[2025-07-02T21:51:01.175+0000] {logging_mixin.py:190} INFO - [2025-07-02T21:51:01.175+0000] {dag.py:3239} INFO - Sync 1 DAGs
[2025-07-02T21:51:01.271+0000] {logging_mixin.py:190} INFO - [2025-07-02T21:51:01.271+0000] {dag.py:4180} INFO - Setting next_dagrun for extract_raw_data_pipeline to 2025-07-02 07:00:00+00:00, run_after=2025-07-03 07:00:00+00:00
[2025-07-02T21:51:01.314+0000] {processor.py:208} INFO - Processing /opt/airflow/dags/driven_data_pipeline.py took 0.673 seconds
[2025-07-02T21:51:31.605+0000] {processor.py:186} INFO - Started process (PID=486) to work on /opt/airflow/dags/driven_data_pipeline.py
[2025-07-02T21:51:31.606+0000] {processor.py:914} INFO - Processing file /opt/airflow/dags/driven_data_pipeline.py for tasks to queue
[2025-07-02T21:51:31.613+0000] {logging_mixin.py:190} INFO - [2025-07-02T21:51:31.612+0000] {dagbag.py:588} INFO - Filling up the DagBag from /opt/airflow/dags/driven_data_pipeline.py
[2025-07-02T21:51:31.923+0000] {processor.py:925} INFO - DAG(s) 'extract_raw_data_pipeline' retrieved from /opt/airflow/dags/driven_data_pipeline.py
[2025-07-02T21:51:31.979+0000] {logging_mixin.py:190} INFO - [2025-07-02T21:51:31.978+0000] {dag.py:3239} INFO - Sync 1 DAGs
[2025-07-02T21:51:32.029+0000] {logging_mixin.py:190} INFO - [2025-07-02T21:51:32.029+0000] {dag.py:4180} INFO - Setting next_dagrun for extract_raw_data_pipeline to 2025-07-02 07:00:00+00:00, run_after=2025-07-03 07:00:00+00:00
[2025-07-02T21:51:32.064+0000] {processor.py:208} INFO - Processing /opt/airflow/dags/driven_data_pipeline.py took 0.470 seconds
[2025-07-02T21:52:02.449+0000] {processor.py:186} INFO - Started process (PID=494) to work on /opt/airflow/dags/driven_data_pipeline.py
[2025-07-02T21:52:02.452+0000] {processor.py:914} INFO - Processing file /opt/airflow/dags/driven_data_pipeline.py for tasks to queue
[2025-07-02T21:52:02.458+0000] {logging_mixin.py:190} INFO - [2025-07-02T21:52:02.457+0000] {dagbag.py:588} INFO - Filling up the DagBag from /opt/airflow/dags/driven_data_pipeline.py
[2025-07-02T21:52:02.904+0000] {processor.py:925} INFO - DAG(s) 'extract_raw_data_pipeline' retrieved from /opt/airflow/dags/driven_data_pipeline.py
[2025-07-02T21:52:02.973+0000] {logging_mixin.py:190} INFO - [2025-07-02T21:52:02.973+0000] {dag.py:3239} INFO - Sync 1 DAGs
[2025-07-02T21:52:03.036+0000] {logging_mixin.py:190} INFO - [2025-07-02T21:52:03.035+0000] {dag.py:4180} INFO - Setting next_dagrun for extract_raw_data_pipeline to 2025-07-02 07:00:00+00:00, run_after=2025-07-03 07:00:00+00:00
[2025-07-02T21:52:03.079+0000] {processor.py:208} INFO - Processing /opt/airflow/dags/driven_data_pipeline.py took 0.642 seconds
[2025-07-02T21:52:33.438+0000] {processor.py:186} INFO - Started process (PID=502) to work on /opt/airflow/dags/driven_data_pipeline.py
[2025-07-02T21:52:33.441+0000] {processor.py:914} INFO - Processing file /opt/airflow/dags/driven_data_pipeline.py for tasks to queue
[2025-07-02T21:52:33.447+0000] {logging_mixin.py:190} INFO - [2025-07-02T21:52:33.446+0000] {dagbag.py:588} INFO - Filling up the DagBag from /opt/airflow/dags/driven_data_pipeline.py
[2025-07-02T21:52:33.715+0000] {processor.py:925} INFO - DAG(s) 'extract_raw_data_pipeline' retrieved from /opt/airflow/dags/driven_data_pipeline.py
[2025-07-02T21:52:33.753+0000] {logging_mixin.py:190} INFO - [2025-07-02T21:52:33.753+0000] {dag.py:3239} INFO - Sync 1 DAGs
[2025-07-02T21:52:33.788+0000] {logging_mixin.py:190} INFO - [2025-07-02T21:52:33.787+0000] {dag.py:4180} INFO - Setting next_dagrun for extract_raw_data_pipeline to 2025-07-02 07:00:00+00:00, run_after=2025-07-03 07:00:00+00:00
[2025-07-02T21:52:33.819+0000] {processor.py:208} INFO - Processing /opt/airflow/dags/driven_data_pipeline.py took 0.391 seconds
[2025-07-02T21:53:04.360+0000] {processor.py:186} INFO - Started process (PID=511) to work on /opt/airflow/dags/driven_data_pipeline.py
[2025-07-02T21:53:04.362+0000] {processor.py:914} INFO - Processing file /opt/airflow/dags/driven_data_pipeline.py for tasks to queue
[2025-07-02T21:53:04.369+0000] {logging_mixin.py:190} INFO - [2025-07-02T21:53:04.368+0000] {dagbag.py:588} INFO - Filling up the DagBag from /opt/airflow/dags/driven_data_pipeline.py
[2025-07-02T21:53:04.653+0000] {processor.py:925} INFO - DAG(s) 'extract_raw_data_pipeline' retrieved from /opt/airflow/dags/driven_data_pipeline.py
[2025-07-02T21:53:04.695+0000] {logging_mixin.py:190} INFO - [2025-07-02T21:53:04.695+0000] {dag.py:3239} INFO - Sync 1 DAGs
[2025-07-02T21:53:04.734+0000] {logging_mixin.py:190} INFO - [2025-07-02T21:53:04.734+0000] {dag.py:4180} INFO - Setting next_dagrun for extract_raw_data_pipeline to 2025-07-02 07:00:00+00:00, run_after=2025-07-03 07:00:00+00:00
[2025-07-02T21:53:04.768+0000] {processor.py:208} INFO - Processing /opt/airflow/dags/driven_data_pipeline.py took 0.421 seconds
[2025-07-02T21:53:35.206+0000] {processor.py:186} INFO - Started process (PID=519) to work on /opt/airflow/dags/driven_data_pipeline.py
[2025-07-02T21:53:35.208+0000] {processor.py:914} INFO - Processing file /opt/airflow/dags/driven_data_pipeline.py for tasks to queue
[2025-07-02T21:53:35.213+0000] {logging_mixin.py:190} INFO - [2025-07-02T21:53:35.212+0000] {dagbag.py:588} INFO - Filling up the DagBag from /opt/airflow/dags/driven_data_pipeline.py
[2025-07-02T21:53:35.492+0000] {processor.py:925} INFO - DAG(s) 'extract_raw_data_pipeline' retrieved from /opt/airflow/dags/driven_data_pipeline.py
[2025-07-02T21:53:35.532+0000] {logging_mixin.py:190} INFO - [2025-07-02T21:53:35.531+0000] {dag.py:3239} INFO - Sync 1 DAGs
[2025-07-02T21:53:35.569+0000] {logging_mixin.py:190} INFO - [2025-07-02T21:53:35.569+0000] {dag.py:4180} INFO - Setting next_dagrun for extract_raw_data_pipeline to 2025-07-02 07:00:00+00:00, run_after=2025-07-03 07:00:00+00:00
[2025-07-02T21:53:35.604+0000] {processor.py:208} INFO - Processing /opt/airflow/dags/driven_data_pipeline.py took 0.407 seconds
[2025-07-02T21:54:05.991+0000] {processor.py:186} INFO - Started process (PID=527) to work on /opt/airflow/dags/driven_data_pipeline.py
[2025-07-02T21:54:05.993+0000] {processor.py:914} INFO - Processing file /opt/airflow/dags/driven_data_pipeline.py for tasks to queue
[2025-07-02T21:54:05.998+0000] {logging_mixin.py:190} INFO - [2025-07-02T21:54:05.997+0000] {dagbag.py:588} INFO - Filling up the DagBag from /opt/airflow/dags/driven_data_pipeline.py
[2025-07-02T21:54:06.259+0000] {processor.py:925} INFO - DAG(s) 'extract_raw_data_pipeline' retrieved from /opt/airflow/dags/driven_data_pipeline.py
[2025-07-02T21:54:06.300+0000] {logging_mixin.py:190} INFO - [2025-07-02T21:54:06.299+0000] {dag.py:3239} INFO - Sync 1 DAGs
[2025-07-02T21:54:06.334+0000] {logging_mixin.py:190} INFO - [2025-07-02T21:54:06.334+0000] {dag.py:4180} INFO - Setting next_dagrun for extract_raw_data_pipeline to 2025-07-02 07:00:00+00:00, run_after=2025-07-03 07:00:00+00:00
[2025-07-02T21:54:06.364+0000] {processor.py:208} INFO - Processing /opt/airflow/dags/driven_data_pipeline.py took 0.383 seconds
[2025-07-02T21:54:36.730+0000] {processor.py:186} INFO - Started process (PID=535) to work on /opt/airflow/dags/driven_data_pipeline.py
[2025-07-02T21:54:36.732+0000] {processor.py:914} INFO - Processing file /opt/airflow/dags/driven_data_pipeline.py for tasks to queue
[2025-07-02T21:54:36.739+0000] {logging_mixin.py:190} INFO - [2025-07-02T21:54:36.738+0000] {dagbag.py:588} INFO - Filling up the DagBag from /opt/airflow/dags/driven_data_pipeline.py
[2025-07-02T21:54:37.013+0000] {processor.py:925} INFO - DAG(s) 'extract_raw_data_pipeline' retrieved from /opt/airflow/dags/driven_data_pipeline.py
[2025-07-02T21:54:37.053+0000] {logging_mixin.py:190} INFO - [2025-07-02T21:54:37.052+0000] {dag.py:3239} INFO - Sync 1 DAGs
[2025-07-02T21:54:37.087+0000] {logging_mixin.py:190} INFO - [2025-07-02T21:54:37.086+0000] {dag.py:4180} INFO - Setting next_dagrun for extract_raw_data_pipeline to 2025-07-02 07:00:00+00:00, run_after=2025-07-03 07:00:00+00:00
[2025-07-02T21:54:37.118+0000] {processor.py:208} INFO - Processing /opt/airflow/dags/driven_data_pipeline.py took 0.400 seconds
[2025-07-02T21:55:07.464+0000] {processor.py:186} INFO - Started process (PID=543) to work on /opt/airflow/dags/driven_data_pipeline.py
[2025-07-02T21:55:07.466+0000] {processor.py:914} INFO - Processing file /opt/airflow/dags/driven_data_pipeline.py for tasks to queue
[2025-07-02T21:55:07.472+0000] {logging_mixin.py:190} INFO - [2025-07-02T21:55:07.471+0000] {dagbag.py:588} INFO - Filling up the DagBag from /opt/airflow/dags/driven_data_pipeline.py
[2025-07-02T21:55:07.775+0000] {processor.py:925} INFO - DAG(s) 'extract_raw_data_pipeline' retrieved from /opt/airflow/dags/driven_data_pipeline.py
[2025-07-02T21:55:07.824+0000] {logging_mixin.py:190} INFO - [2025-07-02T21:55:07.823+0000] {dag.py:3239} INFO - Sync 1 DAGs
[2025-07-02T21:55:07.864+0000] {logging_mixin.py:190} INFO - [2025-07-02T21:55:07.864+0000] {dag.py:4180} INFO - Setting next_dagrun for extract_raw_data_pipeline to 2025-07-02 07:00:00+00:00, run_after=2025-07-03 07:00:00+00:00
[2025-07-02T21:55:07.894+0000] {processor.py:208} INFO - Processing /opt/airflow/dags/driven_data_pipeline.py took 0.441 seconds
[2025-07-02T21:55:38.321+0000] {processor.py:186} INFO - Started process (PID=551) to work on /opt/airflow/dags/driven_data_pipeline.py
[2025-07-02T21:55:38.325+0000] {processor.py:914} INFO - Processing file /opt/airflow/dags/driven_data_pipeline.py for tasks to queue
[2025-07-02T21:55:38.330+0000] {logging_mixin.py:190} INFO - [2025-07-02T21:55:38.329+0000] {dagbag.py:588} INFO - Filling up the DagBag from /opt/airflow/dags/driven_data_pipeline.py
[2025-07-02T21:55:38.721+0000] {processor.py:925} INFO - DAG(s) 'extract_raw_data_pipeline' retrieved from /opt/airflow/dags/driven_data_pipeline.py
[2025-07-02T21:55:38.770+0000] {logging_mixin.py:190} INFO - [2025-07-02T21:55:38.769+0000] {dag.py:3239} INFO - Sync 1 DAGs
[2025-07-02T21:55:38.810+0000] {logging_mixin.py:190} INFO - [2025-07-02T21:55:38.810+0000] {dag.py:4180} INFO - Setting next_dagrun for extract_raw_data_pipeline to 2025-07-02 07:00:00+00:00, run_after=2025-07-03 07:00:00+00:00
[2025-07-02T21:55:38.847+0000] {processor.py:208} INFO - Processing /opt/airflow/dags/driven_data_pipeline.py took 0.546 seconds
[2025-07-02T21:56:09.201+0000] {processor.py:186} INFO - Started process (PID=558) to work on /opt/airflow/dags/driven_data_pipeline.py
[2025-07-02T21:56:09.205+0000] {processor.py:914} INFO - Processing file /opt/airflow/dags/driven_data_pipeline.py for tasks to queue
[2025-07-02T21:56:09.220+0000] {logging_mixin.py:190} INFO - [2025-07-02T21:56:09.220+0000] {dagbag.py:588} INFO - Filling up the DagBag from /opt/airflow/dags/driven_data_pipeline.py
[2025-07-02T21:56:09.686+0000] {processor.py:925} INFO - DAG(s) 'extract_raw_data_pipeline' retrieved from /opt/airflow/dags/driven_data_pipeline.py
[2025-07-02T21:56:09.833+0000] {logging_mixin.py:190} INFO - [2025-07-02T21:56:09.832+0000] {dag.py:3239} INFO - Sync 1 DAGs
[2025-07-02T21:56:09.965+0000] {logging_mixin.py:190} INFO - [2025-07-02T21:56:09.965+0000] {dag.py:4180} INFO - Setting next_dagrun for extract_raw_data_pipeline to 2025-07-02 07:00:00+00:00, run_after=2025-07-03 07:00:00+00:00
[2025-07-02T21:56:10.029+0000] {processor.py:208} INFO - Processing /opt/airflow/dags/driven_data_pipeline.py took 0.870 seconds
[2025-07-02T21:56:40.433+0000] {processor.py:186} INFO - Started process (PID=566) to work on /opt/airflow/dags/driven_data_pipeline.py
[2025-07-02T21:56:40.435+0000] {processor.py:914} INFO - Processing file /opt/airflow/dags/driven_data_pipeline.py for tasks to queue
[2025-07-02T21:56:40.440+0000] {logging_mixin.py:190} INFO - [2025-07-02T21:56:40.440+0000] {dagbag.py:588} INFO - Filling up the DagBag from /opt/airflow/dags/driven_data_pipeline.py
[2025-07-02T21:56:40.694+0000] {processor.py:925} INFO - DAG(s) 'extract_raw_data_pipeline' retrieved from /opt/airflow/dags/driven_data_pipeline.py
[2025-07-02T21:56:40.734+0000] {logging_mixin.py:190} INFO - [2025-07-02T21:56:40.734+0000] {dag.py:3239} INFO - Sync 1 DAGs
[2025-07-02T21:56:40.772+0000] {logging_mixin.py:190} INFO - [2025-07-02T21:56:40.772+0000] {dag.py:4180} INFO - Setting next_dagrun for extract_raw_data_pipeline to 2025-07-02 07:00:00+00:00, run_after=2025-07-03 07:00:00+00:00
[2025-07-02T21:56:40.800+0000] {processor.py:208} INFO - Processing /opt/airflow/dags/driven_data_pipeline.py took 0.377 seconds
[2025-07-02T21:57:11.172+0000] {processor.py:186} INFO - Started process (PID=574) to work on /opt/airflow/dags/driven_data_pipeline.py
[2025-07-02T21:57:11.174+0000] {processor.py:914} INFO - Processing file /opt/airflow/dags/driven_data_pipeline.py for tasks to queue
[2025-07-02T21:57:11.180+0000] {logging_mixin.py:190} INFO - [2025-07-02T21:57:11.179+0000] {dagbag.py:588} INFO - Filling up the DagBag from /opt/airflow/dags/driven_data_pipeline.py
[2025-07-02T21:57:11.493+0000] {processor.py:925} INFO - DAG(s) 'extract_raw_data_pipeline' retrieved from /opt/airflow/dags/driven_data_pipeline.py
[2025-07-02T21:57:11.534+0000] {logging_mixin.py:190} INFO - [2025-07-02T21:57:11.534+0000] {dag.py:3239} INFO - Sync 1 DAGs
[2025-07-02T21:57:11.571+0000] {logging_mixin.py:190} INFO - [2025-07-02T21:57:11.571+0000] {dag.py:4180} INFO - Setting next_dagrun for extract_raw_data_pipeline to 2025-07-02 07:00:00+00:00, run_after=2025-07-03 07:00:00+00:00
[2025-07-02T21:57:11.607+0000] {processor.py:208} INFO - Processing /opt/airflow/dags/driven_data_pipeline.py took 0.448 seconds
[2025-07-02T21:57:42.002+0000] {processor.py:186} INFO - Started process (PID=581) to work on /opt/airflow/dags/driven_data_pipeline.py
[2025-07-02T21:57:42.004+0000] {processor.py:914} INFO - Processing file /opt/airflow/dags/driven_data_pipeline.py for tasks to queue
[2025-07-02T21:57:42.011+0000] {logging_mixin.py:190} INFO - [2025-07-02T21:57:42.010+0000] {dagbag.py:588} INFO - Filling up the DagBag from /opt/airflow/dags/driven_data_pipeline.py
[2025-07-02T21:57:42.264+0000] {processor.py:925} INFO - DAG(s) 'extract_raw_data_pipeline' retrieved from /opt/airflow/dags/driven_data_pipeline.py
[2025-07-02T21:57:42.309+0000] {logging_mixin.py:190} INFO - [2025-07-02T21:57:42.308+0000] {dag.py:3239} INFO - Sync 1 DAGs
[2025-07-02T21:57:42.343+0000] {logging_mixin.py:190} INFO - [2025-07-02T21:57:42.343+0000] {dag.py:4180} INFO - Setting next_dagrun for extract_raw_data_pipeline to 2025-07-02 07:00:00+00:00, run_after=2025-07-03 07:00:00+00:00
[2025-07-02T21:57:42.372+0000] {processor.py:208} INFO - Processing /opt/airflow/dags/driven_data_pipeline.py took 0.380 seconds
[2025-07-02T21:58:12.757+0000] {processor.py:186} INFO - Started process (PID=589) to work on /opt/airflow/dags/driven_data_pipeline.py
[2025-07-02T21:58:12.759+0000] {processor.py:914} INFO - Processing file /opt/airflow/dags/driven_data_pipeline.py for tasks to queue
[2025-07-02T21:58:12.766+0000] {logging_mixin.py:190} INFO - [2025-07-02T21:58:12.765+0000] {dagbag.py:588} INFO - Filling up the DagBag from /opt/airflow/dags/driven_data_pipeline.py
[2025-07-02T21:58:13.124+0000] {processor.py:925} INFO - DAG(s) 'extract_raw_data_pipeline' retrieved from /opt/airflow/dags/driven_data_pipeline.py
[2025-07-02T21:58:13.175+0000] {logging_mixin.py:190} INFO - [2025-07-02T21:58:13.174+0000] {dag.py:3239} INFO - Sync 1 DAGs
[2025-07-02T21:58:13.219+0000] {logging_mixin.py:190} INFO - [2025-07-02T21:58:13.219+0000] {dag.py:4180} INFO - Setting next_dagrun for extract_raw_data_pipeline to 2025-07-02 07:00:00+00:00, run_after=2025-07-03 07:00:00+00:00
[2025-07-02T21:58:13.256+0000] {processor.py:208} INFO - Processing /opt/airflow/dags/driven_data_pipeline.py took 0.510 seconds
[2025-07-02T21:58:43.628+0000] {processor.py:186} INFO - Started process (PID=597) to work on /opt/airflow/dags/driven_data_pipeline.py
[2025-07-02T21:58:43.630+0000] {processor.py:914} INFO - Processing file /opt/airflow/dags/driven_data_pipeline.py for tasks to queue
[2025-07-02T21:58:43.636+0000] {logging_mixin.py:190} INFO - [2025-07-02T21:58:43.635+0000] {dagbag.py:588} INFO - Filling up the DagBag from /opt/airflow/dags/driven_data_pipeline.py
[2025-07-02T21:58:43.885+0000] {processor.py:925} INFO - DAG(s) 'extract_raw_data_pipeline' retrieved from /opt/airflow/dags/driven_data_pipeline.py
[2025-07-02T21:58:43.927+0000] {logging_mixin.py:190} INFO - [2025-07-02T21:58:43.926+0000] {dag.py:3239} INFO - Sync 1 DAGs
[2025-07-02T21:58:43.964+0000] {logging_mixin.py:190} INFO - [2025-07-02T21:58:43.964+0000] {dag.py:4180} INFO - Setting next_dagrun for extract_raw_data_pipeline to 2025-07-02 07:00:00+00:00, run_after=2025-07-03 07:00:00+00:00
[2025-07-02T21:58:43.992+0000] {processor.py:208} INFO - Processing /opt/airflow/dags/driven_data_pipeline.py took 0.374 seconds
[2025-07-02T21:59:14.379+0000] {processor.py:186} INFO - Started process (PID=606) to work on /opt/airflow/dags/driven_data_pipeline.py
[2025-07-02T21:59:14.381+0000] {processor.py:914} INFO - Processing file /opt/airflow/dags/driven_data_pipeline.py for tasks to queue
[2025-07-02T21:59:14.387+0000] {logging_mixin.py:190} INFO - [2025-07-02T21:59:14.386+0000] {dagbag.py:588} INFO - Filling up the DagBag from /opt/airflow/dags/driven_data_pipeline.py
[2025-07-02T21:59:14.645+0000] {processor.py:925} INFO - DAG(s) 'extract_raw_data_pipeline' retrieved from /opt/airflow/dags/driven_data_pipeline.py
[2025-07-02T21:59:14.693+0000] {logging_mixin.py:190} INFO - [2025-07-02T21:59:14.692+0000] {dag.py:3239} INFO - Sync 1 DAGs
[2025-07-02T21:59:14.735+0000] {logging_mixin.py:190} INFO - [2025-07-02T21:59:14.734+0000] {dag.py:4180} INFO - Setting next_dagrun for extract_raw_data_pipeline to 2025-07-02 07:00:00+00:00, run_after=2025-07-03 07:00:00+00:00
[2025-07-02T21:59:14.771+0000] {processor.py:208} INFO - Processing /opt/airflow/dags/driven_data_pipeline.py took 0.402 seconds
[2025-07-02T21:59:45.220+0000] {processor.py:186} INFO - Started process (PID=620) to work on /opt/airflow/dags/driven_data_pipeline.py
[2025-07-02T21:59:45.222+0000] {processor.py:914} INFO - Processing file /opt/airflow/dags/driven_data_pipeline.py for tasks to queue
[2025-07-02T21:59:45.229+0000] {logging_mixin.py:190} INFO - [2025-07-02T21:59:45.228+0000] {dagbag.py:588} INFO - Filling up the DagBag from /opt/airflow/dags/driven_data_pipeline.py
[2025-07-02T21:59:45.916+0000] {processor.py:925} INFO - DAG(s) 'extract_raw_data_pipeline' retrieved from /opt/airflow/dags/driven_data_pipeline.py
[2025-07-02T21:59:46.173+0000] {logging_mixin.py:190} INFO - [2025-07-02T21:59:46.172+0000] {dag.py:3239} INFO - Sync 1 DAGs
[2025-07-02T21:59:46.266+0000] {logging_mixin.py:190} INFO - [2025-07-02T21:59:46.265+0000] {dag.py:4180} INFO - Setting next_dagrun for extract_raw_data_pipeline to 2025-07-02 07:00:00+00:00, run_after=2025-07-03 07:00:00+00:00
[2025-07-02T21:59:46.299+0000] {processor.py:208} INFO - Processing /opt/airflow/dags/driven_data_pipeline.py took 1.093 seconds
[2025-07-02T22:00:16.626+0000] {processor.py:186} INFO - Started process (PID=628) to work on /opt/airflow/dags/driven_data_pipeline.py
[2025-07-02T22:00:16.628+0000] {processor.py:914} INFO - Processing file /opt/airflow/dags/driven_data_pipeline.py for tasks to queue
[2025-07-02T22:00:16.634+0000] {logging_mixin.py:190} INFO - [2025-07-02T22:00:16.633+0000] {dagbag.py:588} INFO - Filling up the DagBag from /opt/airflow/dags/driven_data_pipeline.py
[2025-07-02T22:00:16.892+0000] {processor.py:925} INFO - DAG(s) 'extract_raw_data_pipeline' retrieved from /opt/airflow/dags/driven_data_pipeline.py
[2025-07-02T22:00:16.932+0000] {logging_mixin.py:190} INFO - [2025-07-02T22:00:16.931+0000] {dag.py:3239} INFO - Sync 1 DAGs
[2025-07-02T22:00:16.972+0000] {logging_mixin.py:190} INFO - [2025-07-02T22:00:16.972+0000] {dag.py:4180} INFO - Setting next_dagrun for extract_raw_data_pipeline to 2025-07-02 07:00:00+00:00, run_after=2025-07-03 07:00:00+00:00
[2025-07-02T22:00:17.002+0000] {processor.py:208} INFO - Processing /opt/airflow/dags/driven_data_pipeline.py took 0.386 seconds
[2025-07-02T22:00:47.375+0000] {processor.py:186} INFO - Started process (PID=636) to work on /opt/airflow/dags/driven_data_pipeline.py
[2025-07-02T22:00:47.377+0000] {processor.py:914} INFO - Processing file /opt/airflow/dags/driven_data_pipeline.py for tasks to queue
[2025-07-02T22:00:47.383+0000] {logging_mixin.py:190} INFO - [2025-07-02T22:00:47.382+0000] {dagbag.py:588} INFO - Filling up the DagBag from /opt/airflow/dags/driven_data_pipeline.py
[2025-07-02T22:00:47.644+0000] {processor.py:925} INFO - DAG(s) 'extract_raw_data_pipeline' retrieved from /opt/airflow/dags/driven_data_pipeline.py
[2025-07-02T22:00:47.683+0000] {logging_mixin.py:190} INFO - [2025-07-02T22:00:47.682+0000] {dag.py:3239} INFO - Sync 1 DAGs
[2025-07-02T22:00:47.717+0000] {logging_mixin.py:190} INFO - [2025-07-02T22:00:47.717+0000] {dag.py:4180} INFO - Setting next_dagrun for extract_raw_data_pipeline to 2025-07-02 07:00:00+00:00, run_after=2025-07-03 07:00:00+00:00
[2025-07-02T22:00:47.747+0000] {processor.py:208} INFO - Processing /opt/airflow/dags/driven_data_pipeline.py took 0.383 seconds
[2025-07-02T22:01:18.088+0000] {processor.py:186} INFO - Started process (PID=644) to work on /opt/airflow/dags/driven_data_pipeline.py
[2025-07-02T22:01:18.090+0000] {processor.py:914} INFO - Processing file /opt/airflow/dags/driven_data_pipeline.py for tasks to queue
[2025-07-02T22:01:18.097+0000] {logging_mixin.py:190} INFO - [2025-07-02T22:01:18.096+0000] {dagbag.py:588} INFO - Filling up the DagBag from /opt/airflow/dags/driven_data_pipeline.py
[2025-07-02T22:01:18.391+0000] {processor.py:925} INFO - DAG(s) 'extract_raw_data_pipeline' retrieved from /opt/airflow/dags/driven_data_pipeline.py
[2025-07-02T22:01:18.432+0000] {logging_mixin.py:190} INFO - [2025-07-02T22:01:18.431+0000] {dag.py:3239} INFO - Sync 1 DAGs
[2025-07-02T22:01:18.472+0000] {logging_mixin.py:190} INFO - [2025-07-02T22:01:18.471+0000] {dag.py:4180} INFO - Setting next_dagrun for extract_raw_data_pipeline to 2025-07-02 07:00:00+00:00, run_after=2025-07-03 07:00:00+00:00
[2025-07-02T22:01:18.515+0000] {processor.py:208} INFO - Processing /opt/airflow/dags/driven_data_pipeline.py took 0.437 seconds
[2025-07-02T22:01:50.415+0000] {processor.py:186} INFO - Started process (PID=652) to work on /opt/airflow/dags/driven_data_pipeline.py
[2025-07-02T22:01:50.428+0000] {processor.py:914} INFO - Processing file /opt/airflow/dags/driven_data_pipeline.py for tasks to queue
[2025-07-02T22:01:50.597+0000] {logging_mixin.py:190} INFO - [2025-07-02T22:01:50.587+0000] {dagbag.py:588} INFO - Filling up the DagBag from /opt/airflow/dags/driven_data_pipeline.py
[2025-07-02T22:01:55.239+0000] {processor.py:925} INFO - DAG(s) 'extract_raw_data_pipeline' retrieved from /opt/airflow/dags/driven_data_pipeline.py
[2025-07-02T22:01:55.963+0000] {logging_mixin.py:190} INFO - [2025-07-02T22:01:55.962+0000] {dag.py:3239} INFO - Sync 1 DAGs
[2025-07-02T22:01:56.691+0000] {logging_mixin.py:190} INFO - [2025-07-02T22:01:56.688+0000] {dag.py:4180} INFO - Setting next_dagrun for extract_raw_data_pipeline to 2025-07-02 07:00:00+00:00, run_after=2025-07-03 07:00:00+00:00
[2025-07-02T22:01:56.834+0000] {processor.py:208} INFO - Processing /opt/airflow/dags/driven_data_pipeline.py took 6.892 seconds
[2025-07-02T22:02:27.109+0000] {processor.py:186} INFO - Started process (PID=661) to work on /opt/airflow/dags/driven_data_pipeline.py
[2025-07-02T22:02:27.112+0000] {processor.py:914} INFO - Processing file /opt/airflow/dags/driven_data_pipeline.py for tasks to queue
[2025-07-02T22:02:27.122+0000] {logging_mixin.py:190} INFO - [2025-07-02T22:02:27.121+0000] {dagbag.py:588} INFO - Filling up the DagBag from /opt/airflow/dags/driven_data_pipeline.py
[2025-07-02T22:02:27.696+0000] {processor.py:925} INFO - DAG(s) 'extract_raw_data_pipeline' retrieved from /opt/airflow/dags/driven_data_pipeline.py
[2025-07-02T22:02:27.755+0000] {logging_mixin.py:190} INFO - [2025-07-02T22:02:27.755+0000] {dag.py:3239} INFO - Sync 1 DAGs
[2025-07-02T22:02:27.808+0000] {logging_mixin.py:190} INFO - [2025-07-02T22:02:27.807+0000] {dag.py:4180} INFO - Setting next_dagrun for extract_raw_data_pipeline to 2025-07-02 07:00:00+00:00, run_after=2025-07-03 07:00:00+00:00
[2025-07-02T22:02:27.844+0000] {processor.py:208} INFO - Processing /opt/airflow/dags/driven_data_pipeline.py took 0.754 seconds
[2025-07-02T22:02:57.944+0000] {processor.py:186} INFO - Started process (PID=669) to work on /opt/airflow/dags/driven_data_pipeline.py
[2025-07-02T22:02:57.946+0000] {processor.py:914} INFO - Processing file /opt/airflow/dags/driven_data_pipeline.py for tasks to queue
[2025-07-02T22:02:57.952+0000] {logging_mixin.py:190} INFO - [2025-07-02T22:02:57.951+0000] {dagbag.py:588} INFO - Filling up the DagBag from /opt/airflow/dags/driven_data_pipeline.py
[2025-07-02T22:02:58.217+0000] {processor.py:925} INFO - DAG(s) 'extract_raw_data_pipeline' retrieved from /opt/airflow/dags/driven_data_pipeline.py
[2025-07-02T22:02:58.259+0000] {logging_mixin.py:190} INFO - [2025-07-02T22:02:58.259+0000] {dag.py:3239} INFO - Sync 1 DAGs
[2025-07-02T22:02:58.297+0000] {logging_mixin.py:190} INFO - [2025-07-02T22:02:58.297+0000] {dag.py:4180} INFO - Setting next_dagrun for extract_raw_data_pipeline to 2025-07-02 07:00:00+00:00, run_after=2025-07-03 07:00:00+00:00
[2025-07-02T22:02:58.327+0000] {processor.py:208} INFO - Processing /opt/airflow/dags/driven_data_pipeline.py took 0.393 seconds
[2025-07-02T22:03:28.608+0000] {processor.py:186} INFO - Started process (PID=677) to work on /opt/airflow/dags/driven_data_pipeline.py
[2025-07-02T22:03:28.611+0000] {processor.py:914} INFO - Processing file /opt/airflow/dags/driven_data_pipeline.py for tasks to queue
[2025-07-02T22:03:28.618+0000] {logging_mixin.py:190} INFO - [2025-07-02T22:03:28.617+0000] {dagbag.py:588} INFO - Filling up the DagBag from /opt/airflow/dags/driven_data_pipeline.py
[2025-07-02T22:03:28.991+0000] {processor.py:925} INFO - DAG(s) 'extract_raw_data_pipeline' retrieved from /opt/airflow/dags/driven_data_pipeline.py
[2025-07-02T22:03:29.072+0000] {logging_mixin.py:190} INFO - [2025-07-02T22:03:29.072+0000] {dag.py:3239} INFO - Sync 1 DAGs
[2025-07-02T22:03:29.138+0000] {logging_mixin.py:190} INFO - [2025-07-02T22:03:29.138+0000] {dag.py:4180} INFO - Setting next_dagrun for extract_raw_data_pipeline to 2025-07-02 07:00:00+00:00, run_after=2025-07-03 07:00:00+00:00
[2025-07-02T22:03:29.204+0000] {processor.py:208} INFO - Processing /opt/airflow/dags/driven_data_pipeline.py took 0.611 seconds
[2025-07-02T22:03:59.672+0000] {processor.py:186} INFO - Started process (PID=684) to work on /opt/airflow/dags/driven_data_pipeline.py
[2025-07-02T22:03:59.683+0000] {processor.py:914} INFO - Processing file /opt/airflow/dags/driven_data_pipeline.py for tasks to queue
[2025-07-02T22:03:59.707+0000] {logging_mixin.py:190} INFO - [2025-07-02T22:03:59.706+0000] {dagbag.py:588} INFO - Filling up the DagBag from /opt/airflow/dags/driven_data_pipeline.py
[2025-07-02T22:04:00.498+0000] {processor.py:925} INFO - DAG(s) 'extract_raw_data_pipeline' retrieved from /opt/airflow/dags/driven_data_pipeline.py
[2025-07-02T22:04:00.544+0000] {logging_mixin.py:190} INFO - [2025-07-02T22:04:00.544+0000] {dag.py:3239} INFO - Sync 1 DAGs
[2025-07-02T22:04:00.584+0000] {logging_mixin.py:190} INFO - [2025-07-02T22:04:00.584+0000] {dag.py:4180} INFO - Setting next_dagrun for extract_raw_data_pipeline to 2025-07-02 07:00:00+00:00, run_after=2025-07-03 07:00:00+00:00
[2025-07-02T22:04:00.621+0000] {processor.py:208} INFO - Processing /opt/airflow/dags/driven_data_pipeline.py took 1.015 seconds
[2025-07-02T22:04:30.934+0000] {processor.py:186} INFO - Started process (PID=692) to work on /opt/airflow/dags/driven_data_pipeline.py
[2025-07-02T22:04:30.936+0000] {processor.py:914} INFO - Processing file /opt/airflow/dags/driven_data_pipeline.py for tasks to queue
[2025-07-02T22:04:30.942+0000] {logging_mixin.py:190} INFO - [2025-07-02T22:04:30.941+0000] {dagbag.py:588} INFO - Filling up the DagBag from /opt/airflow/dags/driven_data_pipeline.py
[2025-07-02T22:04:31.242+0000] {processor.py:925} INFO - DAG(s) 'extract_raw_data_pipeline' retrieved from /opt/airflow/dags/driven_data_pipeline.py
[2025-07-02T22:04:31.297+0000] {logging_mixin.py:190} INFO - [2025-07-02T22:04:31.297+0000] {dag.py:3239} INFO - Sync 1 DAGs
[2025-07-02T22:04:31.358+0000] {logging_mixin.py:190} INFO - [2025-07-02T22:04:31.357+0000] {dag.py:4180} INFO - Setting next_dagrun for extract_raw_data_pipeline to 2025-07-02 07:00:00+00:00, run_after=2025-07-03 07:00:00+00:00
[2025-07-02T22:04:31.406+0000] {processor.py:208} INFO - Processing /opt/airflow/dags/driven_data_pipeline.py took 0.482 seconds
[2025-07-02T22:05:01.843+0000] {processor.py:186} INFO - Started process (PID=700) to work on /opt/airflow/dags/driven_data_pipeline.py
[2025-07-02T22:05:01.845+0000] {processor.py:914} INFO - Processing file /opt/airflow/dags/driven_data_pipeline.py for tasks to queue
[2025-07-02T22:05:01.851+0000] {logging_mixin.py:190} INFO - [2025-07-02T22:05:01.850+0000] {dagbag.py:588} INFO - Filling up the DagBag from /opt/airflow/dags/driven_data_pipeline.py
[2025-07-02T22:05:02.121+0000] {processor.py:925} INFO - DAG(s) 'extract_raw_data_pipeline' retrieved from /opt/airflow/dags/driven_data_pipeline.py
[2025-07-02T22:05:02.160+0000] {logging_mixin.py:190} INFO - [2025-07-02T22:05:02.159+0000] {dag.py:3239} INFO - Sync 1 DAGs
[2025-07-02T22:05:02.194+0000] {logging_mixin.py:190} INFO - [2025-07-02T22:05:02.194+0000] {dag.py:4180} INFO - Setting next_dagrun for extract_raw_data_pipeline to 2025-07-02 07:00:00+00:00, run_after=2025-07-03 07:00:00+00:00
[2025-07-02T22:05:02.222+0000] {processor.py:208} INFO - Processing /opt/airflow/dags/driven_data_pipeline.py took 0.391 seconds
[2025-07-02T22:05:32.516+0000] {processor.py:186} INFO - Started process (PID=707) to work on /opt/airflow/dags/driven_data_pipeline.py
[2025-07-02T22:05:32.518+0000] {processor.py:914} INFO - Processing file /opt/airflow/dags/driven_data_pipeline.py for tasks to queue
[2025-07-02T22:05:32.525+0000] {logging_mixin.py:190} INFO - [2025-07-02T22:05:32.524+0000] {dagbag.py:588} INFO - Filling up the DagBag from /opt/airflow/dags/driven_data_pipeline.py
[2025-07-02T22:05:32.867+0000] {processor.py:925} INFO - DAG(s) 'extract_raw_data_pipeline' retrieved from /opt/airflow/dags/driven_data_pipeline.py
[2025-07-02T22:05:32.913+0000] {logging_mixin.py:190} INFO - [2025-07-02T22:05:32.913+0000] {dag.py:3239} INFO - Sync 1 DAGs
[2025-07-02T22:05:32.960+0000] {logging_mixin.py:190} INFO - [2025-07-02T22:05:32.959+0000] {dag.py:4180} INFO - Setting next_dagrun for extract_raw_data_pipeline to 2025-07-02 07:00:00+00:00, run_after=2025-07-03 07:00:00+00:00
[2025-07-02T22:05:33.000+0000] {processor.py:208} INFO - Processing /opt/airflow/dags/driven_data_pipeline.py took 0.494 seconds
[2025-07-02T22:06:03.371+0000] {processor.py:186} INFO - Started process (PID=714) to work on /opt/airflow/dags/driven_data_pipeline.py
[2025-07-02T22:06:03.373+0000] {processor.py:914} INFO - Processing file /opt/airflow/dags/driven_data_pipeline.py for tasks to queue
[2025-07-02T22:06:03.379+0000] {logging_mixin.py:190} INFO - [2025-07-02T22:06:03.378+0000] {dagbag.py:588} INFO - Filling up the DagBag from /opt/airflow/dags/driven_data_pipeline.py
[2025-07-02T22:06:03.638+0000] {processor.py:925} INFO - DAG(s) 'extract_raw_data_pipeline' retrieved from /opt/airflow/dags/driven_data_pipeline.py
[2025-07-02T22:06:03.675+0000] {logging_mixin.py:190} INFO - [2025-07-02T22:06:03.675+0000] {dag.py:3239} INFO - Sync 1 DAGs
[2025-07-02T22:06:03.708+0000] {logging_mixin.py:190} INFO - [2025-07-02T22:06:03.707+0000] {dag.py:4180} INFO - Setting next_dagrun for extract_raw_data_pipeline to 2025-07-02 07:00:00+00:00, run_after=2025-07-03 07:00:00+00:00
[2025-07-02T22:06:03.737+0000] {processor.py:208} INFO - Processing /opt/airflow/dags/driven_data_pipeline.py took 0.376 seconds
[2025-07-02T22:06:34.072+0000] {processor.py:186} INFO - Started process (PID=722) to work on /opt/airflow/dags/driven_data_pipeline.py
[2025-07-02T22:06:34.074+0000] {processor.py:914} INFO - Processing file /opt/airflow/dags/driven_data_pipeline.py for tasks to queue
[2025-07-02T22:06:34.081+0000] {logging_mixin.py:190} INFO - [2025-07-02T22:06:34.080+0000] {dagbag.py:588} INFO - Filling up the DagBag from /opt/airflow/dags/driven_data_pipeline.py
[2025-07-02T22:06:34.401+0000] {processor.py:925} INFO - DAG(s) 'extract_raw_data_pipeline' retrieved from /opt/airflow/dags/driven_data_pipeline.py
[2025-07-02T22:06:34.449+0000] {logging_mixin.py:190} INFO - [2025-07-02T22:06:34.448+0000] {dag.py:3239} INFO - Sync 1 DAGs
[2025-07-02T22:06:34.500+0000] {logging_mixin.py:190} INFO - [2025-07-02T22:06:34.499+0000] {dag.py:4180} INFO - Setting next_dagrun for extract_raw_data_pipeline to 2025-07-02 07:00:00+00:00, run_after=2025-07-03 07:00:00+00:00
[2025-07-02T22:06:34.540+0000] {processor.py:208} INFO - Processing /opt/airflow/dags/driven_data_pipeline.py took 0.482 seconds
[2025-07-02T22:07:04.899+0000] {processor.py:186} INFO - Started process (PID=730) to work on /opt/airflow/dags/driven_data_pipeline.py
[2025-07-02T22:07:04.901+0000] {processor.py:914} INFO - Processing file /opt/airflow/dags/driven_data_pipeline.py for tasks to queue
[2025-07-02T22:07:04.907+0000] {logging_mixin.py:190} INFO - [2025-07-02T22:07:04.907+0000] {dagbag.py:588} INFO - Filling up the DagBag from /opt/airflow/dags/driven_data_pipeline.py
[2025-07-02T22:07:05.223+0000] {processor.py:925} INFO - DAG(s) 'extract_raw_data_pipeline' retrieved from /opt/airflow/dags/driven_data_pipeline.py
[2025-07-02T22:07:05.270+0000] {logging_mixin.py:190} INFO - [2025-07-02T22:07:05.270+0000] {dag.py:3239} INFO - Sync 1 DAGs
[2025-07-02T22:07:05.319+0000] {logging_mixin.py:190} INFO - [2025-07-02T22:07:05.319+0000] {dag.py:4180} INFO - Setting next_dagrun for extract_raw_data_pipeline to 2025-07-02 07:00:00+00:00, run_after=2025-07-03 07:00:00+00:00
[2025-07-02T22:07:05.349+0000] {processor.py:208} INFO - Processing /opt/airflow/dags/driven_data_pipeline.py took 0.460 seconds
[2025-07-02T22:07:35.780+0000] {processor.py:186} INFO - Started process (PID=738) to work on /opt/airflow/dags/driven_data_pipeline.py
[2025-07-02T22:07:35.781+0000] {processor.py:914} INFO - Processing file /opt/airflow/dags/driven_data_pipeline.py for tasks to queue
[2025-07-02T22:07:35.786+0000] {logging_mixin.py:190} INFO - [2025-07-02T22:07:35.785+0000] {dagbag.py:588} INFO - Filling up the DagBag from /opt/airflow/dags/driven_data_pipeline.py
[2025-07-02T22:07:36.121+0000] {processor.py:925} INFO - DAG(s) 'extract_raw_data_pipeline' retrieved from /opt/airflow/dags/driven_data_pipeline.py
[2025-07-02T22:07:36.164+0000] {logging_mixin.py:190} INFO - [2025-07-02T22:07:36.164+0000] {dag.py:3239} INFO - Sync 1 DAGs
[2025-07-02T22:07:36.205+0000] {logging_mixin.py:190} INFO - [2025-07-02T22:07:36.205+0000] {dag.py:4180} INFO - Setting next_dagrun for extract_raw_data_pipeline to 2025-07-02 07:00:00+00:00, run_after=2025-07-03 07:00:00+00:00
[2025-07-02T22:07:36.250+0000] {processor.py:208} INFO - Processing /opt/airflow/dags/driven_data_pipeline.py took 0.481 seconds
[2025-07-02T22:25:10.887+0000] {processor.py:186} INFO - Started process (PID=79) to work on /opt/airflow/dags/driven_data_pipeline.py
[2025-07-02T22:25:10.925+0000] {processor.py:914} INFO - Processing file /opt/airflow/dags/driven_data_pipeline.py for tasks to queue
[2025-07-02T22:25:10.985+0000] {logging_mixin.py:190} INFO - [2025-07-02T22:25:10.963+0000] {dagbag.py:588} INFO - Filling up the DagBag from /opt/airflow/dags/driven_data_pipeline.py
[2025-07-02T22:25:19.095+0000] {processor.py:925} INFO - DAG(s) 'extract_raw_data_pipeline' retrieved from /opt/airflow/dags/driven_data_pipeline.py
[2025-07-02T22:25:19.431+0000] {logging_mixin.py:190} INFO - [2025-07-02T22:25:19.431+0000] {dag.py:3239} INFO - Sync 1 DAGs
[2025-07-02T22:25:19.642+0000] {logging_mixin.py:190} INFO - [2025-07-02T22:25:19.641+0000] {dag.py:4180} INFO - Setting next_dagrun for extract_raw_data_pipeline to 2025-07-02 07:00:00+00:00, run_after=2025-07-03 07:00:00+00:00
[2025-07-02T22:25:19.836+0000] {processor.py:208} INFO - Processing /opt/airflow/dags/driven_data_pipeline.py took 9.046 seconds
[2025-07-02T22:25:51.194+0000] {processor.py:186} INFO - Started process (PID=93) to work on /opt/airflow/dags/driven_data_pipeline.py
[2025-07-02T22:25:51.199+0000] {processor.py:914} INFO - Processing file /opt/airflow/dags/driven_data_pipeline.py for tasks to queue
[2025-07-02T22:25:51.279+0000] {logging_mixin.py:190} INFO - [2025-07-02T22:25:51.267+0000] {dagbag.py:588} INFO - Filling up the DagBag from /opt/airflow/dags/driven_data_pipeline.py
[2025-07-02T22:26:06.199+0000] {processor.py:925} INFO - DAG(s) 'extract_raw_data_pipeline' retrieved from /opt/airflow/dags/driven_data_pipeline.py
[2025-07-02T22:26:07.285+0000] {logging_mixin.py:190} INFO - [2025-07-02T22:26:07.279+0000] {dag.py:3239} INFO - Sync 1 DAGs
[2025-07-02T22:26:08.975+0000] {logging_mixin.py:190} INFO - [2025-07-02T22:26:08.974+0000] {dag.py:4180} INFO - Setting next_dagrun for extract_raw_data_pipeline to 2025-07-02 07:00:00+00:00, run_after=2025-07-03 07:00:00+00:00
[2025-07-02T22:26:10.769+0000] {processor.py:208} INFO - Processing /opt/airflow/dags/driven_data_pipeline.py took 19.815 seconds
[2025-07-02T22:26:49.840+0000] {processor.py:186} INFO - Started process (PID=107) to work on /opt/airflow/dags/driven_data_pipeline.py
[2025-07-02T22:26:49.880+0000] {processor.py:914} INFO - Processing file /opt/airflow/dags/driven_data_pipeline.py for tasks to queue
[2025-07-02T22:26:50.358+0000] {logging_mixin.py:190} INFO - [2025-07-02T22:26:50.257+0000] {dagbag.py:588} INFO - Filling up the DagBag from /opt/airflow/dags/driven_data_pipeline.py
[2025-07-02T22:27:21.085+0000] {logging_mixin.py:190} INFO - [2025-07-02T22:27:21.039+0000] {timeout.py:68} ERROR - Process timed out, PID: 107
[2025-07-02T22:27:24.455+0000] {logging_mixin.py:190} INFO - [2025-07-02T22:27:21.173+0000] {dagbag.py:387} ERROR - Failed to import: /opt/airflow/dags/driven_data_pipeline.py
Traceback (most recent call last):
  File "/home/airflow/.local/lib/python3.12/site-packages/airflow/models/dagbag.py", line 383, in parse
    loader.exec_module(new_module)
  File "<frozen importlib._bootstrap_external>", line 995, in exec_module
  File "<frozen importlib._bootstrap>", line 488, in _call_with_frames_removed
  File "/opt/airflow/dags/driven_data_pipeline.py", line 7, in <module>
    from faker import Faker
  File "/home/airflow/.local/lib/python3.12/site-packages/faker/__init__.py", line 1, in <module>
    from faker.factory import Factory
  File "/home/airflow/.local/lib/python3.12/site-packages/faker/factory.py", line 8, in <module>
    from .config import AVAILABLE_LOCALES, DEFAULT_LOCALE, PROVIDERS
  File "/home/airflow/.local/lib/python3.12/site-packages/faker/config.py", line 13, in <module>
    AVAILABLE_LOCALES = find_available_locales(PROVIDERS)
                        ^^^^^^^^^^^^^^^^^^^^^^^^^^^^^^^^^
  File "/home/airflow/.local/lib/python3.12/site-packages/faker/utils/loading.py", line 47, in find_available_locales
    langs = list_module(provider_module)
            ^^^^^^^^^^^^^^^^^^^^^^^^^^^^
  File "/home/airflow/.local/lib/python3.12/site-packages/faker/utils/loading.py", line 38, in list_module
    return [name for _, name, is_pkg in pkgutil.iter_modules([str(path)]) if is_pkg]
                                        ^^^^^^^^^^^^^^^^^^^^^^^^^^^^^^^^^
  File "/usr/local/lib/python3.12/pkgutil.py", line 116, in iter_modules
    for name, ispkg in iter_importer_modules(i, prefix):
                       ^^^^^^^^^^^^^^^^^^^^^^^^^^^^^^^^
  File "/usr/local/lib/python3.12/pkgutil.py", line 151, in _iter_file_finder_modules
    if not modname and os.path.isdir(path) and '.' not in fn:
                       ^^^^^^^^^^^^^^^^^^^
  File "<frozen genericpath>", line 42, in isdir
  File "/home/airflow/.local/lib/python3.12/site-packages/airflow/utils/timeout.py", line 69, in handle_timeout
    raise AirflowTaskTimeout(self.error_message)
airflow.exceptions.AirflowTaskTimeout: DagBag import timeout for /opt/airflow/dags/driven_data_pipeline.py after 30.0s.
Please take a look at these docs to improve your DAG import time:
* https://airflow.apache.org/docs/apache-airflow/2.10.2/best-practices.html#top-level-python-code
* https://airflow.apache.org/docs/apache-airflow/2.10.2/best-practices.html#reducing-dag-complexity, PID: 107
[2025-07-02T22:27:24.807+0000] {processor.py:927} WARNING - No viable dags retrieved from /opt/airflow/dags/driven_data_pipeline.py
[2025-07-02T22:27:28.043+0000] {processor.py:208} INFO - Processing /opt/airflow/dags/driven_data_pipeline.py took 40.303 seconds
[2025-07-02T22:28:03.166+0000] {processor.py:186} INFO - Started process (PID=121) to work on /opt/airflow/dags/driven_data_pipeline.py
[2025-07-02T22:28:03.207+0000] {processor.py:914} INFO - Processing file /opt/airflow/dags/driven_data_pipeline.py for tasks to queue
[2025-07-02T22:28:03.432+0000] {logging_mixin.py:190} INFO - [2025-07-02T22:28:03.400+0000] {dagbag.py:588} INFO - Filling up the DagBag from /opt/airflow/dags/driven_data_pipeline.py
[2025-07-02T22:28:40.819+0000] {logging_mixin.py:190} INFO - [2025-07-02T22:28:40.819+0000] {timeout.py:68} ERROR - Process timed out, PID: 121
[2025-07-02T22:28:40.827+0000] {logging_mixin.py:190} WARNING - Exception ignored in: <function WeakKeyDictionary.__init__.<locals>.remove at 0x72d790f72f20>
[2025-07-02T22:28:40.830+0000] {logging_mixin.py:190} WARNING - Traceback (most recent call last):
[2025-07-02T22:28:40.837+0000] {logging_mixin.py:190} WARNING -   File "/usr/local/lib/python3.12/weakref.py", line 369, in remove
[2025-07-02T22:28:40.846+0000] {logging_mixin.py:190} WARNING -     def remove(k, selfref=ref(self)):
[2025-07-02T22:28:40.853+0000] {logging_mixin.py:190} WARNING -   File "/home/airflow/.local/lib/python3.12/site-packages/airflow/utils/timeout.py", line 69, in handle_timeout
[2025-07-02T22:28:40.857+0000] {logging_mixin.py:190} WARNING -     raise AirflowTaskTimeout(self.error_message)
[2025-07-02T22:28:40.866+0000] {logging_mixin.py:190} WARNING - airflow.exceptions.AirflowTaskTimeout: DagBag import timeout for /opt/airflow/dags/driven_data_pipeline.py after 30.0s.
Please take a look at these docs to improve your DAG import time:
* https://airflow.apache.org/docs/apache-airflow/2.10.2/best-practices.html#top-level-python-code
* https://airflow.apache.org/docs/apache-airflow/2.10.2/best-practices.html#reducing-dag-complexity, PID: 121
[2025-07-02T22:28:48.690+0000] {processor.py:925} INFO - DAG(s) 'extract_raw_data_pipeline' retrieved from /opt/airflow/dags/driven_data_pipeline.py
[2025-07-02T22:29:22.065+0000] {processor.py:186} INFO - Started process (PID=135) to work on /opt/airflow/dags/driven_data_pipeline.py
[2025-07-02T22:29:22.093+0000] {processor.py:914} INFO - Processing file /opt/airflow/dags/driven_data_pipeline.py for tasks to queue
[2025-07-02T22:29:22.134+0000] {logging_mixin.py:190} INFO - [2025-07-02T22:29:22.114+0000] {dagbag.py:588} INFO - Filling up the DagBag from /opt/airflow/dags/driven_data_pipeline.py
[2025-07-02T22:29:35.506+0000] {processor.py:925} INFO - DAG(s) 'extract_raw_data_pipeline' retrieved from /opt/airflow/dags/driven_data_pipeline.py
[2025-07-02T22:29:36.936+0000] {logging_mixin.py:190} INFO - [2025-07-02T22:29:36.936+0000] {dag.py:3239} INFO - Sync 1 DAGs
[2025-07-02T22:29:37.135+0000] {logging_mixin.py:190} INFO - [2025-07-02T22:29:37.118+0000] {dag.py:4180} INFO - Setting next_dagrun for extract_raw_data_pipeline to 2025-07-02 07:00:00+00:00, run_after=2025-07-03 07:00:00+00:00
[2025-07-02T22:29:37.396+0000] {processor.py:208} INFO - Processing /opt/airflow/dags/driven_data_pipeline.py took 15.664 seconds
[2025-07-02T22:30:10.025+0000] {processor.py:186} INFO - Started process (PID=149) to work on /opt/airflow/dags/driven_data_pipeline.py
[2025-07-02T22:30:10.034+0000] {processor.py:914} INFO - Processing file /opt/airflow/dags/driven_data_pipeline.py for tasks to queue
[2025-07-02T22:30:10.063+0000] {logging_mixin.py:190} INFO - [2025-07-02T22:30:10.056+0000] {dagbag.py:588} INFO - Filling up the DagBag from /opt/airflow/dags/driven_data_pipeline.py
[2025-07-02T22:30:21.850+0000] {processor.py:925} INFO - DAG(s) 'extract_raw_data_pipeline' retrieved from /opt/airflow/dags/driven_data_pipeline.py
[2025-07-02T22:30:22.021+0000] {logging_mixin.py:190} INFO - [2025-07-02T22:30:22.020+0000] {dag.py:3239} INFO - Sync 1 DAGs
[2025-07-02T22:30:22.149+0000] {logging_mixin.py:190} INFO - [2025-07-02T22:30:22.149+0000] {dag.py:4180} INFO - Setting next_dagrun for extract_raw_data_pipeline to 2025-07-02 07:00:00+00:00, run_after=2025-07-03 07:00:00+00:00
[2025-07-02T22:30:22.224+0000] {processor.py:208} INFO - Processing /opt/airflow/dags/driven_data_pipeline.py took 12.697 seconds
[2025-07-02T22:30:54.292+0000] {processor.py:186} INFO - Started process (PID=156) to work on /opt/airflow/dags/driven_data_pipeline.py
[2025-07-02T22:30:54.356+0000] {processor.py:914} INFO - Processing file /opt/airflow/dags/driven_data_pipeline.py for tasks to queue
[2025-07-02T22:30:54.450+0000] {logging_mixin.py:190} INFO - [2025-07-02T22:30:54.430+0000] {dagbag.py:588} INFO - Filling up the DagBag from /opt/airflow/dags/driven_data_pipeline.py
[2025-07-02T22:31:16.851+0000] {processor.py:925} INFO - DAG(s) 'extract_raw_data_pipeline' retrieved from /opt/airflow/dags/driven_data_pipeline.py
[2025-07-02T22:31:17.173+0000] {logging_mixin.py:190} INFO - [2025-07-02T22:31:17.172+0000] {dag.py:3239} INFO - Sync 1 DAGs
[2025-07-02T22:31:17.354+0000] {logging_mixin.py:190} INFO - [2025-07-02T22:31:17.353+0000] {dag.py:4180} INFO - Setting next_dagrun for extract_raw_data_pipeline to 2025-07-02 07:00:00+00:00, run_after=2025-07-03 07:00:00+00:00
[2025-07-02T22:31:17.701+0000] {processor.py:208} INFO - Processing /opt/airflow/dags/driven_data_pipeline.py took 24.150 seconds
[2025-07-02T22:31:55.449+0000] {processor.py:186} INFO - Started process (PID=169) to work on /opt/airflow/dags/driven_data_pipeline.py
[2025-07-02T22:31:55.535+0000] {processor.py:914} INFO - Processing file /opt/airflow/dags/driven_data_pipeline.py for tasks to queue
[2025-07-02T22:31:55.792+0000] {logging_mixin.py:190} INFO - [2025-07-02T22:31:55.744+0000] {dagbag.py:588} INFO - Filling up the DagBag from /opt/airflow/dags/driven_data_pipeline.py
[2025-07-02T22:32:07.919+0000] {processor.py:925} INFO - DAG(s) 'extract_raw_data_pipeline' retrieved from /opt/airflow/dags/driven_data_pipeline.py
[2025-07-02T22:32:09.788+0000] {logging_mixin.py:190} INFO - [2025-07-02T22:32:09.788+0000] {dag.py:3239} INFO - Sync 1 DAGs
[2025-07-02T22:32:10.832+0000] {logging_mixin.py:190} INFO - [2025-07-02T22:32:10.822+0000] {dag.py:4180} INFO - Setting next_dagrun for extract_raw_data_pipeline to 2025-07-02 07:00:00+00:00, run_after=2025-07-03 07:00:00+00:00
[2025-07-02T22:32:11.429+0000] {processor.py:208} INFO - Processing /opt/airflow/dags/driven_data_pipeline.py took 16.821 seconds
[2025-07-02T22:32:54.489+0000] {processor.py:186} INFO - Started process (PID=183) to work on /opt/airflow/dags/driven_data_pipeline.py
[2025-07-02T22:32:54.742+0000] {processor.py:914} INFO - Processing file /opt/airflow/dags/driven_data_pipeline.py for tasks to queue
[2025-07-02T22:32:55.000+0000] {logging_mixin.py:190} INFO - [2025-07-02T22:32:54.844+0000] {dagbag.py:588} INFO - Filling up the DagBag from /opt/airflow/dags/driven_data_pipeline.py
[2025-07-02T22:33:09.865+0000] {processor.py:925} INFO - DAG(s) 'extract_raw_data_pipeline' retrieved from /opt/airflow/dags/driven_data_pipeline.py
[2025-07-02T22:33:10.919+0000] {logging_mixin.py:190} INFO - [2025-07-02T22:33:10.911+0000] {dag.py:3239} INFO - Sync 1 DAGs
[2025-07-02T22:33:14.376+0000] {logging_mixin.py:190} INFO - [2025-07-02T22:33:14.375+0000] {dag.py:4180} INFO - Setting next_dagrun for extract_raw_data_pipeline to 2025-07-02 07:00:00+00:00, run_after=2025-07-03 07:00:00+00:00
[2025-07-02T22:33:15.100+0000] {processor.py:208} INFO - Processing /opt/airflow/dags/driven_data_pipeline.py took 26.603 seconds
[2025-07-02T22:33:46.770+0000] {processor.py:186} INFO - Started process (PID=192) to work on /opt/airflow/dags/driven_data_pipeline.py
[2025-07-02T22:33:46.782+0000] {processor.py:914} INFO - Processing file /opt/airflow/dags/driven_data_pipeline.py for tasks to queue
[2025-07-02T22:33:46.810+0000] {logging_mixin.py:190} INFO - [2025-07-02T22:33:46.797+0000] {dagbag.py:588} INFO - Filling up the DagBag from /opt/airflow/dags/driven_data_pipeline.py
[2025-07-02T22:33:50.786+0000] {processor.py:925} INFO - DAG(s) 'extract_raw_data_pipeline' retrieved from /opt/airflow/dags/driven_data_pipeline.py
[2025-07-02T22:33:50.988+0000] {logging_mixin.py:190} INFO - [2025-07-02T22:33:50.987+0000] {dag.py:3239} INFO - Sync 1 DAGs
[2025-07-02T22:33:51.232+0000] {logging_mixin.py:190} INFO - [2025-07-02T22:33:51.231+0000] {dag.py:4180} INFO - Setting next_dagrun for extract_raw_data_pipeline to 2025-07-02 07:00:00+00:00, run_after=2025-07-03 07:00:00+00:00
[2025-07-02T22:33:51.469+0000] {processor.py:208} INFO - Processing /opt/airflow/dags/driven_data_pipeline.py took 5.051 seconds
[2025-07-02T22:34:23.462+0000] {processor.py:186} INFO - Started process (PID=207) to work on /opt/airflow/dags/driven_data_pipeline.py
[2025-07-02T22:34:23.479+0000] {processor.py:914} INFO - Processing file /opt/airflow/dags/driven_data_pipeline.py for tasks to queue
[2025-07-02T22:34:23.535+0000] {logging_mixin.py:190} INFO - [2025-07-02T22:34:23.510+0000] {dagbag.py:588} INFO - Filling up the DagBag from /opt/airflow/dags/driven_data_pipeline.py
[2025-07-02T22:34:27.939+0000] {processor.py:925} INFO - DAG(s) 'extract_raw_data_pipeline' retrieved from /opt/airflow/dags/driven_data_pipeline.py
[2025-07-02T22:34:28.271+0000] {logging_mixin.py:190} INFO - [2025-07-02T22:34:28.270+0000] {dag.py:3239} INFO - Sync 1 DAGs
[2025-07-02T22:34:28.676+0000] {logging_mixin.py:190} INFO - [2025-07-02T22:34:28.659+0000] {dag.py:4180} INFO - Setting next_dagrun for extract_raw_data_pipeline to 2025-07-02 07:00:00+00:00, run_after=2025-07-03 07:00:00+00:00
[2025-07-02T22:34:30.426+0000] {processor.py:208} INFO - Processing /opt/airflow/dags/driven_data_pipeline.py took 7.347 seconds
[2025-07-02T22:35:01.491+0000] {processor.py:186} INFO - Started process (PID=215) to work on /opt/airflow/dags/driven_data_pipeline.py
[2025-07-02T22:35:01.500+0000] {processor.py:914} INFO - Processing file /opt/airflow/dags/driven_data_pipeline.py for tasks to queue
[2025-07-02T22:35:01.525+0000] {logging_mixin.py:190} INFO - [2025-07-02T22:35:01.516+0000] {dagbag.py:588} INFO - Filling up the DagBag from /opt/airflow/dags/driven_data_pipeline.py
[2025-07-02T22:35:13.364+0000] {processor.py:925} INFO - DAG(s) 'extract_raw_data_pipeline' retrieved from /opt/airflow/dags/driven_data_pipeline.py
[2025-07-02T22:35:15.184+0000] {logging_mixin.py:190} INFO - [2025-07-02T22:35:15.183+0000] {dag.py:3239} INFO - Sync 1 DAGs
[2025-07-02T22:35:15.531+0000] {logging_mixin.py:190} INFO - [2025-07-02T22:35:15.530+0000] {dag.py:4180} INFO - Setting next_dagrun for extract_raw_data_pipeline to 2025-07-02 07:00:00+00:00, run_after=2025-07-03 07:00:00+00:00
[2025-07-02T22:35:15.675+0000] {processor.py:208} INFO - Processing /opt/airflow/dags/driven_data_pipeline.py took 14.343 seconds
[2025-07-02T22:35:46.949+0000] {processor.py:186} INFO - Started process (PID=223) to work on /opt/airflow/dags/driven_data_pipeline.py
[2025-07-02T22:35:46.988+0000] {processor.py:914} INFO - Processing file /opt/airflow/dags/driven_data_pipeline.py for tasks to queue
[2025-07-02T22:35:47.023+0000] {logging_mixin.py:190} INFO - [2025-07-02T22:35:47.013+0000] {dagbag.py:588} INFO - Filling up the DagBag from /opt/airflow/dags/driven_data_pipeline.py
[2025-07-02T22:35:54.953+0000] {processor.py:925} INFO - DAG(s) 'extract_raw_data_pipeline' retrieved from /opt/airflow/dags/driven_data_pipeline.py
[2025-07-02T22:35:56.192+0000] {logging_mixin.py:190} INFO - [2025-07-02T22:35:56.191+0000] {dag.py:3239} INFO - Sync 1 DAGs
[2025-07-02T22:35:57.252+0000] {logging_mixin.py:190} INFO - [2025-07-02T22:35:57.251+0000] {dag.py:4180} INFO - Setting next_dagrun for extract_raw_data_pipeline to 2025-07-02 07:00:00+00:00, run_after=2025-07-03 07:00:00+00:00
[2025-07-02T22:35:57.411+0000] {processor.py:208} INFO - Processing /opt/airflow/dags/driven_data_pipeline.py took 11.233 seconds
[2025-07-02T22:36:28.567+0000] {processor.py:186} INFO - Started process (PID=231) to work on /opt/airflow/dags/driven_data_pipeline.py
[2025-07-02T22:36:28.597+0000] {processor.py:914} INFO - Processing file /opt/airflow/dags/driven_data_pipeline.py for tasks to queue
[2025-07-02T22:36:28.631+0000] {logging_mixin.py:190} INFO - [2025-07-02T22:36:28.624+0000] {dagbag.py:588} INFO - Filling up the DagBag from /opt/airflow/dags/driven_data_pipeline.py
[2025-07-02T22:36:38.466+0000] {processor.py:925} INFO - DAG(s) 'extract_raw_data_pipeline' retrieved from /opt/airflow/dags/driven_data_pipeline.py
[2025-07-02T22:36:42.648+0000] {logging_mixin.py:190} INFO - [2025-07-02T22:36:42.637+0000] {dag.py:3239} INFO - Sync 1 DAGs
[2025-07-02T22:36:46.008+0000] {logging_mixin.py:190} INFO - [2025-07-02T22:36:46.007+0000] {dag.py:4180} INFO - Setting next_dagrun for extract_raw_data_pipeline to 2025-07-02 07:00:00+00:00, run_after=2025-07-03 07:00:00+00:00
[2025-07-02T22:36:46.579+0000] {processor.py:208} INFO - Processing /opt/airflow/dags/driven_data_pipeline.py took 18.333 seconds
[2025-07-02T22:37:17.933+0000] {processor.py:186} INFO - Started process (PID=244) to work on /opt/airflow/dags/driven_data_pipeline.py
[2025-07-02T22:37:18.009+0000] {processor.py:914} INFO - Processing file /opt/airflow/dags/driven_data_pipeline.py for tasks to queue
[2025-07-02T22:37:18.073+0000] {logging_mixin.py:190} INFO - [2025-07-02T22:37:18.050+0000] {dagbag.py:588} INFO - Filling up the DagBag from /opt/airflow/dags/driven_data_pipeline.py
[2025-07-02T22:37:27.167+0000] {processor.py:925} INFO - DAG(s) 'extract_raw_data_pipeline' retrieved from /opt/airflow/dags/driven_data_pipeline.py
[2025-07-02T22:37:27.732+0000] {logging_mixin.py:190} INFO - [2025-07-02T22:37:27.731+0000] {dag.py:3239} INFO - Sync 1 DAGs
[2025-07-02T22:37:28.188+0000] {logging_mixin.py:190} INFO - [2025-07-02T22:37:28.187+0000] {dag.py:4180} INFO - Setting next_dagrun for extract_raw_data_pipeline to 2025-07-02 07:00:00+00:00, run_after=2025-07-03 07:00:00+00:00
[2025-07-02T22:37:29.097+0000] {processor.py:208} INFO - Processing /opt/airflow/dags/driven_data_pipeline.py took 11.693 seconds
[2025-07-02T22:38:01.196+0000] {processor.py:186} INFO - Started process (PID=252) to work on /opt/airflow/dags/driven_data_pipeline.py
[2025-07-02T22:38:01.220+0000] {processor.py:914} INFO - Processing file /opt/airflow/dags/driven_data_pipeline.py for tasks to queue
[2025-07-02T22:38:01.389+0000] {logging_mixin.py:190} INFO - [2025-07-02T22:38:01.387+0000] {dagbag.py:588} INFO - Filling up the DagBag from /opt/airflow/dags/driven_data_pipeline.py
[2025-07-02T22:38:02.586+0000] {processor.py:925} INFO - DAG(s) 'extract_raw_data_pipeline' retrieved from /opt/airflow/dags/driven_data_pipeline.py
[2025-07-02T22:38:02.801+0000] {logging_mixin.py:190} INFO - [2025-07-02T22:38:02.800+0000] {dag.py:3239} INFO - Sync 1 DAGs
[2025-07-02T22:38:02.994+0000] {logging_mixin.py:190} INFO - [2025-07-02T22:38:02.989+0000] {dag.py:4180} INFO - Setting next_dagrun for extract_raw_data_pipeline to 2025-07-02 07:00:00+00:00, run_after=2025-07-03 07:00:00+00:00
[2025-07-02T22:38:03.178+0000] {processor.py:208} INFO - Processing /opt/airflow/dags/driven_data_pipeline.py took 3.072 seconds
[2025-07-02T22:38:34.500+0000] {processor.py:186} INFO - Started process (PID=266) to work on /opt/airflow/dags/driven_data_pipeline.py
[2025-07-02T22:38:34.506+0000] {processor.py:914} INFO - Processing file /opt/airflow/dags/driven_data_pipeline.py for tasks to queue
[2025-07-02T22:38:34.510+0000] {logging_mixin.py:190} INFO - [2025-07-02T22:38:34.509+0000] {dagbag.py:588} INFO - Filling up the DagBag from /opt/airflow/dags/driven_data_pipeline.py
[2025-07-02T22:38:35.408+0000] {processor.py:925} INFO - DAG(s) 'extract_raw_data_pipeline' retrieved from /opt/airflow/dags/driven_data_pipeline.py
[2025-07-02T22:38:35.564+0000] {logging_mixin.py:190} INFO - [2025-07-02T22:38:35.564+0000] {dag.py:3239} INFO - Sync 1 DAGs
[2025-07-02T22:38:35.670+0000] {logging_mixin.py:190} INFO - [2025-07-02T22:38:35.670+0000] {dag.py:4180} INFO - Setting next_dagrun for extract_raw_data_pipeline to 2025-07-02 07:00:00+00:00, run_after=2025-07-03 07:00:00+00:00
[2025-07-02T22:38:35.733+0000] {processor.py:208} INFO - Processing /opt/airflow/dags/driven_data_pipeline.py took 1.264 seconds
[2025-07-02T22:39:06.607+0000] {processor.py:186} INFO - Started process (PID=274) to work on /opt/airflow/dags/driven_data_pipeline.py
[2025-07-02T22:39:06.646+0000] {processor.py:914} INFO - Processing file /opt/airflow/dags/driven_data_pipeline.py for tasks to queue
[2025-07-02T22:39:06.838+0000] {logging_mixin.py:190} INFO - [2025-07-02T22:39:06.765+0000] {dagbag.py:588} INFO - Filling up the DagBag from /opt/airflow/dags/driven_data_pipeline.py
[2025-07-02T22:39:12.452+0000] {processor.py:925} INFO - DAG(s) 'extract_raw_data_pipeline' retrieved from /opt/airflow/dags/driven_data_pipeline.py
[2025-07-02T22:39:15.599+0000] {logging_mixin.py:190} INFO - [2025-07-02T22:39:15.595+0000] {dag.py:3239} INFO - Sync 1 DAGs
[2025-07-02T22:39:15.984+0000] {logging_mixin.py:190} INFO - [2025-07-02T22:39:15.983+0000] {dag.py:4180} INFO - Setting next_dagrun for extract_raw_data_pipeline to 2025-07-02 07:00:00+00:00, run_after=2025-07-03 07:00:00+00:00
[2025-07-02T22:39:16.068+0000] {processor.py:208} INFO - Processing /opt/airflow/dags/driven_data_pipeline.py took 9.515 seconds
[2025-07-02T22:39:49.581+0000] {processor.py:186} INFO - Started process (PID=281) to work on /opt/airflow/dags/driven_data_pipeline.py
[2025-07-02T22:39:49.624+0000] {processor.py:914} INFO - Processing file /opt/airflow/dags/driven_data_pipeline.py for tasks to queue
[2025-07-02T22:39:49.692+0000] {logging_mixin.py:190} INFO - [2025-07-02T22:39:49.669+0000] {dagbag.py:588} INFO - Filling up the DagBag from /opt/airflow/dags/driven_data_pipeline.py
[2025-07-02T22:40:09.036+0000] {processor.py:925} INFO - DAG(s) 'extract_raw_data_pipeline' retrieved from /opt/airflow/dags/driven_data_pipeline.py
[2025-07-02T22:40:10.452+0000] {logging_mixin.py:190} INFO - [2025-07-02T22:40:10.435+0000] {dag.py:3239} INFO - Sync 1 DAGs
[2025-07-02T22:40:11.102+0000] {logging_mixin.py:190} INFO - [2025-07-02T22:40:11.096+0000] {dag.py:4180} INFO - Setting next_dagrun for extract_raw_data_pipeline to 2025-07-02 07:00:00+00:00, run_after=2025-07-03 07:00:00+00:00
[2025-07-02T22:40:11.966+0000] {processor.py:208} INFO - Processing /opt/airflow/dags/driven_data_pipeline.py took 22.902 seconds
[2025-07-02T22:40:48.719+0000] {processor.py:186} INFO - Started process (PID=296) to work on /opt/airflow/dags/driven_data_pipeline.py
[2025-07-02T22:40:48.835+0000] {processor.py:914} INFO - Processing file /opt/airflow/dags/driven_data_pipeline.py for tasks to queue
[2025-07-02T22:40:49.351+0000] {logging_mixin.py:190} INFO - [2025-07-02T22:40:49.200+0000] {dagbag.py:588} INFO - Filling up the DagBag from /opt/airflow/dags/driven_data_pipeline.py
[2025-07-02T22:41:08.390+0000] {processor.py:925} INFO - DAG(s) 'extract_raw_data_pipeline' retrieved from /opt/airflow/dags/driven_data_pipeline.py
[2025-07-02T22:41:10.219+0000] {logging_mixin.py:190} INFO - [2025-07-02T22:41:10.218+0000] {dag.py:3239} INFO - Sync 1 DAGs
[2025-07-02T22:41:10.831+0000] {logging_mixin.py:190} INFO - [2025-07-02T22:41:10.830+0000] {dag.py:4180} INFO - Setting next_dagrun for extract_raw_data_pipeline to 2025-07-02 07:00:00+00:00, run_after=2025-07-03 07:00:00+00:00
[2025-07-02T22:41:11.030+0000] {processor.py:208} INFO - Processing /opt/airflow/dags/driven_data_pipeline.py took 23.217 seconds
[2025-07-02T22:41:21.664+0000] {processor.py:186} INFO - Started process (PID=304) to work on /opt/airflow/dags/driven_data_pipeline.py
[2025-07-02T22:41:21.684+0000] {processor.py:914} INFO - Processing file /opt/airflow/dags/driven_data_pipeline.py for tasks to queue
[2025-07-02T22:41:21.700+0000] {logging_mixin.py:190} INFO - [2025-07-02T22:41:21.697+0000] {dagbag.py:588} INFO - Filling up the DagBag from /opt/airflow/dags/driven_data_pipeline.py
[2025-07-02T22:41:31.399+0000] {processor.py:925} INFO - DAG(s) 'extract_raw_data_pipeline' retrieved from /opt/airflow/dags/driven_data_pipeline.py
[2025-07-02T22:41:31.734+0000] {logging_mixin.py:190} INFO - [2025-07-02T22:41:31.733+0000] {dag.py:3239} INFO - Sync 1 DAGs
[2025-07-02T22:41:32.424+0000] {logging_mixin.py:190} INFO - [2025-07-02T22:41:32.423+0000] {dag.py:4180} INFO - Setting next_dagrun for extract_raw_data_pipeline to 2025-07-02 07:00:00+00:00, run_after=2025-07-03 07:00:00+00:00
[2025-07-02T22:41:33.915+0000] {processor.py:208} INFO - Processing /opt/airflow/dags/driven_data_pipeline.py took 12.484 seconds
[2025-07-02T22:42:10.716+0000] {processor.py:186} INFO - Started process (PID=311) to work on /opt/airflow/dags/driven_data_pipeline.py
[2025-07-02T22:42:10.745+0000] {processor.py:914} INFO - Processing file /opt/airflow/dags/driven_data_pipeline.py for tasks to queue
[2025-07-02T22:42:10.814+0000] {logging_mixin.py:190} INFO - [2025-07-02T22:42:10.799+0000] {dagbag.py:588} INFO - Filling up the DagBag from /opt/airflow/dags/driven_data_pipeline.py
[2025-07-02T22:42:12.701+0000] {processor.py:925} INFO - DAG(s) 'extract_raw_data_pipeline' retrieved from /opt/airflow/dags/driven_data_pipeline.py
[2025-07-02T22:42:12.905+0000] {logging_mixin.py:190} INFO - [2025-07-02T22:42:12.904+0000] {dag.py:3239} INFO - Sync 1 DAGs
[2025-07-02T22:42:13.208+0000] {logging_mixin.py:190} INFO - [2025-07-02T22:42:13.208+0000] {dag.py:4180} INFO - Setting next_dagrun for extract_raw_data_pipeline to 2025-07-02 07:00:00+00:00, run_after=2025-07-03 07:00:00+00:00
[2025-07-02T22:42:13.579+0000] {processor.py:208} INFO - Processing /opt/airflow/dags/driven_data_pipeline.py took 3.619 seconds
[2025-07-02T22:42:49.313+0000] {processor.py:186} INFO - Started process (PID=318) to work on /opt/airflow/dags/driven_data_pipeline.py
[2025-07-02T22:42:49.325+0000] {processor.py:914} INFO - Processing file /opt/airflow/dags/driven_data_pipeline.py for tasks to queue
[2025-07-02T22:42:49.344+0000] {logging_mixin.py:190} INFO - [2025-07-02T22:42:49.336+0000] {dagbag.py:588} INFO - Filling up the DagBag from /opt/airflow/dags/driven_data_pipeline.py
[2025-07-02T22:42:53.081+0000] {processor.py:925} INFO - DAG(s) 'extract_raw_data_pipeline' retrieved from /opt/airflow/dags/driven_data_pipeline.py
[2025-07-02T22:42:53.407+0000] {logging_mixin.py:190} INFO - [2025-07-02T22:42:53.406+0000] {dag.py:3239} INFO - Sync 1 DAGs
[2025-07-02T22:42:54.083+0000] {logging_mixin.py:190} INFO - [2025-07-02T22:42:54.082+0000] {dag.py:4180} INFO - Setting next_dagrun for extract_raw_data_pipeline to 2025-07-02 07:00:00+00:00, run_after=2025-07-03 07:00:00+00:00
[2025-07-02T22:42:54.335+0000] {processor.py:208} INFO - Processing /opt/airflow/dags/driven_data_pipeline.py took 5.496 seconds
[2025-07-02T22:43:26.502+0000] {processor.py:186} INFO - Started process (PID=333) to work on /opt/airflow/dags/driven_data_pipeline.py
[2025-07-02T22:43:26.523+0000] {processor.py:914} INFO - Processing file /opt/airflow/dags/driven_data_pipeline.py for tasks to queue
[2025-07-02T22:43:26.590+0000] {logging_mixin.py:190} INFO - [2025-07-02T22:43:26.562+0000] {dagbag.py:588} INFO - Filling up the DagBag from /opt/airflow/dags/driven_data_pipeline.py
[2025-07-02T22:43:35.472+0000] {processor.py:925} INFO - DAG(s) 'extract_raw_data_pipeline' retrieved from /opt/airflow/dags/driven_data_pipeline.py
[2025-07-02T22:43:50.631+0000] {logging_mixin.py:190} INFO - [2025-07-02T22:43:50.493+0000] {dag.py:3239} INFO - Sync 1 DAGs
[2025-07-02T22:43:52.504+0000] {logging_mixin.py:190} INFO - [2025-07-02T22:43:52.481+0000] {dag.py:4180} INFO - Setting next_dagrun for extract_raw_data_pipeline to 2025-07-02 07:00:00+00:00, run_after=2025-07-03 07:00:00+00:00
[2025-07-02T22:43:59.008+0000] {processor.py:208} INFO - Processing /opt/airflow/dags/driven_data_pipeline.py took 32.788 seconds
[2025-07-02T22:44:52.921+0000] {processor.py:186} INFO - Started process (PID=347) to work on /opt/airflow/dags/driven_data_pipeline.py
[2025-07-02T22:44:54.066+0000] {processor.py:914} INFO - Processing file /opt/airflow/dags/driven_data_pipeline.py for tasks to queue
[2025-07-02T22:44:54.300+0000] {logging_mixin.py:190} INFO - [2025-07-02T22:44:54.219+0000] {dagbag.py:588} INFO - Filling up the DagBag from /opt/airflow/dags/driven_data_pipeline.py
[2025-07-02T22:45:25.510+0000] {logging_mixin.py:190} INFO - [2025-07-02T22:45:25.014+0000] {timeout.py:68} ERROR - Process timed out, PID: 347
[2025-07-02T22:45:28.746+0000] {logging_mixin.py:190} INFO - [2025-07-02T22:45:25.589+0000] {dagbag.py:387} ERROR - Failed to import: /opt/airflow/dags/driven_data_pipeline.py
Traceback (most recent call last):
  File "/home/airflow/.local/lib/python3.12/site-packages/airflow/models/dagbag.py", line 383, in parse
    loader.exec_module(new_module)
  File "<frozen importlib._bootstrap_external>", line 995, in exec_module
  File "<frozen importlib._bootstrap>", line 488, in _call_with_frames_removed
  File "/opt/airflow/dags/driven_data_pipeline.py", line 5, in <module>
    import polars as pl
  File "/home/airflow/.local/lib/python3.12/site-packages/polars/__init__.py", line 21, in <module>
    from polars import api, exceptions, plugins, selectors
  File "/home/airflow/.local/lib/python3.12/site-packages/polars/api.py", line 6, in <module>
    import polars._reexport as pl
  File "/home/airflow/.local/lib/python3.12/site-packages/polars/_reexport.py", line 3, in <module>
    from polars.dataframe import DataFrame
  File "/home/airflow/.local/lib/python3.12/site-packages/polars/dataframe/__init__.py", line 1, in <module>
    from polars.dataframe.frame import DataFrame
  File "/home/airflow/.local/lib/python3.12/site-packages/polars/dataframe/frame.py", line 32, in <module>
    from polars import functions as F
  File "/home/airflow/.local/lib/python3.12/site-packages/polars/functions/__init__.py", line 1, in <module>
    from polars.functions.aggregation import (
  File "/home/airflow/.local/lib/python3.12/site-packages/polars/functions/aggregation/__init__.py", line 1, in <module>
    from polars.functions.aggregation.horizontal import (
  File "/home/airflow/.local/lib/python3.12/site-packages/polars/functions/aggregation/horizontal.py", line 7, in <module>
    from polars._utils.parse import parse_into_list_of_expressions
  File "/home/airflow/.local/lib/python3.12/site-packages/polars/_utils/__init__.py", line 19, in <module>
    from polars._utils.various import NoDefault, _polars_warn, is_column, no_default
  File "/home/airflow/.local/lib/python3.12/site-packages/polars/_utils/various.py", line 26, in <module>
    from polars.datatypes import (
  File "/home/airflow/.local/lib/python3.12/site-packages/polars/datatypes/__init__.py", line 1, in <module>
    from polars.datatypes._parse import parse_into_dtype, try_parse_into_dtype
  File "/home/airflow/.local/lib/python3.12/site-packages/polars/datatypes/_parse.py", line 26, in <module>
    from polars.datatypes.convert import is_polars_dtype
  File "/home/airflow/.local/lib/python3.12/site-packages/polars/datatypes/convert.py", line 49, in <module>
    OptionType = type(Optional[type])
                      ~~~~~~~~^^^^^^
  File "/usr/local/lib/python3.12/typing.py", line 395, in inner
    return _caches[func](*args, **kwds)
           ^^^^^^^^^^^^^^^^^^^^^^^^^^^^
  File "/usr/local/lib/python3.12/typing.py", line 517, in __getitem__
    return self._getitem(self, parameters)
           ^^^^^^^^^^^^^^^^^^^^^^^^^^^^^^^
  File "/usr/local/lib/python3.12/typing.py", line 751, in Optional
    return Union[arg, type(None)]
           ~~~~~^^^^^^^^^^^^^^^^^
  File "/usr/local/lib/python3.12/typing.py", line 395, in inner
    return _caches[func](*args, **kwds)
           ^^^^^^^^^^^^^^^^^^^^^^^^^^^^
  File "/usr/local/lib/python3.12/typing.py", line 517, in __getitem__
    return self._getitem(self, parameters)
           ^^^^^^^^^^^^^^^^^^^^^^^^^^^^^^^
  File "/usr/local/lib/python3.12/typing.py", line 731, in Union
    parameters = _remove_dups_flatten(parameters)
                 ^^^^^^^^^^^^^^^^^^^^^^^^^^^^^^^^
  File "/usr/local/lib/python3.12/typing.py", line 345, in _remove_dups_flatten
    def _remove_dups_flatten(parameters):
    
  File "/home/airflow/.local/lib/python3.12/site-packages/airflow/utils/timeout.py", line 69, in handle_timeout
    raise AirflowTaskTimeout(self.error_message)
airflow.exceptions.AirflowTaskTimeout: DagBag import timeout for /opt/airflow/dags/driven_data_pipeline.py after 30.0s.
Please take a look at these docs to improve your DAG import time:
* https://airflow.apache.org/docs/apache-airflow/2.10.2/best-practices.html#top-level-python-code
* https://airflow.apache.org/docs/apache-airflow/2.10.2/best-practices.html#reducing-dag-complexity, PID: 347
[2025-07-02T22:45:28.917+0000] {processor.py:927} WARNING - No viable dags retrieved from /opt/airflow/dags/driven_data_pipeline.py
[2025-07-02T22:46:09.686+0000] {processor.py:186} INFO - Started process (PID=361) to work on /opt/airflow/dags/driven_data_pipeline.py
[2025-07-02T22:46:09.705+0000] {processor.py:914} INFO - Processing file /opt/airflow/dags/driven_data_pipeline.py for tasks to queue
[2025-07-02T22:46:09.765+0000] {logging_mixin.py:190} INFO - [2025-07-02T22:46:09.745+0000] {dagbag.py:588} INFO - Filling up the DagBag from /opt/airflow/dags/driven_data_pipeline.py
[2025-07-02T22:46:16.212+0000] {processor.py:925} INFO - DAG(s) 'extract_raw_data_pipeline' retrieved from /opt/airflow/dags/driven_data_pipeline.py
[2025-07-02T22:46:16.926+0000] {logging_mixin.py:190} INFO - [2025-07-02T22:46:16.925+0000] {dag.py:3239} INFO - Sync 1 DAGs
[2025-07-02T22:46:17.920+0000] {logging_mixin.py:190} INFO - [2025-07-02T22:46:17.914+0000] {dag.py:4180} INFO - Setting next_dagrun for extract_raw_data_pipeline to 2025-07-02 07:00:00+00:00, run_after=2025-07-03 07:00:00+00:00
[2025-07-02T22:46:18.249+0000] {processor.py:208} INFO - Processing /opt/airflow/dags/driven_data_pipeline.py took 8.992 seconds
[2025-07-02T22:46:50.107+0000] {processor.py:186} INFO - Started process (PID=375) to work on /opt/airflow/dags/driven_data_pipeline.py
[2025-07-02T22:46:50.138+0000] {processor.py:914} INFO - Processing file /opt/airflow/dags/driven_data_pipeline.py for tasks to queue
[2025-07-02T22:46:50.171+0000] {logging_mixin.py:190} INFO - [2025-07-02T22:46:50.153+0000] {dagbag.py:588} INFO - Filling up the DagBag from /opt/airflow/dags/driven_data_pipeline.py
[2025-07-02T22:46:57.719+0000] {processor.py:925} INFO - DAG(s) 'extract_raw_data_pipeline' retrieved from /opt/airflow/dags/driven_data_pipeline.py
[2025-07-02T22:46:57.906+0000] {logging_mixin.py:190} INFO - [2025-07-02T22:46:57.905+0000] {dag.py:3239} INFO - Sync 1 DAGs
[2025-07-02T22:46:58.196+0000] {logging_mixin.py:190} INFO - [2025-07-02T22:46:58.196+0000] {dag.py:4180} INFO - Setting next_dagrun for extract_raw_data_pipeline to 2025-07-02 07:00:00+00:00, run_after=2025-07-03 07:00:00+00:00
[2025-07-02T22:46:58.349+0000] {processor.py:208} INFO - Processing /opt/airflow/dags/driven_data_pipeline.py took 8.594 seconds
[2025-07-02T22:47:30.640+0000] {processor.py:186} INFO - Started process (PID=382) to work on /opt/airflow/dags/driven_data_pipeline.py
[2025-07-02T22:47:31.092+0000] {processor.py:914} INFO - Processing file /opt/airflow/dags/driven_data_pipeline.py for tasks to queue
[2025-07-02T22:47:31.224+0000] {logging_mixin.py:190} INFO - [2025-07-02T22:47:31.191+0000] {dagbag.py:588} INFO - Filling up the DagBag from /opt/airflow/dags/driven_data_pipeline.py
[2025-07-02T22:47:33.950+0000] {processor.py:925} INFO - DAG(s) 'extract_raw_data_pipeline' retrieved from /opt/airflow/dags/driven_data_pipeline.py
[2025-07-02T22:47:34.455+0000] {logging_mixin.py:190} INFO - [2025-07-02T22:47:34.455+0000] {dag.py:3239} INFO - Sync 1 DAGs
[2025-07-02T22:47:34.602+0000] {logging_mixin.py:190} INFO - [2025-07-02T22:47:34.601+0000] {dag.py:4180} INFO - Setting next_dagrun for extract_raw_data_pipeline to 2025-07-02 07:00:00+00:00, run_after=2025-07-03 07:00:00+00:00
[2025-07-02T22:47:34.762+0000] {processor.py:208} INFO - Processing /opt/airflow/dags/driven_data_pipeline.py took 5.464 seconds
[2025-07-02T22:48:09.862+0000] {processor.py:186} INFO - Started process (PID=389) to work on /opt/airflow/dags/driven_data_pipeline.py
[2025-07-02T22:48:09.888+0000] {processor.py:914} INFO - Processing file /opt/airflow/dags/driven_data_pipeline.py for tasks to queue
[2025-07-02T22:48:09.987+0000] {logging_mixin.py:190} INFO - [2025-07-02T22:48:09.965+0000] {dagbag.py:588} INFO - Filling up the DagBag from /opt/airflow/dags/driven_data_pipeline.py
[2025-07-02T22:48:25.186+0000] {processor.py:925} INFO - DAG(s) 'extract_raw_data_pipeline' retrieved from /opt/airflow/dags/driven_data_pipeline.py
[2025-07-02T22:48:25.606+0000] {logging_mixin.py:190} INFO - [2025-07-02T22:48:25.606+0000] {dag.py:3239} INFO - Sync 1 DAGs
[2025-07-02T22:48:25.950+0000] {logging_mixin.py:190} INFO - [2025-07-02T22:48:25.945+0000] {dag.py:4180} INFO - Setting next_dagrun for extract_raw_data_pipeline to 2025-07-02 07:00:00+00:00, run_after=2025-07-03 07:00:00+00:00
[2025-07-02T22:48:26.082+0000] {processor.py:208} INFO - Processing /opt/airflow/dags/driven_data_pipeline.py took 16.978 seconds
[2025-07-02T22:48:56.741+0000] {processor.py:186} INFO - Started process (PID=403) to work on /opt/airflow/dags/driven_data_pipeline.py
[2025-07-02T22:48:56.757+0000] {processor.py:914} INFO - Processing file /opt/airflow/dags/driven_data_pipeline.py for tasks to queue
[2025-07-02T22:48:56.769+0000] {logging_mixin.py:190} INFO - [2025-07-02T22:48:56.768+0000] {dagbag.py:588} INFO - Filling up the DagBag from /opt/airflow/dags/driven_data_pipeline.py
[2025-07-02T22:48:57.608+0000] {processor.py:925} INFO - DAG(s) 'extract_raw_data_pipeline' retrieved from /opt/airflow/dags/driven_data_pipeline.py
[2025-07-02T22:48:57.863+0000] {logging_mixin.py:190} INFO - [2025-07-02T22:48:57.862+0000] {dag.py:3239} INFO - Sync 1 DAGs
[2025-07-02T22:48:59.340+0000] {logging_mixin.py:190} INFO - [2025-07-02T22:48:59.338+0000] {dag.py:4180} INFO - Setting next_dagrun for extract_raw_data_pipeline to 2025-07-02 07:00:00+00:00, run_after=2025-07-03 07:00:00+00:00
[2025-07-02T22:48:59.592+0000] {processor.py:208} INFO - Processing /opt/airflow/dags/driven_data_pipeline.py took 2.897 seconds
[2025-07-02T22:49:32.949+0000] {processor.py:186} INFO - Started process (PID=411) to work on /opt/airflow/dags/driven_data_pipeline.py
[2025-07-02T22:49:32.964+0000] {processor.py:914} INFO - Processing file /opt/airflow/dags/driven_data_pipeline.py for tasks to queue
[2025-07-02T22:49:33.013+0000] {logging_mixin.py:190} INFO - [2025-07-02T22:49:32.990+0000] {dagbag.py:588} INFO - Filling up the DagBag from /opt/airflow/dags/driven_data_pipeline.py
[2025-07-02T22:49:35.495+0000] {processor.py:925} INFO - DAG(s) 'extract_raw_data_pipeline' retrieved from /opt/airflow/dags/driven_data_pipeline.py
[2025-07-02T22:49:35.776+0000] {logging_mixin.py:190} INFO - [2025-07-02T22:49:35.775+0000] {dag.py:3239} INFO - Sync 1 DAGs
[2025-07-02T22:49:36.000+0000] {logging_mixin.py:190} INFO - [2025-07-02T22:49:36.000+0000] {dag.py:4180} INFO - Setting next_dagrun for extract_raw_data_pipeline to 2025-07-02 07:00:00+00:00, run_after=2025-07-03 07:00:00+00:00
[2025-07-02T22:49:36.048+0000] {processor.py:208} INFO - Processing /opt/airflow/dags/driven_data_pipeline.py took 3.606 seconds
[2025-07-02T22:50:12.049+0000] {processor.py:186} INFO - Started process (PID=419) to work on /opt/airflow/dags/driven_data_pipeline.py
[2025-07-02T22:50:12.061+0000] {processor.py:914} INFO - Processing file /opt/airflow/dags/driven_data_pipeline.py for tasks to queue
[2025-07-02T22:50:12.095+0000] {logging_mixin.py:190} INFO - [2025-07-02T22:50:12.081+0000] {dagbag.py:588} INFO - Filling up the DagBag from /opt/airflow/dags/driven_data_pipeline.py
[2025-07-02T22:50:42.196+0000] {processor.py:925} INFO - DAG(s) 'extract_raw_data_pipeline' retrieved from /opt/airflow/dags/driven_data_pipeline.py
[2025-07-02T22:52:16.454+0000] {processor.py:186} INFO - Started process (PID=434) to work on /opt/airflow/dags/driven_data_pipeline.py
[2025-07-02T22:52:16.612+0000] {processor.py:914} INFO - Processing file /opt/airflow/dags/driven_data_pipeline.py for tasks to queue
[2025-07-02T22:52:23.510+0000] {logging_mixin.py:190} INFO - [2025-07-02T22:52:22.956+0000] {dagbag.py:588} INFO - Filling up the DagBag from /opt/airflow/dags/driven_data_pipeline.py
[2025-07-02T22:53:13.895+0000] {processor.py:186} INFO - Started process (PID=447) to work on /opt/airflow/dags/driven_data_pipeline.py
[2025-07-02T22:53:13.963+0000] {processor.py:914} INFO - Processing file /opt/airflow/dags/driven_data_pipeline.py for tasks to queue
[2025-07-02T22:53:14.256+0000] {logging_mixin.py:190} INFO - [2025-07-02T22:53:14.125+0000] {dagbag.py:588} INFO - Filling up the DagBag from /opt/airflow/dags/driven_data_pipeline.py
[2025-07-02T22:53:36.022+0000] {processor.py:925} INFO - DAG(s) 'extract_raw_data_pipeline' retrieved from /opt/airflow/dags/driven_data_pipeline.py
[2025-07-02T22:53:40.301+0000] {logging_mixin.py:190} INFO - [2025-07-02T22:53:40.301+0000] {dag.py:3239} INFO - Sync 1 DAGs
[2025-07-02T22:53:41.154+0000] {logging_mixin.py:190} INFO - [2025-07-02T22:53:41.153+0000] {dag.py:4180} INFO - Setting next_dagrun for extract_raw_data_pipeline to 2025-07-02 07:00:00+00:00, run_after=2025-07-03 07:00:00+00:00
[2025-07-02T22:53:41.605+0000] {processor.py:208} INFO - Processing /opt/airflow/dags/driven_data_pipeline.py took 27.923 seconds
[2025-07-02T22:54:46.335+0000] {processor.py:186} INFO - Started process (PID=467) to work on /opt/airflow/dags/driven_data_pipeline.py
[2025-07-02T22:54:46.362+0000] {processor.py:914} INFO - Processing file /opt/airflow/dags/driven_data_pipeline.py for tasks to queue
[2025-07-02T22:54:46.775+0000] {logging_mixin.py:190} INFO - [2025-07-02T22:54:46.480+0000] {dagbag.py:588} INFO - Filling up the DagBag from /opt/airflow/dags/driven_data_pipeline.py
[2025-07-02T22:55:19.904+0000] {logging_mixin.py:190} INFO - [2025-07-02T22:55:18.796+0000] {timeout.py:68} ERROR - Process timed out, PID: 467
[2025-07-02T22:55:20.544+0000] {logging_mixin.py:190} INFO - [2025-07-02T22:55:19.923+0000] {dagbag.py:387} ERROR - Failed to import: /opt/airflow/dags/driven_data_pipeline.py
Traceback (most recent call last):
  File "/home/airflow/.local/lib/python3.12/site-packages/airflow/models/dagbag.py", line 383, in parse
    loader.exec_module(new_module)
  File "<frozen importlib._bootstrap_external>", line 995, in exec_module
  File "<frozen importlib._bootstrap>", line 488, in _call_with_frames_removed
  File "/opt/airflow/dags/driven_data_pipeline.py", line 5, in <module>
    import polars as pl
  File "/home/airflow/.local/lib/python3.12/site-packages/polars/__init__.py", line 189, in <module>
    from polars.sql import SQLContext, sql
  File "/home/airflow/.local/lib/python3.12/site-packages/polars/sql/__init__.py", line 1, in <module>
    from polars.sql.context import SQLContext
  File "/home/airflow/.local/lib/python3.12/site-packages/polars/sql/context.py", line 97, in <module>
    class SQLContext(Generic[FrameType]):
  File "/home/airflow/.local/lib/python3.12/site-packages/polars/sql/context.py", line 323, in SQLContext
    @overload
     ^^^^^^^^
  File "/usr/local/lib/python3.12/typing.py", line 2505, in overload
    def overload(func):
    
  File "/home/airflow/.local/lib/python3.12/site-packages/airflow/utils/timeout.py", line 69, in handle_timeout
    raise AirflowTaskTimeout(self.error_message)
airflow.exceptions.AirflowTaskTimeout: DagBag import timeout for /opt/airflow/dags/driven_data_pipeline.py after 30.0s.
Please take a look at these docs to improve your DAG import time:
* https://airflow.apache.org/docs/apache-airflow/2.10.2/best-practices.html#top-level-python-code
* https://airflow.apache.org/docs/apache-airflow/2.10.2/best-practices.html#reducing-dag-complexity, PID: 467
[2025-07-02T22:55:20.897+0000] {processor.py:927} WARNING - No viable dags retrieved from /opt/airflow/dags/driven_data_pipeline.py
[2025-07-02T22:55:23.380+0000] {processor.py:208} INFO - Processing /opt/airflow/dags/driven_data_pipeline.py took 43.946 seconds
[2025-07-02T22:55:59.515+0000] {processor.py:186} INFO - Started process (PID=480) to work on /opt/airflow/dags/driven_data_pipeline.py
[2025-07-02T22:55:59.548+0000] {processor.py:914} INFO - Processing file /opt/airflow/dags/driven_data_pipeline.py for tasks to queue
[2025-07-02T22:55:59.602+0000] {logging_mixin.py:190} INFO - [2025-07-02T22:55:59.590+0000] {dagbag.py:588} INFO - Filling up the DagBag from /opt/airflow/dags/driven_data_pipeline.py
[2025-07-02T22:56:14.167+0000] {processor.py:925} INFO - DAG(s) 'extract_raw_data_pipeline' retrieved from /opt/airflow/dags/driven_data_pipeline.py
[2025-07-02T22:56:23.579+0000] {logging_mixin.py:190} INFO - [2025-07-02T22:56:23.527+0000] {dag.py:3239} INFO - Sync 1 DAGs
[2025-07-02T22:56:24.515+0000] {logging_mixin.py:190} INFO - [2025-07-02T22:56:24.500+0000] {dag.py:4180} INFO - Setting next_dagrun for extract_raw_data_pipeline to 2025-07-02 07:00:00+00:00, run_after=2025-07-03 07:00:00+00:00
[2025-07-02T22:56:25.192+0000] {processor.py:208} INFO - Processing /opt/airflow/dags/driven_data_pipeline.py took 26.697 seconds
[2025-07-02T22:56:58.167+0000] {processor.py:186} INFO - Started process (PID=488) to work on /opt/airflow/dags/driven_data_pipeline.py
[2025-07-02T22:56:58.182+0000] {processor.py:914} INFO - Processing file /opt/airflow/dags/driven_data_pipeline.py for tasks to queue
[2025-07-02T22:56:58.197+0000] {logging_mixin.py:190} INFO - [2025-07-02T22:56:58.193+0000] {dagbag.py:588} INFO - Filling up the DagBag from /opt/airflow/dags/driven_data_pipeline.py
[2025-07-02T22:57:02.260+0000] {processor.py:925} INFO - DAG(s) 'extract_raw_data_pipeline' retrieved from /opt/airflow/dags/driven_data_pipeline.py
[2025-07-02T22:57:03.034+0000] {logging_mixin.py:190} INFO - [2025-07-02T22:57:03.012+0000] {dag.py:3239} INFO - Sync 1 DAGs
[2025-07-02T22:57:03.511+0000] {logging_mixin.py:190} INFO - [2025-07-02T22:57:03.480+0000] {dag.py:4180} INFO - Setting next_dagrun for extract_raw_data_pipeline to 2025-07-02 07:00:00+00:00, run_after=2025-07-03 07:00:00+00:00
[2025-07-02T22:57:03.715+0000] {processor.py:208} INFO - Processing /opt/airflow/dags/driven_data_pipeline.py took 5.709 seconds
[2025-07-02T22:57:35.510+0000] {processor.py:186} INFO - Started process (PID=496) to work on /opt/airflow/dags/driven_data_pipeline.py
[2025-07-02T22:57:35.591+0000] {processor.py:914} INFO - Processing file /opt/airflow/dags/driven_data_pipeline.py for tasks to queue
[2025-07-02T22:57:35.895+0000] {logging_mixin.py:190} INFO - [2025-07-02T22:57:35.794+0000] {dagbag.py:588} INFO - Filling up the DagBag from /opt/airflow/dags/driven_data_pipeline.py
[2025-07-02T22:58:11.580+0000] {logging_mixin.py:190} INFO - [2025-07-02T22:58:09.776+0000] {timeout.py:68} ERROR - Process timed out, PID: 496
[2025-07-02T22:58:14.179+0000] {logging_mixin.py:190} INFO - [2025-07-02T22:58:11.936+0000] {dagbag.py:387} ERROR - Failed to import: /opt/airflow/dags/driven_data_pipeline.py
Traceback (most recent call last):
  File "/home/airflow/.local/lib/python3.12/site-packages/airflow/models/dagbag.py", line 383, in parse
    loader.exec_module(new_module)
  File "<frozen importlib._bootstrap_external>", line 995, in exec_module
  File "<frozen importlib._bootstrap>", line 488, in _call_with_frames_removed
  File "/opt/airflow/dags/driven_data_pipeline.py", line 5, in <module>
    import polars as pl
  File "/home/airflow/.local/lib/python3.12/site-packages/polars/__init__.py", line 21, in <module>
    from polars import api, exceptions, plugins, selectors
  File "/home/airflow/.local/lib/python3.12/site-packages/polars/api.py", line 6, in <module>
    import polars._reexport as pl
  File "/home/airflow/.local/lib/python3.12/site-packages/polars/_reexport.py", line 3, in <module>
    from polars.dataframe import DataFrame
  File "/home/airflow/.local/lib/python3.12/site-packages/polars/dataframe/__init__.py", line 1, in <module>
    from polars.dataframe.frame import DataFrame
  File "/home/airflow/.local/lib/python3.12/site-packages/polars/dataframe/frame.py", line 109, in <module>
    from polars.selectors import _expand_selector_dicts, _expand_selectors
  File "/home/airflow/.local/lib/python3.12/site-packages/polars/selectors.py", line 41, in <module>
    from polars.expr import Expr
  File "/home/airflow/.local/lib/python3.12/site-packages/polars/expr/__init__.py", line 1, in <module>
    from polars.expr.expr import Expr
  File "/home/airflow/.local/lib/python3.12/site-packages/polars/expr/expr.py", line 56, in <module>
    from polars.expr.datetime import ExprDateTimeNameSpace
  File "<frozen importlib._bootstrap>", line 1360, in _find_and_load
  File "<frozen importlib._bootstrap>", line 1331, in _find_and_load_unlocked
  File "<frozen importlib._bootstrap>", line 935, in _load_unlocked
  File "<frozen importlib._bootstrap_external>", line 991, in exec_module
  File "<frozen importlib._bootstrap_external>", line 1124, in get_code
  File "<frozen importlib._bootstrap_external>", line 753, in _compile_bytecode
  File "/home/airflow/.local/lib/python3.12/site-packages/airflow/utils/timeout.py", line 69, in handle_timeout
    raise AirflowTaskTimeout(self.error_message)
airflow.exceptions.AirflowTaskTimeout: DagBag import timeout for /opt/airflow/dags/driven_data_pipeline.py after 30.0s.
Please take a look at these docs to improve your DAG import time:
* https://airflow.apache.org/docs/apache-airflow/2.10.2/best-practices.html#top-level-python-code
* https://airflow.apache.org/docs/apache-airflow/2.10.2/best-practices.html#reducing-dag-complexity, PID: 496
[2025-07-02T22:58:18.640+0000] {processor.py:927} WARNING - No viable dags retrieved from /opt/airflow/dags/driven_data_pipeline.py
