[2025-06-28T00:00:16.731+0000] {processor.py:186} INFO - Started process (PID=1089) to work on /opt/airflow/dags/driven_data_pipeline.py
[2025-06-28T00:00:16.734+0000] {processor.py:914} INFO - Processing file /opt/airflow/dags/driven_data_pipeline.py for tasks to queue
[2025-06-28T00:00:16.742+0000] {logging_mixin.py:190} INFO - [2025-06-28T00:00:16.741+0000] {dagbag.py:588} INFO - Filling up the DagBag from /opt/airflow/dags/driven_data_pipeline.py
[2025-06-28T00:00:17.173+0000] {processor.py:925} INFO - DAG(s) 'extract_raw_data_pipeline' retrieved from /opt/airflow/dags/driven_data_pipeline.py
[2025-06-28T00:00:17.232+0000] {logging_mixin.py:190} INFO - [2025-06-28T00:00:17.231+0000] {dag.py:3239} INFO - Sync 1 DAGs
[2025-06-28T00:00:17.287+0000] {logging_mixin.py:190} INFO - [2025-06-28T00:00:17.286+0000] {dag.py:4180} INFO - Setting next_dagrun for extract_raw_data_pipeline to 2025-06-27 07:59:00+00:00, run_after=2025-06-28 07:00:00+00:00
[2025-06-28T00:00:17.335+0000] {processor.py:208} INFO - Processing /opt/airflow/dags/driven_data_pipeline.py took 0.619 seconds
[2025-06-28T00:00:47.744+0000] {processor.py:186} INFO - Started process (PID=1096) to work on /opt/airflow/dags/driven_data_pipeline.py
[2025-06-28T00:00:47.748+0000] {processor.py:914} INFO - Processing file /opt/airflow/dags/driven_data_pipeline.py for tasks to queue
[2025-06-28T00:00:47.755+0000] {logging_mixin.py:190} INFO - [2025-06-28T00:00:47.754+0000] {dagbag.py:588} INFO - Filling up the DagBag from /opt/airflow/dags/driven_data_pipeline.py
[2025-06-28T00:00:48.153+0000] {processor.py:925} INFO - DAG(s) 'extract_raw_data_pipeline' retrieved from /opt/airflow/dags/driven_data_pipeline.py
[2025-06-28T00:00:48.213+0000] {logging_mixin.py:190} INFO - [2025-06-28T00:00:48.212+0000] {dag.py:3239} INFO - Sync 1 DAGs
[2025-06-28T00:00:48.266+0000] {logging_mixin.py:190} INFO - [2025-06-28T00:00:48.266+0000] {dag.py:4180} INFO - Setting next_dagrun for extract_raw_data_pipeline to 2025-06-27 07:59:00+00:00, run_after=2025-06-28 07:00:00+00:00
[2025-06-28T00:00:48.313+0000] {processor.py:208} INFO - Processing /opt/airflow/dags/driven_data_pipeline.py took 0.583 seconds
[2025-06-28T00:01:19.005+0000] {processor.py:186} INFO - Started process (PID=1105) to work on /opt/airflow/dags/driven_data_pipeline.py
[2025-06-28T00:01:19.008+0000] {processor.py:914} INFO - Processing file /opt/airflow/dags/driven_data_pipeline.py for tasks to queue
[2025-06-28T00:01:19.015+0000] {logging_mixin.py:190} INFO - [2025-06-28T00:01:19.014+0000] {dagbag.py:588} INFO - Filling up the DagBag from /opt/airflow/dags/driven_data_pipeline.py
[2025-06-28T00:01:19.491+0000] {processor.py:925} INFO - DAG(s) 'extract_raw_data_pipeline' retrieved from /opt/airflow/dags/driven_data_pipeline.py
[2025-06-28T00:01:19.553+0000] {logging_mixin.py:190} INFO - [2025-06-28T00:01:19.552+0000] {dag.py:3239} INFO - Sync 1 DAGs
[2025-06-28T00:01:19.606+0000] {logging_mixin.py:190} INFO - [2025-06-28T00:01:19.605+0000] {dag.py:4180} INFO - Setting next_dagrun for extract_raw_data_pipeline to 2025-06-27 07:59:00+00:00, run_after=2025-06-28 07:00:00+00:00
[2025-06-28T00:01:19.651+0000] {processor.py:208} INFO - Processing /opt/airflow/dags/driven_data_pipeline.py took 0.661 seconds
[2025-06-28T00:01:49.935+0000] {processor.py:186} INFO - Started process (PID=1114) to work on /opt/airflow/dags/driven_data_pipeline.py
[2025-06-28T00:01:49.939+0000] {processor.py:914} INFO - Processing file /opt/airflow/dags/driven_data_pipeline.py for tasks to queue
[2025-06-28T00:01:49.946+0000] {logging_mixin.py:190} INFO - [2025-06-28T00:01:49.945+0000] {dagbag.py:588} INFO - Filling up the DagBag from /opt/airflow/dags/driven_data_pipeline.py
[2025-06-28T00:01:50.350+0000] {processor.py:925} INFO - DAG(s) 'extract_raw_data_pipeline' retrieved from /opt/airflow/dags/driven_data_pipeline.py
[2025-06-28T00:01:50.406+0000] {logging_mixin.py:190} INFO - [2025-06-28T00:01:50.406+0000] {dag.py:3239} INFO - Sync 1 DAGs
[2025-06-28T00:01:50.455+0000] {logging_mixin.py:190} INFO - [2025-06-28T00:01:50.455+0000] {dag.py:4180} INFO - Setting next_dagrun for extract_raw_data_pipeline to 2025-06-27 07:59:00+00:00, run_after=2025-06-28 07:00:00+00:00
[2025-06-28T00:01:50.502+0000] {processor.py:208} INFO - Processing /opt/airflow/dags/driven_data_pipeline.py took 0.582 seconds
[2025-06-28T00:02:20.888+0000] {processor.py:186} INFO - Started process (PID=1122) to work on /opt/airflow/dags/driven_data_pipeline.py
[2025-06-28T00:02:20.891+0000] {processor.py:914} INFO - Processing file /opt/airflow/dags/driven_data_pipeline.py for tasks to queue
[2025-06-28T00:02:20.898+0000] {logging_mixin.py:190} INFO - [2025-06-28T00:02:20.897+0000] {dagbag.py:588} INFO - Filling up the DagBag from /opt/airflow/dags/driven_data_pipeline.py
[2025-06-28T00:02:21.752+0000] {processor.py:925} INFO - DAG(s) 'extract_raw_data_pipeline' retrieved from /opt/airflow/dags/driven_data_pipeline.py
[2025-06-28T00:02:21.816+0000] {logging_mixin.py:190} INFO - [2025-06-28T00:02:21.816+0000] {dag.py:3239} INFO - Sync 1 DAGs
[2025-06-28T00:02:21.873+0000] {logging_mixin.py:190} INFO - [2025-06-28T00:02:21.873+0000] {dag.py:4180} INFO - Setting next_dagrun for extract_raw_data_pipeline to 2025-06-27 07:59:00+00:00, run_after=2025-06-28 07:00:00+00:00
[2025-06-28T00:02:21.922+0000] {processor.py:208} INFO - Processing /opt/airflow/dags/driven_data_pipeline.py took 1.051 seconds
[2025-06-28T00:02:52.368+0000] {processor.py:186} INFO - Started process (PID=1130) to work on /opt/airflow/dags/driven_data_pipeline.py
[2025-06-28T00:02:52.372+0000] {processor.py:914} INFO - Processing file /opt/airflow/dags/driven_data_pipeline.py for tasks to queue
[2025-06-28T00:02:52.379+0000] {logging_mixin.py:190} INFO - [2025-06-28T00:02:52.378+0000] {dagbag.py:588} INFO - Filling up the DagBag from /opt/airflow/dags/driven_data_pipeline.py
[2025-06-28T00:02:52.805+0000] {processor.py:925} INFO - DAG(s) 'extract_raw_data_pipeline' retrieved from /opt/airflow/dags/driven_data_pipeline.py
[2025-06-28T00:02:52.869+0000] {logging_mixin.py:190} INFO - [2025-06-28T00:02:52.868+0000] {dag.py:3239} INFO - Sync 1 DAGs
[2025-06-28T00:02:52.929+0000] {logging_mixin.py:190} INFO - [2025-06-28T00:02:52.929+0000] {dag.py:4180} INFO - Setting next_dagrun for extract_raw_data_pipeline to 2025-06-27 07:59:00+00:00, run_after=2025-06-28 07:00:00+00:00
[2025-06-28T00:02:52.991+0000] {processor.py:208} INFO - Processing /opt/airflow/dags/driven_data_pipeline.py took 0.639 seconds
[2025-06-28T00:03:23.771+0000] {processor.py:186} INFO - Started process (PID=1139) to work on /opt/airflow/dags/driven_data_pipeline.py
[2025-06-28T00:03:23.775+0000] {processor.py:914} INFO - Processing file /opt/airflow/dags/driven_data_pipeline.py for tasks to queue
[2025-06-28T00:03:23.782+0000] {logging_mixin.py:190} INFO - [2025-06-28T00:03:23.781+0000] {dagbag.py:588} INFO - Filling up the DagBag from /opt/airflow/dags/driven_data_pipeline.py
[2025-06-28T00:03:24.442+0000] {processor.py:925} INFO - DAG(s) 'extract_raw_data_pipeline' retrieved from /opt/airflow/dags/driven_data_pipeline.py
[2025-06-28T00:03:24.525+0000] {logging_mixin.py:190} INFO - [2025-06-28T00:03:24.524+0000] {dag.py:3239} INFO - Sync 1 DAGs
[2025-06-28T00:03:24.628+0000] {logging_mixin.py:190} INFO - [2025-06-28T00:03:24.627+0000] {dag.py:4180} INFO - Setting next_dagrun for extract_raw_data_pipeline to 2025-06-27 07:59:00+00:00, run_after=2025-06-28 07:00:00+00:00
[2025-06-28T00:03:24.762+0000] {processor.py:208} INFO - Processing /opt/airflow/dags/driven_data_pipeline.py took 1.005 seconds
[2025-06-28T00:03:55.383+0000] {processor.py:186} INFO - Started process (PID=1155) to work on /opt/airflow/dags/driven_data_pipeline.py
[2025-06-28T00:03:55.386+0000] {processor.py:914} INFO - Processing file /opt/airflow/dags/driven_data_pipeline.py for tasks to queue
[2025-06-28T00:03:55.393+0000] {logging_mixin.py:190} INFO - [2025-06-28T00:03:55.392+0000] {dagbag.py:588} INFO - Filling up the DagBag from /opt/airflow/dags/driven_data_pipeline.py
[2025-06-28T00:03:55.823+0000] {processor.py:925} INFO - DAG(s) 'extract_raw_data_pipeline' retrieved from /opt/airflow/dags/driven_data_pipeline.py
[2025-06-28T00:03:55.886+0000] {logging_mixin.py:190} INFO - [2025-06-28T00:03:55.885+0000] {dag.py:3239} INFO - Sync 1 DAGs
[2025-06-28T00:03:55.944+0000] {logging_mixin.py:190} INFO - [2025-06-28T00:03:55.943+0000] {dag.py:4180} INFO - Setting next_dagrun for extract_raw_data_pipeline to 2025-06-27 07:59:00+00:00, run_after=2025-06-28 07:00:00+00:00
[2025-06-28T00:03:56.003+0000] {processor.py:208} INFO - Processing /opt/airflow/dags/driven_data_pipeline.py took 0.634 seconds
[2025-06-28T00:04:26.777+0000] {processor.py:186} INFO - Started process (PID=1163) to work on /opt/airflow/dags/driven_data_pipeline.py
[2025-06-28T00:04:26.781+0000] {processor.py:914} INFO - Processing file /opt/airflow/dags/driven_data_pipeline.py for tasks to queue
[2025-06-28T00:04:26.789+0000] {logging_mixin.py:190} INFO - [2025-06-28T00:04:26.788+0000] {dagbag.py:588} INFO - Filling up the DagBag from /opt/airflow/dags/driven_data_pipeline.py
[2025-06-28T00:04:27.288+0000] {processor.py:925} INFO - DAG(s) 'extract_raw_data_pipeline' retrieved from /opt/airflow/dags/driven_data_pipeline.py
[2025-06-28T00:04:27.344+0000] {logging_mixin.py:190} INFO - [2025-06-28T00:04:27.344+0000] {dag.py:3239} INFO - Sync 1 DAGs
[2025-06-28T00:04:27.399+0000] {logging_mixin.py:190} INFO - [2025-06-28T00:04:27.398+0000] {dag.py:4180} INFO - Setting next_dagrun for extract_raw_data_pipeline to 2025-06-27 07:59:00+00:00, run_after=2025-06-28 07:00:00+00:00
[2025-06-28T00:04:27.445+0000] {processor.py:208} INFO - Processing /opt/airflow/dags/driven_data_pipeline.py took 0.686 seconds
[2025-06-28T00:04:58.185+0000] {processor.py:186} INFO - Started process (PID=1170) to work on /opt/airflow/dags/driven_data_pipeline.py
[2025-06-28T00:04:58.192+0000] {processor.py:914} INFO - Processing file /opt/airflow/dags/driven_data_pipeline.py for tasks to queue
[2025-06-28T00:04:58.199+0000] {logging_mixin.py:190} INFO - [2025-06-28T00:04:58.198+0000] {dagbag.py:588} INFO - Filling up the DagBag from /opt/airflow/dags/driven_data_pipeline.py
[2025-06-28T00:04:58.676+0000] {processor.py:925} INFO - DAG(s) 'extract_raw_data_pipeline' retrieved from /opt/airflow/dags/driven_data_pipeline.py
[2025-06-28T00:04:58.740+0000] {logging_mixin.py:190} INFO - [2025-06-28T00:04:58.739+0000] {dag.py:3239} INFO - Sync 1 DAGs
[2025-06-28T00:04:58.791+0000] {logging_mixin.py:190} INFO - [2025-06-28T00:04:58.790+0000] {dag.py:4180} INFO - Setting next_dagrun for extract_raw_data_pipeline to 2025-06-27 07:59:00+00:00, run_after=2025-06-28 07:00:00+00:00
[2025-06-28T00:04:58.836+0000] {processor.py:208} INFO - Processing /opt/airflow/dags/driven_data_pipeline.py took 0.680 seconds
[2025-06-28T00:05:29.448+0000] {processor.py:186} INFO - Started process (PID=1178) to work on /opt/airflow/dags/driven_data_pipeline.py
[2025-06-28T00:05:29.451+0000] {processor.py:914} INFO - Processing file /opt/airflow/dags/driven_data_pipeline.py for tasks to queue
[2025-06-28T00:05:29.458+0000] {logging_mixin.py:190} INFO - [2025-06-28T00:05:29.457+0000] {dagbag.py:588} INFO - Filling up the DagBag from /opt/airflow/dags/driven_data_pipeline.py
[2025-06-28T00:05:29.858+0000] {processor.py:925} INFO - DAG(s) 'extract_raw_data_pipeline' retrieved from /opt/airflow/dags/driven_data_pipeline.py
[2025-06-28T00:05:29.918+0000] {logging_mixin.py:190} INFO - [2025-06-28T00:05:29.917+0000] {dag.py:3239} INFO - Sync 1 DAGs
[2025-06-28T00:05:29.971+0000] {logging_mixin.py:190} INFO - [2025-06-28T00:05:29.970+0000] {dag.py:4180} INFO - Setting next_dagrun for extract_raw_data_pipeline to 2025-06-27 07:59:00+00:00, run_after=2025-06-28 07:00:00+00:00
[2025-06-28T00:05:30.017+0000] {processor.py:208} INFO - Processing /opt/airflow/dags/driven_data_pipeline.py took 0.585 seconds
[2025-06-28T00:06:00.411+0000] {processor.py:186} INFO - Started process (PID=1186) to work on /opt/airflow/dags/driven_data_pipeline.py
[2025-06-28T00:06:00.414+0000] {processor.py:914} INFO - Processing file /opt/airflow/dags/driven_data_pipeline.py for tasks to queue
[2025-06-28T00:06:00.421+0000] {logging_mixin.py:190} INFO - [2025-06-28T00:06:00.420+0000] {dagbag.py:588} INFO - Filling up the DagBag from /opt/airflow/dags/driven_data_pipeline.py
[2025-06-28T00:06:00.812+0000] {processor.py:925} INFO - DAG(s) 'extract_raw_data_pipeline' retrieved from /opt/airflow/dags/driven_data_pipeline.py
[2025-06-28T00:06:00.870+0000] {logging_mixin.py:190} INFO - [2025-06-28T00:06:00.869+0000] {dag.py:3239} INFO - Sync 1 DAGs
[2025-06-28T00:06:00.924+0000] {logging_mixin.py:190} INFO - [2025-06-28T00:06:00.924+0000] {dag.py:4180} INFO - Setting next_dagrun for extract_raw_data_pipeline to 2025-06-27 07:59:00+00:00, run_after=2025-06-28 07:00:00+00:00
[2025-06-28T00:06:00.972+0000] {processor.py:208} INFO - Processing /opt/airflow/dags/driven_data_pipeline.py took 0.576 seconds
[2025-06-28T00:06:31.275+0000] {processor.py:186} INFO - Started process (PID=1194) to work on /opt/airflow/dags/driven_data_pipeline.py
[2025-06-28T00:06:31.281+0000] {processor.py:914} INFO - Processing file /opt/airflow/dags/driven_data_pipeline.py for tasks to queue
[2025-06-28T00:06:31.293+0000] {logging_mixin.py:190} INFO - [2025-06-28T00:06:31.292+0000] {dagbag.py:588} INFO - Filling up the DagBag from /opt/airflow/dags/driven_data_pipeline.py
[2025-06-28T00:06:32.181+0000] {processor.py:925} INFO - DAG(s) 'extract_raw_data_pipeline' retrieved from /opt/airflow/dags/driven_data_pipeline.py
[2025-06-28T00:06:32.295+0000] {logging_mixin.py:190} INFO - [2025-06-28T00:06:32.295+0000] {dag.py:3239} INFO - Sync 1 DAGs
[2025-06-28T00:06:32.388+0000] {logging_mixin.py:190} INFO - [2025-06-28T00:06:32.388+0000] {dag.py:4180} INFO - Setting next_dagrun for extract_raw_data_pipeline to 2025-06-27 07:59:00+00:00, run_after=2025-06-28 07:00:00+00:00
[2025-06-28T00:06:32.441+0000] {processor.py:208} INFO - Processing /opt/airflow/dags/driven_data_pipeline.py took 1.193 seconds
[2025-06-28T00:07:02.804+0000] {processor.py:186} INFO - Started process (PID=1202) to work on /opt/airflow/dags/driven_data_pipeline.py
[2025-06-28T00:07:02.808+0000] {processor.py:914} INFO - Processing file /opt/airflow/dags/driven_data_pipeline.py for tasks to queue
[2025-06-28T00:07:02.814+0000] {logging_mixin.py:190} INFO - [2025-06-28T00:07:02.813+0000] {dagbag.py:588} INFO - Filling up the DagBag from /opt/airflow/dags/driven_data_pipeline.py
[2025-06-28T00:07:03.281+0000] {processor.py:925} INFO - DAG(s) 'extract_raw_data_pipeline' retrieved from /opt/airflow/dags/driven_data_pipeline.py
[2025-06-28T00:07:03.382+0000] {logging_mixin.py:190} INFO - [2025-06-28T00:07:03.381+0000] {dag.py:3239} INFO - Sync 1 DAGs
[2025-06-28T00:07:03.504+0000] {logging_mixin.py:190} INFO - [2025-06-28T00:07:03.504+0000] {dag.py:4180} INFO - Setting next_dagrun for extract_raw_data_pipeline to 2025-06-27 07:59:00+00:00, run_after=2025-06-28 07:00:00+00:00
[2025-06-28T00:07:03.573+0000] {processor.py:208} INFO - Processing /opt/airflow/dags/driven_data_pipeline.py took 0.784 seconds
[2025-06-28T00:07:34.170+0000] {processor.py:186} INFO - Started process (PID=1211) to work on /opt/airflow/dags/driven_data_pipeline.py
[2025-06-28T00:07:34.173+0000] {processor.py:914} INFO - Processing file /opt/airflow/dags/driven_data_pipeline.py for tasks to queue
[2025-06-28T00:07:34.180+0000] {logging_mixin.py:190} INFO - [2025-06-28T00:07:34.179+0000] {dagbag.py:588} INFO - Filling up the DagBag from /opt/airflow/dags/driven_data_pipeline.py
[2025-06-28T00:07:34.664+0000] {processor.py:925} INFO - DAG(s) 'extract_raw_data_pipeline' retrieved from /opt/airflow/dags/driven_data_pipeline.py
[2025-06-28T00:07:34.731+0000] {logging_mixin.py:190} INFO - [2025-06-28T00:07:34.730+0000] {dag.py:3239} INFO - Sync 1 DAGs
[2025-06-28T00:07:34.824+0000] {logging_mixin.py:190} INFO - [2025-06-28T00:07:34.824+0000] {dag.py:4180} INFO - Setting next_dagrun for extract_raw_data_pipeline to 2025-06-27 07:59:00+00:00, run_after=2025-06-28 07:00:00+00:00
[2025-06-28T00:07:34.871+0000] {processor.py:208} INFO - Processing /opt/airflow/dags/driven_data_pipeline.py took 0.717 seconds
[2025-06-28T00:08:05.136+0000] {processor.py:186} INFO - Started process (PID=1219) to work on /opt/airflow/dags/driven_data_pipeline.py
[2025-06-28T00:08:05.139+0000] {processor.py:914} INFO - Processing file /opt/airflow/dags/driven_data_pipeline.py for tasks to queue
[2025-06-28T00:08:05.149+0000] {logging_mixin.py:190} INFO - [2025-06-28T00:08:05.148+0000] {dagbag.py:588} INFO - Filling up the DagBag from /opt/airflow/dags/driven_data_pipeline.py
[2025-06-28T00:08:05.728+0000] {processor.py:925} INFO - DAG(s) 'extract_raw_data_pipeline' retrieved from /opt/airflow/dags/driven_data_pipeline.py
[2025-06-28T00:08:05.790+0000] {logging_mixin.py:190} INFO - [2025-06-28T00:08:05.790+0000] {dag.py:3239} INFO - Sync 1 DAGs
[2025-06-28T00:08:05.853+0000] {logging_mixin.py:190} INFO - [2025-06-28T00:08:05.853+0000] {dag.py:4180} INFO - Setting next_dagrun for extract_raw_data_pipeline to 2025-06-27 07:59:00+00:00, run_after=2025-06-28 07:00:00+00:00
[2025-06-28T00:08:05.920+0000] {processor.py:208} INFO - Processing /opt/airflow/dags/driven_data_pipeline.py took 0.799 seconds
[2025-06-28T00:08:36.500+0000] {processor.py:186} INFO - Started process (PID=1227) to work on /opt/airflow/dags/driven_data_pipeline.py
[2025-06-28T00:08:36.503+0000] {processor.py:914} INFO - Processing file /opt/airflow/dags/driven_data_pipeline.py for tasks to queue
[2025-06-28T00:08:36.510+0000] {logging_mixin.py:190} INFO - [2025-06-28T00:08:36.510+0000] {dagbag.py:588} INFO - Filling up the DagBag from /opt/airflow/dags/driven_data_pipeline.py
[2025-06-28T00:08:36.894+0000] {processor.py:925} INFO - DAG(s) 'extract_raw_data_pipeline' retrieved from /opt/airflow/dags/driven_data_pipeline.py
[2025-06-28T00:08:36.971+0000] {logging_mixin.py:190} INFO - [2025-06-28T00:08:36.970+0000] {dag.py:3239} INFO - Sync 1 DAGs
[2025-06-28T00:08:37.025+0000] {logging_mixin.py:190} INFO - [2025-06-28T00:08:37.025+0000] {dag.py:4180} INFO - Setting next_dagrun for extract_raw_data_pipeline to 2025-06-27 07:59:00+00:00, run_after=2025-06-28 07:00:00+00:00
[2025-06-28T00:08:37.072+0000] {processor.py:208} INFO - Processing /opt/airflow/dags/driven_data_pipeline.py took 0.587 seconds
[2025-06-28T00:09:07.569+0000] {processor.py:186} INFO - Started process (PID=1235) to work on /opt/airflow/dags/driven_data_pipeline.py
[2025-06-28T00:09:07.573+0000] {processor.py:914} INFO - Processing file /opt/airflow/dags/driven_data_pipeline.py for tasks to queue
[2025-06-28T00:09:07.580+0000] {logging_mixin.py:190} INFO - [2025-06-28T00:09:07.579+0000] {dagbag.py:588} INFO - Filling up the DagBag from /opt/airflow/dags/driven_data_pipeline.py
[2025-06-28T00:09:07.970+0000] {processor.py:925} INFO - DAG(s) 'extract_raw_data_pipeline' retrieved from /opt/airflow/dags/driven_data_pipeline.py
[2025-06-28T00:09:08.031+0000] {logging_mixin.py:190} INFO - [2025-06-28T00:09:08.030+0000] {dag.py:3239} INFO - Sync 1 DAGs
[2025-06-28T00:09:08.089+0000] {logging_mixin.py:190} INFO - [2025-06-28T00:09:08.088+0000] {dag.py:4180} INFO - Setting next_dagrun for extract_raw_data_pipeline to 2025-06-27 07:59:00+00:00, run_after=2025-06-28 07:00:00+00:00
[2025-06-28T00:09:08.140+0000] {processor.py:208} INFO - Processing /opt/airflow/dags/driven_data_pipeline.py took 0.586 seconds
[2025-06-28T00:09:38.818+0000] {processor.py:186} INFO - Started process (PID=1244) to work on /opt/airflow/dags/driven_data_pipeline.py
[2025-06-28T00:09:38.824+0000] {processor.py:914} INFO - Processing file /opt/airflow/dags/driven_data_pipeline.py for tasks to queue
[2025-06-28T00:09:38.835+0000] {logging_mixin.py:190} INFO - [2025-06-28T00:09:38.834+0000] {dagbag.py:588} INFO - Filling up the DagBag from /opt/airflow/dags/driven_data_pipeline.py
[2025-06-28T00:09:39.693+0000] {processor.py:925} INFO - DAG(s) 'extract_raw_data_pipeline' retrieved from /opt/airflow/dags/driven_data_pipeline.py
[2025-06-28T00:09:39.780+0000] {logging_mixin.py:190} INFO - [2025-06-28T00:09:39.779+0000] {dag.py:3239} INFO - Sync 1 DAGs
[2025-06-28T00:09:39.843+0000] {logging_mixin.py:190} INFO - [2025-06-28T00:09:39.842+0000] {dag.py:4180} INFO - Setting next_dagrun for extract_raw_data_pipeline to 2025-06-27 07:59:00+00:00, run_after=2025-06-28 07:00:00+00:00
[2025-06-28T00:09:39.914+0000] {processor.py:208} INFO - Processing /opt/airflow/dags/driven_data_pipeline.py took 1.120 seconds
[2025-06-28T00:10:10.419+0000] {processor.py:186} INFO - Started process (PID=1252) to work on /opt/airflow/dags/driven_data_pipeline.py
[2025-06-28T00:10:10.422+0000] {processor.py:914} INFO - Processing file /opt/airflow/dags/driven_data_pipeline.py for tasks to queue
[2025-06-28T00:10:10.429+0000] {logging_mixin.py:190} INFO - [2025-06-28T00:10:10.428+0000] {dagbag.py:588} INFO - Filling up the DagBag from /opt/airflow/dags/driven_data_pipeline.py
[2025-06-28T00:10:10.923+0000] {processor.py:925} INFO - DAG(s) 'extract_raw_data_pipeline' retrieved from /opt/airflow/dags/driven_data_pipeline.py
[2025-06-28T00:10:10.994+0000] {logging_mixin.py:190} INFO - [2025-06-28T00:10:10.994+0000] {dag.py:3239} INFO - Sync 1 DAGs
[2025-06-28T00:10:11.045+0000] {logging_mixin.py:190} INFO - [2025-06-28T00:10:11.045+0000] {dag.py:4180} INFO - Setting next_dagrun for extract_raw_data_pipeline to 2025-06-27 07:59:00+00:00, run_after=2025-06-28 07:00:00+00:00
[2025-06-28T00:10:11.094+0000] {processor.py:208} INFO - Processing /opt/airflow/dags/driven_data_pipeline.py took 0.700 seconds
[2025-06-28T00:10:41.799+0000] {processor.py:186} INFO - Started process (PID=1260) to work on /opt/airflow/dags/driven_data_pipeline.py
[2025-06-28T00:10:41.805+0000] {processor.py:914} INFO - Processing file /opt/airflow/dags/driven_data_pipeline.py for tasks to queue
[2025-06-28T00:10:41.815+0000] {logging_mixin.py:190} INFO - [2025-06-28T00:10:41.814+0000] {dagbag.py:588} INFO - Filling up the DagBag from /opt/airflow/dags/driven_data_pipeline.py
[2025-06-28T00:10:42.324+0000] {processor.py:925} INFO - DAG(s) 'extract_raw_data_pipeline' retrieved from /opt/airflow/dags/driven_data_pipeline.py
[2025-06-28T00:10:42.391+0000] {logging_mixin.py:190} INFO - [2025-06-28T00:10:42.390+0000] {dag.py:3239} INFO - Sync 1 DAGs
[2025-06-28T00:10:42.451+0000] {logging_mixin.py:190} INFO - [2025-06-28T00:10:42.450+0000] {dag.py:4180} INFO - Setting next_dagrun for extract_raw_data_pipeline to 2025-06-27 07:59:00+00:00, run_after=2025-06-28 07:00:00+00:00
[2025-06-28T00:10:42.506+0000] {processor.py:208} INFO - Processing /opt/airflow/dags/driven_data_pipeline.py took 0.735 seconds
[2025-06-28T00:11:13.158+0000] {processor.py:186} INFO - Started process (PID=1268) to work on /opt/airflow/dags/driven_data_pipeline.py
[2025-06-28T00:11:13.161+0000] {processor.py:914} INFO - Processing file /opt/airflow/dags/driven_data_pipeline.py for tasks to queue
[2025-06-28T00:11:13.168+0000] {logging_mixin.py:190} INFO - [2025-06-28T00:11:13.167+0000] {dagbag.py:588} INFO - Filling up the DagBag from /opt/airflow/dags/driven_data_pipeline.py
[2025-06-28T00:11:13.779+0000] {processor.py:925} INFO - DAG(s) 'extract_raw_data_pipeline' retrieved from /opt/airflow/dags/driven_data_pipeline.py
[2025-06-28T00:11:13.847+0000] {logging_mixin.py:190} INFO - [2025-06-28T00:11:13.845+0000] {dag.py:3239} INFO - Sync 1 DAGs
[2025-06-28T00:11:13.927+0000] {logging_mixin.py:190} INFO - [2025-06-28T00:11:13.926+0000] {dag.py:4180} INFO - Setting next_dagrun for extract_raw_data_pipeline to 2025-06-27 07:59:00+00:00, run_after=2025-06-28 07:00:00+00:00
[2025-06-28T00:11:13.977+0000] {processor.py:208} INFO - Processing /opt/airflow/dags/driven_data_pipeline.py took 0.834 seconds
[2025-06-28T00:11:44.151+0000] {processor.py:186} INFO - Started process (PID=1277) to work on /opt/airflow/dags/driven_data_pipeline.py
[2025-06-28T00:11:44.154+0000] {processor.py:914} INFO - Processing file /opt/airflow/dags/driven_data_pipeline.py for tasks to queue
[2025-06-28T00:11:44.162+0000] {logging_mixin.py:190} INFO - [2025-06-28T00:11:44.161+0000] {dagbag.py:588} INFO - Filling up the DagBag from /opt/airflow/dags/driven_data_pipeline.py
[2025-06-28T00:11:44.913+0000] {processor.py:925} INFO - DAG(s) 'extract_raw_data_pipeline' retrieved from /opt/airflow/dags/driven_data_pipeline.py
[2025-06-28T00:11:45.014+0000] {logging_mixin.py:190} INFO - [2025-06-28T00:11:45.013+0000] {dag.py:3239} INFO - Sync 1 DAGs
[2025-06-28T00:11:45.129+0000] {logging_mixin.py:190} INFO - [2025-06-28T00:11:45.128+0000] {dag.py:4180} INFO - Setting next_dagrun for extract_raw_data_pipeline to 2025-06-27 07:59:00+00:00, run_after=2025-06-28 07:00:00+00:00
[2025-06-28T00:11:45.188+0000] {processor.py:208} INFO - Processing /opt/airflow/dags/driven_data_pipeline.py took 1.055 seconds
[2025-06-28T00:12:15.688+0000] {processor.py:186} INFO - Started process (PID=1285) to work on /opt/airflow/dags/driven_data_pipeline.py
[2025-06-28T00:12:15.692+0000] {processor.py:914} INFO - Processing file /opt/airflow/dags/driven_data_pipeline.py for tasks to queue
[2025-06-28T00:12:15.698+0000] {logging_mixin.py:190} INFO - [2025-06-28T00:12:15.697+0000] {dagbag.py:588} INFO - Filling up the DagBag from /opt/airflow/dags/driven_data_pipeline.py
[2025-06-28T00:12:16.144+0000] {processor.py:925} INFO - DAG(s) 'extract_raw_data_pipeline' retrieved from /opt/airflow/dags/driven_data_pipeline.py
[2025-06-28T00:12:16.220+0000] {logging_mixin.py:190} INFO - [2025-06-28T00:12:16.219+0000] {dag.py:3239} INFO - Sync 1 DAGs
[2025-06-28T00:12:16.270+0000] {logging_mixin.py:190} INFO - [2025-06-28T00:12:16.270+0000] {dag.py:4180} INFO - Setting next_dagrun for extract_raw_data_pipeline to 2025-06-27 07:59:00+00:00, run_after=2025-06-28 07:00:00+00:00
[2025-06-28T00:12:16.321+0000] {processor.py:208} INFO - Processing /opt/airflow/dags/driven_data_pipeline.py took 0.648 seconds
[2025-06-28T00:12:46.949+0000] {processor.py:186} INFO - Started process (PID=1294) to work on /opt/airflow/dags/driven_data_pipeline.py
[2025-06-28T00:12:46.953+0000] {processor.py:914} INFO - Processing file /opt/airflow/dags/driven_data_pipeline.py for tasks to queue
[2025-06-28T00:12:46.960+0000] {logging_mixin.py:190} INFO - [2025-06-28T00:12:46.959+0000] {dagbag.py:588} INFO - Filling up the DagBag from /opt/airflow/dags/driven_data_pipeline.py
[2025-06-28T00:12:47.419+0000] {processor.py:925} INFO - DAG(s) 'extract_raw_data_pipeline' retrieved from /opt/airflow/dags/driven_data_pipeline.py
[2025-06-28T00:12:47.486+0000] {logging_mixin.py:190} INFO - [2025-06-28T00:12:47.485+0000] {dag.py:3239} INFO - Sync 1 DAGs
[2025-06-28T00:12:47.549+0000] {logging_mixin.py:190} INFO - [2025-06-28T00:12:47.548+0000] {dag.py:4180} INFO - Setting next_dagrun for extract_raw_data_pipeline to 2025-06-27 07:59:00+00:00, run_after=2025-06-28 07:00:00+00:00
[2025-06-28T00:12:47.602+0000] {processor.py:208} INFO - Processing /opt/airflow/dags/driven_data_pipeline.py took 0.670 seconds
[2025-06-28T00:13:18.267+0000] {processor.py:186} INFO - Started process (PID=1301) to work on /opt/airflow/dags/driven_data_pipeline.py
[2025-06-28T00:13:18.270+0000] {processor.py:914} INFO - Processing file /opt/airflow/dags/driven_data_pipeline.py for tasks to queue
[2025-06-28T00:13:18.277+0000] {logging_mixin.py:190} INFO - [2025-06-28T00:13:18.276+0000] {dagbag.py:588} INFO - Filling up the DagBag from /opt/airflow/dags/driven_data_pipeline.py
[2025-06-28T00:13:18.747+0000] {processor.py:925} INFO - DAG(s) 'extract_raw_data_pipeline' retrieved from /opt/airflow/dags/driven_data_pipeline.py
[2025-06-28T00:13:18.864+0000] {logging_mixin.py:190} INFO - [2025-06-28T00:13:18.863+0000] {dag.py:3239} INFO - Sync 1 DAGs
[2025-06-28T00:13:18.917+0000] {logging_mixin.py:190} INFO - [2025-06-28T00:13:18.916+0000] {dag.py:4180} INFO - Setting next_dagrun for extract_raw_data_pipeline to 2025-06-27 07:59:00+00:00, run_after=2025-06-28 07:00:00+00:00
[2025-06-28T00:13:18.963+0000] {processor.py:208} INFO - Processing /opt/airflow/dags/driven_data_pipeline.py took 0.714 seconds
[2025-06-28T00:13:49.270+0000] {processor.py:186} INFO - Started process (PID=1309) to work on /opt/airflow/dags/driven_data_pipeline.py
[2025-06-28T00:13:49.274+0000] {processor.py:914} INFO - Processing file /opt/airflow/dags/driven_data_pipeline.py for tasks to queue
[2025-06-28T00:13:49.280+0000] {logging_mixin.py:190} INFO - [2025-06-28T00:13:49.279+0000] {dagbag.py:588} INFO - Filling up the DagBag from /opt/airflow/dags/driven_data_pipeline.py
[2025-06-28T00:13:49.716+0000] {processor.py:925} INFO - DAG(s) 'extract_raw_data_pipeline' retrieved from /opt/airflow/dags/driven_data_pipeline.py
[2025-06-28T00:13:49.780+0000] {logging_mixin.py:190} INFO - [2025-06-28T00:13:49.779+0000] {dag.py:3239} INFO - Sync 1 DAGs
[2025-06-28T00:13:49.836+0000] {logging_mixin.py:190} INFO - [2025-06-28T00:13:49.835+0000] {dag.py:4180} INFO - Setting next_dagrun for extract_raw_data_pipeline to 2025-06-27 07:59:00+00:00, run_after=2025-06-28 07:00:00+00:00
[2025-06-28T00:13:49.893+0000] {processor.py:208} INFO - Processing /opt/airflow/dags/driven_data_pipeline.py took 0.638 seconds
[2025-06-28T00:14:20.218+0000] {processor.py:186} INFO - Started process (PID=1317) to work on /opt/airflow/dags/driven_data_pipeline.py
[2025-06-28T00:14:20.221+0000] {processor.py:914} INFO - Processing file /opt/airflow/dags/driven_data_pipeline.py for tasks to queue
[2025-06-28T00:14:20.228+0000] {logging_mixin.py:190} INFO - [2025-06-28T00:14:20.227+0000] {dagbag.py:588} INFO - Filling up the DagBag from /opt/airflow/dags/driven_data_pipeline.py
[2025-06-28T00:14:20.618+0000] {processor.py:925} INFO - DAG(s) 'extract_raw_data_pipeline' retrieved from /opt/airflow/dags/driven_data_pipeline.py
[2025-06-28T00:14:20.675+0000] {logging_mixin.py:190} INFO - [2025-06-28T00:14:20.674+0000] {dag.py:3239} INFO - Sync 1 DAGs
[2025-06-28T00:14:20.725+0000] {logging_mixin.py:190} INFO - [2025-06-28T00:14:20.725+0000] {dag.py:4180} INFO - Setting next_dagrun for extract_raw_data_pipeline to 2025-06-27 07:59:00+00:00, run_after=2025-06-28 07:00:00+00:00
[2025-06-28T00:14:20.775+0000] {processor.py:208} INFO - Processing /opt/airflow/dags/driven_data_pipeline.py took 0.572 seconds
[2025-06-28T00:14:50.967+0000] {processor.py:186} INFO - Started process (PID=1325) to work on /opt/airflow/dags/driven_data_pipeline.py
[2025-06-28T00:14:50.970+0000] {processor.py:914} INFO - Processing file /opt/airflow/dags/driven_data_pipeline.py for tasks to queue
[2025-06-28T00:14:50.977+0000] {logging_mixin.py:190} INFO - [2025-06-28T00:14:50.976+0000] {dagbag.py:588} INFO - Filling up the DagBag from /opt/airflow/dags/driven_data_pipeline.py
[2025-06-28T00:14:51.369+0000] {processor.py:925} INFO - DAG(s) 'extract_raw_data_pipeline' retrieved from /opt/airflow/dags/driven_data_pipeline.py
[2025-06-28T00:14:51.426+0000] {logging_mixin.py:190} INFO - [2025-06-28T00:14:51.425+0000] {dag.py:3239} INFO - Sync 1 DAGs
[2025-06-28T00:14:51.479+0000] {logging_mixin.py:190} INFO - [2025-06-28T00:14:51.479+0000] {dag.py:4180} INFO - Setting next_dagrun for extract_raw_data_pipeline to 2025-06-27 07:59:00+00:00, run_after=2025-06-28 07:00:00+00:00
[2025-06-28T00:14:51.525+0000] {processor.py:208} INFO - Processing /opt/airflow/dags/driven_data_pipeline.py took 0.574 seconds
[2025-06-28T00:15:22.030+0000] {processor.py:186} INFO - Started process (PID=1333) to work on /opt/airflow/dags/driven_data_pipeline.py
[2025-06-28T00:15:22.037+0000] {processor.py:914} INFO - Processing file /opt/airflow/dags/driven_data_pipeline.py for tasks to queue
[2025-06-28T00:15:22.068+0000] {logging_mixin.py:190} INFO - [2025-06-28T00:15:22.062+0000] {dagbag.py:588} INFO - Filling up the DagBag from /opt/airflow/dags/driven_data_pipeline.py
[2025-06-28T00:15:22.639+0000] {processor.py:925} INFO - DAG(s) 'extract_raw_data_pipeline' retrieved from /opt/airflow/dags/driven_data_pipeline.py
[2025-06-28T00:15:22.742+0000] {logging_mixin.py:190} INFO - [2025-06-28T00:15:22.742+0000] {dag.py:3239} INFO - Sync 1 DAGs
[2025-06-28T00:15:22.897+0000] {logging_mixin.py:190} INFO - [2025-06-28T00:15:22.896+0000] {dag.py:4180} INFO - Setting next_dagrun for extract_raw_data_pipeline to 2025-06-27 07:59:00+00:00, run_after=2025-06-28 07:00:00+00:00
[2025-06-28T00:15:22.944+0000] {processor.py:208} INFO - Processing /opt/airflow/dags/driven_data_pipeline.py took 0.974 seconds
[2025-06-28T00:15:53.966+0000] {processor.py:186} INFO - Started process (PID=1341) to work on /opt/airflow/dags/driven_data_pipeline.py
[2025-06-28T00:15:53.978+0000] {processor.py:914} INFO - Processing file /opt/airflow/dags/driven_data_pipeline.py for tasks to queue
[2025-06-28T00:15:53.996+0000] {logging_mixin.py:190} INFO - [2025-06-28T00:15:53.991+0000] {dagbag.py:588} INFO - Filling up the DagBag from /opt/airflow/dags/driven_data_pipeline.py
[2025-06-28T00:15:55.970+0000] {processor.py:925} INFO - DAG(s) 'extract_raw_data_pipeline' retrieved from /opt/airflow/dags/driven_data_pipeline.py
[2025-06-28T00:15:56.080+0000] {logging_mixin.py:190} INFO - [2025-06-28T00:15:56.079+0000] {dag.py:3239} INFO - Sync 1 DAGs
[2025-06-28T00:15:56.176+0000] {logging_mixin.py:190} INFO - [2025-06-28T00:15:56.175+0000] {dag.py:4180} INFO - Setting next_dagrun for extract_raw_data_pipeline to 2025-06-27 07:59:00+00:00, run_after=2025-06-28 07:00:00+00:00
[2025-06-28T00:15:56.239+0000] {processor.py:208} INFO - Processing /opt/airflow/dags/driven_data_pipeline.py took 2.329 seconds
[2025-06-28T00:16:26.686+0000] {processor.py:186} INFO - Started process (PID=1350) to work on /opt/airflow/dags/driven_data_pipeline.py
[2025-06-28T00:16:26.689+0000] {processor.py:914} INFO - Processing file /opt/airflow/dags/driven_data_pipeline.py for tasks to queue
[2025-06-28T00:16:26.699+0000] {logging_mixin.py:190} INFO - [2025-06-28T00:16:26.698+0000] {dagbag.py:588} INFO - Filling up the DagBag from /opt/airflow/dags/driven_data_pipeline.py
[2025-06-28T00:16:27.298+0000] {processor.py:925} INFO - DAG(s) 'extract_raw_data_pipeline' retrieved from /opt/airflow/dags/driven_data_pipeline.py
[2025-06-28T00:16:27.403+0000] {logging_mixin.py:190} INFO - [2025-06-28T00:16:27.402+0000] {dag.py:3239} INFO - Sync 1 DAGs
[2025-06-28T00:16:27.512+0000] {logging_mixin.py:190} INFO - [2025-06-28T00:16:27.511+0000] {dag.py:4180} INFO - Setting next_dagrun for extract_raw_data_pipeline to 2025-06-27 07:59:00+00:00, run_after=2025-06-28 07:00:00+00:00
[2025-06-28T00:16:27.575+0000] {processor.py:208} INFO - Processing /opt/airflow/dags/driven_data_pipeline.py took 0.906 seconds
[2025-06-28T00:16:58.265+0000] {processor.py:186} INFO - Started process (PID=1363) to work on /opt/airflow/dags/driven_data_pipeline.py
[2025-06-28T00:16:58.269+0000] {processor.py:914} INFO - Processing file /opt/airflow/dags/driven_data_pipeline.py for tasks to queue
[2025-06-28T00:16:58.276+0000] {logging_mixin.py:190} INFO - [2025-06-28T00:16:58.275+0000] {dagbag.py:588} INFO - Filling up the DagBag from /opt/airflow/dags/driven_data_pipeline.py
[2025-06-28T00:16:58.675+0000] {processor.py:925} INFO - DAG(s) 'extract_raw_data_pipeline' retrieved from /opt/airflow/dags/driven_data_pipeline.py
[2025-06-28T00:16:58.729+0000] {logging_mixin.py:190} INFO - [2025-06-28T00:16:58.729+0000] {dag.py:3239} INFO - Sync 1 DAGs
[2025-06-28T00:16:58.784+0000] {logging_mixin.py:190} INFO - [2025-06-28T00:16:58.783+0000] {dag.py:4180} INFO - Setting next_dagrun for extract_raw_data_pipeline to 2025-06-27 07:59:00+00:00, run_after=2025-06-28 07:00:00+00:00
[2025-06-28T00:16:58.832+0000] {processor.py:208} INFO - Processing /opt/airflow/dags/driven_data_pipeline.py took 0.583 seconds
[2025-06-28T00:17:29.501+0000] {processor.py:186} INFO - Started process (PID=1371) to work on /opt/airflow/dags/driven_data_pipeline.py
[2025-06-28T00:17:29.505+0000] {processor.py:914} INFO - Processing file /opt/airflow/dags/driven_data_pipeline.py for tasks to queue
[2025-06-28T00:17:29.511+0000] {logging_mixin.py:190} INFO - [2025-06-28T00:17:29.511+0000] {dagbag.py:588} INFO - Filling up the DagBag from /opt/airflow/dags/driven_data_pipeline.py
[2025-06-28T00:17:29.900+0000] {processor.py:925} INFO - DAG(s) 'extract_raw_data_pipeline' retrieved from /opt/airflow/dags/driven_data_pipeline.py
[2025-06-28T00:17:29.961+0000] {logging_mixin.py:190} INFO - [2025-06-28T00:17:29.960+0000] {dag.py:3239} INFO - Sync 1 DAGs
[2025-06-28T00:17:30.016+0000] {logging_mixin.py:190} INFO - [2025-06-28T00:17:30.015+0000] {dag.py:4180} INFO - Setting next_dagrun for extract_raw_data_pipeline to 2025-06-27 07:59:00+00:00, run_after=2025-06-28 07:00:00+00:00
[2025-06-28T00:17:30.061+0000] {processor.py:208} INFO - Processing /opt/airflow/dags/driven_data_pipeline.py took 0.575 seconds
[2025-06-28T00:18:00.414+0000] {processor.py:186} INFO - Started process (PID=1379) to work on /opt/airflow/dags/driven_data_pipeline.py
[2025-06-28T00:18:00.417+0000] {processor.py:914} INFO - Processing file /opt/airflow/dags/driven_data_pipeline.py for tasks to queue
[2025-06-28T00:18:00.424+0000] {logging_mixin.py:190} INFO - [2025-06-28T00:18:00.423+0000] {dagbag.py:588} INFO - Filling up the DagBag from /opt/airflow/dags/driven_data_pipeline.py
[2025-06-28T00:18:00.813+0000] {processor.py:925} INFO - DAG(s) 'extract_raw_data_pipeline' retrieved from /opt/airflow/dags/driven_data_pipeline.py
[2025-06-28T00:18:00.870+0000] {logging_mixin.py:190} INFO - [2025-06-28T00:18:00.870+0000] {dag.py:3239} INFO - Sync 1 DAGs
[2025-06-28T00:18:00.920+0000] {logging_mixin.py:190} INFO - [2025-06-28T00:18:00.920+0000] {dag.py:4180} INFO - Setting next_dagrun for extract_raw_data_pipeline to 2025-06-27 07:59:00+00:00, run_after=2025-06-28 07:00:00+00:00
[2025-06-28T00:18:00.967+0000] {processor.py:208} INFO - Processing /opt/airflow/dags/driven_data_pipeline.py took 0.569 seconds
[2025-06-28T00:18:31.274+0000] {processor.py:186} INFO - Started process (PID=1387) to work on /opt/airflow/dags/driven_data_pipeline.py
[2025-06-28T00:18:31.277+0000] {processor.py:914} INFO - Processing file /opt/airflow/dags/driven_data_pipeline.py for tasks to queue
[2025-06-28T00:18:31.284+0000] {logging_mixin.py:190} INFO - [2025-06-28T00:18:31.283+0000] {dagbag.py:588} INFO - Filling up the DagBag from /opt/airflow/dags/driven_data_pipeline.py
[2025-06-28T00:18:31.733+0000] {processor.py:925} INFO - DAG(s) 'extract_raw_data_pipeline' retrieved from /opt/airflow/dags/driven_data_pipeline.py
[2025-06-28T00:18:31.840+0000] {logging_mixin.py:190} INFO - [2025-06-28T00:18:31.839+0000] {dag.py:3239} INFO - Sync 1 DAGs
[2025-06-28T00:18:31.962+0000] {logging_mixin.py:190} INFO - [2025-06-28T00:18:31.961+0000] {dag.py:4180} INFO - Setting next_dagrun for extract_raw_data_pipeline to 2025-06-27 07:59:00+00:00, run_after=2025-06-28 07:00:00+00:00
[2025-06-28T00:18:32.181+0000] {processor.py:208} INFO - Processing /opt/airflow/dags/driven_data_pipeline.py took 0.924 seconds
[2025-06-28T00:19:03.093+0000] {processor.py:186} INFO - Started process (PID=1395) to work on /opt/airflow/dags/driven_data_pipeline.py
[2025-06-28T00:19:03.097+0000] {processor.py:914} INFO - Processing file /opt/airflow/dags/driven_data_pipeline.py for tasks to queue
[2025-06-28T00:19:03.103+0000] {logging_mixin.py:190} INFO - [2025-06-28T00:19:03.102+0000] {dagbag.py:588} INFO - Filling up the DagBag from /opt/airflow/dags/driven_data_pipeline.py
[2025-06-28T00:19:03.530+0000] {processor.py:925} INFO - DAG(s) 'extract_raw_data_pipeline' retrieved from /opt/airflow/dags/driven_data_pipeline.py
[2025-06-28T00:19:03.588+0000] {logging_mixin.py:190} INFO - [2025-06-28T00:19:03.588+0000] {dag.py:3239} INFO - Sync 1 DAGs
[2025-06-28T00:19:03.653+0000] {logging_mixin.py:190} INFO - [2025-06-28T00:19:03.652+0000] {dag.py:4180} INFO - Setting next_dagrun for extract_raw_data_pipeline to 2025-06-27 07:59:00+00:00, run_after=2025-06-28 07:00:00+00:00
[2025-06-28T00:19:03.715+0000] {processor.py:208} INFO - Processing /opt/airflow/dags/driven_data_pipeline.py took 0.636 seconds
[2025-06-28T00:19:34.435+0000] {processor.py:186} INFO - Started process (PID=1403) to work on /opt/airflow/dags/driven_data_pipeline.py
[2025-06-28T00:19:34.438+0000] {processor.py:914} INFO - Processing file /opt/airflow/dags/driven_data_pipeline.py for tasks to queue
[2025-06-28T00:19:34.445+0000] {logging_mixin.py:190} INFO - [2025-06-28T00:19:34.444+0000] {dagbag.py:588} INFO - Filling up the DagBag from /opt/airflow/dags/driven_data_pipeline.py
[2025-06-28T00:19:34.898+0000] {processor.py:925} INFO - DAG(s) 'extract_raw_data_pipeline' retrieved from /opt/airflow/dags/driven_data_pipeline.py
[2025-06-28T00:19:34.978+0000] {logging_mixin.py:190} INFO - [2025-06-28T00:19:34.977+0000] {dag.py:3239} INFO - Sync 1 DAGs
[2025-06-28T00:19:35.072+0000] {logging_mixin.py:190} INFO - [2025-06-28T00:19:35.071+0000] {dag.py:4180} INFO - Setting next_dagrun for extract_raw_data_pipeline to 2025-06-27 07:59:00+00:00, run_after=2025-06-28 07:00:00+00:00
[2025-06-28T00:19:35.160+0000] {processor.py:208} INFO - Processing /opt/airflow/dags/driven_data_pipeline.py took 0.741 seconds
[2025-06-28T00:20:05.941+0000] {processor.py:186} INFO - Started process (PID=1411) to work on /opt/airflow/dags/driven_data_pipeline.py
[2025-06-28T00:20:05.946+0000] {processor.py:914} INFO - Processing file /opt/airflow/dags/driven_data_pipeline.py for tasks to queue
[2025-06-28T00:20:05.963+0000] {logging_mixin.py:190} INFO - [2025-06-28T00:20:05.961+0000] {dagbag.py:588} INFO - Filling up the DagBag from /opt/airflow/dags/driven_data_pipeline.py
[2025-06-28T00:20:06.376+0000] {processor.py:925} INFO - DAG(s) 'extract_raw_data_pipeline' retrieved from /opt/airflow/dags/driven_data_pipeline.py
[2025-06-28T00:20:06.432+0000] {logging_mixin.py:190} INFO - [2025-06-28T00:20:06.431+0000] {dag.py:3239} INFO - Sync 1 DAGs
[2025-06-28T00:20:06.482+0000] {logging_mixin.py:190} INFO - [2025-06-28T00:20:06.481+0000] {dag.py:4180} INFO - Setting next_dagrun for extract_raw_data_pipeline to 2025-06-27 07:59:00+00:00, run_after=2025-06-28 07:00:00+00:00
[2025-06-28T00:20:06.528+0000] {processor.py:208} INFO - Processing /opt/airflow/dags/driven_data_pipeline.py took 0.611 seconds
[2025-06-28T00:20:36.761+0000] {processor.py:186} INFO - Started process (PID=1419) to work on /opt/airflow/dags/driven_data_pipeline.py
[2025-06-28T00:20:36.764+0000] {processor.py:914} INFO - Processing file /opt/airflow/dags/driven_data_pipeline.py for tasks to queue
[2025-06-28T00:20:36.771+0000] {logging_mixin.py:190} INFO - [2025-06-28T00:20:36.770+0000] {dagbag.py:588} INFO - Filling up the DagBag from /opt/airflow/dags/driven_data_pipeline.py
[2025-06-28T00:20:37.160+0000] {processor.py:925} INFO - DAG(s) 'extract_raw_data_pipeline' retrieved from /opt/airflow/dags/driven_data_pipeline.py
[2025-06-28T00:20:37.216+0000] {logging_mixin.py:190} INFO - [2025-06-28T00:20:37.216+0000] {dag.py:3239} INFO - Sync 1 DAGs
[2025-06-28T00:20:37.269+0000] {logging_mixin.py:190} INFO - [2025-06-28T00:20:37.268+0000] {dag.py:4180} INFO - Setting next_dagrun for extract_raw_data_pipeline to 2025-06-27 07:59:00+00:00, run_after=2025-06-28 07:00:00+00:00
[2025-06-28T00:20:37.318+0000] {processor.py:208} INFO - Processing /opt/airflow/dags/driven_data_pipeline.py took 0.572 seconds
[2025-06-28T00:21:07.604+0000] {processor.py:186} INFO - Started process (PID=1426) to work on /opt/airflow/dags/driven_data_pipeline.py
[2025-06-28T00:21:07.607+0000] {processor.py:914} INFO - Processing file /opt/airflow/dags/driven_data_pipeline.py for tasks to queue
[2025-06-28T00:21:07.617+0000] {logging_mixin.py:190} INFO - [2025-06-28T00:21:07.615+0000] {dagbag.py:588} INFO - Filling up the DagBag from /opt/airflow/dags/driven_data_pipeline.py
[2025-06-28T00:21:08.021+0000] {processor.py:925} INFO - DAG(s) 'extract_raw_data_pipeline' retrieved from /opt/airflow/dags/driven_data_pipeline.py
[2025-06-28T00:21:08.080+0000] {logging_mixin.py:190} INFO - [2025-06-28T00:21:08.079+0000] {dag.py:3239} INFO - Sync 1 DAGs
[2025-06-28T00:21:08.133+0000] {logging_mixin.py:190} INFO - [2025-06-28T00:21:08.132+0000] {dag.py:4180} INFO - Setting next_dagrun for extract_raw_data_pipeline to 2025-06-27 07:59:00+00:00, run_after=2025-06-28 07:00:00+00:00
[2025-06-28T00:21:08.178+0000] {processor.py:208} INFO - Processing /opt/airflow/dags/driven_data_pipeline.py took 0.590 seconds
[2025-06-28T00:21:38.374+0000] {processor.py:186} INFO - Started process (PID=1435) to work on /opt/airflow/dags/driven_data_pipeline.py
[2025-06-28T00:21:38.377+0000] {processor.py:914} INFO - Processing file /opt/airflow/dags/driven_data_pipeline.py for tasks to queue
[2025-06-28T00:21:38.384+0000] {logging_mixin.py:190} INFO - [2025-06-28T00:21:38.383+0000] {dagbag.py:588} INFO - Filling up the DagBag from /opt/airflow/dags/driven_data_pipeline.py
[2025-06-28T00:21:38.777+0000] {processor.py:925} INFO - DAG(s) 'extract_raw_data_pipeline' retrieved from /opt/airflow/dags/driven_data_pipeline.py
[2025-06-28T00:21:38.836+0000] {logging_mixin.py:190} INFO - [2025-06-28T00:21:38.836+0000] {dag.py:3239} INFO - Sync 1 DAGs
[2025-06-28T00:21:38.887+0000] {logging_mixin.py:190} INFO - [2025-06-28T00:21:38.886+0000] {dag.py:4180} INFO - Setting next_dagrun for extract_raw_data_pipeline to 2025-06-27 07:59:00+00:00, run_after=2025-06-28 07:00:00+00:00
[2025-06-28T00:21:38.935+0000] {processor.py:208} INFO - Processing /opt/airflow/dags/driven_data_pipeline.py took 0.577 seconds
[2025-06-28T00:22:09.274+0000] {processor.py:186} INFO - Started process (PID=1444) to work on /opt/airflow/dags/driven_data_pipeline.py
[2025-06-28T00:22:09.278+0000] {processor.py:914} INFO - Processing file /opt/airflow/dags/driven_data_pipeline.py for tasks to queue
[2025-06-28T00:22:09.285+0000] {logging_mixin.py:190} INFO - [2025-06-28T00:22:09.284+0000] {dagbag.py:588} INFO - Filling up the DagBag from /opt/airflow/dags/driven_data_pipeline.py
[2025-06-28T00:22:09.840+0000] {processor.py:925} INFO - DAG(s) 'extract_raw_data_pipeline' retrieved from /opt/airflow/dags/driven_data_pipeline.py
[2025-06-28T00:22:09.905+0000] {logging_mixin.py:190} INFO - [2025-06-28T00:22:09.904+0000] {dag.py:3239} INFO - Sync 1 DAGs
[2025-06-28T00:22:09.961+0000] {logging_mixin.py:190} INFO - [2025-06-28T00:22:09.961+0000] {dag.py:4180} INFO - Setting next_dagrun for extract_raw_data_pipeline to 2025-06-27 07:59:00+00:00, run_after=2025-06-28 07:00:00+00:00
[2025-06-28T00:22:10.006+0000] {processor.py:208} INFO - Processing /opt/airflow/dags/driven_data_pipeline.py took 0.747 seconds
[2025-06-28T00:22:40.637+0000] {processor.py:186} INFO - Started process (PID=1451) to work on /opt/airflow/dags/driven_data_pipeline.py
[2025-06-28T00:22:40.641+0000] {processor.py:914} INFO - Processing file /opt/airflow/dags/driven_data_pipeline.py for tasks to queue
[2025-06-28T00:22:40.647+0000] {logging_mixin.py:190} INFO - [2025-06-28T00:22:40.646+0000] {dagbag.py:588} INFO - Filling up the DagBag from /opt/airflow/dags/driven_data_pipeline.py
[2025-06-28T00:22:41.089+0000] {processor.py:925} INFO - DAG(s) 'extract_raw_data_pipeline' retrieved from /opt/airflow/dags/driven_data_pipeline.py
[2025-06-28T00:22:41.156+0000] {logging_mixin.py:190} INFO - [2025-06-28T00:22:41.155+0000] {dag.py:3239} INFO - Sync 1 DAGs
[2025-06-28T00:22:41.221+0000] {logging_mixin.py:190} INFO - [2025-06-28T00:22:41.221+0000] {dag.py:4180} INFO - Setting next_dagrun for extract_raw_data_pipeline to 2025-06-27 07:59:00+00:00, run_after=2025-06-28 07:00:00+00:00
[2025-06-28T00:22:41.276+0000] {processor.py:208} INFO - Processing /opt/airflow/dags/driven_data_pipeline.py took 0.654 seconds
[2025-06-28T00:23:11.619+0000] {processor.py:186} INFO - Started process (PID=1458) to work on /opt/airflow/dags/driven_data_pipeline.py
[2025-06-28T00:23:11.622+0000] {processor.py:914} INFO - Processing file /opt/airflow/dags/driven_data_pipeline.py for tasks to queue
[2025-06-28T00:23:11.629+0000] {logging_mixin.py:190} INFO - [2025-06-28T00:23:11.628+0000] {dagbag.py:588} INFO - Filling up the DagBag from /opt/airflow/dags/driven_data_pipeline.py
[2025-06-28T00:23:12.078+0000] {processor.py:925} INFO - DAG(s) 'extract_raw_data_pipeline' retrieved from /opt/airflow/dags/driven_data_pipeline.py
[2025-06-28T00:23:12.166+0000] {logging_mixin.py:190} INFO - [2025-06-28T00:23:12.165+0000] {dag.py:3239} INFO - Sync 1 DAGs
[2025-06-28T00:23:12.264+0000] {logging_mixin.py:190} INFO - [2025-06-28T00:23:12.263+0000] {dag.py:4180} INFO - Setting next_dagrun for extract_raw_data_pipeline to 2025-06-27 07:59:00+00:00, run_after=2025-06-28 07:00:00+00:00
[2025-06-28T00:23:12.351+0000] {processor.py:208} INFO - Processing /opt/airflow/dags/driven_data_pipeline.py took 0.748 seconds
[2025-06-28T00:23:43.066+0000] {processor.py:186} INFO - Started process (PID=1466) to work on /opt/airflow/dags/driven_data_pipeline.py
[2025-06-28T00:23:43.070+0000] {processor.py:914} INFO - Processing file /opt/airflow/dags/driven_data_pipeline.py for tasks to queue
[2025-06-28T00:23:43.078+0000] {logging_mixin.py:190} INFO - [2025-06-28T00:23:43.077+0000] {dagbag.py:588} INFO - Filling up the DagBag from /opt/airflow/dags/driven_data_pipeline.py
[2025-06-28T00:23:43.501+0000] {processor.py:925} INFO - DAG(s) 'extract_raw_data_pipeline' retrieved from /opt/airflow/dags/driven_data_pipeline.py
[2025-06-28T00:23:43.566+0000] {logging_mixin.py:190} INFO - [2025-06-28T00:23:43.565+0000] {dag.py:3239} INFO - Sync 1 DAGs
[2025-06-28T00:23:43.615+0000] {logging_mixin.py:190} INFO - [2025-06-28T00:23:43.615+0000] {dag.py:4180} INFO - Setting next_dagrun for extract_raw_data_pipeline to 2025-06-27 07:59:00+00:00, run_after=2025-06-28 07:00:00+00:00
[2025-06-28T00:23:43.663+0000] {processor.py:208} INFO - Processing /opt/airflow/dags/driven_data_pipeline.py took 0.613 seconds
[2025-06-28T00:24:14.160+0000] {processor.py:186} INFO - Started process (PID=1475) to work on /opt/airflow/dags/driven_data_pipeline.py
[2025-06-28T00:24:14.164+0000] {processor.py:914} INFO - Processing file /opt/airflow/dags/driven_data_pipeline.py for tasks to queue
[2025-06-28T00:24:14.171+0000] {logging_mixin.py:190} INFO - [2025-06-28T00:24:14.170+0000] {dagbag.py:588} INFO - Filling up the DagBag from /opt/airflow/dags/driven_data_pipeline.py
[2025-06-28T00:24:14.612+0000] {processor.py:925} INFO - DAG(s) 'extract_raw_data_pipeline' retrieved from /opt/airflow/dags/driven_data_pipeline.py
[2025-06-28T00:24:14.675+0000] {logging_mixin.py:190} INFO - [2025-06-28T00:24:14.674+0000] {dag.py:3239} INFO - Sync 1 DAGs
[2025-06-28T00:24:14.726+0000] {logging_mixin.py:190} INFO - [2025-06-28T00:24:14.725+0000] {dag.py:4180} INFO - Setting next_dagrun for extract_raw_data_pipeline to 2025-06-27 07:59:00+00:00, run_after=2025-06-28 07:00:00+00:00
[2025-06-28T00:24:14.774+0000] {processor.py:208} INFO - Processing /opt/airflow/dags/driven_data_pipeline.py took 0.629 seconds
[2025-06-28T00:24:45.290+0000] {processor.py:186} INFO - Started process (PID=1483) to work on /opt/airflow/dags/driven_data_pipeline.py
[2025-06-28T00:24:45.295+0000] {processor.py:914} INFO - Processing file /opt/airflow/dags/driven_data_pipeline.py for tasks to queue
[2025-06-28T00:24:45.327+0000] {logging_mixin.py:190} INFO - [2025-06-28T00:24:45.307+0000] {dagbag.py:588} INFO - Filling up the DagBag from /opt/airflow/dags/driven_data_pipeline.py
[2025-06-28T00:24:46.348+0000] {processor.py:925} INFO - DAG(s) 'extract_raw_data_pipeline' retrieved from /opt/airflow/dags/driven_data_pipeline.py
[2025-06-28T00:24:46.447+0000] {logging_mixin.py:190} INFO - [2025-06-28T00:24:46.446+0000] {dag.py:3239} INFO - Sync 1 DAGs
[2025-06-28T00:24:46.518+0000] {logging_mixin.py:190} INFO - [2025-06-28T00:24:46.517+0000] {dag.py:4180} INFO - Setting next_dagrun for extract_raw_data_pipeline to 2025-06-27 07:59:00+00:00, run_after=2025-06-28 07:00:00+00:00
[2025-06-28T00:24:46.585+0000] {processor.py:208} INFO - Processing /opt/airflow/dags/driven_data_pipeline.py took 1.322 seconds
[2025-06-28T00:25:17.098+0000] {processor.py:186} INFO - Started process (PID=1491) to work on /opt/airflow/dags/driven_data_pipeline.py
[2025-06-28T00:25:17.106+0000] {processor.py:914} INFO - Processing file /opt/airflow/dags/driven_data_pipeline.py for tasks to queue
[2025-06-28T00:25:17.113+0000] {logging_mixin.py:190} INFO - [2025-06-28T00:25:17.112+0000] {dagbag.py:588} INFO - Filling up the DagBag from /opt/airflow/dags/driven_data_pipeline.py
[2025-06-28T00:25:17.543+0000] {processor.py:925} INFO - DAG(s) 'extract_raw_data_pipeline' retrieved from /opt/airflow/dags/driven_data_pipeline.py
[2025-06-28T00:25:17.602+0000] {logging_mixin.py:190} INFO - [2025-06-28T00:25:17.601+0000] {dag.py:3239} INFO - Sync 1 DAGs
[2025-06-28T00:25:17.663+0000] {logging_mixin.py:190} INFO - [2025-06-28T00:25:17.662+0000] {dag.py:4180} INFO - Setting next_dagrun for extract_raw_data_pipeline to 2025-06-27 07:59:00+00:00, run_after=2025-06-28 07:00:00+00:00
[2025-06-28T00:25:17.733+0000] {processor.py:208} INFO - Processing /opt/airflow/dags/driven_data_pipeline.py took 0.650 seconds
[2025-06-28T00:25:48.356+0000] {processor.py:186} INFO - Started process (PID=1500) to work on /opt/airflow/dags/driven_data_pipeline.py
[2025-06-28T00:25:48.360+0000] {processor.py:914} INFO - Processing file /opt/airflow/dags/driven_data_pipeline.py for tasks to queue
[2025-06-28T00:25:48.373+0000] {logging_mixin.py:190} INFO - [2025-06-28T00:25:48.369+0000] {dagbag.py:588} INFO - Filling up the DagBag from /opt/airflow/dags/driven_data_pipeline.py
[2025-06-28T00:25:48.857+0000] {processor.py:925} INFO - DAG(s) 'extract_raw_data_pipeline' retrieved from /opt/airflow/dags/driven_data_pipeline.py
[2025-06-28T00:25:48.915+0000] {logging_mixin.py:190} INFO - [2025-06-28T00:25:48.915+0000] {dag.py:3239} INFO - Sync 1 DAGs
[2025-06-28T00:25:48.967+0000] {logging_mixin.py:190} INFO - [2025-06-28T00:25:48.967+0000] {dag.py:4180} INFO - Setting next_dagrun for extract_raw_data_pipeline to 2025-06-27 07:59:00+00:00, run_after=2025-06-28 07:00:00+00:00
[2025-06-28T00:25:49.015+0000] {processor.py:208} INFO - Processing /opt/airflow/dags/driven_data_pipeline.py took 0.683 seconds
[2025-06-28T00:26:19.422+0000] {processor.py:186} INFO - Started process (PID=1508) to work on /opt/airflow/dags/driven_data_pipeline.py
[2025-06-28T00:26:19.426+0000] {processor.py:914} INFO - Processing file /opt/airflow/dags/driven_data_pipeline.py for tasks to queue
[2025-06-28T00:26:19.433+0000] {logging_mixin.py:190} INFO - [2025-06-28T00:26:19.432+0000] {dagbag.py:588} INFO - Filling up the DagBag from /opt/airflow/dags/driven_data_pipeline.py
[2025-06-28T00:26:19.848+0000] {processor.py:925} INFO - DAG(s) 'extract_raw_data_pipeline' retrieved from /opt/airflow/dags/driven_data_pipeline.py
[2025-06-28T00:26:19.907+0000] {logging_mixin.py:190} INFO - [2025-06-28T00:26:19.907+0000] {dag.py:3239} INFO - Sync 1 DAGs
[2025-06-28T00:26:19.959+0000] {logging_mixin.py:190} INFO - [2025-06-28T00:26:19.958+0000] {dag.py:4180} INFO - Setting next_dagrun for extract_raw_data_pipeline to 2025-06-27 07:59:00+00:00, run_after=2025-06-28 07:00:00+00:00
[2025-06-28T00:26:20.003+0000] {processor.py:208} INFO - Processing /opt/airflow/dags/driven_data_pipeline.py took 0.597 seconds
[2025-06-28T00:26:50.306+0000] {processor.py:186} INFO - Started process (PID=1516) to work on /opt/airflow/dags/driven_data_pipeline.py
[2025-06-28T00:26:50.309+0000] {processor.py:914} INFO - Processing file /opt/airflow/dags/driven_data_pipeline.py for tasks to queue
[2025-06-28T00:26:50.316+0000] {logging_mixin.py:190} INFO - [2025-06-28T00:26:50.315+0000] {dagbag.py:588} INFO - Filling up the DagBag from /opt/airflow/dags/driven_data_pipeline.py
[2025-06-28T00:26:50.707+0000] {processor.py:925} INFO - DAG(s) 'extract_raw_data_pipeline' retrieved from /opt/airflow/dags/driven_data_pipeline.py
[2025-06-28T00:26:50.762+0000] {logging_mixin.py:190} INFO - [2025-06-28T00:26:50.762+0000] {dag.py:3239} INFO - Sync 1 DAGs
[2025-06-28T00:26:50.826+0000] {logging_mixin.py:190} INFO - [2025-06-28T00:26:50.826+0000] {dag.py:4180} INFO - Setting next_dagrun for extract_raw_data_pipeline to 2025-06-27 07:59:00+00:00, run_after=2025-06-28 07:00:00+00:00
[2025-06-28T00:26:50.900+0000] {processor.py:208} INFO - Processing /opt/airflow/dags/driven_data_pipeline.py took 0.610 seconds
[2025-06-28T00:27:21.139+0000] {processor.py:186} INFO - Started process (PID=1524) to work on /opt/airflow/dags/driven_data_pipeline.py
[2025-06-28T00:27:21.142+0000] {processor.py:914} INFO - Processing file /opt/airflow/dags/driven_data_pipeline.py for tasks to queue
[2025-06-28T00:27:21.149+0000] {logging_mixin.py:190} INFO - [2025-06-28T00:27:21.148+0000] {dagbag.py:588} INFO - Filling up the DagBag from /opt/airflow/dags/driven_data_pipeline.py
[2025-06-28T00:27:21.615+0000] {processor.py:925} INFO - DAG(s) 'extract_raw_data_pipeline' retrieved from /opt/airflow/dags/driven_data_pipeline.py
[2025-06-28T00:27:21.670+0000] {logging_mixin.py:190} INFO - [2025-06-28T00:27:21.669+0000] {dag.py:3239} INFO - Sync 1 DAGs
[2025-06-28T00:27:21.723+0000] {logging_mixin.py:190} INFO - [2025-06-28T00:27:21.723+0000] {dag.py:4180} INFO - Setting next_dagrun for extract_raw_data_pipeline to 2025-06-27 07:59:00+00:00, run_after=2025-06-28 07:00:00+00:00
[2025-06-28T00:27:21.772+0000] {processor.py:208} INFO - Processing /opt/airflow/dags/driven_data_pipeline.py took 0.649 seconds
[2025-06-28T00:27:52.074+0000] {processor.py:186} INFO - Started process (PID=1532) to work on /opt/airflow/dags/driven_data_pipeline.py
[2025-06-28T00:27:52.077+0000] {processor.py:914} INFO - Processing file /opt/airflow/dags/driven_data_pipeline.py for tasks to queue
[2025-06-28T00:27:52.084+0000] {logging_mixin.py:190} INFO - [2025-06-28T00:27:52.083+0000] {dagbag.py:588} INFO - Filling up the DagBag from /opt/airflow/dags/driven_data_pipeline.py
[2025-06-28T00:27:52.763+0000] {processor.py:925} INFO - DAG(s) 'extract_raw_data_pipeline' retrieved from /opt/airflow/dags/driven_data_pipeline.py
[2025-06-28T00:27:52.824+0000] {logging_mixin.py:190} INFO - [2025-06-28T00:27:52.823+0000] {dag.py:3239} INFO - Sync 1 DAGs
[2025-06-28T00:27:52.875+0000] {logging_mixin.py:190} INFO - [2025-06-28T00:27:52.874+0000] {dag.py:4180} INFO - Setting next_dagrun for extract_raw_data_pipeline to 2025-06-27 07:59:00+00:00, run_after=2025-06-28 07:00:00+00:00
[2025-06-28T00:27:52.924+0000] {processor.py:208} INFO - Processing /opt/airflow/dags/driven_data_pipeline.py took 0.865 seconds
[2025-06-28T00:28:23.726+0000] {processor.py:186} INFO - Started process (PID=1540) to work on /opt/airflow/dags/driven_data_pipeline.py
[2025-06-28T00:28:23.734+0000] {processor.py:914} INFO - Processing file /opt/airflow/dags/driven_data_pipeline.py for tasks to queue
[2025-06-28T00:28:23.748+0000] {logging_mixin.py:190} INFO - [2025-06-28T00:28:23.747+0000] {dagbag.py:588} INFO - Filling up the DagBag from /opt/airflow/dags/driven_data_pipeline.py
[2025-06-28T00:28:25.292+0000] {processor.py:925} INFO - DAG(s) 'extract_raw_data_pipeline' retrieved from /opt/airflow/dags/driven_data_pipeline.py
[2025-06-28T00:28:25.363+0000] {logging_mixin.py:190} INFO - [2025-06-28T00:28:25.362+0000] {dag.py:3239} INFO - Sync 1 DAGs
[2025-06-28T00:28:25.442+0000] {logging_mixin.py:190} INFO - [2025-06-28T00:28:25.442+0000] {dag.py:4180} INFO - Setting next_dagrun for extract_raw_data_pipeline to 2025-06-27 07:59:00+00:00, run_after=2025-06-28 07:00:00+00:00
[2025-06-28T00:28:25.506+0000] {processor.py:208} INFO - Processing /opt/airflow/dags/driven_data_pipeline.py took 1.833 seconds
[2025-06-28T00:28:56.157+0000] {processor.py:186} INFO - Started process (PID=1547) to work on /opt/airflow/dags/driven_data_pipeline.py
[2025-06-28T00:28:56.160+0000] {processor.py:914} INFO - Processing file /opt/airflow/dags/driven_data_pipeline.py for tasks to queue
[2025-06-28T00:28:56.168+0000] {logging_mixin.py:190} INFO - [2025-06-28T00:28:56.167+0000] {dagbag.py:588} INFO - Filling up the DagBag from /opt/airflow/dags/driven_data_pipeline.py
[2025-06-28T00:28:56.631+0000] {processor.py:925} INFO - DAG(s) 'extract_raw_data_pipeline' retrieved from /opt/airflow/dags/driven_data_pipeline.py
[2025-06-28T00:28:56.688+0000] {logging_mixin.py:190} INFO - [2025-06-28T00:28:56.687+0000] {dag.py:3239} INFO - Sync 1 DAGs
[2025-06-28T00:28:56.739+0000] {logging_mixin.py:190} INFO - [2025-06-28T00:28:56.739+0000] {dag.py:4180} INFO - Setting next_dagrun for extract_raw_data_pipeline to 2025-06-27 07:59:00+00:00, run_after=2025-06-28 07:00:00+00:00
[2025-06-28T00:28:56.788+0000] {processor.py:208} INFO - Processing /opt/airflow/dags/driven_data_pipeline.py took 0.648 seconds
[2025-06-28T00:29:27.399+0000] {processor.py:186} INFO - Started process (PID=1556) to work on /opt/airflow/dags/driven_data_pipeline.py
[2025-06-28T00:29:27.402+0000] {processor.py:914} INFO - Processing file /opt/airflow/dags/driven_data_pipeline.py for tasks to queue
[2025-06-28T00:29:27.409+0000] {logging_mixin.py:190} INFO - [2025-06-28T00:29:27.408+0000] {dagbag.py:588} INFO - Filling up the DagBag from /opt/airflow/dags/driven_data_pipeline.py
[2025-06-28T00:29:27.816+0000] {processor.py:925} INFO - DAG(s) 'extract_raw_data_pipeline' retrieved from /opt/airflow/dags/driven_data_pipeline.py
[2025-06-28T00:29:27.884+0000] {logging_mixin.py:190} INFO - [2025-06-28T00:29:27.883+0000] {dag.py:3239} INFO - Sync 1 DAGs
[2025-06-28T00:29:27.946+0000] {logging_mixin.py:190} INFO - [2025-06-28T00:29:27.945+0000] {dag.py:4180} INFO - Setting next_dagrun for extract_raw_data_pipeline to 2025-06-27 07:59:00+00:00, run_after=2025-06-28 07:00:00+00:00
[2025-06-28T00:29:27.991+0000] {processor.py:208} INFO - Processing /opt/airflow/dags/driven_data_pipeline.py took 0.606 seconds
[2025-06-28T00:29:58.697+0000] {processor.py:186} INFO - Started process (PID=1564) to work on /opt/airflow/dags/driven_data_pipeline.py
[2025-06-28T00:29:58.701+0000] {processor.py:914} INFO - Processing file /opt/airflow/dags/driven_data_pipeline.py for tasks to queue
[2025-06-28T00:29:58.707+0000] {logging_mixin.py:190} INFO - [2025-06-28T00:29:58.706+0000] {dagbag.py:588} INFO - Filling up the DagBag from /opt/airflow/dags/driven_data_pipeline.py
[2025-06-28T00:29:59.111+0000] {processor.py:925} INFO - DAG(s) 'extract_raw_data_pipeline' retrieved from /opt/airflow/dags/driven_data_pipeline.py
[2025-06-28T00:29:59.173+0000] {logging_mixin.py:190} INFO - [2025-06-28T00:29:59.173+0000] {dag.py:3239} INFO - Sync 1 DAGs
[2025-06-28T00:29:59.224+0000] {logging_mixin.py:190} INFO - [2025-06-28T00:29:59.224+0000] {dag.py:4180} INFO - Setting next_dagrun for extract_raw_data_pipeline to 2025-06-27 07:59:00+00:00, run_after=2025-06-28 07:00:00+00:00
[2025-06-28T00:29:59.268+0000] {processor.py:208} INFO - Processing /opt/airflow/dags/driven_data_pipeline.py took 0.585 seconds
[2025-06-28T00:30:29.554+0000] {processor.py:186} INFO - Started process (PID=1572) to work on /opt/airflow/dags/driven_data_pipeline.py
[2025-06-28T00:30:29.558+0000] {processor.py:914} INFO - Processing file /opt/airflow/dags/driven_data_pipeline.py for tasks to queue
[2025-06-28T00:30:29.565+0000] {logging_mixin.py:190} INFO - [2025-06-28T00:30:29.564+0000] {dagbag.py:588} INFO - Filling up the DagBag from /opt/airflow/dags/driven_data_pipeline.py
[2025-06-28T00:30:29.963+0000] {processor.py:925} INFO - DAG(s) 'extract_raw_data_pipeline' retrieved from /opt/airflow/dags/driven_data_pipeline.py
[2025-06-28T00:30:30.023+0000] {logging_mixin.py:190} INFO - [2025-06-28T00:30:30.022+0000] {dag.py:3239} INFO - Sync 1 DAGs
[2025-06-28T00:30:30.079+0000] {logging_mixin.py:190} INFO - [2025-06-28T00:30:30.078+0000] {dag.py:4180} INFO - Setting next_dagrun for extract_raw_data_pipeline to 2025-06-27 07:59:00+00:00, run_after=2025-06-28 07:00:00+00:00
[2025-06-28T00:30:30.125+0000] {processor.py:208} INFO - Processing /opt/airflow/dags/driven_data_pipeline.py took 0.590 seconds
[2025-06-28T00:31:00.521+0000] {processor.py:186} INFO - Started process (PID=1580) to work on /opt/airflow/dags/driven_data_pipeline.py
[2025-06-28T00:31:00.529+0000] {processor.py:914} INFO - Processing file /opt/airflow/dags/driven_data_pipeline.py for tasks to queue
[2025-06-28T00:31:00.536+0000] {logging_mixin.py:190} INFO - [2025-06-28T00:31:00.535+0000] {dagbag.py:588} INFO - Filling up the DagBag from /opt/airflow/dags/driven_data_pipeline.py
[2025-06-28T00:31:01.009+0000] {processor.py:925} INFO - DAG(s) 'extract_raw_data_pipeline' retrieved from /opt/airflow/dags/driven_data_pipeline.py
[2025-06-28T00:31:01.066+0000] {logging_mixin.py:190} INFO - [2025-06-28T00:31:01.065+0000] {dag.py:3239} INFO - Sync 1 DAGs
[2025-06-28T00:31:01.115+0000] {logging_mixin.py:190} INFO - [2025-06-28T00:31:01.115+0000] {dag.py:4180} INFO - Setting next_dagrun for extract_raw_data_pipeline to 2025-06-27 07:59:00+00:00, run_after=2025-06-28 07:00:00+00:00
[2025-06-28T00:31:01.167+0000] {processor.py:208} INFO - Processing /opt/airflow/dags/driven_data_pipeline.py took 0.660 seconds
[2025-06-28T00:31:31.453+0000] {processor.py:186} INFO - Started process (PID=1594) to work on /opt/airflow/dags/driven_data_pipeline.py
[2025-06-28T00:31:31.460+0000] {processor.py:914} INFO - Processing file /opt/airflow/dags/driven_data_pipeline.py for tasks to queue
[2025-06-28T00:31:31.479+0000] {logging_mixin.py:190} INFO - [2025-06-28T00:31:31.478+0000] {dagbag.py:588} INFO - Filling up the DagBag from /opt/airflow/dags/driven_data_pipeline.py
[2025-06-28T00:31:32.978+0000] {processor.py:925} INFO - DAG(s) 'extract_raw_data_pipeline' retrieved from /opt/airflow/dags/driven_data_pipeline.py
[2025-06-28T00:31:33.198+0000] {logging_mixin.py:190} INFO - [2025-06-28T00:31:33.198+0000] {dag.py:3239} INFO - Sync 1 DAGs
[2025-06-28T00:31:33.355+0000] {logging_mixin.py:190} INFO - [2025-06-28T00:31:33.355+0000] {dag.py:4180} INFO - Setting next_dagrun for extract_raw_data_pipeline to 2025-06-27 07:59:00+00:00, run_after=2025-06-28 07:00:00+00:00
[2025-06-28T00:31:33.466+0000] {processor.py:208} INFO - Processing /opt/airflow/dags/driven_data_pipeline.py took 2.043 seconds
[2025-06-28T00:32:04.091+0000] {processor.py:186} INFO - Started process (PID=1601) to work on /opt/airflow/dags/driven_data_pipeline.py
[2025-06-28T00:32:04.094+0000] {processor.py:914} INFO - Processing file /opt/airflow/dags/driven_data_pipeline.py for tasks to queue
[2025-06-28T00:32:04.102+0000] {logging_mixin.py:190} INFO - [2025-06-28T00:32:04.101+0000] {dagbag.py:588} INFO - Filling up the DagBag from /opt/airflow/dags/driven_data_pipeline.py
[2025-06-28T00:32:04.632+0000] {processor.py:925} INFO - DAG(s) 'extract_raw_data_pipeline' retrieved from /opt/airflow/dags/driven_data_pipeline.py
[2025-06-28T00:32:04.692+0000] {logging_mixin.py:190} INFO - [2025-06-28T00:32:04.691+0000] {dag.py:3239} INFO - Sync 1 DAGs
[2025-06-28T00:32:04.743+0000] {logging_mixin.py:190} INFO - [2025-06-28T00:32:04.742+0000] {dag.py:4180} INFO - Setting next_dagrun for extract_raw_data_pipeline to 2025-06-27 07:59:00+00:00, run_after=2025-06-28 07:00:00+00:00
[2025-06-28T00:32:04.789+0000] {processor.py:208} INFO - Processing /opt/airflow/dags/driven_data_pipeline.py took 0.711 seconds
[2025-06-28T00:32:35.513+0000] {processor.py:186} INFO - Started process (PID=1609) to work on /opt/airflow/dags/driven_data_pipeline.py
[2025-06-28T00:32:35.518+0000] {processor.py:914} INFO - Processing file /opt/airflow/dags/driven_data_pipeline.py for tasks to queue
[2025-06-28T00:32:35.526+0000] {logging_mixin.py:190} INFO - [2025-06-28T00:32:35.525+0000] {dagbag.py:588} INFO - Filling up the DagBag from /opt/airflow/dags/driven_data_pipeline.py
[2025-06-28T00:32:36.074+0000] {processor.py:925} INFO - DAG(s) 'extract_raw_data_pipeline' retrieved from /opt/airflow/dags/driven_data_pipeline.py
[2025-06-28T00:32:36.132+0000] {logging_mixin.py:190} INFO - [2025-06-28T00:32:36.132+0000] {dag.py:3239} INFO - Sync 1 DAGs
[2025-06-28T00:32:36.191+0000] {logging_mixin.py:190} INFO - [2025-06-28T00:32:36.190+0000] {dag.py:4180} INFO - Setting next_dagrun for extract_raw_data_pipeline to 2025-06-27 07:59:00+00:00, run_after=2025-06-28 07:00:00+00:00
[2025-06-28T00:32:36.240+0000] {processor.py:208} INFO - Processing /opt/airflow/dags/driven_data_pipeline.py took 0.755 seconds
[2025-06-28T00:33:06.975+0000] {processor.py:186} INFO - Started process (PID=1617) to work on /opt/airflow/dags/driven_data_pipeline.py
[2025-06-28T00:33:06.978+0000] {processor.py:914} INFO - Processing file /opt/airflow/dags/driven_data_pipeline.py for tasks to queue
[2025-06-28T00:33:06.988+0000] {logging_mixin.py:190} INFO - [2025-06-28T00:33:06.987+0000] {dagbag.py:588} INFO - Filling up the DagBag from /opt/airflow/dags/driven_data_pipeline.py
[2025-06-28T00:33:07.395+0000] {processor.py:925} INFO - DAG(s) 'extract_raw_data_pipeline' retrieved from /opt/airflow/dags/driven_data_pipeline.py
[2025-06-28T00:33:07.452+0000] {logging_mixin.py:190} INFO - [2025-06-28T00:33:07.451+0000] {dag.py:3239} INFO - Sync 1 DAGs
[2025-06-28T00:33:07.507+0000] {logging_mixin.py:190} INFO - [2025-06-28T00:33:07.506+0000] {dag.py:4180} INFO - Setting next_dagrun for extract_raw_data_pipeline to 2025-06-27 07:59:00+00:00, run_after=2025-06-28 07:00:00+00:00
[2025-06-28T00:33:07.557+0000] {processor.py:208} INFO - Processing /opt/airflow/dags/driven_data_pipeline.py took 0.602 seconds
[2025-06-28T00:33:37.853+0000] {processor.py:186} INFO - Started process (PID=1625) to work on /opt/airflow/dags/driven_data_pipeline.py
[2025-06-28T00:33:37.857+0000] {processor.py:914} INFO - Processing file /opt/airflow/dags/driven_data_pipeline.py for tasks to queue
[2025-06-28T00:33:37.865+0000] {logging_mixin.py:190} INFO - [2025-06-28T00:33:37.863+0000] {dagbag.py:588} INFO - Filling up the DagBag from /opt/airflow/dags/driven_data_pipeline.py
[2025-06-28T00:33:38.322+0000] {processor.py:925} INFO - DAG(s) 'extract_raw_data_pipeline' retrieved from /opt/airflow/dags/driven_data_pipeline.py
[2025-06-28T00:33:38.378+0000] {logging_mixin.py:190} INFO - [2025-06-28T00:33:38.377+0000] {dag.py:3239} INFO - Sync 1 DAGs
[2025-06-28T00:33:38.433+0000] {logging_mixin.py:190} INFO - [2025-06-28T00:33:38.432+0000] {dag.py:4180} INFO - Setting next_dagrun for extract_raw_data_pipeline to 2025-06-27 07:59:00+00:00, run_after=2025-06-28 07:00:00+00:00
[2025-06-28T00:33:38.482+0000] {processor.py:208} INFO - Processing /opt/airflow/dags/driven_data_pipeline.py took 0.645 seconds
[2025-06-28T00:34:08.930+0000] {processor.py:186} INFO - Started process (PID=1634) to work on /opt/airflow/dags/driven_data_pipeline.py
[2025-06-28T00:34:08.933+0000] {processor.py:914} INFO - Processing file /opt/airflow/dags/driven_data_pipeline.py for tasks to queue
[2025-06-28T00:34:08.940+0000] {logging_mixin.py:190} INFO - [2025-06-28T00:34:08.940+0000] {dagbag.py:588} INFO - Filling up the DagBag from /opt/airflow/dags/driven_data_pipeline.py
[2025-06-28T00:34:09.557+0000] {processor.py:925} INFO - DAG(s) 'extract_raw_data_pipeline' retrieved from /opt/airflow/dags/driven_data_pipeline.py
[2025-06-28T00:34:09.628+0000] {logging_mixin.py:190} INFO - [2025-06-28T00:34:09.628+0000] {dag.py:3239} INFO - Sync 1 DAGs
[2025-06-28T00:34:09.741+0000] {logging_mixin.py:190} INFO - [2025-06-28T00:34:09.740+0000] {dag.py:4180} INFO - Setting next_dagrun for extract_raw_data_pipeline to 2025-06-27 07:59:00+00:00, run_after=2025-06-28 07:00:00+00:00
[2025-06-28T00:34:09.809+0000] {processor.py:208} INFO - Processing /opt/airflow/dags/driven_data_pipeline.py took 0.896 seconds
[2025-06-28T00:34:40.540+0000] {processor.py:186} INFO - Started process (PID=1642) to work on /opt/airflow/dags/driven_data_pipeline.py
[2025-06-28T00:34:40.544+0000] {processor.py:914} INFO - Processing file /opt/airflow/dags/driven_data_pipeline.py for tasks to queue
[2025-06-28T00:34:40.560+0000] {logging_mixin.py:190} INFO - [2025-06-28T00:34:40.555+0000] {dagbag.py:588} INFO - Filling up the DagBag from /opt/airflow/dags/driven_data_pipeline.py
[2025-06-28T00:34:41.587+0000] {processor.py:925} INFO - DAG(s) 'extract_raw_data_pipeline' retrieved from /opt/airflow/dags/driven_data_pipeline.py
[2025-06-28T00:34:41.660+0000] {logging_mixin.py:190} INFO - [2025-06-28T00:34:41.660+0000] {dag.py:3239} INFO - Sync 1 DAGs
[2025-06-28T00:34:41.723+0000] {logging_mixin.py:190} INFO - [2025-06-28T00:34:41.722+0000] {dag.py:4180} INFO - Setting next_dagrun for extract_raw_data_pipeline to 2025-06-27 07:59:00+00:00, run_after=2025-06-28 07:00:00+00:00
[2025-06-28T00:34:41.819+0000] {processor.py:208} INFO - Processing /opt/airflow/dags/driven_data_pipeline.py took 1.312 seconds
[2025-06-28T00:35:12.332+0000] {processor.py:186} INFO - Started process (PID=1651) to work on /opt/airflow/dags/driven_data_pipeline.py
[2025-06-28T00:35:12.336+0000] {processor.py:914} INFO - Processing file /opt/airflow/dags/driven_data_pipeline.py for tasks to queue
[2025-06-28T00:35:12.343+0000] {logging_mixin.py:190} INFO - [2025-06-28T00:35:12.343+0000] {dagbag.py:588} INFO - Filling up the DagBag from /opt/airflow/dags/driven_data_pipeline.py
[2025-06-28T00:35:12.790+0000] {processor.py:925} INFO - DAG(s) 'extract_raw_data_pipeline' retrieved from /opt/airflow/dags/driven_data_pipeline.py
[2025-06-28T00:35:12.902+0000] {logging_mixin.py:190} INFO - [2025-06-28T00:35:12.901+0000] {dag.py:3239} INFO - Sync 1 DAGs
[2025-06-28T00:35:12.990+0000] {logging_mixin.py:190} INFO - [2025-06-28T00:35:12.989+0000] {dag.py:4180} INFO - Setting next_dagrun for extract_raw_data_pipeline to 2025-06-27 07:59:00+00:00, run_after=2025-06-28 07:00:00+00:00
[2025-06-28T00:35:13.107+0000] {processor.py:208} INFO - Processing /opt/airflow/dags/driven_data_pipeline.py took 0.790 seconds
[2025-06-28T00:35:43.765+0000] {processor.py:186} INFO - Started process (PID=1660) to work on /opt/airflow/dags/driven_data_pipeline.py
[2025-06-28T00:35:43.768+0000] {processor.py:914} INFO - Processing file /opt/airflow/dags/driven_data_pipeline.py for tasks to queue
[2025-06-28T00:35:43.775+0000] {logging_mixin.py:190} INFO - [2025-06-28T00:35:43.774+0000] {dagbag.py:588} INFO - Filling up the DagBag from /opt/airflow/dags/driven_data_pipeline.py
[2025-06-28T00:35:44.194+0000] {processor.py:925} INFO - DAG(s) 'extract_raw_data_pipeline' retrieved from /opt/airflow/dags/driven_data_pipeline.py
[2025-06-28T00:35:44.251+0000] {logging_mixin.py:190} INFO - [2025-06-28T00:35:44.250+0000] {dag.py:3239} INFO - Sync 1 DAGs
[2025-06-28T00:35:44.306+0000] {logging_mixin.py:190} INFO - [2025-06-28T00:35:44.305+0000] {dag.py:4180} INFO - Setting next_dagrun for extract_raw_data_pipeline to 2025-06-27 07:59:00+00:00, run_after=2025-06-28 07:00:00+00:00
[2025-06-28T00:35:44.364+0000] {processor.py:208} INFO - Processing /opt/airflow/dags/driven_data_pipeline.py took 0.615 seconds
[2025-06-28T00:36:14.714+0000] {processor.py:186} INFO - Started process (PID=1668) to work on /opt/airflow/dags/driven_data_pipeline.py
[2025-06-28T00:36:14.717+0000] {processor.py:914} INFO - Processing file /opt/airflow/dags/driven_data_pipeline.py for tasks to queue
[2025-06-28T00:36:14.724+0000] {logging_mixin.py:190} INFO - [2025-06-28T00:36:14.723+0000] {dagbag.py:588} INFO - Filling up the DagBag from /opt/airflow/dags/driven_data_pipeline.py
[2025-06-28T00:36:15.166+0000] {processor.py:925} INFO - DAG(s) 'extract_raw_data_pipeline' retrieved from /opt/airflow/dags/driven_data_pipeline.py
[2025-06-28T00:36:15.226+0000] {logging_mixin.py:190} INFO - [2025-06-28T00:36:15.225+0000] {dag.py:3239} INFO - Sync 1 DAGs
[2025-06-28T00:36:15.286+0000] {logging_mixin.py:190} INFO - [2025-06-28T00:36:15.285+0000] {dag.py:4180} INFO - Setting next_dagrun for extract_raw_data_pipeline to 2025-06-27 07:59:00+00:00, run_after=2025-06-28 07:00:00+00:00
[2025-06-28T00:36:15.362+0000] {processor.py:208} INFO - Processing /opt/airflow/dags/driven_data_pipeline.py took 0.663 seconds
[2025-06-28T00:36:45.703+0000] {processor.py:186} INFO - Started process (PID=1676) to work on /opt/airflow/dags/driven_data_pipeline.py
[2025-06-28T00:36:45.706+0000] {processor.py:914} INFO - Processing file /opt/airflow/dags/driven_data_pipeline.py for tasks to queue
[2025-06-28T00:36:45.713+0000] {logging_mixin.py:190} INFO - [2025-06-28T00:36:45.712+0000] {dagbag.py:588} INFO - Filling up the DagBag from /opt/airflow/dags/driven_data_pipeline.py
[2025-06-28T00:36:46.279+0000] {processor.py:925} INFO - DAG(s) 'extract_raw_data_pipeline' retrieved from /opt/airflow/dags/driven_data_pipeline.py
[2025-06-28T00:36:46.384+0000] {logging_mixin.py:190} INFO - [2025-06-28T00:36:46.382+0000] {dag.py:3239} INFO - Sync 1 DAGs
[2025-06-28T00:36:46.472+0000] {logging_mixin.py:190} INFO - [2025-06-28T00:36:46.471+0000] {dag.py:4180} INFO - Setting next_dagrun for extract_raw_data_pipeline to 2025-06-27 07:59:00+00:00, run_after=2025-06-28 07:00:00+00:00
[2025-06-28T00:36:46.518+0000] {processor.py:208} INFO - Processing /opt/airflow/dags/driven_data_pipeline.py took 0.830 seconds
[2025-06-28T00:37:17.223+0000] {processor.py:186} INFO - Started process (PID=1684) to work on /opt/airflow/dags/driven_data_pipeline.py
[2025-06-28T00:37:17.226+0000] {processor.py:914} INFO - Processing file /opt/airflow/dags/driven_data_pipeline.py for tasks to queue
[2025-06-28T00:37:17.243+0000] {logging_mixin.py:190} INFO - [2025-06-28T00:37:17.237+0000] {dagbag.py:588} INFO - Filling up the DagBag from /opt/airflow/dags/driven_data_pipeline.py
[2025-06-28T00:37:18.066+0000] {processor.py:925} INFO - DAG(s) 'extract_raw_data_pipeline' retrieved from /opt/airflow/dags/driven_data_pipeline.py
[2025-06-28T00:37:18.225+0000] {logging_mixin.py:190} INFO - [2025-06-28T00:37:18.225+0000] {dag.py:3239} INFO - Sync 1 DAGs
[2025-06-28T00:37:18.309+0000] {logging_mixin.py:190} INFO - [2025-06-28T00:37:18.309+0000] {dag.py:4180} INFO - Setting next_dagrun for extract_raw_data_pipeline to 2025-06-27 07:59:00+00:00, run_after=2025-06-28 07:00:00+00:00
[2025-06-28T00:37:18.411+0000] {processor.py:208} INFO - Processing /opt/airflow/dags/driven_data_pipeline.py took 1.225 seconds
[2025-06-28T00:37:48.809+0000] {processor.py:186} INFO - Started process (PID=1692) to work on /opt/airflow/dags/driven_data_pipeline.py
[2025-06-28T00:37:48.813+0000] {processor.py:914} INFO - Processing file /opt/airflow/dags/driven_data_pipeline.py for tasks to queue
[2025-06-28T00:37:48.821+0000] {logging_mixin.py:190} INFO - [2025-06-28T00:37:48.820+0000] {dagbag.py:588} INFO - Filling up the DagBag from /opt/airflow/dags/driven_data_pipeline.py
[2025-06-28T00:37:49.220+0000] {processor.py:925} INFO - DAG(s) 'extract_raw_data_pipeline' retrieved from /opt/airflow/dags/driven_data_pipeline.py
[2025-06-28T00:37:49.276+0000] {logging_mixin.py:190} INFO - [2025-06-28T00:37:49.276+0000] {dag.py:3239} INFO - Sync 1 DAGs
[2025-06-28T00:37:49.332+0000] {logging_mixin.py:190} INFO - [2025-06-28T00:37:49.331+0000] {dag.py:4180} INFO - Setting next_dagrun for extract_raw_data_pipeline to 2025-06-27 07:59:00+00:00, run_after=2025-06-28 07:00:00+00:00
[2025-06-28T00:37:49.390+0000] {processor.py:208} INFO - Processing /opt/airflow/dags/driven_data_pipeline.py took 0.596 seconds
[2025-06-28T00:38:19.672+0000] {processor.py:186} INFO - Started process (PID=1700) to work on /opt/airflow/dags/driven_data_pipeline.py
[2025-06-28T00:38:19.675+0000] {processor.py:914} INFO - Processing file /opt/airflow/dags/driven_data_pipeline.py for tasks to queue
[2025-06-28T00:38:19.683+0000] {logging_mixin.py:190} INFO - [2025-06-28T00:38:19.682+0000] {dagbag.py:588} INFO - Filling up the DagBag from /opt/airflow/dags/driven_data_pipeline.py
[2025-06-28T00:38:20.077+0000] {processor.py:925} INFO - DAG(s) 'extract_raw_data_pipeline' retrieved from /opt/airflow/dags/driven_data_pipeline.py
[2025-06-28T00:38:20.136+0000] {logging_mixin.py:190} INFO - [2025-06-28T00:38:20.135+0000] {dag.py:3239} INFO - Sync 1 DAGs
[2025-06-28T00:38:20.187+0000] {logging_mixin.py:190} INFO - [2025-06-28T00:38:20.186+0000] {dag.py:4180} INFO - Setting next_dagrun for extract_raw_data_pipeline to 2025-06-27 07:59:00+00:00, run_after=2025-06-28 07:00:00+00:00
[2025-06-28T00:38:20.231+0000] {processor.py:208} INFO - Processing /opt/airflow/dags/driven_data_pipeline.py took 0.574 seconds
[2025-06-28T00:38:50.762+0000] {processor.py:186} INFO - Started process (PID=1707) to work on /opt/airflow/dags/driven_data_pipeline.py
[2025-06-28T00:38:50.765+0000] {processor.py:914} INFO - Processing file /opt/airflow/dags/driven_data_pipeline.py for tasks to queue
[2025-06-28T00:38:50.772+0000] {logging_mixin.py:190} INFO - [2025-06-28T00:38:50.771+0000] {dagbag.py:588} INFO - Filling up the DagBag from /opt/airflow/dags/driven_data_pipeline.py
[2025-06-28T00:38:51.176+0000] {processor.py:925} INFO - DAG(s) 'extract_raw_data_pipeline' retrieved from /opt/airflow/dags/driven_data_pipeline.py
[2025-06-28T00:38:51.232+0000] {logging_mixin.py:190} INFO - [2025-06-28T00:38:51.231+0000] {dag.py:3239} INFO - Sync 1 DAGs
[2025-06-28T00:38:51.284+0000] {logging_mixin.py:190} INFO - [2025-06-28T00:38:51.283+0000] {dag.py:4180} INFO - Setting next_dagrun for extract_raw_data_pipeline to 2025-06-27 07:59:00+00:00, run_after=2025-06-28 07:00:00+00:00
[2025-06-28T00:38:51.331+0000] {processor.py:208} INFO - Processing /opt/airflow/dags/driven_data_pipeline.py took 0.585 seconds
[2025-06-28T00:39:21.614+0000] {processor.py:186} INFO - Started process (PID=1715) to work on /opt/airflow/dags/driven_data_pipeline.py
[2025-06-28T00:39:21.617+0000] {processor.py:914} INFO - Processing file /opt/airflow/dags/driven_data_pipeline.py for tasks to queue
[2025-06-28T00:39:21.624+0000] {logging_mixin.py:190} INFO - [2025-06-28T00:39:21.623+0000] {dagbag.py:588} INFO - Filling up the DagBag from /opt/airflow/dags/driven_data_pipeline.py
[2025-06-28T00:39:22.026+0000] {processor.py:925} INFO - DAG(s) 'extract_raw_data_pipeline' retrieved from /opt/airflow/dags/driven_data_pipeline.py
[2025-06-28T00:39:22.081+0000] {logging_mixin.py:190} INFO - [2025-06-28T00:39:22.081+0000] {dag.py:3239} INFO - Sync 1 DAGs
[2025-06-28T00:39:22.133+0000] {logging_mixin.py:190} INFO - [2025-06-28T00:39:22.133+0000] {dag.py:4180} INFO - Setting next_dagrun for extract_raw_data_pipeline to 2025-06-27 07:59:00+00:00, run_after=2025-06-28 07:00:00+00:00
[2025-06-28T00:39:22.186+0000] {processor.py:208} INFO - Processing /opt/airflow/dags/driven_data_pipeline.py took 0.587 seconds
[2025-06-28T00:39:52.691+0000] {processor.py:186} INFO - Started process (PID=1723) to work on /opt/airflow/dags/driven_data_pipeline.py
[2025-06-28T00:39:52.700+0000] {processor.py:914} INFO - Processing file /opt/airflow/dags/driven_data_pipeline.py for tasks to queue
[2025-06-28T00:39:52.720+0000] {logging_mixin.py:190} INFO - [2025-06-28T00:39:52.719+0000] {dagbag.py:588} INFO - Filling up the DagBag from /opt/airflow/dags/driven_data_pipeline.py
[2025-06-28T00:39:54.248+0000] {processor.py:925} INFO - DAG(s) 'extract_raw_data_pipeline' retrieved from /opt/airflow/dags/driven_data_pipeline.py
[2025-06-28T00:39:55.053+0000] {logging_mixin.py:190} INFO - [2025-06-28T00:39:55.039+0000] {dag.py:3239} INFO - Sync 1 DAGs
[2025-06-28T00:39:55.314+0000] {logging_mixin.py:190} INFO - [2025-06-28T00:39:55.312+0000] {dag.py:4180} INFO - Setting next_dagrun for extract_raw_data_pipeline to 2025-06-27 07:59:00+00:00, run_after=2025-06-28 07:00:00+00:00
[2025-06-28T00:39:55.406+0000] {processor.py:208} INFO - Processing /opt/airflow/dags/driven_data_pipeline.py took 2.768 seconds
[2025-06-28T00:40:26.072+0000] {processor.py:186} INFO - Started process (PID=1730) to work on /opt/airflow/dags/driven_data_pipeline.py
[2025-06-28T00:40:26.076+0000] {processor.py:914} INFO - Processing file /opt/airflow/dags/driven_data_pipeline.py for tasks to queue
[2025-06-28T00:40:26.083+0000] {logging_mixin.py:190} INFO - [2025-06-28T00:40:26.082+0000] {dagbag.py:588} INFO - Filling up the DagBag from /opt/airflow/dags/driven_data_pipeline.py
[2025-06-28T00:40:26.831+0000] {processor.py:925} INFO - DAG(s) 'extract_raw_data_pipeline' retrieved from /opt/airflow/dags/driven_data_pipeline.py
[2025-06-28T00:40:26.913+0000] {logging_mixin.py:190} INFO - [2025-06-28T00:40:26.912+0000] {dag.py:3239} INFO - Sync 1 DAGs
[2025-06-28T00:40:26.964+0000] {logging_mixin.py:190} INFO - [2025-06-28T00:40:26.963+0000] {dag.py:4180} INFO - Setting next_dagrun for extract_raw_data_pipeline to 2025-06-27 07:59:00+00:00, run_after=2025-06-28 07:00:00+00:00
[2025-06-28T00:40:27.072+0000] {processor.py:208} INFO - Processing /opt/airflow/dags/driven_data_pipeline.py took 1.023 seconds
[2025-06-28T00:40:57.694+0000] {processor.py:186} INFO - Started process (PID=1738) to work on /opt/airflow/dags/driven_data_pipeline.py
[2025-06-28T00:40:57.697+0000] {processor.py:914} INFO - Processing file /opt/airflow/dags/driven_data_pipeline.py for tasks to queue
[2025-06-28T00:40:57.704+0000] {logging_mixin.py:190} INFO - [2025-06-28T00:40:57.703+0000] {dagbag.py:588} INFO - Filling up the DagBag from /opt/airflow/dags/driven_data_pipeline.py
[2025-06-28T00:40:58.154+0000] {processor.py:925} INFO - DAG(s) 'extract_raw_data_pipeline' retrieved from /opt/airflow/dags/driven_data_pipeline.py
[2025-06-28T00:40:58.211+0000] {logging_mixin.py:190} INFO - [2025-06-28T00:40:58.210+0000] {dag.py:3239} INFO - Sync 1 DAGs
[2025-06-28T00:40:58.261+0000] {logging_mixin.py:190} INFO - [2025-06-28T00:40:58.261+0000] {dag.py:4180} INFO - Setting next_dagrun for extract_raw_data_pipeline to 2025-06-27 07:59:00+00:00, run_after=2025-06-28 07:00:00+00:00
[2025-06-28T00:40:58.309+0000] {processor.py:208} INFO - Processing /opt/airflow/dags/driven_data_pipeline.py took 0.630 seconds
[2025-06-28T00:41:28.956+0000] {processor.py:186} INFO - Started process (PID=1746) to work on /opt/airflow/dags/driven_data_pipeline.py
[2025-06-28T00:41:28.959+0000] {processor.py:914} INFO - Processing file /opt/airflow/dags/driven_data_pipeline.py for tasks to queue
[2025-06-28T00:41:28.966+0000] {logging_mixin.py:190} INFO - [2025-06-28T00:41:28.965+0000] {dagbag.py:588} INFO - Filling up the DagBag from /opt/airflow/dags/driven_data_pipeline.py
[2025-06-28T00:41:29.363+0000] {processor.py:925} INFO - DAG(s) 'extract_raw_data_pipeline' retrieved from /opt/airflow/dags/driven_data_pipeline.py
[2025-06-28T00:41:29.422+0000] {logging_mixin.py:190} INFO - [2025-06-28T00:41:29.421+0000] {dag.py:3239} INFO - Sync 1 DAGs
[2025-06-28T00:41:29.471+0000] {logging_mixin.py:190} INFO - [2025-06-28T00:41:29.470+0000] {dag.py:4180} INFO - Setting next_dagrun for extract_raw_data_pipeline to 2025-06-27 07:59:00+00:00, run_after=2025-06-28 07:00:00+00:00
[2025-06-28T00:41:29.520+0000] {processor.py:208} INFO - Processing /opt/airflow/dags/driven_data_pipeline.py took 0.579 seconds
[2025-06-28T00:41:59.851+0000] {processor.py:186} INFO - Started process (PID=1754) to work on /opt/airflow/dags/driven_data_pipeline.py
[2025-06-28T00:41:59.855+0000] {processor.py:914} INFO - Processing file /opt/airflow/dags/driven_data_pipeline.py for tasks to queue
[2025-06-28T00:41:59.863+0000] {logging_mixin.py:190} INFO - [2025-06-28T00:41:59.862+0000] {dagbag.py:588} INFO - Filling up the DagBag from /opt/airflow/dags/driven_data_pipeline.py
[2025-06-28T00:42:00.297+0000] {processor.py:925} INFO - DAG(s) 'extract_raw_data_pipeline' retrieved from /opt/airflow/dags/driven_data_pipeline.py
[2025-06-28T00:42:00.356+0000] {logging_mixin.py:190} INFO - [2025-06-28T00:42:00.355+0000] {dag.py:3239} INFO - Sync 1 DAGs
[2025-06-28T00:42:00.409+0000] {logging_mixin.py:190} INFO - [2025-06-28T00:42:00.408+0000] {dag.py:4180} INFO - Setting next_dagrun for extract_raw_data_pipeline to 2025-06-27 07:59:00+00:00, run_after=2025-06-28 07:00:00+00:00
[2025-06-28T00:42:00.456+0000] {processor.py:208} INFO - Processing /opt/airflow/dags/driven_data_pipeline.py took 0.620 seconds
[2025-06-28T00:42:30.717+0000] {processor.py:186} INFO - Started process (PID=1762) to work on /opt/airflow/dags/driven_data_pipeline.py
[2025-06-28T00:42:30.721+0000] {processor.py:914} INFO - Processing file /opt/airflow/dags/driven_data_pipeline.py for tasks to queue
[2025-06-28T00:42:30.731+0000] {logging_mixin.py:190} INFO - [2025-06-28T00:42:30.730+0000] {dagbag.py:588} INFO - Filling up the DagBag from /opt/airflow/dags/driven_data_pipeline.py
[2025-06-28T00:42:31.132+0000] {processor.py:925} INFO - DAG(s) 'extract_raw_data_pipeline' retrieved from /opt/airflow/dags/driven_data_pipeline.py
[2025-06-28T00:42:31.193+0000] {logging_mixin.py:190} INFO - [2025-06-28T00:42:31.192+0000] {dag.py:3239} INFO - Sync 1 DAGs
[2025-06-28T00:42:31.243+0000] {logging_mixin.py:190} INFO - [2025-06-28T00:42:31.242+0000] {dag.py:4180} INFO - Setting next_dagrun for extract_raw_data_pipeline to 2025-06-27 07:59:00+00:00, run_after=2025-06-28 07:00:00+00:00
[2025-06-28T00:42:31.288+0000] {processor.py:208} INFO - Processing /opt/airflow/dags/driven_data_pipeline.py took 0.586 seconds
[2025-06-28T00:43:01.601+0000] {processor.py:186} INFO - Started process (PID=1770) to work on /opt/airflow/dags/driven_data_pipeline.py
[2025-06-28T00:43:01.604+0000] {processor.py:914} INFO - Processing file /opt/airflow/dags/driven_data_pipeline.py for tasks to queue
[2025-06-28T00:43:01.611+0000] {logging_mixin.py:190} INFO - [2025-06-28T00:43:01.610+0000] {dagbag.py:588} INFO - Filling up the DagBag from /opt/airflow/dags/driven_data_pipeline.py
[2025-06-28T00:43:02.117+0000] {processor.py:925} INFO - DAG(s) 'extract_raw_data_pipeline' retrieved from /opt/airflow/dags/driven_data_pipeline.py
[2025-06-28T00:43:02.181+0000] {logging_mixin.py:190} INFO - [2025-06-28T00:43:02.180+0000] {dag.py:3239} INFO - Sync 1 DAGs
[2025-06-28T00:43:02.233+0000] {logging_mixin.py:190} INFO - [2025-06-28T00:43:02.233+0000] {dag.py:4180} INFO - Setting next_dagrun for extract_raw_data_pipeline to 2025-06-27 07:59:00+00:00, run_after=2025-06-28 07:00:00+00:00
[2025-06-28T00:43:02.280+0000] {processor.py:208} INFO - Processing /opt/airflow/dags/driven_data_pipeline.py took 0.695 seconds
[2025-06-28T00:43:32.485+0000] {processor.py:186} INFO - Started process (PID=1777) to work on /opt/airflow/dags/driven_data_pipeline.py
[2025-06-28T00:43:32.488+0000] {processor.py:914} INFO - Processing file /opt/airflow/dags/driven_data_pipeline.py for tasks to queue
[2025-06-28T00:43:32.496+0000] {logging_mixin.py:190} INFO - [2025-06-28T00:43:32.495+0000] {dagbag.py:588} INFO - Filling up the DagBag from /opt/airflow/dags/driven_data_pipeline.py
[2025-06-28T00:43:33.257+0000] {processor.py:925} INFO - DAG(s) 'extract_raw_data_pipeline' retrieved from /opt/airflow/dags/driven_data_pipeline.py
[2025-06-28T00:43:33.462+0000] {logging_mixin.py:190} INFO - [2025-06-28T00:43:33.461+0000] {dag.py:3239} INFO - Sync 1 DAGs
[2025-06-28T00:43:33.565+0000] {logging_mixin.py:190} INFO - [2025-06-28T00:43:33.564+0000] {dag.py:4180} INFO - Setting next_dagrun for extract_raw_data_pipeline to 2025-06-27 07:59:00+00:00, run_after=2025-06-28 07:00:00+00:00
[2025-06-28T00:43:33.619+0000] {processor.py:208} INFO - Processing /opt/airflow/dags/driven_data_pipeline.py took 1.165 seconds
[2025-06-28T00:44:04.301+0000] {processor.py:186} INFO - Started process (PID=1791) to work on /opt/airflow/dags/driven_data_pipeline.py
[2025-06-28T00:44:04.304+0000] {processor.py:914} INFO - Processing file /opt/airflow/dags/driven_data_pipeline.py for tasks to queue
[2025-06-28T00:44:04.311+0000] {logging_mixin.py:190} INFO - [2025-06-28T00:44:04.310+0000] {dagbag.py:588} INFO - Filling up the DagBag from /opt/airflow/dags/driven_data_pipeline.py
[2025-06-28T00:44:04.773+0000] {processor.py:925} INFO - DAG(s) 'extract_raw_data_pipeline' retrieved from /opt/airflow/dags/driven_data_pipeline.py
[2025-06-28T00:44:04.863+0000] {logging_mixin.py:190} INFO - [2025-06-28T00:44:04.863+0000] {dag.py:3239} INFO - Sync 1 DAGs
[2025-06-28T00:44:04.954+0000] {logging_mixin.py:190} INFO - [2025-06-28T00:44:04.954+0000] {dag.py:4180} INFO - Setting next_dagrun for extract_raw_data_pipeline to 2025-06-27 07:59:00+00:00, run_after=2025-06-28 07:00:00+00:00
[2025-06-28T00:44:05.035+0000] {processor.py:208} INFO - Processing /opt/airflow/dags/driven_data_pipeline.py took 0.747 seconds
[2025-06-28T00:44:35.763+0000] {processor.py:186} INFO - Started process (PID=1799) to work on /opt/airflow/dags/driven_data_pipeline.py
[2025-06-28T00:44:35.767+0000] {processor.py:914} INFO - Processing file /opt/airflow/dags/driven_data_pipeline.py for tasks to queue
[2025-06-28T00:44:35.773+0000] {logging_mixin.py:190} INFO - [2025-06-28T00:44:35.772+0000] {dagbag.py:588} INFO - Filling up the DagBag from /opt/airflow/dags/driven_data_pipeline.py
[2025-06-28T00:44:36.252+0000] {processor.py:925} INFO - DAG(s) 'extract_raw_data_pipeline' retrieved from /opt/airflow/dags/driven_data_pipeline.py
[2025-06-28T00:44:36.321+0000] {logging_mixin.py:190} INFO - [2025-06-28T00:44:36.320+0000] {dag.py:3239} INFO - Sync 1 DAGs
[2025-06-28T00:44:36.381+0000] {logging_mixin.py:190} INFO - [2025-06-28T00:44:36.381+0000] {dag.py:4180} INFO - Setting next_dagrun for extract_raw_data_pipeline to 2025-06-27 07:59:00+00:00, run_after=2025-06-28 07:00:00+00:00
[2025-06-28T00:44:36.469+0000] {processor.py:208} INFO - Processing /opt/airflow/dags/driven_data_pipeline.py took 0.719 seconds
[2025-06-28T00:45:07.121+0000] {processor.py:186} INFO - Started process (PID=1807) to work on /opt/airflow/dags/driven_data_pipeline.py
[2025-06-28T00:45:07.126+0000] {processor.py:914} INFO - Processing file /opt/airflow/dags/driven_data_pipeline.py for tasks to queue
[2025-06-28T00:45:07.133+0000] {logging_mixin.py:190} INFO - [2025-06-28T00:45:07.132+0000] {dagbag.py:588} INFO - Filling up the DagBag from /opt/airflow/dags/driven_data_pipeline.py
[2025-06-28T00:45:07.563+0000] {processor.py:925} INFO - DAG(s) 'extract_raw_data_pipeline' retrieved from /opt/airflow/dags/driven_data_pipeline.py
[2025-06-28T00:45:07.621+0000] {logging_mixin.py:190} INFO - [2025-06-28T00:45:07.620+0000] {dag.py:3239} INFO - Sync 1 DAGs
[2025-06-28T00:45:07.670+0000] {logging_mixin.py:190} INFO - [2025-06-28T00:45:07.670+0000] {dag.py:4180} INFO - Setting next_dagrun for extract_raw_data_pipeline to 2025-06-27 07:59:00+00:00, run_after=2025-06-28 07:00:00+00:00
[2025-06-28T00:45:07.718+0000] {processor.py:208} INFO - Processing /opt/airflow/dags/driven_data_pipeline.py took 0.613 seconds
[2025-06-28T00:45:37.955+0000] {processor.py:186} INFO - Started process (PID=1816) to work on /opt/airflow/dags/driven_data_pipeline.py
[2025-06-28T00:45:37.959+0000] {processor.py:914} INFO - Processing file /opt/airflow/dags/driven_data_pipeline.py for tasks to queue
[2025-06-28T00:45:37.966+0000] {logging_mixin.py:190} INFO - [2025-06-28T00:45:37.965+0000] {dagbag.py:588} INFO - Filling up the DagBag from /opt/airflow/dags/driven_data_pipeline.py
[2025-06-28T00:45:38.383+0000] {processor.py:925} INFO - DAG(s) 'extract_raw_data_pipeline' retrieved from /opt/airflow/dags/driven_data_pipeline.py
[2025-06-28T00:45:38.440+0000] {logging_mixin.py:190} INFO - [2025-06-28T00:45:38.440+0000] {dag.py:3239} INFO - Sync 1 DAGs
[2025-06-28T00:45:38.491+0000] {logging_mixin.py:190} INFO - [2025-06-28T00:45:38.490+0000] {dag.py:4180} INFO - Setting next_dagrun for extract_raw_data_pipeline to 2025-06-27 07:59:00+00:00, run_after=2025-06-28 07:00:00+00:00
[2025-06-28T00:45:38.539+0000] {processor.py:208} INFO - Processing /opt/airflow/dags/driven_data_pipeline.py took 0.600 seconds
[2025-06-28T00:46:08.847+0000] {processor.py:186} INFO - Started process (PID=1824) to work on /opt/airflow/dags/driven_data_pipeline.py
[2025-06-28T00:46:08.851+0000] {processor.py:914} INFO - Processing file /opt/airflow/dags/driven_data_pipeline.py for tasks to queue
[2025-06-28T00:46:08.865+0000] {logging_mixin.py:190} INFO - [2025-06-28T00:46:08.864+0000] {dagbag.py:588} INFO - Filling up the DagBag from /opt/airflow/dags/driven_data_pipeline.py
[2025-06-28T00:46:09.315+0000] {processor.py:925} INFO - DAG(s) 'extract_raw_data_pipeline' retrieved from /opt/airflow/dags/driven_data_pipeline.py
[2025-06-28T00:46:09.381+0000] {logging_mixin.py:190} INFO - [2025-06-28T00:46:09.380+0000] {dag.py:3239} INFO - Sync 1 DAGs
[2025-06-28T00:46:09.435+0000] {logging_mixin.py:190} INFO - [2025-06-28T00:46:09.434+0000] {dag.py:4180} INFO - Setting next_dagrun for extract_raw_data_pipeline to 2025-06-27 07:59:00+00:00, run_after=2025-06-28 07:00:00+00:00
[2025-06-28T00:46:09.480+0000] {processor.py:208} INFO - Processing /opt/airflow/dags/driven_data_pipeline.py took 0.669 seconds
[2025-06-28T00:46:40.101+0000] {processor.py:186} INFO - Started process (PID=1832) to work on /opt/airflow/dags/driven_data_pipeline.py
[2025-06-28T00:46:40.104+0000] {processor.py:914} INFO - Processing file /opt/airflow/dags/driven_data_pipeline.py for tasks to queue
[2025-06-28T00:46:40.111+0000] {logging_mixin.py:190} INFO - [2025-06-28T00:46:40.110+0000] {dagbag.py:588} INFO - Filling up the DagBag from /opt/airflow/dags/driven_data_pipeline.py
[2025-06-28T00:46:40.590+0000] {processor.py:925} INFO - DAG(s) 'extract_raw_data_pipeline' retrieved from /opt/airflow/dags/driven_data_pipeline.py
[2025-06-28T00:46:40.723+0000] {logging_mixin.py:190} INFO - [2025-06-28T00:46:40.722+0000] {dag.py:3239} INFO - Sync 1 DAGs
[2025-06-28T00:46:40.798+0000] {logging_mixin.py:190} INFO - [2025-06-28T00:46:40.793+0000] {dag.py:4180} INFO - Setting next_dagrun for extract_raw_data_pipeline to 2025-06-27 07:59:00+00:00, run_after=2025-06-28 07:00:00+00:00
[2025-06-28T00:46:40.874+0000] {processor.py:208} INFO - Processing /opt/airflow/dags/driven_data_pipeline.py took 0.788 seconds
[2025-06-28T00:47:11.093+0000] {processor.py:186} INFO - Started process (PID=1840) to work on /opt/airflow/dags/driven_data_pipeline.py
[2025-06-28T00:47:11.097+0000] {processor.py:914} INFO - Processing file /opt/airflow/dags/driven_data_pipeline.py for tasks to queue
[2025-06-28T00:47:11.103+0000] {logging_mixin.py:190} INFO - [2025-06-28T00:47:11.103+0000] {dagbag.py:588} INFO - Filling up the DagBag from /opt/airflow/dags/driven_data_pipeline.py
[2025-06-28T00:47:11.539+0000] {processor.py:925} INFO - DAG(s) 'extract_raw_data_pipeline' retrieved from /opt/airflow/dags/driven_data_pipeline.py
[2025-06-28T00:47:11.611+0000] {logging_mixin.py:190} INFO - [2025-06-28T00:47:11.610+0000] {dag.py:3239} INFO - Sync 1 DAGs
[2025-06-28T00:47:11.673+0000] {logging_mixin.py:190} INFO - [2025-06-28T00:47:11.672+0000] {dag.py:4180} INFO - Setting next_dagrun for extract_raw_data_pipeline to 2025-06-27 07:59:00+00:00, run_after=2025-06-28 07:00:00+00:00
[2025-06-28T00:47:11.717+0000] {processor.py:208} INFO - Processing /opt/airflow/dags/driven_data_pipeline.py took 0.639 seconds
[2025-06-28T00:47:42.102+0000] {processor.py:186} INFO - Started process (PID=1848) to work on /opt/airflow/dags/driven_data_pipeline.py
[2025-06-28T00:47:42.105+0000] {processor.py:914} INFO - Processing file /opt/airflow/dags/driven_data_pipeline.py for tasks to queue
[2025-06-28T00:47:42.112+0000] {logging_mixin.py:190} INFO - [2025-06-28T00:47:42.111+0000] {dagbag.py:588} INFO - Filling up the DagBag from /opt/airflow/dags/driven_data_pipeline.py
[2025-06-28T00:47:42.560+0000] {processor.py:925} INFO - DAG(s) 'extract_raw_data_pipeline' retrieved from /opt/airflow/dags/driven_data_pipeline.py
[2025-06-28T00:47:42.626+0000] {logging_mixin.py:190} INFO - [2025-06-28T00:47:42.625+0000] {dag.py:3239} INFO - Sync 1 DAGs
[2025-06-28T00:47:42.684+0000] {logging_mixin.py:190} INFO - [2025-06-28T00:47:42.683+0000] {dag.py:4180} INFO - Setting next_dagrun for extract_raw_data_pipeline to 2025-06-27 07:59:00+00:00, run_after=2025-06-28 07:00:00+00:00
[2025-06-28T00:47:42.739+0000] {processor.py:208} INFO - Processing /opt/airflow/dags/driven_data_pipeline.py took 0.654 seconds
[2025-06-28T00:48:12.883+0000] {processor.py:186} INFO - Started process (PID=1855) to work on /opt/airflow/dags/driven_data_pipeline.py
[2025-06-28T00:48:12.887+0000] {processor.py:914} INFO - Processing file /opt/airflow/dags/driven_data_pipeline.py for tasks to queue
[2025-06-28T00:48:12.894+0000] {logging_mixin.py:190} INFO - [2025-06-28T00:48:12.893+0000] {dagbag.py:588} INFO - Filling up the DagBag from /opt/airflow/dags/driven_data_pipeline.py
[2025-06-28T00:48:13.320+0000] {processor.py:925} INFO - DAG(s) 'extract_raw_data_pipeline' retrieved from /opt/airflow/dags/driven_data_pipeline.py
[2025-06-28T00:48:13.441+0000] {logging_mixin.py:190} INFO - [2025-06-28T00:48:13.440+0000] {dag.py:3239} INFO - Sync 1 DAGs
[2025-06-28T00:48:13.523+0000] {logging_mixin.py:190} INFO - [2025-06-28T00:48:13.522+0000] {dag.py:4180} INFO - Setting next_dagrun for extract_raw_data_pipeline to 2025-06-27 07:59:00+00:00, run_after=2025-06-28 07:00:00+00:00
[2025-06-28T00:48:13.670+0000] {processor.py:208} INFO - Processing /opt/airflow/dags/driven_data_pipeline.py took 0.802 seconds
[2025-06-28T00:48:44.044+0000] {processor.py:186} INFO - Started process (PID=1862) to work on /opt/airflow/dags/driven_data_pipeline.py
[2025-06-28T00:48:44.048+0000] {processor.py:914} INFO - Processing file /opt/airflow/dags/driven_data_pipeline.py for tasks to queue
[2025-06-28T00:48:44.055+0000] {logging_mixin.py:190} INFO - [2025-06-28T00:48:44.054+0000] {dagbag.py:588} INFO - Filling up the DagBag from /opt/airflow/dags/driven_data_pipeline.py
[2025-06-28T00:48:44.559+0000] {processor.py:925} INFO - DAG(s) 'extract_raw_data_pipeline' retrieved from /opt/airflow/dags/driven_data_pipeline.py
[2025-06-28T00:48:44.648+0000] {logging_mixin.py:190} INFO - [2025-06-28T00:48:44.648+0000] {dag.py:3239} INFO - Sync 1 DAGs
[2025-06-28T00:48:44.706+0000] {logging_mixin.py:190} INFO - [2025-06-28T00:48:44.705+0000] {dag.py:4180} INFO - Setting next_dagrun for extract_raw_data_pipeline to 2025-06-27 07:59:00+00:00, run_after=2025-06-28 07:00:00+00:00
[2025-06-28T00:48:44.763+0000] {processor.py:208} INFO - Processing /opt/airflow/dags/driven_data_pipeline.py took 0.735 seconds
[2025-06-28T00:49:14.905+0000] {processor.py:186} INFO - Started process (PID=1869) to work on /opt/airflow/dags/driven_data_pipeline.py
[2025-06-28T00:49:14.911+0000] {processor.py:914} INFO - Processing file /opt/airflow/dags/driven_data_pipeline.py for tasks to queue
[2025-06-28T00:49:14.928+0000] {logging_mixin.py:190} INFO - [2025-06-28T00:49:14.927+0000] {dagbag.py:588} INFO - Filling up the DagBag from /opt/airflow/dags/driven_data_pipeline.py
[2025-06-28T00:49:15.709+0000] {processor.py:925} INFO - DAG(s) 'extract_raw_data_pipeline' retrieved from /opt/airflow/dags/driven_data_pipeline.py
[2025-06-28T00:49:15.770+0000] {logging_mixin.py:190} INFO - [2025-06-28T00:49:15.769+0000] {dag.py:3239} INFO - Sync 1 DAGs
[2025-06-28T00:49:15.885+0000] {logging_mixin.py:190} INFO - [2025-06-28T00:49:15.884+0000] {dag.py:4180} INFO - Setting next_dagrun for extract_raw_data_pipeline to 2025-06-27 07:59:00+00:00, run_after=2025-06-28 07:00:00+00:00
[2025-06-28T00:49:15.933+0000] {processor.py:208} INFO - Processing /opt/airflow/dags/driven_data_pipeline.py took 1.046 seconds
[2025-06-28T00:49:46.486+0000] {processor.py:186} INFO - Started process (PID=1877) to work on /opt/airflow/dags/driven_data_pipeline.py
[2025-06-28T00:49:46.488+0000] {processor.py:914} INFO - Processing file /opt/airflow/dags/driven_data_pipeline.py for tasks to queue
[2025-06-28T00:49:46.497+0000] {logging_mixin.py:190} INFO - [2025-06-28T00:49:46.496+0000] {dagbag.py:588} INFO - Filling up the DagBag from /opt/airflow/dags/driven_data_pipeline.py
[2025-06-28T00:49:47.012+0000] {processor.py:925} INFO - DAG(s) 'extract_raw_data_pipeline' retrieved from /opt/airflow/dags/driven_data_pipeline.py
[2025-06-28T00:49:47.070+0000] {logging_mixin.py:190} INFO - [2025-06-28T00:49:47.069+0000] {dag.py:3239} INFO - Sync 1 DAGs
[2025-06-28T00:49:47.121+0000] {logging_mixin.py:190} INFO - [2025-06-28T00:49:47.120+0000] {dag.py:4180} INFO - Setting next_dagrun for extract_raw_data_pipeline to 2025-06-27 07:59:00+00:00, run_after=2025-06-28 07:00:00+00:00
[2025-06-28T00:49:47.187+0000] {processor.py:208} INFO - Processing /opt/airflow/dags/driven_data_pipeline.py took 0.716 seconds
[2025-06-28T00:50:17.893+0000] {processor.py:186} INFO - Started process (PID=1885) to work on /opt/airflow/dags/driven_data_pipeline.py
[2025-06-28T00:50:17.896+0000] {processor.py:914} INFO - Processing file /opt/airflow/dags/driven_data_pipeline.py for tasks to queue
[2025-06-28T00:50:17.903+0000] {logging_mixin.py:190} INFO - [2025-06-28T00:50:17.902+0000] {dagbag.py:588} INFO - Filling up the DagBag from /opt/airflow/dags/driven_data_pipeline.py
[2025-06-28T00:50:18.331+0000] {processor.py:925} INFO - DAG(s) 'extract_raw_data_pipeline' retrieved from /opt/airflow/dags/driven_data_pipeline.py
[2025-06-28T00:50:18.399+0000] {logging_mixin.py:190} INFO - [2025-06-28T00:50:18.398+0000] {dag.py:3239} INFO - Sync 1 DAGs
[2025-06-28T00:50:18.505+0000] {logging_mixin.py:190} INFO - [2025-06-28T00:50:18.502+0000] {dag.py:4180} INFO - Setting next_dagrun for extract_raw_data_pipeline to 2025-06-27 07:59:00+00:00, run_after=2025-06-28 07:00:00+00:00
[2025-06-28T00:50:18.573+0000] {processor.py:208} INFO - Processing /opt/airflow/dags/driven_data_pipeline.py took 0.695 seconds
[2025-06-28T00:50:49.227+0000] {processor.py:186} INFO - Started process (PID=1893) to work on /opt/airflow/dags/driven_data_pipeline.py
[2025-06-28T00:50:49.230+0000] {processor.py:914} INFO - Processing file /opt/airflow/dags/driven_data_pipeline.py for tasks to queue
[2025-06-28T00:50:49.237+0000] {logging_mixin.py:190} INFO - [2025-06-28T00:50:49.236+0000] {dagbag.py:588} INFO - Filling up the DagBag from /opt/airflow/dags/driven_data_pipeline.py
[2025-06-28T00:50:49.673+0000] {processor.py:925} INFO - DAG(s) 'extract_raw_data_pipeline' retrieved from /opt/airflow/dags/driven_data_pipeline.py
[2025-06-28T00:50:49.732+0000] {logging_mixin.py:190} INFO - [2025-06-28T00:50:49.731+0000] {dag.py:3239} INFO - Sync 1 DAGs
[2025-06-28T00:50:49.785+0000] {logging_mixin.py:190} INFO - [2025-06-28T00:50:49.784+0000] {dag.py:4180} INFO - Setting next_dagrun for extract_raw_data_pipeline to 2025-06-27 07:59:00+00:00, run_after=2025-06-28 07:00:00+00:00
[2025-06-28T00:50:49.832+0000] {processor.py:208} INFO - Processing /opt/airflow/dags/driven_data_pipeline.py took 0.621 seconds
[2025-06-28T00:51:20.049+0000] {processor.py:186} INFO - Started process (PID=1901) to work on /opt/airflow/dags/driven_data_pipeline.py
[2025-06-28T00:51:20.052+0000] {processor.py:914} INFO - Processing file /opt/airflow/dags/driven_data_pipeline.py for tasks to queue
[2025-06-28T00:51:20.060+0000] {logging_mixin.py:190} INFO - [2025-06-28T00:51:20.059+0000] {dagbag.py:588} INFO - Filling up the DagBag from /opt/airflow/dags/driven_data_pipeline.py
[2025-06-28T00:51:20.513+0000] {processor.py:925} INFO - DAG(s) 'extract_raw_data_pipeline' retrieved from /opt/airflow/dags/driven_data_pipeline.py
[2025-06-28T00:51:20.582+0000] {logging_mixin.py:190} INFO - [2025-06-28T00:51:20.582+0000] {dag.py:3239} INFO - Sync 1 DAGs
[2025-06-28T00:51:20.639+0000] {logging_mixin.py:190} INFO - [2025-06-28T00:51:20.639+0000] {dag.py:4180} INFO - Setting next_dagrun for extract_raw_data_pipeline to 2025-06-27 07:59:00+00:00, run_after=2025-06-28 07:00:00+00:00
[2025-06-28T00:51:20.698+0000] {processor.py:208} INFO - Processing /opt/airflow/dags/driven_data_pipeline.py took 0.665 seconds
[2025-06-28T00:51:51.141+0000] {processor.py:186} INFO - Started process (PID=1909) to work on /opt/airflow/dags/driven_data_pipeline.py
[2025-06-28T00:51:51.144+0000] {processor.py:914} INFO - Processing file /opt/airflow/dags/driven_data_pipeline.py for tasks to queue
[2025-06-28T00:51:51.151+0000] {logging_mixin.py:190} INFO - [2025-06-28T00:51:51.150+0000] {dagbag.py:588} INFO - Filling up the DagBag from /opt/airflow/dags/driven_data_pipeline.py
[2025-06-28T00:51:51.551+0000] {processor.py:925} INFO - DAG(s) 'extract_raw_data_pipeline' retrieved from /opt/airflow/dags/driven_data_pipeline.py
[2025-06-28T00:51:51.608+0000] {logging_mixin.py:190} INFO - [2025-06-28T00:51:51.607+0000] {dag.py:3239} INFO - Sync 1 DAGs
[2025-06-28T00:51:51.659+0000] {logging_mixin.py:190} INFO - [2025-06-28T00:51:51.658+0000] {dag.py:4180} INFO - Setting next_dagrun for extract_raw_data_pipeline to 2025-06-27 07:59:00+00:00, run_after=2025-06-28 07:00:00+00:00
[2025-06-28T00:51:51.709+0000] {processor.py:208} INFO - Processing /opt/airflow/dags/driven_data_pipeline.py took 0.586 seconds
[2025-06-28T00:52:22.016+0000] {processor.py:186} INFO - Started process (PID=1916) to work on /opt/airflow/dags/driven_data_pipeline.py
[2025-06-28T00:52:22.019+0000] {processor.py:914} INFO - Processing file /opt/airflow/dags/driven_data_pipeline.py for tasks to queue
[2025-06-28T00:52:22.027+0000] {logging_mixin.py:190} INFO - [2025-06-28T00:52:22.026+0000] {dagbag.py:588} INFO - Filling up the DagBag from /opt/airflow/dags/driven_data_pipeline.py
[2025-06-28T00:52:22.620+0000] {processor.py:925} INFO - DAG(s) 'extract_raw_data_pipeline' retrieved from /opt/airflow/dags/driven_data_pipeline.py
[2025-06-28T00:52:22.684+0000] {logging_mixin.py:190} INFO - [2025-06-28T00:52:22.684+0000] {dag.py:3239} INFO - Sync 1 DAGs
[2025-06-28T00:52:22.742+0000] {logging_mixin.py:190} INFO - [2025-06-28T00:52:22.741+0000] {dag.py:4180} INFO - Setting next_dagrun for extract_raw_data_pipeline to 2025-06-27 07:59:00+00:00, run_after=2025-06-28 07:00:00+00:00
[2025-06-28T00:52:22.793+0000] {processor.py:208} INFO - Processing /opt/airflow/dags/driven_data_pipeline.py took 0.792 seconds
[2025-06-28T00:52:53.532+0000] {processor.py:186} INFO - Started process (PID=1924) to work on /opt/airflow/dags/driven_data_pipeline.py
[2025-06-28T00:52:53.536+0000] {processor.py:914} INFO - Processing file /opt/airflow/dags/driven_data_pipeline.py for tasks to queue
[2025-06-28T00:52:53.546+0000] {logging_mixin.py:190} INFO - [2025-06-28T00:52:53.545+0000] {dagbag.py:588} INFO - Filling up the DagBag from /opt/airflow/dags/driven_data_pipeline.py
[2025-06-28T00:52:54.699+0000] {processor.py:925} INFO - DAG(s) 'extract_raw_data_pipeline' retrieved from /opt/airflow/dags/driven_data_pipeline.py
[2025-06-28T00:52:54.790+0000] {logging_mixin.py:190} INFO - [2025-06-28T00:52:54.789+0000] {dag.py:3239} INFO - Sync 1 DAGs
[2025-06-28T00:52:54.913+0000] {logging_mixin.py:190} INFO - [2025-06-28T00:52:54.912+0000] {dag.py:4180} INFO - Setting next_dagrun for extract_raw_data_pipeline to 2025-06-27 07:59:00+00:00, run_after=2025-06-28 07:00:00+00:00
[2025-06-28T00:52:55.009+0000] {processor.py:208} INFO - Processing /opt/airflow/dags/driven_data_pipeline.py took 1.499 seconds
[2025-06-28T00:53:25.522+0000] {processor.py:186} INFO - Started process (PID=1932) to work on /opt/airflow/dags/driven_data_pipeline.py
[2025-06-28T00:53:25.528+0000] {processor.py:914} INFO - Processing file /opt/airflow/dags/driven_data_pipeline.py for tasks to queue
[2025-06-28T00:53:25.565+0000] {logging_mixin.py:190} INFO - [2025-06-28T00:53:25.563+0000] {dagbag.py:588} INFO - Filling up the DagBag from /opt/airflow/dags/driven_data_pipeline.py
[2025-06-28T00:53:26.018+0000] {processor.py:925} INFO - DAG(s) 'extract_raw_data_pipeline' retrieved from /opt/airflow/dags/driven_data_pipeline.py
[2025-06-28T00:53:26.196+0000] {logging_mixin.py:190} INFO - [2025-06-28T00:53:26.196+0000] {dag.py:3239} INFO - Sync 1 DAGs
[2025-06-28T00:53:26.260+0000] {logging_mixin.py:190} INFO - [2025-06-28T00:53:26.259+0000] {dag.py:4180} INFO - Setting next_dagrun for extract_raw_data_pipeline to 2025-06-27 07:59:00+00:00, run_after=2025-06-28 07:00:00+00:00
[2025-06-28T00:53:26.309+0000] {processor.py:208} INFO - Processing /opt/airflow/dags/driven_data_pipeline.py took 0.835 seconds
[2025-06-28T00:53:56.946+0000] {processor.py:186} INFO - Started process (PID=1940) to work on /opt/airflow/dags/driven_data_pipeline.py
[2025-06-28T00:53:56.957+0000] {processor.py:914} INFO - Processing file /opt/airflow/dags/driven_data_pipeline.py for tasks to queue
[2025-06-28T00:53:56.970+0000] {logging_mixin.py:190} INFO - [2025-06-28T00:53:56.969+0000] {dagbag.py:588} INFO - Filling up the DagBag from /opt/airflow/dags/driven_data_pipeline.py
[2025-06-28T00:53:57.369+0000] {processor.py:925} INFO - DAG(s) 'extract_raw_data_pipeline' retrieved from /opt/airflow/dags/driven_data_pipeline.py
[2025-06-28T00:53:57.432+0000] {logging_mixin.py:190} INFO - [2025-06-28T00:53:57.431+0000] {dag.py:3239} INFO - Sync 1 DAGs
[2025-06-28T00:53:57.491+0000] {logging_mixin.py:190} INFO - [2025-06-28T00:53:57.491+0000] {dag.py:4180} INFO - Setting next_dagrun for extract_raw_data_pipeline to 2025-06-27 07:59:00+00:00, run_after=2025-06-28 07:00:00+00:00
[2025-06-28T00:53:57.543+0000] {processor.py:208} INFO - Processing /opt/airflow/dags/driven_data_pipeline.py took 0.622 seconds
[2025-06-28T00:54:27.676+0000] {processor.py:186} INFO - Started process (PID=1948) to work on /opt/airflow/dags/driven_data_pipeline.py
[2025-06-28T00:54:27.679+0000] {processor.py:914} INFO - Processing file /opt/airflow/dags/driven_data_pipeline.py for tasks to queue
[2025-06-28T00:54:27.686+0000] {logging_mixin.py:190} INFO - [2025-06-28T00:54:27.685+0000] {dagbag.py:588} INFO - Filling up the DagBag from /opt/airflow/dags/driven_data_pipeline.py
[2025-06-28T00:54:28.104+0000] {processor.py:925} INFO - DAG(s) 'extract_raw_data_pipeline' retrieved from /opt/airflow/dags/driven_data_pipeline.py
[2025-06-28T00:54:28.165+0000] {logging_mixin.py:190} INFO - [2025-06-28T00:54:28.165+0000] {dag.py:3239} INFO - Sync 1 DAGs
[2025-06-28T00:54:28.222+0000] {logging_mixin.py:190} INFO - [2025-06-28T00:54:28.221+0000] {dag.py:4180} INFO - Setting next_dagrun for extract_raw_data_pipeline to 2025-06-27 07:59:00+00:00, run_after=2025-06-28 07:00:00+00:00
[2025-06-28T00:54:28.267+0000] {processor.py:208} INFO - Processing /opt/airflow/dags/driven_data_pipeline.py took 0.606 seconds
[2025-06-28T00:54:58.962+0000] {processor.py:186} INFO - Started process (PID=1957) to work on /opt/airflow/dags/driven_data_pipeline.py
[2025-06-28T00:54:58.966+0000] {processor.py:914} INFO - Processing file /opt/airflow/dags/driven_data_pipeline.py for tasks to queue
[2025-06-28T00:54:58.973+0000] {logging_mixin.py:190} INFO - [2025-06-28T00:54:58.972+0000] {dagbag.py:588} INFO - Filling up the DagBag from /opt/airflow/dags/driven_data_pipeline.py
[2025-06-28T00:54:59.380+0000] {processor.py:925} INFO - DAG(s) 'extract_raw_data_pipeline' retrieved from /opt/airflow/dags/driven_data_pipeline.py
[2025-06-28T00:54:59.440+0000] {logging_mixin.py:190} INFO - [2025-06-28T00:54:59.439+0000] {dag.py:3239} INFO - Sync 1 DAGs
[2025-06-28T00:54:59.490+0000] {logging_mixin.py:190} INFO - [2025-06-28T00:54:59.490+0000] {dag.py:4180} INFO - Setting next_dagrun for extract_raw_data_pipeline to 2025-06-27 07:59:00+00:00, run_after=2025-06-28 07:00:00+00:00
[2025-06-28T00:54:59.536+0000] {processor.py:208} INFO - Processing /opt/airflow/dags/driven_data_pipeline.py took 0.589 seconds
[2025-06-28T00:55:29.781+0000] {processor.py:186} INFO - Started process (PID=1965) to work on /opt/airflow/dags/driven_data_pipeline.py
[2025-06-28T00:55:29.784+0000] {processor.py:914} INFO - Processing file /opt/airflow/dags/driven_data_pipeline.py for tasks to queue
[2025-06-28T00:55:29.791+0000] {logging_mixin.py:190} INFO - [2025-06-28T00:55:29.790+0000] {dagbag.py:588} INFO - Filling up the DagBag from /opt/airflow/dags/driven_data_pipeline.py
[2025-06-28T00:55:30.415+0000] {processor.py:925} INFO - DAG(s) 'extract_raw_data_pipeline' retrieved from /opt/airflow/dags/driven_data_pipeline.py
[2025-06-28T00:55:30.486+0000] {logging_mixin.py:190} INFO - [2025-06-28T00:55:30.485+0000] {dag.py:3239} INFO - Sync 1 DAGs
[2025-06-28T00:55:30.554+0000] {logging_mixin.py:190} INFO - [2025-06-28T00:55:30.553+0000] {dag.py:4180} INFO - Setting next_dagrun for extract_raw_data_pipeline to 2025-06-27 07:59:00+00:00, run_after=2025-06-28 07:00:00+00:00
[2025-06-28T00:55:30.612+0000] {processor.py:208} INFO - Processing /opt/airflow/dags/driven_data_pipeline.py took 0.847 seconds
[2025-06-28T00:56:01.326+0000] {processor.py:186} INFO - Started process (PID=1973) to work on /opt/airflow/dags/driven_data_pipeline.py
[2025-06-28T00:56:01.329+0000] {processor.py:914} INFO - Processing file /opt/airflow/dags/driven_data_pipeline.py for tasks to queue
[2025-06-28T00:56:01.337+0000] {logging_mixin.py:190} INFO - [2025-06-28T00:56:01.336+0000] {dagbag.py:588} INFO - Filling up the DagBag from /opt/airflow/dags/driven_data_pipeline.py
[2025-06-28T00:56:01.836+0000] {processor.py:925} INFO - DAG(s) 'extract_raw_data_pipeline' retrieved from /opt/airflow/dags/driven_data_pipeline.py
[2025-06-28T00:56:01.899+0000] {logging_mixin.py:190} INFO - [2025-06-28T00:56:01.899+0000] {dag.py:3239} INFO - Sync 1 DAGs
[2025-06-28T00:56:01.955+0000] {logging_mixin.py:190} INFO - [2025-06-28T00:56:01.955+0000] {dag.py:4180} INFO - Setting next_dagrun for extract_raw_data_pipeline to 2025-06-27 07:59:00+00:00, run_after=2025-06-28 07:00:00+00:00
[2025-06-28T00:56:02.012+0000] {processor.py:208} INFO - Processing /opt/airflow/dags/driven_data_pipeline.py took 0.702 seconds
[2025-06-28T00:56:32.737+0000] {processor.py:186} INFO - Started process (PID=1981) to work on /opt/airflow/dags/driven_data_pipeline.py
[2025-06-28T00:56:32.744+0000] {processor.py:914} INFO - Processing file /opt/airflow/dags/driven_data_pipeline.py for tasks to queue
[2025-06-28T00:56:32.754+0000] {logging_mixin.py:190} INFO - [2025-06-28T00:56:32.752+0000] {dagbag.py:588} INFO - Filling up the DagBag from /opt/airflow/dags/driven_data_pipeline.py
[2025-06-28T00:56:33.387+0000] {processor.py:925} INFO - DAG(s) 'extract_raw_data_pipeline' retrieved from /opt/airflow/dags/driven_data_pipeline.py
[2025-06-28T00:56:33.456+0000] {logging_mixin.py:190} INFO - [2025-06-28T00:56:33.456+0000] {dag.py:3239} INFO - Sync 1 DAGs
[2025-06-28T00:56:33.524+0000] {logging_mixin.py:190} INFO - [2025-06-28T00:56:33.523+0000] {dag.py:4180} INFO - Setting next_dagrun for extract_raw_data_pipeline to 2025-06-27 07:59:00+00:00, run_after=2025-06-28 07:00:00+00:00
[2025-06-28T00:56:33.573+0000] {processor.py:208} INFO - Processing /opt/airflow/dags/driven_data_pipeline.py took 0.878 seconds
[2025-06-28T00:57:04.261+0000] {processor.py:186} INFO - Started process (PID=1989) to work on /opt/airflow/dags/driven_data_pipeline.py
[2025-06-28T00:57:04.264+0000] {processor.py:914} INFO - Processing file /opt/airflow/dags/driven_data_pipeline.py for tasks to queue
[2025-06-28T00:57:04.272+0000] {logging_mixin.py:190} INFO - [2025-06-28T00:57:04.271+0000] {dagbag.py:588} INFO - Filling up the DagBag from /opt/airflow/dags/driven_data_pipeline.py
[2025-06-28T00:57:04.789+0000] {processor.py:925} INFO - DAG(s) 'extract_raw_data_pipeline' retrieved from /opt/airflow/dags/driven_data_pipeline.py
[2025-06-28T00:57:04.850+0000] {logging_mixin.py:190} INFO - [2025-06-28T00:57:04.849+0000] {dag.py:3239} INFO - Sync 1 DAGs
[2025-06-28T00:57:04.902+0000] {logging_mixin.py:190} INFO - [2025-06-28T00:57:04.901+0000] {dag.py:4180} INFO - Setting next_dagrun for extract_raw_data_pipeline to 2025-06-27 07:59:00+00:00, run_after=2025-06-28 07:00:00+00:00
[2025-06-28T00:57:04.946+0000] {processor.py:208} INFO - Processing /opt/airflow/dags/driven_data_pipeline.py took 0.700 seconds
[2025-06-28T00:57:35.120+0000] {processor.py:186} INFO - Started process (PID=1996) to work on /opt/airflow/dags/driven_data_pipeline.py
[2025-06-28T00:57:35.123+0000] {processor.py:914} INFO - Processing file /opt/airflow/dags/driven_data_pipeline.py for tasks to queue
[2025-06-28T00:57:35.133+0000] {logging_mixin.py:190} INFO - [2025-06-28T00:57:35.132+0000] {dagbag.py:588} INFO - Filling up the DagBag from /opt/airflow/dags/driven_data_pipeline.py
[2025-06-28T00:57:35.926+0000] {processor.py:925} INFO - DAG(s) 'extract_raw_data_pipeline' retrieved from /opt/airflow/dags/driven_data_pipeline.py
[2025-06-28T00:57:35.999+0000] {logging_mixin.py:190} INFO - [2025-06-28T00:57:35.998+0000] {dag.py:3239} INFO - Sync 1 DAGs
[2025-06-28T00:57:36.058+0000] {logging_mixin.py:190} INFO - [2025-06-28T00:57:36.057+0000] {dag.py:4180} INFO - Setting next_dagrun for extract_raw_data_pipeline to 2025-06-27 07:59:00+00:00, run_after=2025-06-28 07:00:00+00:00
[2025-06-28T00:57:36.110+0000] {processor.py:208} INFO - Processing /opt/airflow/dags/driven_data_pipeline.py took 1.007 seconds
[2025-06-28T00:58:06.862+0000] {processor.py:186} INFO - Started process (PID=2004) to work on /opt/airflow/dags/driven_data_pipeline.py
[2025-06-28T00:58:06.867+0000] {processor.py:914} INFO - Processing file /opt/airflow/dags/driven_data_pipeline.py for tasks to queue
[2025-06-28T00:58:06.891+0000] {logging_mixin.py:190} INFO - [2025-06-28T00:58:06.884+0000] {dagbag.py:588} INFO - Filling up the DagBag from /opt/airflow/dags/driven_data_pipeline.py
[2025-06-28T00:58:07.726+0000] {processor.py:925} INFO - DAG(s) 'extract_raw_data_pipeline' retrieved from /opt/airflow/dags/driven_data_pipeline.py
[2025-06-28T00:58:07.837+0000] {logging_mixin.py:190} INFO - [2025-06-28T00:58:07.836+0000] {dag.py:3239} INFO - Sync 1 DAGs
[2025-06-28T00:58:07.906+0000] {logging_mixin.py:190} INFO - [2025-06-28T00:58:07.905+0000] {dag.py:4180} INFO - Setting next_dagrun for extract_raw_data_pipeline to 2025-06-27 07:59:00+00:00, run_after=2025-06-28 07:00:00+00:00
[2025-06-28T00:58:07.976+0000] {processor.py:208} INFO - Processing /opt/airflow/dags/driven_data_pipeline.py took 1.140 seconds
[2025-06-28T00:58:38.486+0000] {processor.py:186} INFO - Started process (PID=2018) to work on /opt/airflow/dags/driven_data_pipeline.py
[2025-06-28T00:58:38.489+0000] {processor.py:914} INFO - Processing file /opt/airflow/dags/driven_data_pipeline.py for tasks to queue
[2025-06-28T00:58:38.496+0000] {logging_mixin.py:190} INFO - [2025-06-28T00:58:38.495+0000] {dagbag.py:588} INFO - Filling up the DagBag from /opt/airflow/dags/driven_data_pipeline.py
[2025-06-28T00:58:38.895+0000] {processor.py:925} INFO - DAG(s) 'extract_raw_data_pipeline' retrieved from /opt/airflow/dags/driven_data_pipeline.py
[2025-06-28T00:58:38.954+0000] {logging_mixin.py:190} INFO - [2025-06-28T00:58:38.953+0000] {dag.py:3239} INFO - Sync 1 DAGs
[2025-06-28T00:58:39.012+0000] {logging_mixin.py:190} INFO - [2025-06-28T00:58:39.011+0000] {dag.py:4180} INFO - Setting next_dagrun for extract_raw_data_pipeline to 2025-06-27 07:59:00+00:00, run_after=2025-06-28 07:00:00+00:00
[2025-06-28T00:58:39.058+0000] {processor.py:208} INFO - Processing /opt/airflow/dags/driven_data_pipeline.py took 0.588 seconds
[2025-06-28T00:59:09.744+0000] {processor.py:186} INFO - Started process (PID=2025) to work on /opt/airflow/dags/driven_data_pipeline.py
[2025-06-28T00:59:09.748+0000] {processor.py:914} INFO - Processing file /opt/airflow/dags/driven_data_pipeline.py for tasks to queue
[2025-06-28T00:59:09.755+0000] {logging_mixin.py:190} INFO - [2025-06-28T00:59:09.754+0000] {dagbag.py:588} INFO - Filling up the DagBag from /opt/airflow/dags/driven_data_pipeline.py
[2025-06-28T00:59:10.154+0000] {processor.py:925} INFO - DAG(s) 'extract_raw_data_pipeline' retrieved from /opt/airflow/dags/driven_data_pipeline.py
[2025-06-28T00:59:10.218+0000] {logging_mixin.py:190} INFO - [2025-06-28T00:59:10.217+0000] {dag.py:3239} INFO - Sync 1 DAGs
[2025-06-28T00:59:10.268+0000] {logging_mixin.py:190} INFO - [2025-06-28T00:59:10.267+0000] {dag.py:4180} INFO - Setting next_dagrun for extract_raw_data_pipeline to 2025-06-27 07:59:00+00:00, run_after=2025-06-28 07:00:00+00:00
[2025-06-28T00:59:10.314+0000] {processor.py:208} INFO - Processing /opt/airflow/dags/driven_data_pipeline.py took 0.586 seconds
[2025-06-28T00:59:40.687+0000] {processor.py:186} INFO - Started process (PID=2033) to work on /opt/airflow/dags/driven_data_pipeline.py
[2025-06-28T00:59:40.690+0000] {processor.py:914} INFO - Processing file /opt/airflow/dags/driven_data_pipeline.py for tasks to queue
[2025-06-28T00:59:40.697+0000] {logging_mixin.py:190} INFO - [2025-06-28T00:59:40.696+0000] {dagbag.py:588} INFO - Filling up the DagBag from /opt/airflow/dags/driven_data_pipeline.py
[2025-06-28T00:59:41.145+0000] {processor.py:925} INFO - DAG(s) 'extract_raw_data_pipeline' retrieved from /opt/airflow/dags/driven_data_pipeline.py
[2025-06-28T00:59:41.212+0000] {logging_mixin.py:190} INFO - [2025-06-28T00:59:41.211+0000] {dag.py:3239} INFO - Sync 1 DAGs
[2025-06-28T00:59:41.266+0000] {logging_mixin.py:190} INFO - [2025-06-28T00:59:41.265+0000] {dag.py:4180} INFO - Setting next_dagrun for extract_raw_data_pipeline to 2025-06-27 07:59:00+00:00, run_after=2025-06-28 07:00:00+00:00
[2025-06-28T00:59:41.314+0000] {processor.py:208} INFO - Processing /opt/airflow/dags/driven_data_pipeline.py took 0.643 seconds
[2025-06-28T01:00:11.478+0000] {processor.py:186} INFO - Started process (PID=2041) to work on /opt/airflow/dags/driven_data_pipeline.py
[2025-06-28T01:00:11.482+0000] {processor.py:914} INFO - Processing file /opt/airflow/dags/driven_data_pipeline.py for tasks to queue
[2025-06-28T01:00:11.494+0000] {logging_mixin.py:190} INFO - [2025-06-28T01:00:11.492+0000] {dagbag.py:588} INFO - Filling up the DagBag from /opt/airflow/dags/driven_data_pipeline.py
[2025-06-28T01:00:12.231+0000] {processor.py:925} INFO - DAG(s) 'extract_raw_data_pipeline' retrieved from /opt/airflow/dags/driven_data_pipeline.py
[2025-06-28T01:00:12.315+0000] {logging_mixin.py:190} INFO - [2025-06-28T01:00:12.314+0000] {dag.py:3239} INFO - Sync 1 DAGs
[2025-06-28T01:00:12.387+0000] {logging_mixin.py:190} INFO - [2025-06-28T01:00:12.387+0000] {dag.py:4180} INFO - Setting next_dagrun for extract_raw_data_pipeline to 2025-06-27 07:59:00+00:00, run_after=2025-06-28 07:00:00+00:00
[2025-06-28T01:00:12.447+0000] {processor.py:208} INFO - Processing /opt/airflow/dags/driven_data_pipeline.py took 0.992 seconds
[2025-06-28T01:00:43.159+0000] {processor.py:186} INFO - Started process (PID=2049) to work on /opt/airflow/dags/driven_data_pipeline.py
[2025-06-28T01:00:43.162+0000] {processor.py:914} INFO - Processing file /opt/airflow/dags/driven_data_pipeline.py for tasks to queue
[2025-06-28T01:00:43.169+0000] {logging_mixin.py:190} INFO - [2025-06-28T01:00:43.168+0000] {dagbag.py:588} INFO - Filling up the DagBag from /opt/airflow/dags/driven_data_pipeline.py
[2025-06-28T01:00:43.559+0000] {processor.py:925} INFO - DAG(s) 'extract_raw_data_pipeline' retrieved from /opt/airflow/dags/driven_data_pipeline.py
[2025-06-28T01:00:43.617+0000] {logging_mixin.py:190} INFO - [2025-06-28T01:00:43.616+0000] {dag.py:3239} INFO - Sync 1 DAGs
[2025-06-28T01:00:43.670+0000] {logging_mixin.py:190} INFO - [2025-06-28T01:00:43.669+0000] {dag.py:4180} INFO - Setting next_dagrun for extract_raw_data_pipeline to 2025-06-27 07:59:00+00:00, run_after=2025-06-28 07:00:00+00:00
[2025-06-28T01:00:43.714+0000] {processor.py:208} INFO - Processing /opt/airflow/dags/driven_data_pipeline.py took 0.569 seconds
[2025-06-28T01:01:14.484+0000] {processor.py:186} INFO - Started process (PID=2057) to work on /opt/airflow/dags/driven_data_pipeline.py
[2025-06-28T01:01:14.487+0000] {processor.py:914} INFO - Processing file /opt/airflow/dags/driven_data_pipeline.py for tasks to queue
[2025-06-28T01:01:14.494+0000] {logging_mixin.py:190} INFO - [2025-06-28T01:01:14.493+0000] {dagbag.py:588} INFO - Filling up the DagBag from /opt/airflow/dags/driven_data_pipeline.py
[2025-06-28T01:01:14.978+0000] {processor.py:925} INFO - DAG(s) 'extract_raw_data_pipeline' retrieved from /opt/airflow/dags/driven_data_pipeline.py
[2025-06-28T01:01:15.039+0000] {logging_mixin.py:190} INFO - [2025-06-28T01:01:15.038+0000] {dag.py:3239} INFO - Sync 1 DAGs
[2025-06-28T01:01:15.093+0000] {logging_mixin.py:190} INFO - [2025-06-28T01:01:15.092+0000] {dag.py:4180} INFO - Setting next_dagrun for extract_raw_data_pipeline to 2025-06-27 07:59:00+00:00, run_after=2025-06-28 07:00:00+00:00
[2025-06-28T01:01:15.137+0000] {processor.py:208} INFO - Processing /opt/airflow/dags/driven_data_pipeline.py took 0.668 seconds
[2025-06-28T01:01:45.878+0000] {processor.py:186} INFO - Started process (PID=2065) to work on /opt/airflow/dags/driven_data_pipeline.py
[2025-06-28T01:01:45.881+0000] {processor.py:914} INFO - Processing file /opt/airflow/dags/driven_data_pipeline.py for tasks to queue
[2025-06-28T01:01:45.889+0000] {logging_mixin.py:190} INFO - [2025-06-28T01:01:45.888+0000] {dagbag.py:588} INFO - Filling up the DagBag from /opt/airflow/dags/driven_data_pipeline.py
[2025-06-28T01:01:46.294+0000] {processor.py:925} INFO - DAG(s) 'extract_raw_data_pipeline' retrieved from /opt/airflow/dags/driven_data_pipeline.py
[2025-06-28T01:01:46.381+0000] {logging_mixin.py:190} INFO - [2025-06-28T01:01:46.380+0000] {dag.py:3239} INFO - Sync 1 DAGs
[2025-06-28T01:01:46.437+0000] {logging_mixin.py:190} INFO - [2025-06-28T01:01:46.437+0000] {dag.py:4180} INFO - Setting next_dagrun for extract_raw_data_pipeline to 2025-06-27 07:59:00+00:00, run_after=2025-06-28 07:00:00+00:00
[2025-06-28T01:01:46.483+0000] {processor.py:208} INFO - Processing /opt/airflow/dags/driven_data_pipeline.py took 0.621 seconds
[2025-06-28T01:02:16.670+0000] {processor.py:186} INFO - Started process (PID=2073) to work on /opt/airflow/dags/driven_data_pipeline.py
[2025-06-28T01:02:16.673+0000] {processor.py:914} INFO - Processing file /opt/airflow/dags/driven_data_pipeline.py for tasks to queue
[2025-06-28T01:02:16.680+0000] {logging_mixin.py:190} INFO - [2025-06-28T01:02:16.679+0000] {dagbag.py:588} INFO - Filling up the DagBag from /opt/airflow/dags/driven_data_pipeline.py
[2025-06-28T01:02:17.202+0000] {processor.py:925} INFO - DAG(s) 'extract_raw_data_pipeline' retrieved from /opt/airflow/dags/driven_data_pipeline.py
[2025-06-28T01:02:17.278+0000] {logging_mixin.py:190} INFO - [2025-06-28T01:02:17.277+0000] {dag.py:3239} INFO - Sync 1 DAGs
[2025-06-28T01:02:17.335+0000] {logging_mixin.py:190} INFO - [2025-06-28T01:02:17.334+0000] {dag.py:4180} INFO - Setting next_dagrun for extract_raw_data_pipeline to 2025-06-27 07:59:00+00:00, run_after=2025-06-28 07:00:00+00:00
[2025-06-28T01:02:17.407+0000] {processor.py:208} INFO - Processing /opt/airflow/dags/driven_data_pipeline.py took 0.753 seconds
[2025-06-28T01:02:47.686+0000] {processor.py:186} INFO - Started process (PID=2081) to work on /opt/airflow/dags/driven_data_pipeline.py
[2025-06-28T01:02:47.691+0000] {processor.py:914} INFO - Processing file /opt/airflow/dags/driven_data_pipeline.py for tasks to queue
[2025-06-28T01:02:47.699+0000] {logging_mixin.py:190} INFO - [2025-06-28T01:02:47.698+0000] {dagbag.py:588} INFO - Filling up the DagBag from /opt/airflow/dags/driven_data_pipeline.py
[2025-06-28T01:02:48.197+0000] {processor.py:925} INFO - DAG(s) 'extract_raw_data_pipeline' retrieved from /opt/airflow/dags/driven_data_pipeline.py
[2025-06-28T01:02:48.279+0000] {logging_mixin.py:190} INFO - [2025-06-28T01:02:48.278+0000] {dag.py:3239} INFO - Sync 1 DAGs
[2025-06-28T01:02:48.411+0000] {logging_mixin.py:190} INFO - [2025-06-28T01:02:48.410+0000] {dag.py:4180} INFO - Setting next_dagrun for extract_raw_data_pipeline to 2025-06-27 07:59:00+00:00, run_after=2025-06-28 07:00:00+00:00
[2025-06-28T01:02:48.501+0000] {processor.py:208} INFO - Processing /opt/airflow/dags/driven_data_pipeline.py took 0.871 seconds
[2025-06-28T01:03:19.255+0000] {processor.py:186} INFO - Started process (PID=2088) to work on /opt/airflow/dags/driven_data_pipeline.py
[2025-06-28T01:03:19.260+0000] {processor.py:914} INFO - Processing file /opt/airflow/dags/driven_data_pipeline.py for tasks to queue
[2025-06-28T01:03:19.269+0000] {logging_mixin.py:190} INFO - [2025-06-28T01:03:19.268+0000] {dagbag.py:588} INFO - Filling up the DagBag from /opt/airflow/dags/driven_data_pipeline.py
[2025-06-28T01:03:19.738+0000] {processor.py:925} INFO - DAG(s) 'extract_raw_data_pipeline' retrieved from /opt/airflow/dags/driven_data_pipeline.py
[2025-06-28T01:03:19.804+0000] {logging_mixin.py:190} INFO - [2025-06-28T01:03:19.804+0000] {dag.py:3239} INFO - Sync 1 DAGs
[2025-06-28T01:03:19.856+0000] {logging_mixin.py:190} INFO - [2025-06-28T01:03:19.855+0000] {dag.py:4180} INFO - Setting next_dagrun for extract_raw_data_pipeline to 2025-06-27 07:59:00+00:00, run_after=2025-06-28 07:00:00+00:00
[2025-06-28T01:03:19.902+0000] {processor.py:208} INFO - Processing /opt/airflow/dags/driven_data_pipeline.py took 0.679 seconds
[2025-06-28T01:03:50.071+0000] {processor.py:186} INFO - Started process (PID=2097) to work on /opt/airflow/dags/driven_data_pipeline.py
[2025-06-28T01:03:50.075+0000] {processor.py:914} INFO - Processing file /opt/airflow/dags/driven_data_pipeline.py for tasks to queue
[2025-06-28T01:03:50.082+0000] {logging_mixin.py:190} INFO - [2025-06-28T01:03:50.081+0000] {dagbag.py:588} INFO - Filling up the DagBag from /opt/airflow/dags/driven_data_pipeline.py
[2025-06-28T01:03:50.483+0000] {processor.py:925} INFO - DAG(s) 'extract_raw_data_pipeline' retrieved from /opt/airflow/dags/driven_data_pipeline.py
[2025-06-28T01:03:50.538+0000] {logging_mixin.py:190} INFO - [2025-06-28T01:03:50.538+0000] {dag.py:3239} INFO - Sync 1 DAGs
[2025-06-28T01:03:50.591+0000] {logging_mixin.py:190} INFO - [2025-06-28T01:03:50.590+0000] {dag.py:4180} INFO - Setting next_dagrun for extract_raw_data_pipeline to 2025-06-27 07:59:00+00:00, run_after=2025-06-28 07:00:00+00:00
[2025-06-28T01:03:50.636+0000] {processor.py:208} INFO - Processing /opt/airflow/dags/driven_data_pipeline.py took 0.579 seconds
[2025-06-28T01:04:20.960+0000] {processor.py:186} INFO - Started process (PID=2105) to work on /opt/airflow/dags/driven_data_pipeline.py
[2025-06-28T01:04:20.963+0000] {processor.py:914} INFO - Processing file /opt/airflow/dags/driven_data_pipeline.py for tasks to queue
[2025-06-28T01:04:20.970+0000] {logging_mixin.py:190} INFO - [2025-06-28T01:04:20.969+0000] {dagbag.py:588} INFO - Filling up the DagBag from /opt/airflow/dags/driven_data_pipeline.py
[2025-06-28T01:04:21.454+0000] {processor.py:925} INFO - DAG(s) 'extract_raw_data_pipeline' retrieved from /opt/airflow/dags/driven_data_pipeline.py
[2025-06-28T01:04:21.510+0000] {logging_mixin.py:190} INFO - [2025-06-28T01:04:21.509+0000] {dag.py:3239} INFO - Sync 1 DAGs
[2025-06-28T01:04:21.564+0000] {logging_mixin.py:190} INFO - [2025-06-28T01:04:21.563+0000] {dag.py:4180} INFO - Setting next_dagrun for extract_raw_data_pipeline to 2025-06-27 07:59:00+00:00, run_after=2025-06-28 07:00:00+00:00
[2025-06-28T01:04:21.616+0000] {processor.py:208} INFO - Processing /opt/airflow/dags/driven_data_pipeline.py took 0.671 seconds
[2025-06-28T01:04:51.883+0000] {processor.py:186} INFO - Started process (PID=2113) to work on /opt/airflow/dags/driven_data_pipeline.py
[2025-06-28T01:04:51.887+0000] {processor.py:914} INFO - Processing file /opt/airflow/dags/driven_data_pipeline.py for tasks to queue
[2025-06-28T01:04:51.895+0000] {logging_mixin.py:190} INFO - [2025-06-28T01:04:51.894+0000] {dagbag.py:588} INFO - Filling up the DagBag from /opt/airflow/dags/driven_data_pipeline.py
[2025-06-28T01:04:52.307+0000] {processor.py:925} INFO - DAG(s) 'extract_raw_data_pipeline' retrieved from /opt/airflow/dags/driven_data_pipeline.py
[2025-06-28T01:04:52.369+0000] {logging_mixin.py:190} INFO - [2025-06-28T01:04:52.368+0000] {dag.py:3239} INFO - Sync 1 DAGs
[2025-06-28T01:04:52.445+0000] {logging_mixin.py:190} INFO - [2025-06-28T01:04:52.445+0000] {dag.py:4180} INFO - Setting next_dagrun for extract_raw_data_pipeline to 2025-06-27 07:59:00+00:00, run_after=2025-06-28 07:00:00+00:00
[2025-06-28T01:04:52.491+0000] {processor.py:208} INFO - Processing /opt/airflow/dags/driven_data_pipeline.py took 0.626 seconds
[2025-06-28T01:05:22.824+0000] {processor.py:186} INFO - Started process (PID=2121) to work on /opt/airflow/dags/driven_data_pipeline.py
[2025-06-28T01:05:22.828+0000] {processor.py:914} INFO - Processing file /opt/airflow/dags/driven_data_pipeline.py for tasks to queue
[2025-06-28T01:05:22.836+0000] {logging_mixin.py:190} INFO - [2025-06-28T01:05:22.834+0000] {dagbag.py:588} INFO - Filling up the DagBag from /opt/airflow/dags/driven_data_pipeline.py
[2025-06-28T01:05:23.257+0000] {processor.py:925} INFO - DAG(s) 'extract_raw_data_pipeline' retrieved from /opt/airflow/dags/driven_data_pipeline.py
[2025-06-28T01:05:23.322+0000] {logging_mixin.py:190} INFO - [2025-06-28T01:05:23.322+0000] {dag.py:3239} INFO - Sync 1 DAGs
[2025-06-28T01:05:23.373+0000] {logging_mixin.py:190} INFO - [2025-06-28T01:05:23.372+0000] {dag.py:4180} INFO - Setting next_dagrun for extract_raw_data_pipeline to 2025-06-27 07:59:00+00:00, run_after=2025-06-28 07:00:00+00:00
[2025-06-28T01:05:23.421+0000] {processor.py:208} INFO - Processing /opt/airflow/dags/driven_data_pipeline.py took 0.613 seconds
[2025-06-28T01:05:53.671+0000] {processor.py:186} INFO - Started process (PID=2128) to work on /opt/airflow/dags/driven_data_pipeline.py
[2025-06-28T01:05:53.674+0000] {processor.py:914} INFO - Processing file /opt/airflow/dags/driven_data_pipeline.py for tasks to queue
[2025-06-28T01:05:53.681+0000] {logging_mixin.py:190} INFO - [2025-06-28T01:05:53.680+0000] {dagbag.py:588} INFO - Filling up the DagBag from /opt/airflow/dags/driven_data_pipeline.py
[2025-06-28T01:05:54.218+0000] {processor.py:925} INFO - DAG(s) 'extract_raw_data_pipeline' retrieved from /opt/airflow/dags/driven_data_pipeline.py
[2025-06-28T01:05:54.293+0000] {logging_mixin.py:190} INFO - [2025-06-28T01:05:54.293+0000] {dag.py:3239} INFO - Sync 1 DAGs
[2025-06-28T01:05:54.378+0000] {logging_mixin.py:190} INFO - [2025-06-28T01:05:54.377+0000] {dag.py:4180} INFO - Setting next_dagrun for extract_raw_data_pipeline to 2025-06-27 07:59:00+00:00, run_after=2025-06-28 07:00:00+00:00
[2025-06-28T01:05:54.458+0000] {processor.py:208} INFO - Processing /opt/airflow/dags/driven_data_pipeline.py took 0.803 seconds
[2025-06-28T01:06:25.066+0000] {processor.py:186} INFO - Started process (PID=2136) to work on /opt/airflow/dags/driven_data_pipeline.py
[2025-06-28T01:06:25.069+0000] {processor.py:914} INFO - Processing file /opt/airflow/dags/driven_data_pipeline.py for tasks to queue
[2025-06-28T01:06:25.076+0000] {logging_mixin.py:190} INFO - [2025-06-28T01:06:25.075+0000] {dagbag.py:588} INFO - Filling up the DagBag from /opt/airflow/dags/driven_data_pipeline.py
[2025-06-28T01:06:25.549+0000] {processor.py:925} INFO - DAG(s) 'extract_raw_data_pipeline' retrieved from /opt/airflow/dags/driven_data_pipeline.py
[2025-06-28T01:06:25.617+0000] {logging_mixin.py:190} INFO - [2025-06-28T01:06:25.617+0000] {dag.py:3239} INFO - Sync 1 DAGs
[2025-06-28T01:06:25.671+0000] {logging_mixin.py:190} INFO - [2025-06-28T01:06:25.671+0000] {dag.py:4180} INFO - Setting next_dagrun for extract_raw_data_pipeline to 2025-06-27 07:59:00+00:00, run_after=2025-06-28 07:00:00+00:00
[2025-06-28T01:06:25.720+0000] {processor.py:208} INFO - Processing /opt/airflow/dags/driven_data_pipeline.py took 0.673 seconds
[2025-06-28T01:06:56.026+0000] {processor.py:186} INFO - Started process (PID=2144) to work on /opt/airflow/dags/driven_data_pipeline.py
[2025-06-28T01:06:56.030+0000] {processor.py:914} INFO - Processing file /opt/airflow/dags/driven_data_pipeline.py for tasks to queue
[2025-06-28T01:06:56.039+0000] {logging_mixin.py:190} INFO - [2025-06-28T01:06:56.038+0000] {dagbag.py:588} INFO - Filling up the DagBag from /opt/airflow/dags/driven_data_pipeline.py
[2025-06-28T01:06:56.504+0000] {processor.py:925} INFO - DAG(s) 'extract_raw_data_pipeline' retrieved from /opt/airflow/dags/driven_data_pipeline.py
[2025-06-28T01:06:56.562+0000] {logging_mixin.py:190} INFO - [2025-06-28T01:06:56.562+0000] {dag.py:3239} INFO - Sync 1 DAGs
[2025-06-28T01:06:56.616+0000] {logging_mixin.py:190} INFO - [2025-06-28T01:06:56.616+0000] {dag.py:4180} INFO - Setting next_dagrun for extract_raw_data_pipeline to 2025-06-27 07:59:00+00:00, run_after=2025-06-28 07:00:00+00:00
[2025-06-28T01:06:56.663+0000] {processor.py:208} INFO - Processing /opt/airflow/dags/driven_data_pipeline.py took 0.664 seconds
[2025-06-28T01:07:26.911+0000] {processor.py:186} INFO - Started process (PID=2152) to work on /opt/airflow/dags/driven_data_pipeline.py
[2025-06-28T01:07:26.914+0000] {processor.py:914} INFO - Processing file /opt/airflow/dags/driven_data_pipeline.py for tasks to queue
[2025-06-28T01:07:26.929+0000] {logging_mixin.py:190} INFO - [2025-06-28T01:07:26.927+0000] {dagbag.py:588} INFO - Filling up the DagBag from /opt/airflow/dags/driven_data_pipeline.py
[2025-06-28T01:07:27.439+0000] {processor.py:925} INFO - DAG(s) 'extract_raw_data_pipeline' retrieved from /opt/airflow/dags/driven_data_pipeline.py
[2025-06-28T01:07:27.522+0000] {logging_mixin.py:190} INFO - [2025-06-28T01:07:27.521+0000] {dag.py:3239} INFO - Sync 1 DAGs
[2025-06-28T01:07:27.584+0000] {logging_mixin.py:190} INFO - [2025-06-28T01:07:27.583+0000] {dag.py:4180} INFO - Setting next_dagrun for extract_raw_data_pipeline to 2025-06-27 07:59:00+00:00, run_after=2025-06-28 07:00:00+00:00
[2025-06-28T01:07:27.630+0000] {processor.py:208} INFO - Processing /opt/airflow/dags/driven_data_pipeline.py took 0.751 seconds
[2025-06-28T01:07:57.857+0000] {processor.py:186} INFO - Started process (PID=2161) to work on /opt/airflow/dags/driven_data_pipeline.py
[2025-06-28T01:07:57.860+0000] {processor.py:914} INFO - Processing file /opt/airflow/dags/driven_data_pipeline.py for tasks to queue
[2025-06-28T01:07:57.867+0000] {logging_mixin.py:190} INFO - [2025-06-28T01:07:57.866+0000] {dagbag.py:588} INFO - Filling up the DagBag from /opt/airflow/dags/driven_data_pipeline.py
[2025-06-28T01:07:58.297+0000] {processor.py:925} INFO - DAG(s) 'extract_raw_data_pipeline' retrieved from /opt/airflow/dags/driven_data_pipeline.py
[2025-06-28T01:07:58.354+0000] {logging_mixin.py:190} INFO - [2025-06-28T01:07:58.354+0000] {dag.py:3239} INFO - Sync 1 DAGs
[2025-06-28T01:07:58.404+0000] {logging_mixin.py:190} INFO - [2025-06-28T01:07:58.403+0000] {dag.py:4180} INFO - Setting next_dagrun for extract_raw_data_pipeline to 2025-06-27 07:59:00+00:00, run_after=2025-06-28 07:00:00+00:00
[2025-06-28T01:07:58.451+0000] {processor.py:208} INFO - Processing /opt/airflow/dags/driven_data_pipeline.py took 0.609 seconds
[2025-06-28T01:08:28.741+0000] {processor.py:186} INFO - Started process (PID=2169) to work on /opt/airflow/dags/driven_data_pipeline.py
[2025-06-28T01:08:28.744+0000] {processor.py:914} INFO - Processing file /opt/airflow/dags/driven_data_pipeline.py for tasks to queue
[2025-06-28T01:08:28.752+0000] {logging_mixin.py:190} INFO - [2025-06-28T01:08:28.751+0000] {dagbag.py:588} INFO - Filling up the DagBag from /opt/airflow/dags/driven_data_pipeline.py
[2025-06-28T01:08:29.155+0000] {processor.py:925} INFO - DAG(s) 'extract_raw_data_pipeline' retrieved from /opt/airflow/dags/driven_data_pipeline.py
[2025-06-28T01:08:29.216+0000] {logging_mixin.py:190} INFO - [2025-06-28T01:08:29.215+0000] {dag.py:3239} INFO - Sync 1 DAGs
[2025-06-28T01:08:29.268+0000] {logging_mixin.py:190} INFO - [2025-06-28T01:08:29.268+0000] {dag.py:4180} INFO - Setting next_dagrun for extract_raw_data_pipeline to 2025-06-27 07:59:00+00:00, run_after=2025-06-28 07:00:00+00:00
[2025-06-28T01:08:29.319+0000] {processor.py:208} INFO - Processing /opt/airflow/dags/driven_data_pipeline.py took 0.593 seconds
[2025-06-28T01:08:59.560+0000] {processor.py:186} INFO - Started process (PID=2177) to work on /opt/airflow/dags/driven_data_pipeline.py
[2025-06-28T01:08:59.563+0000] {processor.py:914} INFO - Processing file /opt/airflow/dags/driven_data_pipeline.py for tasks to queue
[2025-06-28T01:08:59.570+0000] {logging_mixin.py:190} INFO - [2025-06-28T01:08:59.569+0000] {dagbag.py:588} INFO - Filling up the DagBag from /opt/airflow/dags/driven_data_pipeline.py
[2025-06-28T01:08:59.985+0000] {processor.py:925} INFO - DAG(s) 'extract_raw_data_pipeline' retrieved from /opt/airflow/dags/driven_data_pipeline.py
[2025-06-28T01:09:00.053+0000] {logging_mixin.py:190} INFO - [2025-06-28T01:09:00.052+0000] {dag.py:3239} INFO - Sync 1 DAGs
[2025-06-28T01:09:00.110+0000] {logging_mixin.py:190} INFO - [2025-06-28T01:09:00.109+0000] {dag.py:4180} INFO - Setting next_dagrun for extract_raw_data_pipeline to 2025-06-27 07:59:00+00:00, run_after=2025-06-28 07:00:00+00:00
[2025-06-28T01:09:00.158+0000] {processor.py:208} INFO - Processing /opt/airflow/dags/driven_data_pipeline.py took 0.613 seconds
[2025-06-28T01:09:30.647+0000] {processor.py:186} INFO - Started process (PID=2185) to work on /opt/airflow/dags/driven_data_pipeline.py
[2025-06-28T01:09:30.651+0000] {processor.py:914} INFO - Processing file /opt/airflow/dags/driven_data_pipeline.py for tasks to queue
[2025-06-28T01:09:30.659+0000] {logging_mixin.py:190} INFO - [2025-06-28T01:09:30.658+0000] {dagbag.py:588} INFO - Filling up the DagBag from /opt/airflow/dags/driven_data_pipeline.py
[2025-06-28T01:09:31.210+0000] {processor.py:925} INFO - DAG(s) 'extract_raw_data_pipeline' retrieved from /opt/airflow/dags/driven_data_pipeline.py
[2025-06-28T01:09:31.277+0000] {logging_mixin.py:190} INFO - [2025-06-28T01:09:31.276+0000] {dag.py:3239} INFO - Sync 1 DAGs
[2025-06-28T01:09:31.346+0000] {logging_mixin.py:190} INFO - [2025-06-28T01:09:31.345+0000] {dag.py:4180} INFO - Setting next_dagrun for extract_raw_data_pipeline to 2025-06-27 07:59:00+00:00, run_after=2025-06-28 07:00:00+00:00
[2025-06-28T01:09:31.392+0000] {processor.py:208} INFO - Processing /opt/airflow/dags/driven_data_pipeline.py took 0.761 seconds
[2025-06-28T01:10:02.063+0000] {processor.py:186} INFO - Started process (PID=2193) to work on /opt/airflow/dags/driven_data_pipeline.py
[2025-06-28T01:10:02.066+0000] {processor.py:914} INFO - Processing file /opt/airflow/dags/driven_data_pipeline.py for tasks to queue
[2025-06-28T01:10:02.074+0000] {logging_mixin.py:190} INFO - [2025-06-28T01:10:02.073+0000] {dagbag.py:588} INFO - Filling up the DagBag from /opt/airflow/dags/driven_data_pipeline.py
[2025-06-28T01:10:02.487+0000] {processor.py:925} INFO - DAG(s) 'extract_raw_data_pipeline' retrieved from /opt/airflow/dags/driven_data_pipeline.py
[2025-06-28T01:10:02.544+0000] {logging_mixin.py:190} INFO - [2025-06-28T01:10:02.543+0000] {dag.py:3239} INFO - Sync 1 DAGs
[2025-06-28T01:10:02.594+0000] {logging_mixin.py:190} INFO - [2025-06-28T01:10:02.594+0000] {dag.py:4180} INFO - Setting next_dagrun for extract_raw_data_pipeline to 2025-06-27 07:59:00+00:00, run_after=2025-06-28 07:00:00+00:00
[2025-06-28T01:10:02.641+0000] {processor.py:208} INFO - Processing /opt/airflow/dags/driven_data_pipeline.py took 0.593 seconds
[2025-06-28T01:10:32.980+0000] {processor.py:186} INFO - Started process (PID=2201) to work on /opt/airflow/dags/driven_data_pipeline.py
[2025-06-28T01:10:32.984+0000] {processor.py:914} INFO - Processing file /opt/airflow/dags/driven_data_pipeline.py for tasks to queue
[2025-06-28T01:10:32.990+0000] {logging_mixin.py:190} INFO - [2025-06-28T01:10:32.989+0000] {dagbag.py:588} INFO - Filling up the DagBag from /opt/airflow/dags/driven_data_pipeline.py
[2025-06-28T01:10:33.630+0000] {processor.py:925} INFO - DAG(s) 'extract_raw_data_pipeline' retrieved from /opt/airflow/dags/driven_data_pipeline.py
[2025-06-28T01:10:33.686+0000] {logging_mixin.py:190} INFO - [2025-06-28T01:10:33.685+0000] {dag.py:3239} INFO - Sync 1 DAGs
[2025-06-28T01:10:33.741+0000] {logging_mixin.py:190} INFO - [2025-06-28T01:10:33.740+0000] {dag.py:4180} INFO - Setting next_dagrun for extract_raw_data_pipeline to 2025-06-27 07:59:00+00:00, run_after=2025-06-28 07:00:00+00:00
[2025-06-28T01:10:33.813+0000] {processor.py:208} INFO - Processing /opt/airflow/dags/driven_data_pipeline.py took 0.848 seconds
[2025-06-28T01:11:04.464+0000] {processor.py:186} INFO - Started process (PID=2209) to work on /opt/airflow/dags/driven_data_pipeline.py
[2025-06-28T01:11:04.468+0000] {processor.py:914} INFO - Processing file /opt/airflow/dags/driven_data_pipeline.py for tasks to queue
[2025-06-28T01:11:04.481+0000] {logging_mixin.py:190} INFO - [2025-06-28T01:11:04.479+0000] {dagbag.py:588} INFO - Filling up the DagBag from /opt/airflow/dags/driven_data_pipeline.py
[2025-06-28T01:11:05.143+0000] {processor.py:925} INFO - DAG(s) 'extract_raw_data_pipeline' retrieved from /opt/airflow/dags/driven_data_pipeline.py
[2025-06-28T01:11:05.201+0000] {logging_mixin.py:190} INFO - [2025-06-28T01:11:05.200+0000] {dag.py:3239} INFO - Sync 1 DAGs
[2025-06-28T01:11:05.255+0000] {logging_mixin.py:190} INFO - [2025-06-28T01:11:05.254+0000] {dag.py:4180} INFO - Setting next_dagrun for extract_raw_data_pipeline to 2025-06-27 07:59:00+00:00, run_after=2025-06-28 07:00:00+00:00
[2025-06-28T01:11:05.301+0000] {processor.py:208} INFO - Processing /opt/airflow/dags/driven_data_pipeline.py took 0.854 seconds
[2025-06-28T01:11:35.894+0000] {processor.py:186} INFO - Started process (PID=2217) to work on /opt/airflow/dags/driven_data_pipeline.py
[2025-06-28T01:11:35.897+0000] {processor.py:914} INFO - Processing file /opt/airflow/dags/driven_data_pipeline.py for tasks to queue
[2025-06-28T01:11:35.904+0000] {logging_mixin.py:190} INFO - [2025-06-28T01:11:35.903+0000] {dagbag.py:588} INFO - Filling up the DagBag from /opt/airflow/dags/driven_data_pipeline.py
[2025-06-28T01:11:36.457+0000] {processor.py:925} INFO - DAG(s) 'extract_raw_data_pipeline' retrieved from /opt/airflow/dags/driven_data_pipeline.py
[2025-06-28T01:11:36.523+0000] {logging_mixin.py:190} INFO - [2025-06-28T01:11:36.522+0000] {dag.py:3239} INFO - Sync 1 DAGs
[2025-06-28T01:11:36.583+0000] {logging_mixin.py:190} INFO - [2025-06-28T01:11:36.582+0000] {dag.py:4180} INFO - Setting next_dagrun for extract_raw_data_pipeline to 2025-06-27 07:59:00+00:00, run_after=2025-06-28 07:00:00+00:00
[2025-06-28T01:11:36.629+0000] {processor.py:208} INFO - Processing /opt/airflow/dags/driven_data_pipeline.py took 0.751 seconds
[2025-06-28T01:12:06.973+0000] {processor.py:186} INFO - Started process (PID=2225) to work on /opt/airflow/dags/driven_data_pipeline.py
[2025-06-28T01:12:06.977+0000] {processor.py:914} INFO - Processing file /opt/airflow/dags/driven_data_pipeline.py for tasks to queue
[2025-06-28T01:12:06.985+0000] {logging_mixin.py:190} INFO - [2025-06-28T01:12:06.984+0000] {dagbag.py:588} INFO - Filling up the DagBag from /opt/airflow/dags/driven_data_pipeline.py
[2025-06-28T01:12:07.391+0000] {processor.py:925} INFO - DAG(s) 'extract_raw_data_pipeline' retrieved from /opt/airflow/dags/driven_data_pipeline.py
[2025-06-28T01:12:07.458+0000] {logging_mixin.py:190} INFO - [2025-06-28T01:12:07.457+0000] {dag.py:3239} INFO - Sync 1 DAGs
[2025-06-28T01:12:07.557+0000] {logging_mixin.py:190} INFO - [2025-06-28T01:12:07.557+0000] {dag.py:4180} INFO - Setting next_dagrun for extract_raw_data_pipeline to 2025-06-27 07:59:00+00:00, run_after=2025-06-28 07:00:00+00:00
[2025-06-28T01:12:07.618+0000] {processor.py:208} INFO - Processing /opt/airflow/dags/driven_data_pipeline.py took 0.661 seconds
[2025-06-28T01:12:38.086+0000] {processor.py:186} INFO - Started process (PID=2233) to work on /opt/airflow/dags/driven_data_pipeline.py
[2025-06-28T01:12:38.089+0000] {processor.py:914} INFO - Processing file /opt/airflow/dags/driven_data_pipeline.py for tasks to queue
[2025-06-28T01:12:38.096+0000] {logging_mixin.py:190} INFO - [2025-06-28T01:12:38.095+0000] {dagbag.py:588} INFO - Filling up the DagBag from /opt/airflow/dags/driven_data_pipeline.py
[2025-06-28T01:12:38.493+0000] {processor.py:925} INFO - DAG(s) 'extract_raw_data_pipeline' retrieved from /opt/airflow/dags/driven_data_pipeline.py
[2025-06-28T01:12:38.568+0000] {logging_mixin.py:190} INFO - [2025-06-28T01:12:38.567+0000] {dag.py:3239} INFO - Sync 1 DAGs
[2025-06-28T01:12:38.622+0000] {logging_mixin.py:190} INFO - [2025-06-28T01:12:38.621+0000] {dag.py:4180} INFO - Setting next_dagrun for extract_raw_data_pipeline to 2025-06-27 07:59:00+00:00, run_after=2025-06-28 07:00:00+00:00
[2025-06-28T01:12:38.673+0000] {processor.py:208} INFO - Processing /opt/airflow/dags/driven_data_pipeline.py took 0.603 seconds
[2025-06-28T01:13:08.854+0000] {processor.py:186} INFO - Started process (PID=2241) to work on /opt/airflow/dags/driven_data_pipeline.py
[2025-06-28T01:13:08.857+0000] {processor.py:914} INFO - Processing file /opt/airflow/dags/driven_data_pipeline.py for tasks to queue
[2025-06-28T01:13:08.867+0000] {logging_mixin.py:190} INFO - [2025-06-28T01:13:08.866+0000] {dagbag.py:588} INFO - Filling up the DagBag from /opt/airflow/dags/driven_data_pipeline.py
[2025-06-28T01:13:09.357+0000] {processor.py:925} INFO - DAG(s) 'extract_raw_data_pipeline' retrieved from /opt/airflow/dags/driven_data_pipeline.py
[2025-06-28T01:13:09.429+0000] {logging_mixin.py:190} INFO - [2025-06-28T01:13:09.428+0000] {dag.py:3239} INFO - Sync 1 DAGs
[2025-06-28T01:13:09.508+0000] {logging_mixin.py:190} INFO - [2025-06-28T01:13:09.508+0000] {dag.py:4180} INFO - Setting next_dagrun for extract_raw_data_pipeline to 2025-06-27 07:59:00+00:00, run_after=2025-06-28 07:00:00+00:00
[2025-06-28T01:13:09.600+0000] {processor.py:208} INFO - Processing /opt/airflow/dags/driven_data_pipeline.py took 0.762 seconds
[2025-06-28T01:13:39.773+0000] {processor.py:186} INFO - Started process (PID=2248) to work on /opt/airflow/dags/driven_data_pipeline.py
[2025-06-28T01:13:39.776+0000] {processor.py:914} INFO - Processing file /opt/airflow/dags/driven_data_pipeline.py for tasks to queue
[2025-06-28T01:13:39.784+0000] {logging_mixin.py:190} INFO - [2025-06-28T01:13:39.783+0000] {dagbag.py:588} INFO - Filling up the DagBag from /opt/airflow/dags/driven_data_pipeline.py
[2025-06-28T01:13:40.219+0000] {processor.py:925} INFO - DAG(s) 'extract_raw_data_pipeline' retrieved from /opt/airflow/dags/driven_data_pipeline.py
[2025-06-28T01:13:40.332+0000] {logging_mixin.py:190} INFO - [2025-06-28T01:13:40.332+0000] {dag.py:3239} INFO - Sync 1 DAGs
[2025-06-28T01:13:40.387+0000] {logging_mixin.py:190} INFO - [2025-06-28T01:13:40.387+0000] {dag.py:4180} INFO - Setting next_dagrun for extract_raw_data_pipeline to 2025-06-27 07:59:00+00:00, run_after=2025-06-28 07:00:00+00:00
[2025-06-28T01:13:40.432+0000] {processor.py:208} INFO - Processing /opt/airflow/dags/driven_data_pipeline.py took 0.675 seconds
[2025-06-28T01:14:10.911+0000] {processor.py:186} INFO - Started process (PID=2256) to work on /opt/airflow/dags/driven_data_pipeline.py
[2025-06-28T01:14:10.914+0000] {processor.py:914} INFO - Processing file /opt/airflow/dags/driven_data_pipeline.py for tasks to queue
[2025-06-28T01:14:10.922+0000] {logging_mixin.py:190} INFO - [2025-06-28T01:14:10.921+0000] {dagbag.py:588} INFO - Filling up the DagBag from /opt/airflow/dags/driven_data_pipeline.py
[2025-06-28T01:14:11.476+0000] {processor.py:925} INFO - DAG(s) 'extract_raw_data_pipeline' retrieved from /opt/airflow/dags/driven_data_pipeline.py
[2025-06-28T01:14:11.539+0000] {logging_mixin.py:190} INFO - [2025-06-28T01:14:11.538+0000] {dag.py:3239} INFO - Sync 1 DAGs
[2025-06-28T01:14:11.599+0000] {logging_mixin.py:190} INFO - [2025-06-28T01:14:11.599+0000] {dag.py:4180} INFO - Setting next_dagrun for extract_raw_data_pipeline to 2025-06-27 07:59:00+00:00, run_after=2025-06-28 07:00:00+00:00
[2025-06-28T01:14:11.656+0000] {processor.py:208} INFO - Processing /opt/airflow/dags/driven_data_pipeline.py took 0.762 seconds
[2025-06-28T01:14:42.364+0000] {processor.py:186} INFO - Started process (PID=2271) to work on /opt/airflow/dags/driven_data_pipeline.py
[2025-06-28T01:14:42.368+0000] {processor.py:914} INFO - Processing file /opt/airflow/dags/driven_data_pipeline.py for tasks to queue
[2025-06-28T01:14:42.375+0000] {logging_mixin.py:190} INFO - [2025-06-28T01:14:42.374+0000] {dagbag.py:588} INFO - Filling up the DagBag from /opt/airflow/dags/driven_data_pipeline.py
[2025-06-28T01:14:42.818+0000] {processor.py:925} INFO - DAG(s) 'extract_raw_data_pipeline' retrieved from /opt/airflow/dags/driven_data_pipeline.py
[2025-06-28T01:14:42.877+0000] {logging_mixin.py:190} INFO - [2025-06-28T01:14:42.876+0000] {dag.py:3239} INFO - Sync 1 DAGs
[2025-06-28T01:14:42.927+0000] {logging_mixin.py:190} INFO - [2025-06-28T01:14:42.926+0000] {dag.py:4180} INFO - Setting next_dagrun for extract_raw_data_pipeline to 2025-06-27 07:59:00+00:00, run_after=2025-06-28 07:00:00+00:00
[2025-06-28T01:14:42.977+0000] {processor.py:208} INFO - Processing /opt/airflow/dags/driven_data_pipeline.py took 0.629 seconds
[2025-06-28T01:15:13.179+0000] {processor.py:186} INFO - Started process (PID=2280) to work on /opt/airflow/dags/driven_data_pipeline.py
[2025-06-28T01:15:13.182+0000] {processor.py:914} INFO - Processing file /opt/airflow/dags/driven_data_pipeline.py for tasks to queue
[2025-06-28T01:15:13.190+0000] {logging_mixin.py:190} INFO - [2025-06-28T01:15:13.189+0000] {dagbag.py:588} INFO - Filling up the DagBag from /opt/airflow/dags/driven_data_pipeline.py
[2025-06-28T01:15:13.652+0000] {processor.py:925} INFO - DAG(s) 'extract_raw_data_pipeline' retrieved from /opt/airflow/dags/driven_data_pipeline.py
[2025-06-28T01:15:13.715+0000] {logging_mixin.py:190} INFO - [2025-06-28T01:15:13.714+0000] {dag.py:3239} INFO - Sync 1 DAGs
[2025-06-28T01:15:13.779+0000] {logging_mixin.py:190} INFO - [2025-06-28T01:15:13.778+0000] {dag.py:4180} INFO - Setting next_dagrun for extract_raw_data_pipeline to 2025-06-27 07:59:00+00:00, run_after=2025-06-28 07:00:00+00:00
[2025-06-28T01:15:13.834+0000] {processor.py:208} INFO - Processing /opt/airflow/dags/driven_data_pipeline.py took 0.671 seconds
[2025-06-28T01:15:44.237+0000] {processor.py:186} INFO - Started process (PID=2288) to work on /opt/airflow/dags/driven_data_pipeline.py
[2025-06-28T01:15:44.241+0000] {processor.py:914} INFO - Processing file /opt/airflow/dags/driven_data_pipeline.py for tasks to queue
[2025-06-28T01:15:44.248+0000] {logging_mixin.py:190} INFO - [2025-06-28T01:15:44.247+0000] {dagbag.py:588} INFO - Filling up the DagBag from /opt/airflow/dags/driven_data_pipeline.py
[2025-06-28T01:15:44.745+0000] {processor.py:925} INFO - DAG(s) 'extract_raw_data_pipeline' retrieved from /opt/airflow/dags/driven_data_pipeline.py
[2025-06-28T01:15:44.844+0000] {logging_mixin.py:190} INFO - [2025-06-28T01:15:44.844+0000] {dag.py:3239} INFO - Sync 1 DAGs
[2025-06-28T01:15:44.900+0000] {logging_mixin.py:190} INFO - [2025-06-28T01:15:44.900+0000] {dag.py:4180} INFO - Setting next_dagrun for extract_raw_data_pipeline to 2025-06-27 07:59:00+00:00, run_after=2025-06-28 07:00:00+00:00
[2025-06-28T01:15:44.981+0000] {processor.py:208} INFO - Processing /opt/airflow/dags/driven_data_pipeline.py took 0.760 seconds
[2025-06-28T01:16:15.733+0000] {processor.py:186} INFO - Started process (PID=2295) to work on /opt/airflow/dags/driven_data_pipeline.py
[2025-06-28T01:16:15.736+0000] {processor.py:914} INFO - Processing file /opt/airflow/dags/driven_data_pipeline.py for tasks to queue
[2025-06-28T01:16:15.743+0000] {logging_mixin.py:190} INFO - [2025-06-28T01:16:15.742+0000] {dagbag.py:588} INFO - Filling up the DagBag from /opt/airflow/dags/driven_data_pipeline.py
[2025-06-28T01:16:16.231+0000] {processor.py:925} INFO - DAG(s) 'extract_raw_data_pipeline' retrieved from /opt/airflow/dags/driven_data_pipeline.py
[2025-06-28T01:16:16.301+0000] {logging_mixin.py:190} INFO - [2025-06-28T01:16:16.301+0000] {dag.py:3239} INFO - Sync 1 DAGs
[2025-06-28T01:16:16.400+0000] {logging_mixin.py:190} INFO - [2025-06-28T01:16:16.399+0000] {dag.py:4180} INFO - Setting next_dagrun for extract_raw_data_pipeline to 2025-06-27 07:59:00+00:00, run_after=2025-06-28 07:00:00+00:00
[2025-06-28T01:16:16.576+0000] {processor.py:208} INFO - Processing /opt/airflow/dags/driven_data_pipeline.py took 0.858 seconds
[2025-06-28T01:16:47.310+0000] {processor.py:186} INFO - Started process (PID=2303) to work on /opt/airflow/dags/driven_data_pipeline.py
[2025-06-28T01:16:47.314+0000] {processor.py:914} INFO - Processing file /opt/airflow/dags/driven_data_pipeline.py for tasks to queue
[2025-06-28T01:16:47.320+0000] {logging_mixin.py:190} INFO - [2025-06-28T01:16:47.319+0000] {dagbag.py:588} INFO - Filling up the DagBag from /opt/airflow/dags/driven_data_pipeline.py
[2025-06-28T01:16:48.010+0000] {processor.py:925} INFO - DAG(s) 'extract_raw_data_pipeline' retrieved from /opt/airflow/dags/driven_data_pipeline.py
[2025-06-28T01:16:48.136+0000] {logging_mixin.py:190} INFO - [2025-06-28T01:16:48.135+0000] {dag.py:3239} INFO - Sync 1 DAGs
[2025-06-28T01:16:48.242+0000] {logging_mixin.py:190} INFO - [2025-06-28T01:16:48.242+0000] {dag.py:4180} INFO - Setting next_dagrun for extract_raw_data_pipeline to 2025-06-27 07:59:00+00:00, run_after=2025-06-28 07:00:00+00:00
[2025-06-28T01:16:48.305+0000] {processor.py:208} INFO - Processing /opt/airflow/dags/driven_data_pipeline.py took 1.010 seconds
[2025-06-28T01:17:18.857+0000] {processor.py:186} INFO - Started process (PID=2311) to work on /opt/airflow/dags/driven_data_pipeline.py
[2025-06-28T01:17:18.860+0000] {processor.py:914} INFO - Processing file /opt/airflow/dags/driven_data_pipeline.py for tasks to queue
[2025-06-28T01:17:18.869+0000] {logging_mixin.py:190} INFO - [2025-06-28T01:17:18.868+0000] {dagbag.py:588} INFO - Filling up the DagBag from /opt/airflow/dags/driven_data_pipeline.py
[2025-06-28T01:17:19.265+0000] {processor.py:925} INFO - DAG(s) 'extract_raw_data_pipeline' retrieved from /opt/airflow/dags/driven_data_pipeline.py
[2025-06-28T01:17:19.329+0000] {logging_mixin.py:190} INFO - [2025-06-28T01:17:19.328+0000] {dag.py:3239} INFO - Sync 1 DAGs
[2025-06-28T01:17:19.384+0000] {logging_mixin.py:190} INFO - [2025-06-28T01:17:19.384+0000] {dag.py:4180} INFO - Setting next_dagrun for extract_raw_data_pipeline to 2025-06-27 07:59:00+00:00, run_after=2025-06-28 07:00:00+00:00
[2025-06-28T01:17:19.432+0000] {processor.py:208} INFO - Processing /opt/airflow/dags/driven_data_pipeline.py took 0.593 seconds
[2025-06-28T01:17:50.091+0000] {processor.py:186} INFO - Started process (PID=2320) to work on /opt/airflow/dags/driven_data_pipeline.py
[2025-06-28T01:17:50.094+0000] {processor.py:914} INFO - Processing file /opt/airflow/dags/driven_data_pipeline.py for tasks to queue
[2025-06-28T01:17:50.102+0000] {logging_mixin.py:190} INFO - [2025-06-28T01:17:50.100+0000] {dagbag.py:588} INFO - Filling up the DagBag from /opt/airflow/dags/driven_data_pipeline.py
[2025-06-28T01:17:50.505+0000] {processor.py:925} INFO - DAG(s) 'extract_raw_data_pipeline' retrieved from /opt/airflow/dags/driven_data_pipeline.py
[2025-06-28T01:17:50.564+0000] {logging_mixin.py:190} INFO - [2025-06-28T01:17:50.563+0000] {dag.py:3239} INFO - Sync 1 DAGs
[2025-06-28T01:17:50.614+0000] {logging_mixin.py:190} INFO - [2025-06-28T01:17:50.614+0000] {dag.py:4180} INFO - Setting next_dagrun for extract_raw_data_pipeline to 2025-06-27 07:59:00+00:00, run_after=2025-06-28 07:00:00+00:00
[2025-06-28T01:17:50.661+0000] {processor.py:208} INFO - Processing /opt/airflow/dags/driven_data_pipeline.py took 0.585 seconds
[2025-06-28T01:18:21.057+0000] {processor.py:186} INFO - Started process (PID=2327) to work on /opt/airflow/dags/driven_data_pipeline.py
[2025-06-28T01:18:21.060+0000] {processor.py:914} INFO - Processing file /opt/airflow/dags/driven_data_pipeline.py for tasks to queue
[2025-06-28T01:18:21.067+0000] {logging_mixin.py:190} INFO - [2025-06-28T01:18:21.066+0000] {dagbag.py:588} INFO - Filling up the DagBag from /opt/airflow/dags/driven_data_pipeline.py
[2025-06-28T01:18:21.470+0000] {processor.py:925} INFO - DAG(s) 'extract_raw_data_pipeline' retrieved from /opt/airflow/dags/driven_data_pipeline.py
[2025-06-28T01:18:21.528+0000] {logging_mixin.py:190} INFO - [2025-06-28T01:18:21.527+0000] {dag.py:3239} INFO - Sync 1 DAGs
[2025-06-28T01:18:21.581+0000] {logging_mixin.py:190} INFO - [2025-06-28T01:18:21.580+0000] {dag.py:4180} INFO - Setting next_dagrun for extract_raw_data_pipeline to 2025-06-27 07:59:00+00:00, run_after=2025-06-28 07:00:00+00:00
[2025-06-28T01:18:21.627+0000] {processor.py:208} INFO - Processing /opt/airflow/dags/driven_data_pipeline.py took 0.586 seconds
[2025-06-28T01:18:51.928+0000] {processor.py:186} INFO - Started process (PID=2334) to work on /opt/airflow/dags/driven_data_pipeline.py
[2025-06-28T01:18:51.931+0000] {processor.py:914} INFO - Processing file /opt/airflow/dags/driven_data_pipeline.py for tasks to queue
[2025-06-28T01:18:51.939+0000] {logging_mixin.py:190} INFO - [2025-06-28T01:18:51.938+0000] {dagbag.py:588} INFO - Filling up the DagBag from /opt/airflow/dags/driven_data_pipeline.py
[2025-06-28T01:18:52.354+0000] {processor.py:925} INFO - DAG(s) 'extract_raw_data_pipeline' retrieved from /opt/airflow/dags/driven_data_pipeline.py
[2025-06-28T01:18:52.411+0000] {logging_mixin.py:190} INFO - [2025-06-28T01:18:52.410+0000] {dag.py:3239} INFO - Sync 1 DAGs
[2025-06-28T01:18:52.463+0000] {logging_mixin.py:190} INFO - [2025-06-28T01:18:52.462+0000] {dag.py:4180} INFO - Setting next_dagrun for extract_raw_data_pipeline to 2025-06-27 07:59:00+00:00, run_after=2025-06-28 07:00:00+00:00
[2025-06-28T01:18:52.514+0000] {processor.py:208} INFO - Processing /opt/airflow/dags/driven_data_pipeline.py took 0.602 seconds
[2025-06-28T01:19:22.913+0000] {processor.py:186} INFO - Started process (PID=2342) to work on /opt/airflow/dags/driven_data_pipeline.py
[2025-06-28T01:19:22.917+0000] {processor.py:914} INFO - Processing file /opt/airflow/dags/driven_data_pipeline.py for tasks to queue
[2025-06-28T01:19:22.925+0000] {logging_mixin.py:190} INFO - [2025-06-28T01:19:22.924+0000] {dagbag.py:588} INFO - Filling up the DagBag from /opt/airflow/dags/driven_data_pipeline.py
[2025-06-28T01:19:23.521+0000] {processor.py:925} INFO - DAG(s) 'extract_raw_data_pipeline' retrieved from /opt/airflow/dags/driven_data_pipeline.py
[2025-06-28T01:19:23.578+0000] {logging_mixin.py:190} INFO - [2025-06-28T01:19:23.578+0000] {dag.py:3239} INFO - Sync 1 DAGs
[2025-06-28T01:19:23.633+0000] {logging_mixin.py:190} INFO - [2025-06-28T01:19:23.633+0000] {dag.py:4180} INFO - Setting next_dagrun for extract_raw_data_pipeline to 2025-06-27 07:59:00+00:00, run_after=2025-06-28 07:00:00+00:00
[2025-06-28T01:19:23.680+0000] {processor.py:208} INFO - Processing /opt/airflow/dags/driven_data_pipeline.py took 0.783 seconds
[2025-06-28T01:19:54.546+0000] {processor.py:186} INFO - Started process (PID=2350) to work on /opt/airflow/dags/driven_data_pipeline.py
[2025-06-28T01:19:54.552+0000] {processor.py:914} INFO - Processing file /opt/airflow/dags/driven_data_pipeline.py for tasks to queue
[2025-06-28T01:19:54.566+0000] {logging_mixin.py:190} INFO - [2025-06-28T01:19:54.565+0000] {dagbag.py:588} INFO - Filling up the DagBag from /opt/airflow/dags/driven_data_pipeline.py
[2025-06-28T01:19:55.638+0000] {processor.py:925} INFO - DAG(s) 'extract_raw_data_pipeline' retrieved from /opt/airflow/dags/driven_data_pipeline.py
[2025-06-28T01:19:55.697+0000] {logging_mixin.py:190} INFO - [2025-06-28T01:19:55.696+0000] {dag.py:3239} INFO - Sync 1 DAGs
[2025-06-28T01:19:55.747+0000] {logging_mixin.py:190} INFO - [2025-06-28T01:19:55.747+0000] {dag.py:4180} INFO - Setting next_dagrun for extract_raw_data_pipeline to 2025-06-27 07:59:00+00:00, run_after=2025-06-28 07:00:00+00:00
[2025-06-28T01:19:55.803+0000] {processor.py:208} INFO - Processing /opt/airflow/dags/driven_data_pipeline.py took 1.327 seconds
[2025-06-28T01:20:26.138+0000] {processor.py:186} INFO - Started process (PID=2358) to work on /opt/airflow/dags/driven_data_pipeline.py
[2025-06-28T01:20:26.141+0000] {processor.py:914} INFO - Processing file /opt/airflow/dags/driven_data_pipeline.py for tasks to queue
[2025-06-28T01:20:26.149+0000] {logging_mixin.py:190} INFO - [2025-06-28T01:20:26.148+0000] {dagbag.py:588} INFO - Filling up the DagBag from /opt/airflow/dags/driven_data_pipeline.py
[2025-06-28T01:20:26.678+0000] {processor.py:925} INFO - DAG(s) 'extract_raw_data_pipeline' retrieved from /opt/airflow/dags/driven_data_pipeline.py
[2025-06-28T01:20:26.760+0000] {logging_mixin.py:190} INFO - [2025-06-28T01:20:26.759+0000] {dag.py:3239} INFO - Sync 1 DAGs
[2025-06-28T01:20:26.815+0000] {logging_mixin.py:190} INFO - [2025-06-28T01:20:26.815+0000] {dag.py:4180} INFO - Setting next_dagrun for extract_raw_data_pipeline to 2025-06-27 07:59:00+00:00, run_after=2025-06-28 07:00:00+00:00
[2025-06-28T01:20:26.860+0000] {processor.py:208} INFO - Processing /opt/airflow/dags/driven_data_pipeline.py took 0.738 seconds
[2025-06-28T01:20:57.004+0000] {processor.py:186} INFO - Started process (PID=2366) to work on /opt/airflow/dags/driven_data_pipeline.py
[2025-06-28T01:20:57.011+0000] {processor.py:914} INFO - Processing file /opt/airflow/dags/driven_data_pipeline.py for tasks to queue
[2025-06-28T01:20:57.019+0000] {logging_mixin.py:190} INFO - [2025-06-28T01:20:57.018+0000] {dagbag.py:588} INFO - Filling up the DagBag from /opt/airflow/dags/driven_data_pipeline.py
[2025-06-28T01:20:57.476+0000] {processor.py:925} INFO - DAG(s) 'extract_raw_data_pipeline' retrieved from /opt/airflow/dags/driven_data_pipeline.py
[2025-06-28T01:20:57.537+0000] {logging_mixin.py:190} INFO - [2025-06-28T01:20:57.537+0000] {dag.py:3239} INFO - Sync 1 DAGs
[2025-06-28T01:20:57.589+0000] {logging_mixin.py:190} INFO - [2025-06-28T01:20:57.588+0000] {dag.py:4180} INFO - Setting next_dagrun for extract_raw_data_pipeline to 2025-06-27 07:59:00+00:00, run_after=2025-06-28 07:00:00+00:00
[2025-06-28T01:20:57.657+0000] {processor.py:208} INFO - Processing /opt/airflow/dags/driven_data_pipeline.py took 0.668 seconds
[2025-06-28T01:21:28.170+0000] {processor.py:186} INFO - Started process (PID=2375) to work on /opt/airflow/dags/driven_data_pipeline.py
[2025-06-28T01:21:28.181+0000] {processor.py:914} INFO - Processing file /opt/airflow/dags/driven_data_pipeline.py for tasks to queue
[2025-06-28T01:21:28.196+0000] {logging_mixin.py:190} INFO - [2025-06-28T01:21:28.195+0000] {dagbag.py:588} INFO - Filling up the DagBag from /opt/airflow/dags/driven_data_pipeline.py
[2025-06-28T01:21:28.602+0000] {processor.py:925} INFO - DAG(s) 'extract_raw_data_pipeline' retrieved from /opt/airflow/dags/driven_data_pipeline.py
[2025-06-28T01:21:28.661+0000] {logging_mixin.py:190} INFO - [2025-06-28T01:21:28.661+0000] {dag.py:3239} INFO - Sync 1 DAGs
[2025-06-28T01:21:28.728+0000] {logging_mixin.py:190} INFO - [2025-06-28T01:21:28.728+0000] {dag.py:4180} INFO - Setting next_dagrun for extract_raw_data_pipeline to 2025-06-27 07:59:00+00:00, run_after=2025-06-28 07:00:00+00:00
[2025-06-28T01:21:28.776+0000] {processor.py:208} INFO - Processing /opt/airflow/dags/driven_data_pipeline.py took 0.629 seconds
[2025-06-28T01:21:58.914+0000] {processor.py:186} INFO - Started process (PID=2383) to work on /opt/airflow/dags/driven_data_pipeline.py
[2025-06-28T01:21:58.918+0000] {processor.py:914} INFO - Processing file /opt/airflow/dags/driven_data_pipeline.py for tasks to queue
[2025-06-28T01:21:58.925+0000] {logging_mixin.py:190} INFO - [2025-06-28T01:21:58.924+0000] {dagbag.py:588} INFO - Filling up the DagBag from /opt/airflow/dags/driven_data_pipeline.py
[2025-06-28T01:21:59.370+0000] {processor.py:925} INFO - DAG(s) 'extract_raw_data_pipeline' retrieved from /opt/airflow/dags/driven_data_pipeline.py
[2025-06-28T01:21:59.433+0000] {logging_mixin.py:190} INFO - [2025-06-28T01:21:59.432+0000] {dag.py:3239} INFO - Sync 1 DAGs
[2025-06-28T01:21:59.484+0000] {logging_mixin.py:190} INFO - [2025-06-28T01:21:59.484+0000] {dag.py:4180} INFO - Setting next_dagrun for extract_raw_data_pipeline to 2025-06-27 07:59:00+00:00, run_after=2025-06-28 07:00:00+00:00
[2025-06-28T01:21:59.536+0000] {processor.py:208} INFO - Processing /opt/airflow/dags/driven_data_pipeline.py took 0.638 seconds
[2025-06-28T01:22:30.053+0000] {processor.py:186} INFO - Started process (PID=2391) to work on /opt/airflow/dags/driven_data_pipeline.py
[2025-06-28T01:22:30.060+0000] {processor.py:914} INFO - Processing file /opt/airflow/dags/driven_data_pipeline.py for tasks to queue
[2025-06-28T01:22:30.074+0000] {logging_mixin.py:190} INFO - [2025-06-28T01:22:30.073+0000] {dagbag.py:588} INFO - Filling up the DagBag from /opt/airflow/dags/driven_data_pipeline.py
[2025-06-28T01:22:31.233+0000] {processor.py:925} INFO - DAG(s) 'extract_raw_data_pipeline' retrieved from /opt/airflow/dags/driven_data_pipeline.py
[2025-06-28T01:22:31.378+0000] {logging_mixin.py:190} INFO - [2025-06-28T01:22:31.377+0000] {dag.py:3239} INFO - Sync 1 DAGs
[2025-06-28T01:22:31.493+0000] {logging_mixin.py:190} INFO - [2025-06-28T01:22:31.493+0000] {dag.py:4180} INFO - Setting next_dagrun for extract_raw_data_pipeline to 2025-06-27 07:59:00+00:00, run_after=2025-06-28 07:00:00+00:00
[2025-06-28T01:22:31.581+0000] {processor.py:208} INFO - Processing /opt/airflow/dags/driven_data_pipeline.py took 1.564 seconds
[2025-06-28T01:23:02.307+0000] {processor.py:186} INFO - Started process (PID=2399) to work on /opt/airflow/dags/driven_data_pipeline.py
[2025-06-28T01:23:02.310+0000] {processor.py:914} INFO - Processing file /opt/airflow/dags/driven_data_pipeline.py for tasks to queue
[2025-06-28T01:23:02.317+0000] {logging_mixin.py:190} INFO - [2025-06-28T01:23:02.316+0000] {dagbag.py:588} INFO - Filling up the DagBag from /opt/airflow/dags/driven_data_pipeline.py
[2025-06-28T01:23:02.714+0000] {processor.py:925} INFO - DAG(s) 'extract_raw_data_pipeline' retrieved from /opt/airflow/dags/driven_data_pipeline.py
[2025-06-28T01:23:02.773+0000] {logging_mixin.py:190} INFO - [2025-06-28T01:23:02.772+0000] {dag.py:3239} INFO - Sync 1 DAGs
[2025-06-28T01:23:02.823+0000] {logging_mixin.py:190} INFO - [2025-06-28T01:23:02.823+0000] {dag.py:4180} INFO - Setting next_dagrun for extract_raw_data_pipeline to 2025-06-27 07:59:00+00:00, run_after=2025-06-28 07:00:00+00:00
[2025-06-28T01:23:02.872+0000] {processor.py:208} INFO - Processing /opt/airflow/dags/driven_data_pipeline.py took 0.581 seconds
[2025-06-28T01:23:33.386+0000] {processor.py:186} INFO - Started process (PID=2408) to work on /opt/airflow/dags/driven_data_pipeline.py
[2025-06-28T01:23:33.389+0000] {processor.py:914} INFO - Processing file /opt/airflow/dags/driven_data_pipeline.py for tasks to queue
[2025-06-28T01:23:33.396+0000] {logging_mixin.py:190} INFO - [2025-06-28T01:23:33.395+0000] {dagbag.py:588} INFO - Filling up the DagBag from /opt/airflow/dags/driven_data_pipeline.py
[2025-06-28T01:23:33.785+0000] {processor.py:925} INFO - DAG(s) 'extract_raw_data_pipeline' retrieved from /opt/airflow/dags/driven_data_pipeline.py
[2025-06-28T01:23:33.841+0000] {logging_mixin.py:190} INFO - [2025-06-28T01:23:33.840+0000] {dag.py:3239} INFO - Sync 1 DAGs
[2025-06-28T01:23:33.898+0000] {logging_mixin.py:190} INFO - [2025-06-28T01:23:33.897+0000] {dag.py:4180} INFO - Setting next_dagrun for extract_raw_data_pipeline to 2025-06-27 07:59:00+00:00, run_after=2025-06-28 07:00:00+00:00
[2025-06-28T01:23:33.944+0000] {processor.py:208} INFO - Processing /opt/airflow/dags/driven_data_pipeline.py took 0.573 seconds
[2025-06-28T01:24:04.248+0000] {processor.py:186} INFO - Started process (PID=2416) to work on /opt/airflow/dags/driven_data_pipeline.py
[2025-06-28T01:24:04.252+0000] {processor.py:914} INFO - Processing file /opt/airflow/dags/driven_data_pipeline.py for tasks to queue
[2025-06-28T01:24:04.259+0000] {logging_mixin.py:190} INFO - [2025-06-28T01:24:04.258+0000] {dagbag.py:588} INFO - Filling up the DagBag from /opt/airflow/dags/driven_data_pipeline.py
[2025-06-28T01:24:04.656+0000] {processor.py:925} INFO - DAG(s) 'extract_raw_data_pipeline' retrieved from /opt/airflow/dags/driven_data_pipeline.py
[2025-06-28T01:24:04.727+0000] {logging_mixin.py:190} INFO - [2025-06-28T01:24:04.726+0000] {dag.py:3239} INFO - Sync 1 DAGs
[2025-06-28T01:24:04.790+0000] {logging_mixin.py:190} INFO - [2025-06-28T01:24:04.789+0000] {dag.py:4180} INFO - Setting next_dagrun for extract_raw_data_pipeline to 2025-06-27 07:59:00+00:00, run_after=2025-06-28 07:00:00+00:00
[2025-06-28T01:24:04.844+0000] {processor.py:208} INFO - Processing /opt/airflow/dags/driven_data_pipeline.py took 0.611 seconds
[2025-06-28T01:24:35.320+0000] {processor.py:186} INFO - Started process (PID=2424) to work on /opt/airflow/dags/driven_data_pipeline.py
[2025-06-28T01:24:35.323+0000] {processor.py:914} INFO - Processing file /opt/airflow/dags/driven_data_pipeline.py for tasks to queue
[2025-06-28T01:24:35.331+0000] {logging_mixin.py:190} INFO - [2025-06-28T01:24:35.330+0000] {dagbag.py:588} INFO - Filling up the DagBag from /opt/airflow/dags/driven_data_pipeline.py
[2025-06-28T01:24:35.745+0000] {processor.py:925} INFO - DAG(s) 'extract_raw_data_pipeline' retrieved from /opt/airflow/dags/driven_data_pipeline.py
[2025-06-28T01:24:35.801+0000] {logging_mixin.py:190} INFO - [2025-06-28T01:24:35.801+0000] {dag.py:3239} INFO - Sync 1 DAGs
[2025-06-28T01:24:35.850+0000] {logging_mixin.py:190} INFO - [2025-06-28T01:24:35.850+0000] {dag.py:4180} INFO - Setting next_dagrun for extract_raw_data_pipeline to 2025-06-27 07:59:00+00:00, run_after=2025-06-28 07:00:00+00:00
[2025-06-28T01:24:35.896+0000] {processor.py:208} INFO - Processing /opt/airflow/dags/driven_data_pipeline.py took 0.590 seconds
[2025-06-28T01:25:06.760+0000] {processor.py:186} INFO - Started process (PID=2431) to work on /opt/airflow/dags/driven_data_pipeline.py
[2025-06-28T01:25:06.770+0000] {processor.py:914} INFO - Processing file /opt/airflow/dags/driven_data_pipeline.py for tasks to queue
[2025-06-28T01:25:06.795+0000] {logging_mixin.py:190} INFO - [2025-06-28T01:25:06.794+0000] {dagbag.py:588} INFO - Filling up the DagBag from /opt/airflow/dags/driven_data_pipeline.py
[2025-06-28T01:25:07.637+0000] {processor.py:925} INFO - DAG(s) 'extract_raw_data_pipeline' retrieved from /opt/airflow/dags/driven_data_pipeline.py
[2025-06-28T01:25:07.828+0000] {logging_mixin.py:190} INFO - [2025-06-28T01:25:07.827+0000] {dag.py:3239} INFO - Sync 1 DAGs
[2025-06-28T01:25:07.973+0000] {logging_mixin.py:190} INFO - [2025-06-28T01:25:07.972+0000] {dag.py:4180} INFO - Setting next_dagrun for extract_raw_data_pipeline to 2025-06-27 07:59:00+00:00, run_after=2025-06-28 07:00:00+00:00
[2025-06-28T01:25:08.139+0000] {processor.py:208} INFO - Processing /opt/airflow/dags/driven_data_pipeline.py took 1.463 seconds
[2025-06-28T01:25:38.691+0000] {processor.py:186} INFO - Started process (PID=2439) to work on /opt/airflow/dags/driven_data_pipeline.py
[2025-06-28T01:25:38.694+0000] {processor.py:914} INFO - Processing file /opt/airflow/dags/driven_data_pipeline.py for tasks to queue
[2025-06-28T01:25:38.701+0000] {logging_mixin.py:190} INFO - [2025-06-28T01:25:38.700+0000] {dagbag.py:588} INFO - Filling up the DagBag from /opt/airflow/dags/driven_data_pipeline.py
[2025-06-28T01:25:39.113+0000] {processor.py:925} INFO - DAG(s) 'extract_raw_data_pipeline' retrieved from /opt/airflow/dags/driven_data_pipeline.py
[2025-06-28T01:25:39.173+0000] {logging_mixin.py:190} INFO - [2025-06-28T01:25:39.172+0000] {dag.py:3239} INFO - Sync 1 DAGs
[2025-06-28T01:25:39.228+0000] {logging_mixin.py:190} INFO - [2025-06-28T01:25:39.227+0000] {dag.py:4180} INFO - Setting next_dagrun for extract_raw_data_pipeline to 2025-06-27 07:59:00+00:00, run_after=2025-06-28 07:00:00+00:00
[2025-06-28T01:25:39.273+0000] {processor.py:208} INFO - Processing /opt/airflow/dags/driven_data_pipeline.py took 0.596 seconds
[2025-06-28T01:26:10.204+0000] {processor.py:186} INFO - Started process (PID=2448) to work on /opt/airflow/dags/driven_data_pipeline.py
[2025-06-28T01:26:10.209+0000] {processor.py:914} INFO - Processing file /opt/airflow/dags/driven_data_pipeline.py for tasks to queue
[2025-06-28T01:26:10.215+0000] {logging_mixin.py:190} INFO - [2025-06-28T01:26:10.215+0000] {dagbag.py:588} INFO - Filling up the DagBag from /opt/airflow/dags/driven_data_pipeline.py
[2025-06-28T01:26:10.617+0000] {processor.py:925} INFO - DAG(s) 'extract_raw_data_pipeline' retrieved from /opt/airflow/dags/driven_data_pipeline.py
[2025-06-28T01:26:10.677+0000] {logging_mixin.py:190} INFO - [2025-06-28T01:26:10.676+0000] {dag.py:3239} INFO - Sync 1 DAGs
[2025-06-28T01:26:10.727+0000] {logging_mixin.py:190} INFO - [2025-06-28T01:26:10.727+0000] {dag.py:4180} INFO - Setting next_dagrun for extract_raw_data_pipeline to 2025-06-27 07:59:00+00:00, run_after=2025-06-28 07:00:00+00:00
[2025-06-28T01:26:10.773+0000] {processor.py:208} INFO - Processing /opt/airflow/dags/driven_data_pipeline.py took 0.593 seconds
[2025-06-28T01:26:41.430+0000] {processor.py:186} INFO - Started process (PID=2456) to work on /opt/airflow/dags/driven_data_pipeline.py
[2025-06-28T01:26:41.433+0000] {processor.py:914} INFO - Processing file /opt/airflow/dags/driven_data_pipeline.py for tasks to queue
[2025-06-28T01:26:41.441+0000] {logging_mixin.py:190} INFO - [2025-06-28T01:26:41.440+0000] {dagbag.py:588} INFO - Filling up the DagBag from /opt/airflow/dags/driven_data_pipeline.py
[2025-06-28T01:26:41.838+0000] {processor.py:925} INFO - DAG(s) 'extract_raw_data_pipeline' retrieved from /opt/airflow/dags/driven_data_pipeline.py
[2025-06-28T01:26:41.896+0000] {logging_mixin.py:190} INFO - [2025-06-28T01:26:41.895+0000] {dag.py:3239} INFO - Sync 1 DAGs
[2025-06-28T01:26:41.948+0000] {logging_mixin.py:190} INFO - [2025-06-28T01:26:41.947+0000] {dag.py:4180} INFO - Setting next_dagrun for extract_raw_data_pipeline to 2025-06-27 07:59:00+00:00, run_after=2025-06-28 07:00:00+00:00
[2025-06-28T01:26:41.994+0000] {processor.py:208} INFO - Processing /opt/airflow/dags/driven_data_pipeline.py took 0.579 seconds
[2025-06-28T01:27:12.486+0000] {processor.py:186} INFO - Started process (PID=2464) to work on /opt/airflow/dags/driven_data_pipeline.py
[2025-06-28T01:27:12.492+0000] {processor.py:914} INFO - Processing file /opt/airflow/dags/driven_data_pipeline.py for tasks to queue
[2025-06-28T01:27:12.500+0000] {logging_mixin.py:190} INFO - [2025-06-28T01:27:12.499+0000] {dagbag.py:588} INFO - Filling up the DagBag from /opt/airflow/dags/driven_data_pipeline.py
[2025-06-28T01:27:12.921+0000] {processor.py:925} INFO - DAG(s) 'extract_raw_data_pipeline' retrieved from /opt/airflow/dags/driven_data_pipeline.py
[2025-06-28T01:27:12.980+0000] {logging_mixin.py:190} INFO - [2025-06-28T01:27:12.979+0000] {dag.py:3239} INFO - Sync 1 DAGs
[2025-06-28T01:27:13.029+0000] {logging_mixin.py:190} INFO - [2025-06-28T01:27:13.029+0000] {dag.py:4180} INFO - Setting next_dagrun for extract_raw_data_pipeline to 2025-06-27 07:59:00+00:00, run_after=2025-06-28 07:00:00+00:00
[2025-06-28T01:27:13.080+0000] {processor.py:208} INFO - Processing /opt/airflow/dags/driven_data_pipeline.py took 0.615 seconds
[2025-06-28T01:27:43.210+0000] {processor.py:186} INFO - Started process (PID=2471) to work on /opt/airflow/dags/driven_data_pipeline.py
[2025-06-28T01:27:43.213+0000] {processor.py:914} INFO - Processing file /opt/airflow/dags/driven_data_pipeline.py for tasks to queue
[2025-06-28T01:27:43.222+0000] {logging_mixin.py:190} INFO - [2025-06-28T01:27:43.220+0000] {dagbag.py:588} INFO - Filling up the DagBag from /opt/airflow/dags/driven_data_pipeline.py
[2025-06-28T01:27:43.638+0000] {processor.py:925} INFO - DAG(s) 'extract_raw_data_pipeline' retrieved from /opt/airflow/dags/driven_data_pipeline.py
[2025-06-28T01:27:43.704+0000] {logging_mixin.py:190} INFO - [2025-06-28T01:27:43.703+0000] {dag.py:3239} INFO - Sync 1 DAGs
[2025-06-28T01:27:43.758+0000] {logging_mixin.py:190} INFO - [2025-06-28T01:27:43.758+0000] {dag.py:4180} INFO - Setting next_dagrun for extract_raw_data_pipeline to 2025-06-27 07:59:00+00:00, run_after=2025-06-28 07:00:00+00:00
[2025-06-28T01:27:43.808+0000] {processor.py:208} INFO - Processing /opt/airflow/dags/driven_data_pipeline.py took 0.613 seconds
[2025-06-28T01:28:14.176+0000] {processor.py:186} INFO - Started process (PID=2479) to work on /opt/airflow/dags/driven_data_pipeline.py
[2025-06-28T01:28:14.180+0000] {processor.py:914} INFO - Processing file /opt/airflow/dags/driven_data_pipeline.py for tasks to queue
[2025-06-28T01:28:14.187+0000] {logging_mixin.py:190} INFO - [2025-06-28T01:28:14.186+0000] {dagbag.py:588} INFO - Filling up the DagBag from /opt/airflow/dags/driven_data_pipeline.py
[2025-06-28T01:28:14.990+0000] {processor.py:925} INFO - DAG(s) 'extract_raw_data_pipeline' retrieved from /opt/airflow/dags/driven_data_pipeline.py
[2025-06-28T01:28:15.072+0000] {logging_mixin.py:190} INFO - [2025-06-28T01:28:15.071+0000] {dag.py:3239} INFO - Sync 1 DAGs
[2025-06-28T01:28:15.328+0000] {logging_mixin.py:190} INFO - [2025-06-28T01:28:15.327+0000] {dag.py:4180} INFO - Setting next_dagrun for extract_raw_data_pipeline to 2025-06-27 07:59:00+00:00, run_after=2025-06-28 07:00:00+00:00
[2025-06-28T01:28:15.494+0000] {processor.py:208} INFO - Processing /opt/airflow/dags/driven_data_pipeline.py took 1.332 seconds
[2025-06-28T01:28:46.251+0000] {processor.py:186} INFO - Started process (PID=2493) to work on /opt/airflow/dags/driven_data_pipeline.py
[2025-06-28T01:28:46.254+0000] {processor.py:914} INFO - Processing file /opt/airflow/dags/driven_data_pipeline.py for tasks to queue
[2025-06-28T01:28:46.260+0000] {logging_mixin.py:190} INFO - [2025-06-28T01:28:46.260+0000] {dagbag.py:588} INFO - Filling up the DagBag from /opt/airflow/dags/driven_data_pipeline.py
[2025-06-28T01:28:46.701+0000] {processor.py:925} INFO - DAG(s) 'extract_raw_data_pipeline' retrieved from /opt/airflow/dags/driven_data_pipeline.py
[2025-06-28T01:28:46.759+0000] {logging_mixin.py:190} INFO - [2025-06-28T01:28:46.758+0000] {dag.py:3239} INFO - Sync 1 DAGs
[2025-06-28T01:28:46.811+0000] {logging_mixin.py:190} INFO - [2025-06-28T01:28:46.810+0000] {dag.py:4180} INFO - Setting next_dagrun for extract_raw_data_pipeline to 2025-06-27 07:59:00+00:00, run_after=2025-06-28 07:00:00+00:00
[2025-06-28T01:28:46.865+0000] {processor.py:208} INFO - Processing /opt/airflow/dags/driven_data_pipeline.py took 0.628 seconds
[2025-06-28T01:29:17.709+0000] {processor.py:186} INFO - Started process (PID=2501) to work on /opt/airflow/dags/driven_data_pipeline.py
[2025-06-28T01:29:17.713+0000] {processor.py:914} INFO - Processing file /opt/airflow/dags/driven_data_pipeline.py for tasks to queue
[2025-06-28T01:29:17.721+0000] {logging_mixin.py:190} INFO - [2025-06-28T01:29:17.720+0000] {dagbag.py:588} INFO - Filling up the DagBag from /opt/airflow/dags/driven_data_pipeline.py
[2025-06-28T01:29:18.188+0000] {processor.py:925} INFO - DAG(s) 'extract_raw_data_pipeline' retrieved from /opt/airflow/dags/driven_data_pipeline.py
[2025-06-28T01:29:18.260+0000] {logging_mixin.py:190} INFO - [2025-06-28T01:29:18.259+0000] {dag.py:3239} INFO - Sync 1 DAGs
[2025-06-28T01:29:18.347+0000] {logging_mixin.py:190} INFO - [2025-06-28T01:29:18.346+0000] {dag.py:4180} INFO - Setting next_dagrun for extract_raw_data_pipeline to 2025-06-27 07:59:00+00:00, run_after=2025-06-28 07:00:00+00:00
[2025-06-28T01:29:18.412+0000] {processor.py:208} INFO - Processing /opt/airflow/dags/driven_data_pipeline.py took 0.717 seconds
[2025-06-28T01:29:49.079+0000] {processor.py:186} INFO - Started process (PID=2509) to work on /opt/airflow/dags/driven_data_pipeline.py
[2025-06-28T01:29:49.082+0000] {processor.py:914} INFO - Processing file /opt/airflow/dags/driven_data_pipeline.py for tasks to queue
[2025-06-28T01:29:49.091+0000] {logging_mixin.py:190} INFO - [2025-06-28T01:29:49.089+0000] {dagbag.py:588} INFO - Filling up the DagBag from /opt/airflow/dags/driven_data_pipeline.py
[2025-06-28T01:29:49.544+0000] {processor.py:925} INFO - DAG(s) 'extract_raw_data_pipeline' retrieved from /opt/airflow/dags/driven_data_pipeline.py
[2025-06-28T01:29:49.600+0000] {logging_mixin.py:190} INFO - [2025-06-28T01:29:49.599+0000] {dag.py:3239} INFO - Sync 1 DAGs
[2025-06-28T01:29:49.659+0000] {logging_mixin.py:190} INFO - [2025-06-28T01:29:49.659+0000] {dag.py:4180} INFO - Setting next_dagrun for extract_raw_data_pipeline to 2025-06-27 07:59:00+00:00, run_after=2025-06-28 07:00:00+00:00
[2025-06-28T01:29:49.708+0000] {processor.py:208} INFO - Processing /opt/airflow/dags/driven_data_pipeline.py took 0.645 seconds
[2025-06-28T01:30:20.071+0000] {processor.py:186} INFO - Started process (PID=2518) to work on /opt/airflow/dags/driven_data_pipeline.py
[2025-06-28T01:30:20.074+0000] {processor.py:914} INFO - Processing file /opt/airflow/dags/driven_data_pipeline.py for tasks to queue
[2025-06-28T01:30:20.082+0000] {logging_mixin.py:190} INFO - [2025-06-28T01:30:20.081+0000] {dagbag.py:588} INFO - Filling up the DagBag from /opt/airflow/dags/driven_data_pipeline.py
[2025-06-28T01:30:20.472+0000] {processor.py:925} INFO - DAG(s) 'extract_raw_data_pipeline' retrieved from /opt/airflow/dags/driven_data_pipeline.py
[2025-06-28T01:30:20.531+0000] {logging_mixin.py:190} INFO - [2025-06-28T01:30:20.531+0000] {dag.py:3239} INFO - Sync 1 DAGs
[2025-06-28T01:30:20.582+0000] {logging_mixin.py:190} INFO - [2025-06-28T01:30:20.581+0000] {dag.py:4180} INFO - Setting next_dagrun for extract_raw_data_pipeline to 2025-06-27 07:59:00+00:00, run_after=2025-06-28 07:00:00+00:00
[2025-06-28T01:30:20.630+0000] {processor.py:208} INFO - Processing /opt/airflow/dags/driven_data_pipeline.py took 0.575 seconds
[2025-06-28T01:30:50.874+0000] {processor.py:186} INFO - Started process (PID=2525) to work on /opt/airflow/dags/driven_data_pipeline.py
[2025-06-28T01:30:50.879+0000] {processor.py:914} INFO - Processing file /opt/airflow/dags/driven_data_pipeline.py for tasks to queue
[2025-06-28T01:30:50.891+0000] {logging_mixin.py:190} INFO - [2025-06-28T01:30:50.890+0000] {dagbag.py:588} INFO - Filling up the DagBag from /opt/airflow/dags/driven_data_pipeline.py
[2025-06-28T01:30:51.383+0000] {processor.py:925} INFO - DAG(s) 'extract_raw_data_pipeline' retrieved from /opt/airflow/dags/driven_data_pipeline.py
[2025-06-28T01:30:51.438+0000] {logging_mixin.py:190} INFO - [2025-06-28T01:30:51.438+0000] {dag.py:3239} INFO - Sync 1 DAGs
[2025-06-28T01:30:51.494+0000] {logging_mixin.py:190} INFO - [2025-06-28T01:30:51.494+0000] {dag.py:4180} INFO - Setting next_dagrun for extract_raw_data_pipeline to 2025-06-27 07:59:00+00:00, run_after=2025-06-28 07:00:00+00:00
[2025-06-28T01:30:51.539+0000] {processor.py:208} INFO - Processing /opt/airflow/dags/driven_data_pipeline.py took 0.687 seconds
[2025-06-28T01:31:21.900+0000] {processor.py:186} INFO - Started process (PID=2533) to work on /opt/airflow/dags/driven_data_pipeline.py
[2025-06-28T01:31:21.903+0000] {processor.py:914} INFO - Processing file /opt/airflow/dags/driven_data_pipeline.py for tasks to queue
[2025-06-28T01:31:21.910+0000] {logging_mixin.py:190} INFO - [2025-06-28T01:31:21.909+0000] {dagbag.py:588} INFO - Filling up the DagBag from /opt/airflow/dags/driven_data_pipeline.py
[2025-06-28T01:31:22.357+0000] {processor.py:925} INFO - DAG(s) 'extract_raw_data_pipeline' retrieved from /opt/airflow/dags/driven_data_pipeline.py
[2025-06-28T01:31:22.437+0000] {logging_mixin.py:190} INFO - [2025-06-28T01:31:22.437+0000] {dag.py:3239} INFO - Sync 1 DAGs
[2025-06-28T01:31:22.490+0000] {logging_mixin.py:190} INFO - [2025-06-28T01:31:22.490+0000] {dag.py:4180} INFO - Setting next_dagrun for extract_raw_data_pipeline to 2025-06-27 07:59:00+00:00, run_after=2025-06-28 07:00:00+00:00
[2025-06-28T01:31:22.542+0000] {processor.py:208} INFO - Processing /opt/airflow/dags/driven_data_pipeline.py took 0.657 seconds
[2025-06-28T01:31:52.764+0000] {processor.py:186} INFO - Started process (PID=2541) to work on /opt/airflow/dags/driven_data_pipeline.py
[2025-06-28T01:31:52.767+0000] {processor.py:914} INFO - Processing file /opt/airflow/dags/driven_data_pipeline.py for tasks to queue
[2025-06-28T01:31:52.774+0000] {logging_mixin.py:190} INFO - [2025-06-28T01:31:52.773+0000] {dagbag.py:588} INFO - Filling up the DagBag from /opt/airflow/dags/driven_data_pipeline.py
[2025-06-28T01:31:53.173+0000] {processor.py:925} INFO - DAG(s) 'extract_raw_data_pipeline' retrieved from /opt/airflow/dags/driven_data_pipeline.py
[2025-06-28T01:31:53.230+0000] {logging_mixin.py:190} INFO - [2025-06-28T01:31:53.230+0000] {dag.py:3239} INFO - Sync 1 DAGs
[2025-06-28T01:31:53.284+0000] {logging_mixin.py:190} INFO - [2025-06-28T01:31:53.284+0000] {dag.py:4180} INFO - Setting next_dagrun for extract_raw_data_pipeline to 2025-06-27 07:59:00+00:00, run_after=2025-06-28 07:00:00+00:00
[2025-06-28T01:31:53.331+0000] {processor.py:208} INFO - Processing /opt/airflow/dags/driven_data_pipeline.py took 0.582 seconds
[2025-06-28T01:32:23.748+0000] {processor.py:186} INFO - Started process (PID=2548) to work on /opt/airflow/dags/driven_data_pipeline.py
[2025-06-28T01:32:23.751+0000] {processor.py:914} INFO - Processing file /opt/airflow/dags/driven_data_pipeline.py for tasks to queue
[2025-06-28T01:32:23.758+0000] {logging_mixin.py:190} INFO - [2025-06-28T01:32:23.757+0000] {dagbag.py:588} INFO - Filling up the DagBag from /opt/airflow/dags/driven_data_pipeline.py
[2025-06-28T01:32:24.156+0000] {processor.py:925} INFO - DAG(s) 'extract_raw_data_pipeline' retrieved from /opt/airflow/dags/driven_data_pipeline.py
[2025-06-28T01:32:24.227+0000] {logging_mixin.py:190} INFO - [2025-06-28T01:32:24.227+0000] {dag.py:3239} INFO - Sync 1 DAGs
[2025-06-28T01:32:24.279+0000] {logging_mixin.py:190} INFO - [2025-06-28T01:32:24.279+0000] {dag.py:4180} INFO - Setting next_dagrun for extract_raw_data_pipeline to 2025-06-27 07:59:00+00:00, run_after=2025-06-28 07:00:00+00:00
[2025-06-28T01:32:24.327+0000] {processor.py:208} INFO - Processing /opt/airflow/dags/driven_data_pipeline.py took 0.595 seconds
[2025-06-28T01:32:54.972+0000] {processor.py:186} INFO - Started process (PID=2555) to work on /opt/airflow/dags/driven_data_pipeline.py
[2025-06-28T01:32:54.976+0000] {processor.py:914} INFO - Processing file /opt/airflow/dags/driven_data_pipeline.py for tasks to queue
[2025-06-28T01:32:54.983+0000] {logging_mixin.py:190} INFO - [2025-06-28T01:32:54.982+0000] {dagbag.py:588} INFO - Filling up the DagBag from /opt/airflow/dags/driven_data_pipeline.py
[2025-06-28T01:32:55.518+0000] {processor.py:925} INFO - DAG(s) 'extract_raw_data_pipeline' retrieved from /opt/airflow/dags/driven_data_pipeline.py
[2025-06-28T01:32:55.608+0000] {logging_mixin.py:190} INFO - [2025-06-28T01:32:55.606+0000] {dag.py:3239} INFO - Sync 1 DAGs
[2025-06-28T01:32:55.717+0000] {logging_mixin.py:190} INFO - [2025-06-28T01:32:55.717+0000] {dag.py:4180} INFO - Setting next_dagrun for extract_raw_data_pipeline to 2025-06-27 07:59:00+00:00, run_after=2025-06-28 07:00:00+00:00
[2025-06-28T01:32:55.763+0000] {processor.py:208} INFO - Processing /opt/airflow/dags/driven_data_pipeline.py took 0.806 seconds
[2025-06-28T01:33:25.954+0000] {processor.py:186} INFO - Started process (PID=2563) to work on /opt/airflow/dags/driven_data_pipeline.py
[2025-06-28T01:33:25.957+0000] {processor.py:914} INFO - Processing file /opt/airflow/dags/driven_data_pipeline.py for tasks to queue
[2025-06-28T01:33:25.964+0000] {logging_mixin.py:190} INFO - [2025-06-28T01:33:25.963+0000] {dagbag.py:588} INFO - Filling up the DagBag from /opt/airflow/dags/driven_data_pipeline.py
[2025-06-28T01:33:26.374+0000] {processor.py:925} INFO - DAG(s) 'extract_raw_data_pipeline' retrieved from /opt/airflow/dags/driven_data_pipeline.py
[2025-06-28T01:33:26.433+0000] {logging_mixin.py:190} INFO - [2025-06-28T01:33:26.432+0000] {dag.py:3239} INFO - Sync 1 DAGs
[2025-06-28T01:33:26.484+0000] {logging_mixin.py:190} INFO - [2025-06-28T01:33:26.483+0000] {dag.py:4180} INFO - Setting next_dagrun for extract_raw_data_pipeline to 2025-06-27 07:59:00+00:00, run_after=2025-06-28 07:00:00+00:00
[2025-06-28T01:33:26.533+0000] {processor.py:208} INFO - Processing /opt/airflow/dags/driven_data_pipeline.py took 0.594 seconds
[2025-06-28T01:33:56.975+0000] {processor.py:186} INFO - Started process (PID=2571) to work on /opt/airflow/dags/driven_data_pipeline.py
[2025-06-28T01:33:56.978+0000] {processor.py:914} INFO - Processing file /opt/airflow/dags/driven_data_pipeline.py for tasks to queue
[2025-06-28T01:33:56.985+0000] {logging_mixin.py:190} INFO - [2025-06-28T01:33:56.984+0000] {dagbag.py:588} INFO - Filling up the DagBag from /opt/airflow/dags/driven_data_pipeline.py
[2025-06-28T01:33:57.757+0000] {processor.py:925} INFO - DAG(s) 'extract_raw_data_pipeline' retrieved from /opt/airflow/dags/driven_data_pipeline.py
[2025-06-28T01:33:57.833+0000] {logging_mixin.py:190} INFO - [2025-06-28T01:33:57.832+0000] {dag.py:3239} INFO - Sync 1 DAGs
[2025-06-28T01:33:57.937+0000] {logging_mixin.py:190} INFO - [2025-06-28T01:33:57.935+0000] {dag.py:4180} INFO - Setting next_dagrun for extract_raw_data_pipeline to 2025-06-27 07:59:00+00:00, run_after=2025-06-28 07:00:00+00:00
[2025-06-28T01:33:58.027+0000] {processor.py:208} INFO - Processing /opt/airflow/dags/driven_data_pipeline.py took 1.066 seconds
[2025-06-28T01:34:28.638+0000] {processor.py:186} INFO - Started process (PID=2578) to work on /opt/airflow/dags/driven_data_pipeline.py
[2025-06-28T01:34:28.641+0000] {processor.py:914} INFO - Processing file /opt/airflow/dags/driven_data_pipeline.py for tasks to queue
[2025-06-28T01:34:28.648+0000] {logging_mixin.py:190} INFO - [2025-06-28T01:34:28.647+0000] {dagbag.py:588} INFO - Filling up the DagBag from /opt/airflow/dags/driven_data_pipeline.py
[2025-06-28T01:34:29.124+0000] {processor.py:925} INFO - DAG(s) 'extract_raw_data_pipeline' retrieved from /opt/airflow/dags/driven_data_pipeline.py
[2025-06-28T01:34:29.190+0000] {logging_mixin.py:190} INFO - [2025-06-28T01:34:29.189+0000] {dag.py:3239} INFO - Sync 1 DAGs
[2025-06-28T01:34:29.242+0000] {logging_mixin.py:190} INFO - [2025-06-28T01:34:29.241+0000] {dag.py:4180} INFO - Setting next_dagrun for extract_raw_data_pipeline to 2025-06-27 07:59:00+00:00, run_after=2025-06-28 07:00:00+00:00
[2025-06-28T01:34:29.290+0000] {processor.py:208} INFO - Processing /opt/airflow/dags/driven_data_pipeline.py took 0.668 seconds
[2025-06-28T01:34:59.985+0000] {processor.py:186} INFO - Started process (PID=2586) to work on /opt/airflow/dags/driven_data_pipeline.py
[2025-06-28T01:34:59.988+0000] {processor.py:914} INFO - Processing file /opt/airflow/dags/driven_data_pipeline.py for tasks to queue
[2025-06-28T01:34:59.995+0000] {logging_mixin.py:190} INFO - [2025-06-28T01:34:59.994+0000] {dagbag.py:588} INFO - Filling up the DagBag from /opt/airflow/dags/driven_data_pipeline.py
[2025-06-28T01:35:00.455+0000] {processor.py:925} INFO - DAG(s) 'extract_raw_data_pipeline' retrieved from /opt/airflow/dags/driven_data_pipeline.py
[2025-06-28T01:35:00.511+0000] {logging_mixin.py:190} INFO - [2025-06-28T01:35:00.511+0000] {dag.py:3239} INFO - Sync 1 DAGs
[2025-06-28T01:35:00.564+0000] {logging_mixin.py:190} INFO - [2025-06-28T01:35:00.563+0000] {dag.py:4180} INFO - Setting next_dagrun for extract_raw_data_pipeline to 2025-06-27 07:59:00+00:00, run_after=2025-06-28 07:00:00+00:00
[2025-06-28T01:35:00.609+0000] {processor.py:208} INFO - Processing /opt/airflow/dags/driven_data_pipeline.py took 0.639 seconds
[2025-06-28T01:35:31.193+0000] {processor.py:186} INFO - Started process (PID=2594) to work on /opt/airflow/dags/driven_data_pipeline.py
[2025-06-28T01:35:31.196+0000] {processor.py:914} INFO - Processing file /opt/airflow/dags/driven_data_pipeline.py for tasks to queue
[2025-06-28T01:35:31.203+0000] {logging_mixin.py:190} INFO - [2025-06-28T01:35:31.202+0000] {dagbag.py:588} INFO - Filling up the DagBag from /opt/airflow/dags/driven_data_pipeline.py
[2025-06-28T01:35:31.596+0000] {processor.py:925} INFO - DAG(s) 'extract_raw_data_pipeline' retrieved from /opt/airflow/dags/driven_data_pipeline.py
[2025-06-28T01:35:31.658+0000] {logging_mixin.py:190} INFO - [2025-06-28T01:35:31.657+0000] {dag.py:3239} INFO - Sync 1 DAGs
[2025-06-28T01:35:31.712+0000] {logging_mixin.py:190} INFO - [2025-06-28T01:35:31.711+0000] {dag.py:4180} INFO - Setting next_dagrun for extract_raw_data_pipeline to 2025-06-27 07:59:00+00:00, run_after=2025-06-28 07:00:00+00:00
[2025-06-28T01:35:31.760+0000] {processor.py:208} INFO - Processing /opt/airflow/dags/driven_data_pipeline.py took 0.584 seconds
[2025-06-28T01:36:02.317+0000] {processor.py:186} INFO - Started process (PID=2602) to work on /opt/airflow/dags/driven_data_pipeline.py
[2025-06-28T01:36:02.320+0000] {processor.py:914} INFO - Processing file /opt/airflow/dags/driven_data_pipeline.py for tasks to queue
[2025-06-28T01:36:02.327+0000] {logging_mixin.py:190} INFO - [2025-06-28T01:36:02.326+0000] {dagbag.py:588} INFO - Filling up the DagBag from /opt/airflow/dags/driven_data_pipeline.py
[2025-06-28T01:36:02.712+0000] {processor.py:925} INFO - DAG(s) 'extract_raw_data_pipeline' retrieved from /opt/airflow/dags/driven_data_pipeline.py
[2025-06-28T01:36:02.769+0000] {logging_mixin.py:190} INFO - [2025-06-28T01:36:02.768+0000] {dag.py:3239} INFO - Sync 1 DAGs
[2025-06-28T01:36:02.822+0000] {logging_mixin.py:190} INFO - [2025-06-28T01:36:02.822+0000] {dag.py:4180} INFO - Setting next_dagrun for extract_raw_data_pipeline to 2025-06-27 07:59:00+00:00, run_after=2025-06-28 07:00:00+00:00
[2025-06-28T01:36:02.868+0000] {processor.py:208} INFO - Processing /opt/airflow/dags/driven_data_pipeline.py took 0.566 seconds
[2025-06-28T01:36:33.473+0000] {processor.py:186} INFO - Started process (PID=2611) to work on /opt/airflow/dags/driven_data_pipeline.py
[2025-06-28T01:36:33.476+0000] {processor.py:914} INFO - Processing file /opt/airflow/dags/driven_data_pipeline.py for tasks to queue
[2025-06-28T01:36:33.482+0000] {logging_mixin.py:190} INFO - [2025-06-28T01:36:33.482+0000] {dagbag.py:588} INFO - Filling up the DagBag from /opt/airflow/dags/driven_data_pipeline.py
[2025-06-28T01:36:33.875+0000] {processor.py:925} INFO - DAG(s) 'extract_raw_data_pipeline' retrieved from /opt/airflow/dags/driven_data_pipeline.py
[2025-06-28T01:36:33.937+0000] {logging_mixin.py:190} INFO - [2025-06-28T01:36:33.937+0000] {dag.py:3239} INFO - Sync 1 DAGs
[2025-06-28T01:36:33.987+0000] {logging_mixin.py:190} INFO - [2025-06-28T01:36:33.986+0000] {dag.py:4180} INFO - Setting next_dagrun for extract_raw_data_pipeline to 2025-06-27 07:59:00+00:00, run_after=2025-06-28 07:00:00+00:00
[2025-06-28T01:36:34.034+0000] {processor.py:208} INFO - Processing /opt/airflow/dags/driven_data_pipeline.py took 0.576 seconds
[2025-06-28T01:37:04.391+0000] {processor.py:186} INFO - Started process (PID=2619) to work on /opt/airflow/dags/driven_data_pipeline.py
[2025-06-28T01:37:04.399+0000] {processor.py:914} INFO - Processing file /opt/airflow/dags/driven_data_pipeline.py for tasks to queue
[2025-06-28T01:37:04.410+0000] {logging_mixin.py:190} INFO - [2025-06-28T01:37:04.409+0000] {dagbag.py:588} INFO - Filling up the DagBag from /opt/airflow/dags/driven_data_pipeline.py
[2025-06-28T01:37:04.862+0000] {processor.py:925} INFO - DAG(s) 'extract_raw_data_pipeline' retrieved from /opt/airflow/dags/driven_data_pipeline.py
[2025-06-28T01:37:04.918+0000] {logging_mixin.py:190} INFO - [2025-06-28T01:37:04.918+0000] {dag.py:3239} INFO - Sync 1 DAGs
[2025-06-28T01:37:04.971+0000] {logging_mixin.py:190} INFO - [2025-06-28T01:37:04.970+0000] {dag.py:4180} INFO - Setting next_dagrun for extract_raw_data_pipeline to 2025-06-27 07:59:00+00:00, run_after=2025-06-28 07:00:00+00:00
[2025-06-28T01:37:05.015+0000] {processor.py:208} INFO - Processing /opt/airflow/dags/driven_data_pipeline.py took 0.640 seconds
[2025-06-28T01:37:35.207+0000] {processor.py:186} INFO - Started process (PID=2627) to work on /opt/airflow/dags/driven_data_pipeline.py
[2025-06-28T01:37:35.210+0000] {processor.py:914} INFO - Processing file /opt/airflow/dags/driven_data_pipeline.py for tasks to queue
[2025-06-28T01:37:35.218+0000] {logging_mixin.py:190} INFO - [2025-06-28T01:37:35.217+0000] {dagbag.py:588} INFO - Filling up the DagBag from /opt/airflow/dags/driven_data_pipeline.py
[2025-06-28T01:37:35.903+0000] {processor.py:925} INFO - DAG(s) 'extract_raw_data_pipeline' retrieved from /opt/airflow/dags/driven_data_pipeline.py
[2025-06-28T01:37:36.002+0000] {logging_mixin.py:190} INFO - [2025-06-28T01:37:36.001+0000] {dag.py:3239} INFO - Sync 1 DAGs
[2025-06-28T01:37:36.051+0000] {logging_mixin.py:190} INFO - [2025-06-28T01:37:36.050+0000] {dag.py:4180} INFO - Setting next_dagrun for extract_raw_data_pipeline to 2025-06-27 07:59:00+00:00, run_after=2025-06-28 07:00:00+00:00
[2025-06-28T01:37:36.099+0000] {processor.py:208} INFO - Processing /opt/airflow/dags/driven_data_pipeline.py took 0.908 seconds
[2025-06-28T01:38:06.705+0000] {processor.py:186} INFO - Started process (PID=2634) to work on /opt/airflow/dags/driven_data_pipeline.py
[2025-06-28T01:38:06.708+0000] {processor.py:914} INFO - Processing file /opt/airflow/dags/driven_data_pipeline.py for tasks to queue
[2025-06-28T01:38:06.715+0000] {logging_mixin.py:190} INFO - [2025-06-28T01:38:06.714+0000] {dagbag.py:588} INFO - Filling up the DagBag from /opt/airflow/dags/driven_data_pipeline.py
[2025-06-28T01:38:07.328+0000] {processor.py:925} INFO - DAG(s) 'extract_raw_data_pipeline' retrieved from /opt/airflow/dags/driven_data_pipeline.py
[2025-06-28T01:38:07.410+0000] {logging_mixin.py:190} INFO - [2025-06-28T01:38:07.409+0000] {dag.py:3239} INFO - Sync 1 DAGs
[2025-06-28T01:38:07.555+0000] {logging_mixin.py:190} INFO - [2025-06-28T01:38:07.555+0000] {dag.py:4180} INFO - Setting next_dagrun for extract_raw_data_pipeline to 2025-06-27 07:59:00+00:00, run_after=2025-06-28 07:00:00+00:00
[2025-06-28T01:38:07.667+0000] {processor.py:208} INFO - Processing /opt/airflow/dags/driven_data_pipeline.py took 0.978 seconds
[2025-06-28T01:38:38.294+0000] {processor.py:186} INFO - Started process (PID=2642) to work on /opt/airflow/dags/driven_data_pipeline.py
[2025-06-28T01:38:38.298+0000] {processor.py:914} INFO - Processing file /opt/airflow/dags/driven_data_pipeline.py for tasks to queue
[2025-06-28T01:38:38.305+0000] {logging_mixin.py:190} INFO - [2025-06-28T01:38:38.304+0000] {dagbag.py:588} INFO - Filling up the DagBag from /opt/airflow/dags/driven_data_pipeline.py
[2025-06-28T01:38:38.880+0000] {processor.py:925} INFO - DAG(s) 'extract_raw_data_pipeline' retrieved from /opt/airflow/dags/driven_data_pipeline.py
[2025-06-28T01:38:38.965+0000] {logging_mixin.py:190} INFO - [2025-06-28T01:38:38.964+0000] {dag.py:3239} INFO - Sync 1 DAGs
[2025-06-28T01:38:39.016+0000] {logging_mixin.py:190} INFO - [2025-06-28T01:38:39.016+0000] {dag.py:4180} INFO - Setting next_dagrun for extract_raw_data_pipeline to 2025-06-27 07:59:00+00:00, run_after=2025-06-28 07:00:00+00:00
[2025-06-28T01:38:39.061+0000] {processor.py:208} INFO - Processing /opt/airflow/dags/driven_data_pipeline.py took 0.781 seconds
[2025-06-28T01:39:09.772+0000] {processor.py:186} INFO - Started process (PID=2650) to work on /opt/airflow/dags/driven_data_pipeline.py
[2025-06-28T01:39:09.776+0000] {processor.py:914} INFO - Processing file /opt/airflow/dags/driven_data_pipeline.py for tasks to queue
[2025-06-28T01:39:09.782+0000] {logging_mixin.py:190} INFO - [2025-06-28T01:39:09.781+0000] {dagbag.py:588} INFO - Filling up the DagBag from /opt/airflow/dags/driven_data_pipeline.py
[2025-06-28T01:39:10.189+0000] {processor.py:925} INFO - DAG(s) 'extract_raw_data_pipeline' retrieved from /opt/airflow/dags/driven_data_pipeline.py
[2025-06-28T01:39:10.248+0000] {logging_mixin.py:190} INFO - [2025-06-28T01:39:10.247+0000] {dag.py:3239} INFO - Sync 1 DAGs
[2025-06-28T01:39:10.306+0000] {logging_mixin.py:190} INFO - [2025-06-28T01:39:10.305+0000] {dag.py:4180} INFO - Setting next_dagrun for extract_raw_data_pipeline to 2025-06-27 07:59:00+00:00, run_after=2025-06-28 07:00:00+00:00
[2025-06-28T01:39:10.354+0000] {processor.py:208} INFO - Processing /opt/airflow/dags/driven_data_pipeline.py took 0.597 seconds
[2025-06-28T01:39:41.095+0000] {processor.py:186} INFO - Started process (PID=2658) to work on /opt/airflow/dags/driven_data_pipeline.py
[2025-06-28T01:39:41.099+0000] {processor.py:914} INFO - Processing file /opt/airflow/dags/driven_data_pipeline.py for tasks to queue
[2025-06-28T01:39:41.106+0000] {logging_mixin.py:190} INFO - [2025-06-28T01:39:41.105+0000] {dagbag.py:588} INFO - Filling up the DagBag from /opt/airflow/dags/driven_data_pipeline.py
[2025-06-28T01:39:41.514+0000] {processor.py:925} INFO - DAG(s) 'extract_raw_data_pipeline' retrieved from /opt/airflow/dags/driven_data_pipeline.py
[2025-06-28T01:39:41.577+0000] {logging_mixin.py:190} INFO - [2025-06-28T01:39:41.576+0000] {dag.py:3239} INFO - Sync 1 DAGs
[2025-06-28T01:39:41.631+0000] {logging_mixin.py:190} INFO - [2025-06-28T01:39:41.630+0000] {dag.py:4180} INFO - Setting next_dagrun for extract_raw_data_pipeline to 2025-06-27 07:59:00+00:00, run_after=2025-06-28 07:00:00+00:00
[2025-06-28T01:39:41.682+0000] {processor.py:208} INFO - Processing /opt/airflow/dags/driven_data_pipeline.py took 0.602 seconds
[2025-06-28T01:40:12.114+0000] {processor.py:186} INFO - Started process (PID=2667) to work on /opt/airflow/dags/driven_data_pipeline.py
[2025-06-28T01:40:12.118+0000] {processor.py:914} INFO - Processing file /opt/airflow/dags/driven_data_pipeline.py for tasks to queue
[2025-06-28T01:40:12.125+0000] {logging_mixin.py:190} INFO - [2025-06-28T01:40:12.124+0000] {dagbag.py:588} INFO - Filling up the DagBag from /opt/airflow/dags/driven_data_pipeline.py
[2025-06-28T01:40:13.029+0000] {processor.py:925} INFO - DAG(s) 'extract_raw_data_pipeline' retrieved from /opt/airflow/dags/driven_data_pipeline.py
[2025-06-28T01:40:13.086+0000] {logging_mixin.py:190} INFO - [2025-06-28T01:40:13.086+0000] {dag.py:3239} INFO - Sync 1 DAGs
[2025-06-28T01:40:13.143+0000] {logging_mixin.py:190} INFO - [2025-06-28T01:40:13.143+0000] {dag.py:4180} INFO - Setting next_dagrun for extract_raw_data_pipeline to 2025-06-27 07:59:00+00:00, run_after=2025-06-28 07:00:00+00:00
[2025-06-28T01:40:13.191+0000] {processor.py:208} INFO - Processing /opt/airflow/dags/driven_data_pipeline.py took 1.092 seconds
[2025-06-28T01:40:43.605+0000] {processor.py:186} INFO - Started process (PID=2674) to work on /opt/airflow/dags/driven_data_pipeline.py
[2025-06-28T01:40:43.609+0000] {processor.py:914} INFO - Processing file /opt/airflow/dags/driven_data_pipeline.py for tasks to queue
[2025-06-28T01:40:43.616+0000] {logging_mixin.py:190} INFO - [2025-06-28T01:40:43.615+0000] {dagbag.py:588} INFO - Filling up the DagBag from /opt/airflow/dags/driven_data_pipeline.py
[2025-06-28T01:40:44.031+0000] {processor.py:925} INFO - DAG(s) 'extract_raw_data_pipeline' retrieved from /opt/airflow/dags/driven_data_pipeline.py
[2025-06-28T01:40:44.092+0000] {logging_mixin.py:190} INFO - [2025-06-28T01:40:44.091+0000] {dag.py:3239} INFO - Sync 1 DAGs
[2025-06-28T01:40:44.144+0000] {logging_mixin.py:190} INFO - [2025-06-28T01:40:44.143+0000] {dag.py:4180} INFO - Setting next_dagrun for extract_raw_data_pipeline to 2025-06-27 07:59:00+00:00, run_after=2025-06-28 07:00:00+00:00
[2025-06-28T01:40:44.188+0000] {processor.py:208} INFO - Processing /opt/airflow/dags/driven_data_pipeline.py took 0.598 seconds
[2025-06-28T01:41:14.347+0000] {processor.py:186} INFO - Started process (PID=2682) to work on /opt/airflow/dags/driven_data_pipeline.py
[2025-06-28T01:41:14.350+0000] {processor.py:914} INFO - Processing file /opt/airflow/dags/driven_data_pipeline.py for tasks to queue
[2025-06-28T01:41:14.357+0000] {logging_mixin.py:190} INFO - [2025-06-28T01:41:14.356+0000] {dagbag.py:588} INFO - Filling up the DagBag from /opt/airflow/dags/driven_data_pipeline.py
[2025-06-28T01:41:14.750+0000] {processor.py:925} INFO - DAG(s) 'extract_raw_data_pipeline' retrieved from /opt/airflow/dags/driven_data_pipeline.py
[2025-06-28T01:41:14.807+0000] {logging_mixin.py:190} INFO - [2025-06-28T01:41:14.806+0000] {dag.py:3239} INFO - Sync 1 DAGs
[2025-06-28T01:41:14.857+0000] {logging_mixin.py:190} INFO - [2025-06-28T01:41:14.857+0000] {dag.py:4180} INFO - Setting next_dagrun for extract_raw_data_pipeline to 2025-06-27 07:59:00+00:00, run_after=2025-06-28 07:00:00+00:00
[2025-06-28T01:41:14.903+0000] {processor.py:208} INFO - Processing /opt/airflow/dags/driven_data_pipeline.py took 0.572 seconds
[2025-06-28T01:41:45.265+0000] {processor.py:186} INFO - Started process (PID=2690) to work on /opt/airflow/dags/driven_data_pipeline.py
[2025-06-28T01:41:45.268+0000] {processor.py:914} INFO - Processing file /opt/airflow/dags/driven_data_pipeline.py for tasks to queue
[2025-06-28T01:41:45.275+0000] {logging_mixin.py:190} INFO - [2025-06-28T01:41:45.274+0000] {dagbag.py:588} INFO - Filling up the DagBag from /opt/airflow/dags/driven_data_pipeline.py
[2025-06-28T01:41:45.826+0000] {processor.py:925} INFO - DAG(s) 'extract_raw_data_pipeline' retrieved from /opt/airflow/dags/driven_data_pipeline.py
[2025-06-28T01:41:45.963+0000] {logging_mixin.py:190} INFO - [2025-06-28T01:41:45.963+0000] {dag.py:3239} INFO - Sync 1 DAGs
[2025-06-28T01:41:46.174+0000] {logging_mixin.py:190} INFO - [2025-06-28T01:41:46.169+0000] {dag.py:4180} INFO - Setting next_dagrun for extract_raw_data_pipeline to 2025-06-27 07:59:00+00:00, run_after=2025-06-28 07:00:00+00:00
[2025-06-28T01:41:46.252+0000] {processor.py:208} INFO - Processing /opt/airflow/dags/driven_data_pipeline.py took 1.003 seconds
[2025-06-28T01:42:16.785+0000] {processor.py:186} INFO - Started process (PID=2697) to work on /opt/airflow/dags/driven_data_pipeline.py
[2025-06-28T01:42:16.788+0000] {processor.py:914} INFO - Processing file /opt/airflow/dags/driven_data_pipeline.py for tasks to queue
[2025-06-28T01:42:16.795+0000] {logging_mixin.py:190} INFO - [2025-06-28T01:42:16.794+0000] {dagbag.py:588} INFO - Filling up the DagBag from /opt/airflow/dags/driven_data_pipeline.py
[2025-06-28T01:42:17.204+0000] {processor.py:925} INFO - DAG(s) 'extract_raw_data_pipeline' retrieved from /opt/airflow/dags/driven_data_pipeline.py
[2025-06-28T01:42:17.273+0000] {logging_mixin.py:190} INFO - [2025-06-28T01:42:17.272+0000] {dag.py:3239} INFO - Sync 1 DAGs
[2025-06-28T01:42:17.327+0000] {logging_mixin.py:190} INFO - [2025-06-28T01:42:17.327+0000] {dag.py:4180} INFO - Setting next_dagrun for extract_raw_data_pipeline to 2025-06-27 07:59:00+00:00, run_after=2025-06-28 07:00:00+00:00
[2025-06-28T01:42:17.373+0000] {processor.py:208} INFO - Processing /opt/airflow/dags/driven_data_pipeline.py took 0.604 seconds
[2025-06-28T01:42:47.509+0000] {processor.py:186} INFO - Started process (PID=2705) to work on /opt/airflow/dags/driven_data_pipeline.py
[2025-06-28T01:42:47.512+0000] {processor.py:914} INFO - Processing file /opt/airflow/dags/driven_data_pipeline.py for tasks to queue
[2025-06-28T01:42:47.519+0000] {logging_mixin.py:190} INFO - [2025-06-28T01:42:47.518+0000] {dagbag.py:588} INFO - Filling up the DagBag from /opt/airflow/dags/driven_data_pipeline.py
[2025-06-28T01:42:48.083+0000] {processor.py:925} INFO - DAG(s) 'extract_raw_data_pipeline' retrieved from /opt/airflow/dags/driven_data_pipeline.py
[2025-06-28T01:42:48.204+0000] {logging_mixin.py:190} INFO - [2025-06-28T01:42:48.203+0000] {dag.py:3239} INFO - Sync 1 DAGs
[2025-06-28T01:42:48.264+0000] {logging_mixin.py:190} INFO - [2025-06-28T01:42:48.263+0000] {dag.py:4180} INFO - Setting next_dagrun for extract_raw_data_pipeline to 2025-06-27 07:59:00+00:00, run_after=2025-06-28 07:00:00+00:00
[2025-06-28T01:42:48.320+0000] {processor.py:208} INFO - Processing /opt/airflow/dags/driven_data_pipeline.py took 0.826 seconds
[2025-06-28T01:43:18.554+0000] {processor.py:186} INFO - Started process (PID=2717) to work on /opt/airflow/dags/driven_data_pipeline.py
[2025-06-28T01:43:18.557+0000] {processor.py:914} INFO - Processing file /opt/airflow/dags/driven_data_pipeline.py for tasks to queue
[2025-06-28T01:43:18.564+0000] {logging_mixin.py:190} INFO - [2025-06-28T01:43:18.563+0000] {dagbag.py:588} INFO - Filling up the DagBag from /opt/airflow/dags/driven_data_pipeline.py
[2025-06-28T01:43:19.371+0000] {processor.py:925} INFO - DAG(s) 'extract_raw_data_pipeline' retrieved from /opt/airflow/dags/driven_data_pipeline.py
[2025-06-28T01:43:19.452+0000] {logging_mixin.py:190} INFO - [2025-06-28T01:43:19.451+0000] {dag.py:3239} INFO - Sync 1 DAGs
[2025-06-28T01:43:19.504+0000] {logging_mixin.py:190} INFO - [2025-06-28T01:43:19.503+0000] {dag.py:4180} INFO - Setting next_dagrun for extract_raw_data_pipeline to 2025-06-27 07:59:00+00:00, run_after=2025-06-28 07:00:00+00:00
[2025-06-28T01:43:19.570+0000] {processor.py:208} INFO - Processing /opt/airflow/dags/driven_data_pipeline.py took 1.035 seconds
[2025-06-28T01:43:50.121+0000] {processor.py:186} INFO - Started process (PID=2725) to work on /opt/airflow/dags/driven_data_pipeline.py
[2025-06-28T01:43:50.124+0000] {processor.py:914} INFO - Processing file /opt/airflow/dags/driven_data_pipeline.py for tasks to queue
[2025-06-28T01:43:50.130+0000] {logging_mixin.py:190} INFO - [2025-06-28T01:43:50.129+0000] {dagbag.py:588} INFO - Filling up the DagBag from /opt/airflow/dags/driven_data_pipeline.py
[2025-06-28T01:43:50.584+0000] {processor.py:925} INFO - DAG(s) 'extract_raw_data_pipeline' retrieved from /opt/airflow/dags/driven_data_pipeline.py
[2025-06-28T01:43:50.643+0000] {logging_mixin.py:190} INFO - [2025-06-28T01:43:50.643+0000] {dag.py:3239} INFO - Sync 1 DAGs
[2025-06-28T01:43:50.699+0000] {logging_mixin.py:190} INFO - [2025-06-28T01:43:50.698+0000] {dag.py:4180} INFO - Setting next_dagrun for extract_raw_data_pipeline to 2025-06-27 07:59:00+00:00, run_after=2025-06-28 07:00:00+00:00
[2025-06-28T01:43:50.746+0000] {processor.py:208} INFO - Processing /opt/airflow/dags/driven_data_pipeline.py took 0.640 seconds
[2025-06-28T01:44:21.515+0000] {processor.py:186} INFO - Started process (PID=2734) to work on /opt/airflow/dags/driven_data_pipeline.py
[2025-06-28T01:44:21.517+0000] {processor.py:914} INFO - Processing file /opt/airflow/dags/driven_data_pipeline.py for tasks to queue
[2025-06-28T01:44:21.525+0000] {logging_mixin.py:190} INFO - [2025-06-28T01:44:21.523+0000] {dagbag.py:588} INFO - Filling up the DagBag from /opt/airflow/dags/driven_data_pipeline.py
[2025-06-28T01:44:21.948+0000] {processor.py:925} INFO - DAG(s) 'extract_raw_data_pipeline' retrieved from /opt/airflow/dags/driven_data_pipeline.py
[2025-06-28T01:44:22.006+0000] {logging_mixin.py:190} INFO - [2025-06-28T01:44:22.005+0000] {dag.py:3239} INFO - Sync 1 DAGs
[2025-06-28T01:44:22.060+0000] {logging_mixin.py:190} INFO - [2025-06-28T01:44:22.059+0000] {dag.py:4180} INFO - Setting next_dagrun for extract_raw_data_pipeline to 2025-06-27 07:59:00+00:00, run_after=2025-06-28 07:00:00+00:00
[2025-06-28T01:44:22.107+0000] {processor.py:208} INFO - Processing /opt/airflow/dags/driven_data_pipeline.py took 0.608 seconds
[2025-06-28T01:44:52.274+0000] {processor.py:186} INFO - Started process (PID=2742) to work on /opt/airflow/dags/driven_data_pipeline.py
[2025-06-28T01:44:52.278+0000] {processor.py:914} INFO - Processing file /opt/airflow/dags/driven_data_pipeline.py for tasks to queue
[2025-06-28T01:44:52.285+0000] {logging_mixin.py:190} INFO - [2025-06-28T01:44:52.284+0000] {dagbag.py:588} INFO - Filling up the DagBag from /opt/airflow/dags/driven_data_pipeline.py
[2025-06-28T01:44:52.959+0000] {processor.py:925} INFO - DAG(s) 'extract_raw_data_pipeline' retrieved from /opt/airflow/dags/driven_data_pipeline.py
[2025-06-28T01:44:53.035+0000] {logging_mixin.py:190} INFO - [2025-06-28T01:44:53.035+0000] {dag.py:3239} INFO - Sync 1 DAGs
[2025-06-28T01:44:53.098+0000] {logging_mixin.py:190} INFO - [2025-06-28T01:44:53.097+0000] {dag.py:4180} INFO - Setting next_dagrun for extract_raw_data_pipeline to 2025-06-27 07:59:00+00:00, run_after=2025-06-28 07:00:00+00:00
[2025-06-28T01:44:53.152+0000] {processor.py:208} INFO - Processing /opt/airflow/dags/driven_data_pipeline.py took 0.896 seconds
[2025-06-28T01:45:23.353+0000] {processor.py:186} INFO - Started process (PID=2750) to work on /opt/airflow/dags/driven_data_pipeline.py
[2025-06-28T01:45:23.356+0000] {processor.py:914} INFO - Processing file /opt/airflow/dags/driven_data_pipeline.py for tasks to queue
[2025-06-28T01:45:23.363+0000] {logging_mixin.py:190} INFO - [2025-06-28T01:45:23.362+0000] {dagbag.py:588} INFO - Filling up the DagBag from /opt/airflow/dags/driven_data_pipeline.py
[2025-06-28T01:45:23.858+0000] {processor.py:925} INFO - DAG(s) 'extract_raw_data_pipeline' retrieved from /opt/airflow/dags/driven_data_pipeline.py
[2025-06-28T01:45:23.915+0000] {logging_mixin.py:190} INFO - [2025-06-28T01:45:23.914+0000] {dag.py:3239} INFO - Sync 1 DAGs
[2025-06-28T01:45:23.967+0000] {logging_mixin.py:190} INFO - [2025-06-28T01:45:23.966+0000] {dag.py:4180} INFO - Setting next_dagrun for extract_raw_data_pipeline to 2025-06-27 07:59:00+00:00, run_after=2025-06-28 07:00:00+00:00
[2025-06-28T01:45:24.012+0000] {processor.py:208} INFO - Processing /opt/airflow/dags/driven_data_pipeline.py took 0.675 seconds
[2025-06-28T01:45:54.545+0000] {processor.py:186} INFO - Started process (PID=2758) to work on /opt/airflow/dags/driven_data_pipeline.py
[2025-06-28T01:45:54.556+0000] {processor.py:914} INFO - Processing file /opt/airflow/dags/driven_data_pipeline.py for tasks to queue
[2025-06-28T01:45:54.570+0000] {logging_mixin.py:190} INFO - [2025-06-28T01:45:54.569+0000] {dagbag.py:588} INFO - Filling up the DagBag from /opt/airflow/dags/driven_data_pipeline.py
[2025-06-28T01:45:55.680+0000] {processor.py:925} INFO - DAG(s) 'extract_raw_data_pipeline' retrieved from /opt/airflow/dags/driven_data_pipeline.py
[2025-06-28T01:45:55.744+0000] {logging_mixin.py:190} INFO - [2025-06-28T01:45:55.744+0000] {dag.py:3239} INFO - Sync 1 DAGs
[2025-06-28T01:45:55.828+0000] {logging_mixin.py:190} INFO - [2025-06-28T01:45:55.827+0000] {dag.py:4180} INFO - Setting next_dagrun for extract_raw_data_pipeline to 2025-06-27 07:59:00+00:00, run_after=2025-06-28 07:00:00+00:00
[2025-06-28T01:45:55.904+0000] {processor.py:208} INFO - Processing /opt/airflow/dags/driven_data_pipeline.py took 1.392 seconds
[2025-06-28T01:46:26.189+0000] {processor.py:186} INFO - Started process (PID=2766) to work on /opt/airflow/dags/driven_data_pipeline.py
[2025-06-28T01:46:26.192+0000] {processor.py:914} INFO - Processing file /opt/airflow/dags/driven_data_pipeline.py for tasks to queue
[2025-06-28T01:46:26.202+0000] {logging_mixin.py:190} INFO - [2025-06-28T01:46:26.201+0000] {dagbag.py:588} INFO - Filling up the DagBag from /opt/airflow/dags/driven_data_pipeline.py
[2025-06-28T01:46:26.680+0000] {processor.py:925} INFO - DAG(s) 'extract_raw_data_pipeline' retrieved from /opt/airflow/dags/driven_data_pipeline.py
[2025-06-28T01:46:26.738+0000] {logging_mixin.py:190} INFO - [2025-06-28T01:46:26.737+0000] {dag.py:3239} INFO - Sync 1 DAGs
[2025-06-28T01:46:26.792+0000] {logging_mixin.py:190} INFO - [2025-06-28T01:46:26.792+0000] {dag.py:4180} INFO - Setting next_dagrun for extract_raw_data_pipeline to 2025-06-27 07:59:00+00:00, run_after=2025-06-28 07:00:00+00:00
[2025-06-28T01:46:26.839+0000] {processor.py:208} INFO - Processing /opt/airflow/dags/driven_data_pipeline.py took 0.670 seconds
[2025-06-28T01:46:57.037+0000] {processor.py:186} INFO - Started process (PID=2774) to work on /opt/airflow/dags/driven_data_pipeline.py
[2025-06-28T01:46:57.040+0000] {processor.py:914} INFO - Processing file /opt/airflow/dags/driven_data_pipeline.py for tasks to queue
[2025-06-28T01:46:57.048+0000] {logging_mixin.py:190} INFO - [2025-06-28T01:46:57.047+0000] {dagbag.py:588} INFO - Filling up the DagBag from /opt/airflow/dags/driven_data_pipeline.py
[2025-06-28T01:46:57.646+0000] {processor.py:925} INFO - DAG(s) 'extract_raw_data_pipeline' retrieved from /opt/airflow/dags/driven_data_pipeline.py
[2025-06-28T01:46:57.765+0000] {logging_mixin.py:190} INFO - [2025-06-28T01:46:57.764+0000] {dag.py:3239} INFO - Sync 1 DAGs
[2025-06-28T01:46:57.867+0000] {logging_mixin.py:190} INFO - [2025-06-28T01:46:57.866+0000] {dag.py:4180} INFO - Setting next_dagrun for extract_raw_data_pipeline to 2025-06-27 07:59:00+00:00, run_after=2025-06-28 07:00:00+00:00
[2025-06-28T01:46:57.970+0000] {processor.py:208} INFO - Processing /opt/airflow/dags/driven_data_pipeline.py took 0.951 seconds
[2025-06-28T01:47:28.617+0000] {processor.py:186} INFO - Started process (PID=2781) to work on /opt/airflow/dags/driven_data_pipeline.py
[2025-06-28T01:47:28.620+0000] {processor.py:914} INFO - Processing file /opt/airflow/dags/driven_data_pipeline.py for tasks to queue
[2025-06-28T01:47:28.627+0000] {logging_mixin.py:190} INFO - [2025-06-28T01:47:28.626+0000] {dagbag.py:588} INFO - Filling up the DagBag from /opt/airflow/dags/driven_data_pipeline.py
[2025-06-28T01:47:29.142+0000] {processor.py:925} INFO - DAG(s) 'extract_raw_data_pipeline' retrieved from /opt/airflow/dags/driven_data_pipeline.py
[2025-06-28T01:47:29.243+0000] {logging_mixin.py:190} INFO - [2025-06-28T01:47:29.243+0000] {dag.py:3239} INFO - Sync 1 DAGs
[2025-06-28T01:47:29.296+0000] {logging_mixin.py:190} INFO - [2025-06-28T01:47:29.295+0000] {dag.py:4180} INFO - Setting next_dagrun for extract_raw_data_pipeline to 2025-06-27 07:59:00+00:00, run_after=2025-06-28 07:00:00+00:00
[2025-06-28T01:47:29.371+0000] {processor.py:208} INFO - Processing /opt/airflow/dags/driven_data_pipeline.py took 0.768 seconds
[2025-06-28T01:48:00.129+0000] {processor.py:186} INFO - Started process (PID=2789) to work on /opt/airflow/dags/driven_data_pipeline.py
[2025-06-28T01:48:00.132+0000] {processor.py:914} INFO - Processing file /opt/airflow/dags/driven_data_pipeline.py for tasks to queue
[2025-06-28T01:48:00.139+0000] {logging_mixin.py:190} INFO - [2025-06-28T01:48:00.138+0000] {dagbag.py:588} INFO - Filling up the DagBag from /opt/airflow/dags/driven_data_pipeline.py
[2025-06-28T01:48:00.643+0000] {processor.py:925} INFO - DAG(s) 'extract_raw_data_pipeline' retrieved from /opt/airflow/dags/driven_data_pipeline.py
[2025-06-28T01:48:00.747+0000] {logging_mixin.py:190} INFO - [2025-06-28T01:48:00.746+0000] {dag.py:3239} INFO - Sync 1 DAGs
[2025-06-28T01:48:00.845+0000] {logging_mixin.py:190} INFO - [2025-06-28T01:48:00.844+0000] {dag.py:4180} INFO - Setting next_dagrun for extract_raw_data_pipeline to 2025-06-27 07:59:00+00:00, run_after=2025-06-28 07:00:00+00:00
[2025-06-28T01:48:00.922+0000] {processor.py:208} INFO - Processing /opt/airflow/dags/driven_data_pipeline.py took 0.811 seconds
[2025-06-28T01:48:31.573+0000] {processor.py:186} INFO - Started process (PID=2797) to work on /opt/airflow/dags/driven_data_pipeline.py
[2025-06-28T01:48:31.578+0000] {processor.py:914} INFO - Processing file /opt/airflow/dags/driven_data_pipeline.py for tasks to queue
[2025-06-28T01:48:31.585+0000] {logging_mixin.py:190} INFO - [2025-06-28T01:48:31.584+0000] {dagbag.py:588} INFO - Filling up the DagBag from /opt/airflow/dags/driven_data_pipeline.py
[2025-06-28T01:48:32.252+0000] {processor.py:925} INFO - DAG(s) 'extract_raw_data_pipeline' retrieved from /opt/airflow/dags/driven_data_pipeline.py
[2025-06-28T01:48:32.311+0000] {logging_mixin.py:190} INFO - [2025-06-28T01:48:32.310+0000] {dag.py:3239} INFO - Sync 1 DAGs
[2025-06-28T01:48:32.369+0000] {logging_mixin.py:190} INFO - [2025-06-28T01:48:32.369+0000] {dag.py:4180} INFO - Setting next_dagrun for extract_raw_data_pipeline to 2025-06-27 07:59:00+00:00, run_after=2025-06-28 07:00:00+00:00
[2025-06-28T01:48:32.417+0000] {processor.py:208} INFO - Processing /opt/airflow/dags/driven_data_pipeline.py took 0.859 seconds
[2025-06-28T01:49:03.058+0000] {processor.py:186} INFO - Started process (PID=2805) to work on /opt/airflow/dags/driven_data_pipeline.py
[2025-06-28T01:49:03.062+0000] {processor.py:914} INFO - Processing file /opt/airflow/dags/driven_data_pipeline.py for tasks to queue
[2025-06-28T01:49:03.069+0000] {logging_mixin.py:190} INFO - [2025-06-28T01:49:03.068+0000] {dagbag.py:588} INFO - Filling up the DagBag from /opt/airflow/dags/driven_data_pipeline.py
[2025-06-28T01:49:03.477+0000] {processor.py:925} INFO - DAG(s) 'extract_raw_data_pipeline' retrieved from /opt/airflow/dags/driven_data_pipeline.py
[2025-06-28T01:49:03.541+0000] {logging_mixin.py:190} INFO - [2025-06-28T01:49:03.540+0000] {dag.py:3239} INFO - Sync 1 DAGs
[2025-06-28T01:49:03.595+0000] {logging_mixin.py:190} INFO - [2025-06-28T01:49:03.594+0000] {dag.py:4180} INFO - Setting next_dagrun for extract_raw_data_pipeline to 2025-06-27 07:59:00+00:00, run_after=2025-06-28 07:00:00+00:00
[2025-06-28T01:49:03.641+0000] {processor.py:208} INFO - Processing /opt/airflow/dags/driven_data_pipeline.py took 0.597 seconds
[2025-06-28T01:49:34.412+0000] {processor.py:186} INFO - Started process (PID=2813) to work on /opt/airflow/dags/driven_data_pipeline.py
[2025-06-28T01:49:34.415+0000] {processor.py:914} INFO - Processing file /opt/airflow/dags/driven_data_pipeline.py for tasks to queue
[2025-06-28T01:49:34.422+0000] {logging_mixin.py:190} INFO - [2025-06-28T01:49:34.421+0000] {dagbag.py:588} INFO - Filling up the DagBag from /opt/airflow/dags/driven_data_pipeline.py
[2025-06-28T01:49:34.821+0000] {processor.py:925} INFO - DAG(s) 'extract_raw_data_pipeline' retrieved from /opt/airflow/dags/driven_data_pipeline.py
[2025-06-28T01:49:34.878+0000] {logging_mixin.py:190} INFO - [2025-06-28T01:49:34.877+0000] {dag.py:3239} INFO - Sync 1 DAGs
[2025-06-28T01:49:34.927+0000] {logging_mixin.py:190} INFO - [2025-06-28T01:49:34.927+0000] {dag.py:4180} INFO - Setting next_dagrun for extract_raw_data_pipeline to 2025-06-27 07:59:00+00:00, run_after=2025-06-28 07:00:00+00:00
[2025-06-28T01:49:34.973+0000] {processor.py:208} INFO - Processing /opt/airflow/dags/driven_data_pipeline.py took 0.577 seconds
[2025-06-28T01:50:05.215+0000] {processor.py:186} INFO - Started process (PID=2822) to work on /opt/airflow/dags/driven_data_pipeline.py
[2025-06-28T01:50:05.218+0000] {processor.py:914} INFO - Processing file /opt/airflow/dags/driven_data_pipeline.py for tasks to queue
[2025-06-28T01:50:05.225+0000] {logging_mixin.py:190} INFO - [2025-06-28T01:50:05.224+0000] {dagbag.py:588} INFO - Filling up the DagBag from /opt/airflow/dags/driven_data_pipeline.py
[2025-06-28T01:50:05.655+0000] {processor.py:925} INFO - DAG(s) 'extract_raw_data_pipeline' retrieved from /opt/airflow/dags/driven_data_pipeline.py
[2025-06-28T01:50:05.716+0000] {logging_mixin.py:190} INFO - [2025-06-28T01:50:05.716+0000] {dag.py:3239} INFO - Sync 1 DAGs
[2025-06-28T01:50:05.770+0000] {logging_mixin.py:190} INFO - [2025-06-28T01:50:05.769+0000] {dag.py:4180} INFO - Setting next_dagrun for extract_raw_data_pipeline to 2025-06-27 07:59:00+00:00, run_after=2025-06-28 07:00:00+00:00
[2025-06-28T01:50:05.823+0000] {processor.py:208} INFO - Processing /opt/airflow/dags/driven_data_pipeline.py took 0.623 seconds
[2025-06-28T01:50:36.078+0000] {processor.py:186} INFO - Started process (PID=2830) to work on /opt/airflow/dags/driven_data_pipeline.py
[2025-06-28T01:50:36.082+0000] {processor.py:914} INFO - Processing file /opt/airflow/dags/driven_data_pipeline.py for tasks to queue
[2025-06-28T01:50:36.090+0000] {logging_mixin.py:190} INFO - [2025-06-28T01:50:36.088+0000] {dagbag.py:588} INFO - Filling up the DagBag from /opt/airflow/dags/driven_data_pipeline.py
[2025-06-28T01:50:36.718+0000] {processor.py:925} INFO - DAG(s) 'extract_raw_data_pipeline' retrieved from /opt/airflow/dags/driven_data_pipeline.py
[2025-06-28T01:50:36.780+0000] {logging_mixin.py:190} INFO - [2025-06-28T01:50:36.779+0000] {dag.py:3239} INFO - Sync 1 DAGs
[2025-06-28T01:50:36.856+0000] {logging_mixin.py:190} INFO - [2025-06-28T01:50:36.855+0000] {dag.py:4180} INFO - Setting next_dagrun for extract_raw_data_pipeline to 2025-06-27 07:59:00+00:00, run_after=2025-06-28 07:00:00+00:00
[2025-06-28T01:50:36.907+0000] {processor.py:208} INFO - Processing /opt/airflow/dags/driven_data_pipeline.py took 0.850 seconds
[2025-06-28T01:51:07.120+0000] {processor.py:186} INFO - Started process (PID=2838) to work on /opt/airflow/dags/driven_data_pipeline.py
[2025-06-28T01:51:07.123+0000] {processor.py:914} INFO - Processing file /opt/airflow/dags/driven_data_pipeline.py for tasks to queue
[2025-06-28T01:51:07.130+0000] {logging_mixin.py:190} INFO - [2025-06-28T01:51:07.129+0000] {dagbag.py:588} INFO - Filling up the DagBag from /opt/airflow/dags/driven_data_pipeline.py
[2025-06-28T01:51:07.559+0000] {processor.py:925} INFO - DAG(s) 'extract_raw_data_pipeline' retrieved from /opt/airflow/dags/driven_data_pipeline.py
[2025-06-28T01:51:07.621+0000] {logging_mixin.py:190} INFO - [2025-06-28T01:51:07.620+0000] {dag.py:3239} INFO - Sync 1 DAGs
[2025-06-28T01:51:07.672+0000] {logging_mixin.py:190} INFO - [2025-06-28T01:51:07.671+0000] {dag.py:4180} INFO - Setting next_dagrun for extract_raw_data_pipeline to 2025-06-27 07:59:00+00:00, run_after=2025-06-28 07:00:00+00:00
[2025-06-28T01:51:07.718+0000] {processor.py:208} INFO - Processing /opt/airflow/dags/driven_data_pipeline.py took 0.620 seconds
[2025-06-28T01:51:38.175+0000] {processor.py:186} INFO - Started process (PID=2845) to work on /opt/airflow/dags/driven_data_pipeline.py
[2025-06-28T01:51:38.180+0000] {processor.py:914} INFO - Processing file /opt/airflow/dags/driven_data_pipeline.py for tasks to queue
[2025-06-28T01:51:38.202+0000] {logging_mixin.py:190} INFO - [2025-06-28T01:51:38.196+0000] {dagbag.py:588} INFO - Filling up the DagBag from /opt/airflow/dags/driven_data_pipeline.py
[2025-06-28T01:51:38.792+0000] {processor.py:925} INFO - DAG(s) 'extract_raw_data_pipeline' retrieved from /opt/airflow/dags/driven_data_pipeline.py
[2025-06-28T01:51:38.882+0000] {logging_mixin.py:190} INFO - [2025-06-28T01:51:38.881+0000] {dag.py:3239} INFO - Sync 1 DAGs
[2025-06-28T01:51:38.962+0000] {logging_mixin.py:190} INFO - [2025-06-28T01:51:38.961+0000] {dag.py:4180} INFO - Setting next_dagrun for extract_raw_data_pipeline to 2025-06-27 07:59:00+00:00, run_after=2025-06-28 07:00:00+00:00
[2025-06-28T01:51:39.007+0000] {processor.py:208} INFO - Processing /opt/airflow/dags/driven_data_pipeline.py took 0.876 seconds
[2025-06-28T01:52:09.643+0000] {processor.py:186} INFO - Started process (PID=2852) to work on /opt/airflow/dags/driven_data_pipeline.py
[2025-06-28T01:52:09.646+0000] {processor.py:914} INFO - Processing file /opt/airflow/dags/driven_data_pipeline.py for tasks to queue
[2025-06-28T01:52:09.653+0000] {logging_mixin.py:190} INFO - [2025-06-28T01:52:09.652+0000] {dagbag.py:588} INFO - Filling up the DagBag from /opt/airflow/dags/driven_data_pipeline.py
[2025-06-28T01:52:10.038+0000] {processor.py:925} INFO - DAG(s) 'extract_raw_data_pipeline' retrieved from /opt/airflow/dags/driven_data_pipeline.py
[2025-06-28T01:52:10.109+0000] {logging_mixin.py:190} INFO - [2025-06-28T01:52:10.108+0000] {dag.py:3239} INFO - Sync 1 DAGs
[2025-06-28T01:52:10.161+0000] {logging_mixin.py:190} INFO - [2025-06-28T01:52:10.160+0000] {dag.py:4180} INFO - Setting next_dagrun for extract_raw_data_pipeline to 2025-06-27 07:59:00+00:00, run_after=2025-06-28 07:00:00+00:00
[2025-06-28T01:52:10.212+0000] {processor.py:208} INFO - Processing /opt/airflow/dags/driven_data_pipeline.py took 0.584 seconds
[2025-06-28T01:52:40.519+0000] {processor.py:186} INFO - Started process (PID=2861) to work on /opt/airflow/dags/driven_data_pipeline.py
[2025-06-28T01:52:40.523+0000] {processor.py:914} INFO - Processing file /opt/airflow/dags/driven_data_pipeline.py for tasks to queue
[2025-06-28T01:52:40.531+0000] {logging_mixin.py:190} INFO - [2025-06-28T01:52:40.530+0000] {dagbag.py:588} INFO - Filling up the DagBag from /opt/airflow/dags/driven_data_pipeline.py
[2025-06-28T01:52:40.935+0000] {processor.py:925} INFO - DAG(s) 'extract_raw_data_pipeline' retrieved from /opt/airflow/dags/driven_data_pipeline.py
[2025-06-28T01:52:40.991+0000] {logging_mixin.py:190} INFO - [2025-06-28T01:52:40.991+0000] {dag.py:3239} INFO - Sync 1 DAGs
[2025-06-28T01:52:41.046+0000] {logging_mixin.py:190} INFO - [2025-06-28T01:52:41.046+0000] {dag.py:4180} INFO - Setting next_dagrun for extract_raw_data_pipeline to 2025-06-27 07:59:00+00:00, run_after=2025-06-28 07:00:00+00:00
[2025-06-28T01:52:41.092+0000] {processor.py:208} INFO - Processing /opt/airflow/dags/driven_data_pipeline.py took 0.587 seconds
