[2025-06-27T20:16:54.688+0000] {processor.py:186} INFO - Started process (PID=74) to work on /opt/airflow/dags/driven_data_pipeline.py
[2025-06-27T20:16:54.709+0000] {processor.py:914} INFO - Processing file /opt/airflow/dags/driven_data_pipeline.py for tasks to queue
[2025-06-27T20:16:54.787+0000] {logging_mixin.py:190} INFO - [2025-06-27T20:16:54.785+0000] {dagbag.py:588} INFO - Filling up the DagBag from /opt/airflow/dags/driven_data_pipeline.py
[2025-06-27T20:16:55.008+0000] {logging_mixin.py:190} INFO - [2025-06-27T20:16:54.957+0000] {dagbag.py:387} ERROR - Failed to import: /opt/airflow/dags/driven_data_pipeline.py
Traceback (most recent call last):
  File "/home/airflow/.local/lib/python3.12/site-packages/airflow/models/dagbag.py", line 383, in parse
    loader.exec_module(new_module)
  File "<frozen importlib._bootstrap_external>", line 991, in exec_module
  File "<frozen importlib._bootstrap_external>", line 1129, in get_code
  File "<frozen importlib._bootstrap_external>", line 1059, in source_to_code
  File "<frozen importlib._bootstrap>", line 488, in _call_with_frames_removed
  File "/opt/airflow/dags/driven_data_pipeline.py", line 124
    if str(date.today()) != "2024-09-23":
IndentationError: unexpected indent
[2025-06-27T20:16:55.017+0000] {processor.py:927} WARNING - No viable dags retrieved from /opt/airflow/dags/driven_data_pipeline.py
[2025-06-27T20:16:55.425+0000] {processor.py:208} INFO - Processing /opt/airflow/dags/driven_data_pipeline.py took 0.963 seconds
[2025-06-27T20:17:25.853+0000] {processor.py:186} INFO - Started process (PID=81) to work on /opt/airflow/dags/driven_data_pipeline.py
[2025-06-27T20:17:25.862+0000] {processor.py:914} INFO - Processing file /opt/airflow/dags/driven_data_pipeline.py for tasks to queue
[2025-06-27T20:17:25.871+0000] {logging_mixin.py:190} INFO - [2025-06-27T20:17:25.871+0000] {dagbag.py:588} INFO - Filling up the DagBag from /opt/airflow/dags/driven_data_pipeline.py
[2025-06-27T20:17:25.976+0000] {logging_mixin.py:190} INFO - [2025-06-27T20:17:25.973+0000] {dagbag.py:387} ERROR - Failed to import: /opt/airflow/dags/driven_data_pipeline.py
Traceback (most recent call last):
  File "/home/airflow/.local/lib/python3.12/site-packages/airflow/models/dagbag.py", line 383, in parse
    loader.exec_module(new_module)
  File "<frozen importlib._bootstrap_external>", line 991, in exec_module
  File "<frozen importlib._bootstrap_external>", line 1129, in get_code
  File "<frozen importlib._bootstrap_external>", line 1059, in source_to_code
  File "<frozen importlib._bootstrap>", line 488, in _call_with_frames_removed
  File "/opt/airflow/dags/driven_data_pipeline.py", line 124
    if str(date.today()) != "2024-09-23":
IndentationError: unexpected indent
[2025-06-27T20:17:25.983+0000] {processor.py:927} WARNING - No viable dags retrieved from /opt/airflow/dags/driven_data_pipeline.py
[2025-06-27T20:17:26.160+0000] {processor.py:208} INFO - Processing /opt/airflow/dags/driven_data_pipeline.py took 0.353 seconds
[2025-06-27T20:17:56.902+0000] {processor.py:186} INFO - Started process (PID=88) to work on /opt/airflow/dags/driven_data_pipeline.py
[2025-06-27T20:17:56.925+0000] {processor.py:914} INFO - Processing file /opt/airflow/dags/driven_data_pipeline.py for tasks to queue
[2025-06-27T20:17:57.167+0000] {logging_mixin.py:190} INFO - [2025-06-27T20:17:57.111+0000] {dagbag.py:588} INFO - Filling up the DagBag from /opt/airflow/dags/driven_data_pipeline.py
[2025-06-27T20:17:57.877+0000] {logging_mixin.py:190} INFO - [2025-06-27T20:17:57.808+0000] {dagbag.py:387} ERROR - Failed to import: /opt/airflow/dags/driven_data_pipeline.py
Traceback (most recent call last):
  File "/home/airflow/.local/lib/python3.12/site-packages/airflow/models/dagbag.py", line 383, in parse
    loader.exec_module(new_module)
  File "<frozen importlib._bootstrap_external>", line 991, in exec_module
  File "<frozen importlib._bootstrap_external>", line 1129, in get_code
  File "<frozen importlib._bootstrap_external>", line 1059, in source_to_code
  File "<frozen importlib._bootstrap>", line 488, in _call_with_frames_removed
  File "/opt/airflow/dags/driven_data_pipeline.py", line 124
    if str(date.today()) != "2024-09-23":
IndentationError: unexpected indent
[2025-06-27T20:17:57.892+0000] {processor.py:927} WARNING - No viable dags retrieved from /opt/airflow/dags/driven_data_pipeline.py
[2025-06-27T20:17:58.343+0000] {processor.py:208} INFO - Processing /opt/airflow/dags/driven_data_pipeline.py took 1.572 seconds
[2025-06-27T20:18:28.811+0000] {processor.py:186} INFO - Started process (PID=95) to work on /opt/airflow/dags/driven_data_pipeline.py
[2025-06-27T20:18:28.816+0000] {processor.py:914} INFO - Processing file /opt/airflow/dags/driven_data_pipeline.py for tasks to queue
[2025-06-27T20:18:28.865+0000] {logging_mixin.py:190} INFO - [2025-06-27T20:18:28.862+0000] {dagbag.py:588} INFO - Filling up the DagBag from /opt/airflow/dags/driven_data_pipeline.py
[2025-06-27T20:18:28.930+0000] {logging_mixin.py:190} INFO - [2025-06-27T20:18:28.924+0000] {dagbag.py:387} ERROR - Failed to import: /opt/airflow/dags/driven_data_pipeline.py
Traceback (most recent call last):
  File "/home/airflow/.local/lib/python3.12/site-packages/airflow/models/dagbag.py", line 383, in parse
    loader.exec_module(new_module)
  File "<frozen importlib._bootstrap_external>", line 991, in exec_module
  File "<frozen importlib._bootstrap_external>", line 1129, in get_code
  File "<frozen importlib._bootstrap_external>", line 1059, in source_to_code
  File "<frozen importlib._bootstrap>", line 488, in _call_with_frames_removed
  File "/opt/airflow/dags/driven_data_pipeline.py", line 124
    if str(date.today()) != "2024-09-23":
IndentationError: unexpected indent
[2025-06-27T20:18:28.934+0000] {processor.py:927} WARNING - No viable dags retrieved from /opt/airflow/dags/driven_data_pipeline.py
[2025-06-27T20:18:29.065+0000] {processor.py:208} INFO - Processing /opt/airflow/dags/driven_data_pipeline.py took 0.317 seconds
[2025-06-27T20:19:18.246+0000] {processor.py:186} INFO - Started process (PID=103) to work on /opt/airflow/dags/driven_data_pipeline.py
[2025-06-27T20:19:18.267+0000] {processor.py:914} INFO - Processing file /opt/airflow/dags/driven_data_pipeline.py for tasks to queue
[2025-06-27T20:19:18.596+0000] {logging_mixin.py:190} INFO - [2025-06-27T20:19:18.581+0000] {dagbag.py:588} INFO - Filling up the DagBag from /opt/airflow/dags/driven_data_pipeline.py
[2025-06-27T20:19:19.208+0000] {logging_mixin.py:190} INFO - [2025-06-27T20:19:18.936+0000] {dagbag.py:387} ERROR - Failed to import: /opt/airflow/dags/driven_data_pipeline.py
Traceback (most recent call last):
  File "/home/airflow/.local/lib/python3.12/site-packages/airflow/models/dagbag.py", line 383, in parse
    loader.exec_module(new_module)
  File "<frozen importlib._bootstrap_external>", line 991, in exec_module
  File "<frozen importlib._bootstrap_external>", line 1129, in get_code
  File "<frozen importlib._bootstrap_external>", line 1059, in source_to_code
  File "<frozen importlib._bootstrap>", line 488, in _call_with_frames_removed
  File "/opt/airflow/dags/driven_data_pipeline.py", line 124
    if str(date.today()) != "2024-09-23":
IndentationError: unexpected indent
[2025-06-27T20:19:19.252+0000] {processor.py:927} WARNING - No viable dags retrieved from /opt/airflow/dags/driven_data_pipeline.py
[2025-06-27T20:19:20.360+0000] {processor.py:208} INFO - Processing /opt/airflow/dags/driven_data_pipeline.py took 3.666 seconds
[2025-06-27T20:19:51.044+0000] {processor.py:186} INFO - Started process (PID=116) to work on /opt/airflow/dags/driven_data_pipeline.py
[2025-06-27T20:19:51.053+0000] {processor.py:914} INFO - Processing file /opt/airflow/dags/driven_data_pipeline.py for tasks to queue
[2025-06-27T20:19:51.102+0000] {logging_mixin.py:190} INFO - [2025-06-27T20:19:51.086+0000] {dagbag.py:588} INFO - Filling up the DagBag from /opt/airflow/dags/driven_data_pipeline.py
[2025-06-27T20:19:51.150+0000] {logging_mixin.py:190} INFO - [2025-06-27T20:19:51.133+0000] {dagbag.py:387} ERROR - Failed to import: /opt/airflow/dags/driven_data_pipeline.py
Traceback (most recent call last):
  File "/home/airflow/.local/lib/python3.12/site-packages/airflow/models/dagbag.py", line 383, in parse
    loader.exec_module(new_module)
  File "<frozen importlib._bootstrap_external>", line 991, in exec_module
  File "<frozen importlib._bootstrap_external>", line 1129, in get_code
  File "<frozen importlib._bootstrap_external>", line 1059, in source_to_code
  File "<frozen importlib._bootstrap>", line 488, in _call_with_frames_removed
  File "/opt/airflow/dags/driven_data_pipeline.py", line 124
    if str(date.today()) != "2024-09-23":
IndentationError: unexpected indent
[2025-06-27T20:19:51.152+0000] {processor.py:927} WARNING - No viable dags retrieved from /opt/airflow/dags/driven_data_pipeline.py
[2025-06-27T20:19:51.246+0000] {processor.py:208} INFO - Processing /opt/airflow/dags/driven_data_pipeline.py took 0.248 seconds
[2025-06-27T20:20:22.399+0000] {processor.py:186} INFO - Started process (PID=122) to work on /opt/airflow/dags/driven_data_pipeline.py
[2025-06-27T20:20:22.433+0000] {processor.py:914} INFO - Processing file /opt/airflow/dags/driven_data_pipeline.py for tasks to queue
[2025-06-27T20:20:22.658+0000] {logging_mixin.py:190} INFO - [2025-06-27T20:20:22.657+0000] {dagbag.py:588} INFO - Filling up the DagBag from /opt/airflow/dags/driven_data_pipeline.py
[2025-06-27T20:20:22.732+0000] {logging_mixin.py:190} INFO - [2025-06-27T20:20:22.715+0000] {dagbag.py:387} ERROR - Failed to import: /opt/airflow/dags/driven_data_pipeline.py
Traceback (most recent call last):
  File "/home/airflow/.local/lib/python3.12/site-packages/airflow/models/dagbag.py", line 383, in parse
    loader.exec_module(new_module)
  File "<frozen importlib._bootstrap_external>", line 991, in exec_module
  File "<frozen importlib._bootstrap_external>", line 1129, in get_code
  File "<frozen importlib._bootstrap_external>", line 1059, in source_to_code
  File "<frozen importlib._bootstrap>", line 488, in _call_with_frames_removed
  File "/opt/airflow/dags/driven_data_pipeline.py", line 124
    if str(date.today()) != "2024-09-23":
IndentationError: unexpected indent
[2025-06-27T20:20:22.770+0000] {processor.py:927} WARNING - No viable dags retrieved from /opt/airflow/dags/driven_data_pipeline.py
[2025-06-27T20:20:22.994+0000] {processor.py:208} INFO - Processing /opt/airflow/dags/driven_data_pipeline.py took 0.792 seconds
[2025-06-27T20:20:53.314+0000] {processor.py:186} INFO - Started process (PID=129) to work on /opt/airflow/dags/driven_data_pipeline.py
[2025-06-27T20:20:53.324+0000] {processor.py:914} INFO - Processing file /opt/airflow/dags/driven_data_pipeline.py for tasks to queue
[2025-06-27T20:20:53.344+0000] {logging_mixin.py:190} INFO - [2025-06-27T20:20:53.338+0000] {dagbag.py:588} INFO - Filling up the DagBag from /opt/airflow/dags/driven_data_pipeline.py
[2025-06-27T20:20:53.442+0000] {logging_mixin.py:190} INFO - [2025-06-27T20:20:53.440+0000] {dagbag.py:387} ERROR - Failed to import: /opt/airflow/dags/driven_data_pipeline.py
Traceback (most recent call last):
  File "/home/airflow/.local/lib/python3.12/site-packages/airflow/models/dagbag.py", line 383, in parse
    loader.exec_module(new_module)
  File "<frozen importlib._bootstrap_external>", line 991, in exec_module
  File "<frozen importlib._bootstrap_external>", line 1129, in get_code
  File "<frozen importlib._bootstrap_external>", line 1059, in source_to_code
  File "<frozen importlib._bootstrap>", line 488, in _call_with_frames_removed
  File "/opt/airflow/dags/driven_data_pipeline.py", line 124
    if str(date.today()) != "2024-09-23":
IndentationError: unexpected indent
[2025-06-27T20:20:53.449+0000] {processor.py:927} WARNING - No viable dags retrieved from /opt/airflow/dags/driven_data_pipeline.py
[2025-06-27T20:20:53.563+0000] {processor.py:208} INFO - Processing /opt/airflow/dags/driven_data_pipeline.py took 0.280 seconds
[2025-06-27T20:21:23.833+0000] {processor.py:186} INFO - Started process (PID=136) to work on /opt/airflow/dags/driven_data_pipeline.py
[2025-06-27T20:21:23.836+0000] {processor.py:914} INFO - Processing file /opt/airflow/dags/driven_data_pipeline.py for tasks to queue
[2025-06-27T20:21:23.842+0000] {logging_mixin.py:190} INFO - [2025-06-27T20:21:23.841+0000] {dagbag.py:588} INFO - Filling up the DagBag from /opt/airflow/dags/driven_data_pipeline.py
[2025-06-27T20:21:23.876+0000] {logging_mixin.py:190} INFO - [2025-06-27T20:21:23.873+0000] {dagbag.py:387} ERROR - Failed to import: /opt/airflow/dags/driven_data_pipeline.py
Traceback (most recent call last):
  File "/home/airflow/.local/lib/python3.12/site-packages/airflow/models/dagbag.py", line 383, in parse
    loader.exec_module(new_module)
  File "<frozen importlib._bootstrap_external>", line 991, in exec_module
  File "<frozen importlib._bootstrap_external>", line 1129, in get_code
  File "<frozen importlib._bootstrap_external>", line 1059, in source_to_code
  File "<frozen importlib._bootstrap>", line 488, in _call_with_frames_removed
  File "/opt/airflow/dags/driven_data_pipeline.py", line 124
    if str(date.today()) != "2024-09-23":
IndentationError: unexpected indent
[2025-06-27T20:21:23.878+0000] {processor.py:927} WARNING - No viable dags retrieved from /opt/airflow/dags/driven_data_pipeline.py
[2025-06-27T20:21:23.918+0000] {processor.py:208} INFO - Processing /opt/airflow/dags/driven_data_pipeline.py took 0.096 seconds
[2025-06-27T20:21:54.330+0000] {processor.py:186} INFO - Started process (PID=144) to work on /opt/airflow/dags/driven_data_pipeline.py
[2025-06-27T20:21:54.333+0000] {processor.py:914} INFO - Processing file /opt/airflow/dags/driven_data_pipeline.py for tasks to queue
[2025-06-27T20:21:54.339+0000] {logging_mixin.py:190} INFO - [2025-06-27T20:21:54.337+0000] {dagbag.py:588} INFO - Filling up the DagBag from /opt/airflow/dags/driven_data_pipeline.py
[2025-06-27T20:21:54.366+0000] {logging_mixin.py:190} INFO - [2025-06-27T20:21:54.363+0000] {dagbag.py:387} ERROR - Failed to import: /opt/airflow/dags/driven_data_pipeline.py
Traceback (most recent call last):
  File "/home/airflow/.local/lib/python3.12/site-packages/airflow/models/dagbag.py", line 383, in parse
    loader.exec_module(new_module)
  File "<frozen importlib._bootstrap_external>", line 991, in exec_module
  File "<frozen importlib._bootstrap_external>", line 1129, in get_code
  File "<frozen importlib._bootstrap_external>", line 1059, in source_to_code
  File "<frozen importlib._bootstrap>", line 488, in _call_with_frames_removed
  File "/opt/airflow/dags/driven_data_pipeline.py", line 124
    if str(date.today()) != "2024-09-23":
IndentationError: unexpected indent
[2025-06-27T20:21:54.367+0000] {processor.py:927} WARNING - No viable dags retrieved from /opt/airflow/dags/driven_data_pipeline.py
[2025-06-27T20:21:54.412+0000] {processor.py:208} INFO - Processing /opt/airflow/dags/driven_data_pipeline.py took 0.094 seconds
[2025-06-27T20:22:24.732+0000] {processor.py:186} INFO - Started process (PID=151) to work on /opt/airflow/dags/driven_data_pipeline.py
[2025-06-27T20:22:24.735+0000] {processor.py:914} INFO - Processing file /opt/airflow/dags/driven_data_pipeline.py for tasks to queue
[2025-06-27T20:22:24.741+0000] {logging_mixin.py:190} INFO - [2025-06-27T20:22:24.740+0000] {dagbag.py:588} INFO - Filling up the DagBag from /opt/airflow/dags/driven_data_pipeline.py
[2025-06-27T20:22:24.780+0000] {logging_mixin.py:190} INFO - [2025-06-27T20:22:24.777+0000] {dagbag.py:387} ERROR - Failed to import: /opt/airflow/dags/driven_data_pipeline.py
Traceback (most recent call last):
  File "/home/airflow/.local/lib/python3.12/site-packages/airflow/models/dagbag.py", line 383, in parse
    loader.exec_module(new_module)
  File "<frozen importlib._bootstrap_external>", line 991, in exec_module
  File "<frozen importlib._bootstrap_external>", line 1129, in get_code
  File "<frozen importlib._bootstrap_external>", line 1059, in source_to_code
  File "<frozen importlib._bootstrap>", line 488, in _call_with_frames_removed
  File "/opt/airflow/dags/driven_data_pipeline.py", line 124
    if str(date.today()) != "2024-09-23":
IndentationError: unexpected indent
[2025-06-27T20:22:24.783+0000] {processor.py:927} WARNING - No viable dags retrieved from /opt/airflow/dags/driven_data_pipeline.py
[2025-06-27T20:22:24.824+0000] {processor.py:208} INFO - Processing /opt/airflow/dags/driven_data_pipeline.py took 0.105 seconds
[2025-06-27T20:22:55.208+0000] {processor.py:186} INFO - Started process (PID=158) to work on /opt/airflow/dags/driven_data_pipeline.py
[2025-06-27T20:22:55.210+0000] {processor.py:914} INFO - Processing file /opt/airflow/dags/driven_data_pipeline.py for tasks to queue
[2025-06-27T20:22:55.217+0000] {logging_mixin.py:190} INFO - [2025-06-27T20:22:55.216+0000] {dagbag.py:588} INFO - Filling up the DagBag from /opt/airflow/dags/driven_data_pipeline.py
[2025-06-27T20:22:55.248+0000] {logging_mixin.py:190} INFO - [2025-06-27T20:22:55.244+0000] {dagbag.py:387} ERROR - Failed to import: /opt/airflow/dags/driven_data_pipeline.py
Traceback (most recent call last):
  File "/home/airflow/.local/lib/python3.12/site-packages/airflow/models/dagbag.py", line 383, in parse
    loader.exec_module(new_module)
  File "<frozen importlib._bootstrap_external>", line 991, in exec_module
  File "<frozen importlib._bootstrap_external>", line 1129, in get_code
  File "<frozen importlib._bootstrap_external>", line 1059, in source_to_code
  File "<frozen importlib._bootstrap>", line 488, in _call_with_frames_removed
  File "/opt/airflow/dags/driven_data_pipeline.py", line 124
    if str(date.today()) != "2024-09-23":
IndentationError: unexpected indent
[2025-06-27T20:22:55.250+0000] {processor.py:927} WARNING - No viable dags retrieved from /opt/airflow/dags/driven_data_pipeline.py
[2025-06-27T20:22:55.296+0000] {processor.py:208} INFO - Processing /opt/airflow/dags/driven_data_pipeline.py took 0.099 seconds
[2025-06-27T20:23:25.741+0000] {processor.py:186} INFO - Started process (PID=165) to work on /opt/airflow/dags/driven_data_pipeline.py
[2025-06-27T20:23:25.748+0000] {processor.py:914} INFO - Processing file /opt/airflow/dags/driven_data_pipeline.py for tasks to queue
[2025-06-27T20:23:25.760+0000] {logging_mixin.py:190} INFO - [2025-06-27T20:23:25.759+0000] {dagbag.py:588} INFO - Filling up the DagBag from /opt/airflow/dags/driven_data_pipeline.py
[2025-06-27T20:23:25.816+0000] {logging_mixin.py:190} INFO - [2025-06-27T20:23:25.813+0000] {dagbag.py:387} ERROR - Failed to import: /opt/airflow/dags/driven_data_pipeline.py
Traceback (most recent call last):
  File "/home/airflow/.local/lib/python3.12/site-packages/airflow/models/dagbag.py", line 383, in parse
    loader.exec_module(new_module)
  File "<frozen importlib._bootstrap_external>", line 991, in exec_module
  File "<frozen importlib._bootstrap_external>", line 1129, in get_code
  File "<frozen importlib._bootstrap_external>", line 1059, in source_to_code
  File "<frozen importlib._bootstrap>", line 488, in _call_with_frames_removed
  File "/opt/airflow/dags/driven_data_pipeline.py", line 124
    if str(date.today()) != "2024-09-23":
IndentationError: unexpected indent
[2025-06-27T20:23:25.819+0000] {processor.py:927} WARNING - No viable dags retrieved from /opt/airflow/dags/driven_data_pipeline.py
[2025-06-27T20:23:25.921+0000] {processor.py:208} INFO - Processing /opt/airflow/dags/driven_data_pipeline.py took 0.213 seconds
[2025-06-27T20:23:56.101+0000] {processor.py:186} INFO - Started process (PID=172) to work on /opt/airflow/dags/driven_data_pipeline.py
[2025-06-27T20:23:56.104+0000] {processor.py:914} INFO - Processing file /opt/airflow/dags/driven_data_pipeline.py for tasks to queue
[2025-06-27T20:23:56.110+0000] {logging_mixin.py:190} INFO - [2025-06-27T20:23:56.109+0000] {dagbag.py:588} INFO - Filling up the DagBag from /opt/airflow/dags/driven_data_pipeline.py
[2025-06-27T20:23:56.163+0000] {logging_mixin.py:190} INFO - [2025-06-27T20:23:56.159+0000] {dagbag.py:387} ERROR - Failed to import: /opt/airflow/dags/driven_data_pipeline.py
Traceback (most recent call last):
  File "/home/airflow/.local/lib/python3.12/site-packages/airflow/models/dagbag.py", line 383, in parse
    loader.exec_module(new_module)
  File "<frozen importlib._bootstrap_external>", line 991, in exec_module
  File "<frozen importlib._bootstrap_external>", line 1129, in get_code
  File "<frozen importlib._bootstrap_external>", line 1059, in source_to_code
  File "<frozen importlib._bootstrap>", line 488, in _call_with_frames_removed
  File "/opt/airflow/dags/driven_data_pipeline.py", line 124
    if str(date.today()) != "2024-09-23":
IndentationError: unexpected indent
[2025-06-27T20:23:56.164+0000] {processor.py:927} WARNING - No viable dags retrieved from /opt/airflow/dags/driven_data_pipeline.py
[2025-06-27T20:23:56.224+0000] {processor.py:208} INFO - Processing /opt/airflow/dags/driven_data_pipeline.py took 0.137 seconds
[2025-06-27T20:24:26.496+0000] {processor.py:186} INFO - Started process (PID=180) to work on /opt/airflow/dags/driven_data_pipeline.py
[2025-06-27T20:24:26.498+0000] {processor.py:914} INFO - Processing file /opt/airflow/dags/driven_data_pipeline.py for tasks to queue
[2025-06-27T20:24:26.504+0000] {logging_mixin.py:190} INFO - [2025-06-27T20:24:26.503+0000] {dagbag.py:588} INFO - Filling up the DagBag from /opt/airflow/dags/driven_data_pipeline.py
[2025-06-27T20:24:26.535+0000] {logging_mixin.py:190} INFO - [2025-06-27T20:24:26.532+0000] {dagbag.py:387} ERROR - Failed to import: /opt/airflow/dags/driven_data_pipeline.py
Traceback (most recent call last):
  File "/home/airflow/.local/lib/python3.12/site-packages/airflow/models/dagbag.py", line 383, in parse
    loader.exec_module(new_module)
  File "<frozen importlib._bootstrap_external>", line 991, in exec_module
  File "<frozen importlib._bootstrap_external>", line 1129, in get_code
  File "<frozen importlib._bootstrap_external>", line 1059, in source_to_code
  File "<frozen importlib._bootstrap>", line 488, in _call_with_frames_removed
  File "/opt/airflow/dags/driven_data_pipeline.py", line 124
    if str(date.today()) != "2024-09-23":
IndentationError: unexpected indent
[2025-06-27T20:24:26.537+0000] {processor.py:927} WARNING - No viable dags retrieved from /opt/airflow/dags/driven_data_pipeline.py
[2025-06-27T20:24:26.579+0000] {processor.py:208} INFO - Processing /opt/airflow/dags/driven_data_pipeline.py took 0.093 seconds
[2025-06-27T20:24:56.822+0000] {processor.py:186} INFO - Started process (PID=187) to work on /opt/airflow/dags/driven_data_pipeline.py
[2025-06-27T20:24:56.824+0000] {processor.py:914} INFO - Processing file /opt/airflow/dags/driven_data_pipeline.py for tasks to queue
[2025-06-27T20:24:56.830+0000] {logging_mixin.py:190} INFO - [2025-06-27T20:24:56.829+0000] {dagbag.py:588} INFO - Filling up the DagBag from /opt/airflow/dags/driven_data_pipeline.py
[2025-06-27T20:24:56.858+0000] {logging_mixin.py:190} INFO - [2025-06-27T20:24:56.855+0000] {dagbag.py:387} ERROR - Failed to import: /opt/airflow/dags/driven_data_pipeline.py
Traceback (most recent call last):
  File "/home/airflow/.local/lib/python3.12/site-packages/airflow/models/dagbag.py", line 383, in parse
    loader.exec_module(new_module)
  File "<frozen importlib._bootstrap_external>", line 991, in exec_module
  File "<frozen importlib._bootstrap_external>", line 1129, in get_code
  File "<frozen importlib._bootstrap_external>", line 1059, in source_to_code
  File "<frozen importlib._bootstrap>", line 488, in _call_with_frames_removed
  File "/opt/airflow/dags/driven_data_pipeline.py", line 124
    if str(date.today()) != "2024-09-23":
IndentationError: unexpected indent
[2025-06-27T20:24:56.859+0000] {processor.py:927} WARNING - No viable dags retrieved from /opt/airflow/dags/driven_data_pipeline.py
[2025-06-27T20:24:56.896+0000] {processor.py:208} INFO - Processing /opt/airflow/dags/driven_data_pipeline.py took 0.084 seconds
[2025-06-27T20:25:27.256+0000] {processor.py:186} INFO - Started process (PID=194) to work on /opt/airflow/dags/driven_data_pipeline.py
[2025-06-27T20:25:27.257+0000] {processor.py:914} INFO - Processing file /opt/airflow/dags/driven_data_pipeline.py for tasks to queue
[2025-06-27T20:25:27.261+0000] {logging_mixin.py:190} INFO - [2025-06-27T20:25:27.261+0000] {dagbag.py:588} INFO - Filling up the DagBag from /opt/airflow/dags/driven_data_pipeline.py
[2025-06-27T20:25:27.287+0000] {logging_mixin.py:190} INFO - [2025-06-27T20:25:27.283+0000] {dagbag.py:387} ERROR - Failed to import: /opt/airflow/dags/driven_data_pipeline.py
Traceback (most recent call last):
  File "/home/airflow/.local/lib/python3.12/site-packages/airflow/models/dagbag.py", line 383, in parse
    loader.exec_module(new_module)
  File "<frozen importlib._bootstrap_external>", line 991, in exec_module
  File "<frozen importlib._bootstrap_external>", line 1129, in get_code
  File "<frozen importlib._bootstrap_external>", line 1059, in source_to_code
  File "<frozen importlib._bootstrap>", line 488, in _call_with_frames_removed
  File "/opt/airflow/dags/driven_data_pipeline.py", line 124
    if str(date.today()) != "2024-09-23":
IndentationError: unexpected indent
[2025-06-27T20:25:27.288+0000] {processor.py:927} WARNING - No viable dags retrieved from /opt/airflow/dags/driven_data_pipeline.py
[2025-06-27T20:25:27.322+0000] {processor.py:208} INFO - Processing /opt/airflow/dags/driven_data_pipeline.py took 0.076 seconds
[2025-06-27T20:25:57.591+0000] {processor.py:186} INFO - Started process (PID=201) to work on /opt/airflow/dags/driven_data_pipeline.py
[2025-06-27T20:25:57.594+0000] {processor.py:914} INFO - Processing file /opt/airflow/dags/driven_data_pipeline.py for tasks to queue
[2025-06-27T20:25:57.600+0000] {logging_mixin.py:190} INFO - [2025-06-27T20:25:57.599+0000] {dagbag.py:588} INFO - Filling up the DagBag from /opt/airflow/dags/driven_data_pipeline.py
[2025-06-27T20:25:57.627+0000] {logging_mixin.py:190} INFO - [2025-06-27T20:25:57.625+0000] {dagbag.py:387} ERROR - Failed to import: /opt/airflow/dags/driven_data_pipeline.py
Traceback (most recent call last):
  File "/home/airflow/.local/lib/python3.12/site-packages/airflow/models/dagbag.py", line 383, in parse
    loader.exec_module(new_module)
  File "<frozen importlib._bootstrap_external>", line 991, in exec_module
  File "<frozen importlib._bootstrap_external>", line 1129, in get_code
  File "<frozen importlib._bootstrap_external>", line 1059, in source_to_code
  File "<frozen importlib._bootstrap>", line 488, in _call_with_frames_removed
  File "/opt/airflow/dags/driven_data_pipeline.py", line 124
    if str(date.today()) != "2024-09-23":
IndentationError: unexpected indent
[2025-06-27T20:25:57.629+0000] {processor.py:927} WARNING - No viable dags retrieved from /opt/airflow/dags/driven_data_pipeline.py
[2025-06-27T20:25:57.665+0000] {processor.py:208} INFO - Processing /opt/airflow/dags/driven_data_pipeline.py took 0.084 seconds
[2025-06-27T20:26:28.006+0000] {processor.py:186} INFO - Started process (PID=208) to work on /opt/airflow/dags/driven_data_pipeline.py
[2025-06-27T20:26:28.011+0000] {processor.py:914} INFO - Processing file /opt/airflow/dags/driven_data_pipeline.py for tasks to queue
[2025-06-27T20:26:28.016+0000] {logging_mixin.py:190} INFO - [2025-06-27T20:26:28.015+0000] {dagbag.py:588} INFO - Filling up the DagBag from /opt/airflow/dags/driven_data_pipeline.py
[2025-06-27T20:26:28.047+0000] {logging_mixin.py:190} INFO - [2025-06-27T20:26:28.045+0000] {dagbag.py:387} ERROR - Failed to import: /opt/airflow/dags/driven_data_pipeline.py
Traceback (most recent call last):
  File "/home/airflow/.local/lib/python3.12/site-packages/airflow/models/dagbag.py", line 383, in parse
    loader.exec_module(new_module)
  File "<frozen importlib._bootstrap_external>", line 991, in exec_module
  File "<frozen importlib._bootstrap_external>", line 1129, in get_code
  File "<frozen importlib._bootstrap_external>", line 1059, in source_to_code
  File "<frozen importlib._bootstrap>", line 488, in _call_with_frames_removed
  File "/opt/airflow/dags/driven_data_pipeline.py", line 124
    if str(date.today()) != "2024-09-23":
IndentationError: unexpected indent
[2025-06-27T20:26:28.048+0000] {processor.py:927} WARNING - No viable dags retrieved from /opt/airflow/dags/driven_data_pipeline.py
[2025-06-27T20:26:28.090+0000] {processor.py:208} INFO - Processing /opt/airflow/dags/driven_data_pipeline.py took 0.093 seconds
[2025-06-27T20:26:58.387+0000] {processor.py:186} INFO - Started process (PID=216) to work on /opt/airflow/dags/driven_data_pipeline.py
[2025-06-27T20:26:58.389+0000] {processor.py:914} INFO - Processing file /opt/airflow/dags/driven_data_pipeline.py for tasks to queue
[2025-06-27T20:26:58.397+0000] {logging_mixin.py:190} INFO - [2025-06-27T20:26:58.396+0000] {dagbag.py:588} INFO - Filling up the DagBag from /opt/airflow/dags/driven_data_pipeline.py
[2025-06-27T20:26:58.428+0000] {logging_mixin.py:190} INFO - [2025-06-27T20:26:58.426+0000] {dagbag.py:387} ERROR - Failed to import: /opt/airflow/dags/driven_data_pipeline.py
Traceback (most recent call last):
  File "/home/airflow/.local/lib/python3.12/site-packages/airflow/models/dagbag.py", line 383, in parse
    loader.exec_module(new_module)
  File "<frozen importlib._bootstrap_external>", line 991, in exec_module
  File "<frozen importlib._bootstrap_external>", line 1129, in get_code
  File "<frozen importlib._bootstrap_external>", line 1059, in source_to_code
  File "<frozen importlib._bootstrap>", line 488, in _call_with_frames_removed
  File "/opt/airflow/dags/driven_data_pipeline.py", line 124
    if str(date.today()) != "2024-09-23":
IndentationError: unexpected indent
[2025-06-27T20:26:58.429+0000] {processor.py:927} WARNING - No viable dags retrieved from /opt/airflow/dags/driven_data_pipeline.py
[2025-06-27T20:26:58.463+0000] {processor.py:208} INFO - Processing /opt/airflow/dags/driven_data_pipeline.py took 0.087 seconds
[2025-06-27T20:27:28.823+0000] {processor.py:186} INFO - Started process (PID=223) to work on /opt/airflow/dags/driven_data_pipeline.py
[2025-06-27T20:27:28.830+0000] {processor.py:914} INFO - Processing file /opt/airflow/dags/driven_data_pipeline.py for tasks to queue
[2025-06-27T20:27:28.842+0000] {logging_mixin.py:190} INFO - [2025-06-27T20:27:28.840+0000] {dagbag.py:588} INFO - Filling up the DagBag from /opt/airflow/dags/driven_data_pipeline.py
[2025-06-27T20:27:28.873+0000] {logging_mixin.py:190} INFO - [2025-06-27T20:27:28.871+0000] {dagbag.py:387} ERROR - Failed to import: /opt/airflow/dags/driven_data_pipeline.py
Traceback (most recent call last):
  File "/home/airflow/.local/lib/python3.12/site-packages/airflow/models/dagbag.py", line 383, in parse
    loader.exec_module(new_module)
  File "<frozen importlib._bootstrap_external>", line 991, in exec_module
  File "<frozen importlib._bootstrap_external>", line 1129, in get_code
  File "<frozen importlib._bootstrap_external>", line 1059, in source_to_code
  File "<frozen importlib._bootstrap>", line 488, in _call_with_frames_removed
  File "/opt/airflow/dags/driven_data_pipeline.py", line 124
    if str(date.today()) != "2024-09-23":
IndentationError: unexpected indent
[2025-06-27T20:27:28.874+0000] {processor.py:927} WARNING - No viable dags retrieved from /opt/airflow/dags/driven_data_pipeline.py
[2025-06-27T20:27:28.949+0000] {processor.py:208} INFO - Processing /opt/airflow/dags/driven_data_pipeline.py took 0.138 seconds
[2025-06-27T20:27:59.233+0000] {processor.py:186} INFO - Started process (PID=230) to work on /opt/airflow/dags/driven_data_pipeline.py
[2025-06-27T20:27:59.236+0000] {processor.py:914} INFO - Processing file /opt/airflow/dags/driven_data_pipeline.py for tasks to queue
[2025-06-27T20:27:59.258+0000] {logging_mixin.py:190} INFO - [2025-06-27T20:27:59.256+0000] {dagbag.py:588} INFO - Filling up the DagBag from /opt/airflow/dags/driven_data_pipeline.py
[2025-06-27T20:27:59.314+0000] {logging_mixin.py:190} INFO - [2025-06-27T20:27:59.312+0000] {dagbag.py:387} ERROR - Failed to import: /opt/airflow/dags/driven_data_pipeline.py
Traceback (most recent call last):
  File "/home/airflow/.local/lib/python3.12/site-packages/airflow/models/dagbag.py", line 383, in parse
    loader.exec_module(new_module)
  File "<frozen importlib._bootstrap_external>", line 991, in exec_module
  File "<frozen importlib._bootstrap_external>", line 1129, in get_code
  File "<frozen importlib._bootstrap_external>", line 1059, in source_to_code
  File "<frozen importlib._bootstrap>", line 488, in _call_with_frames_removed
  File "/opt/airflow/dags/driven_data_pipeline.py", line 124
    if str(date.today()) != "2024-09-23":
IndentationError: unexpected indent
[2025-06-27T20:27:59.318+0000] {processor.py:927} WARNING - No viable dags retrieved from /opt/airflow/dags/driven_data_pipeline.py
[2025-06-27T20:27:59.359+0000] {processor.py:208} INFO - Processing /opt/airflow/dags/driven_data_pipeline.py took 0.152 seconds
[2025-06-27T20:28:29.814+0000] {processor.py:186} INFO - Started process (PID=237) to work on /opt/airflow/dags/driven_data_pipeline.py
[2025-06-27T20:28:29.817+0000] {processor.py:914} INFO - Processing file /opt/airflow/dags/driven_data_pipeline.py for tasks to queue
[2025-06-27T20:28:29.827+0000] {logging_mixin.py:190} INFO - [2025-06-27T20:28:29.824+0000] {dagbag.py:588} INFO - Filling up the DagBag from /opt/airflow/dags/driven_data_pipeline.py
[2025-06-27T20:28:29.888+0000] {logging_mixin.py:190} INFO - [2025-06-27T20:28:29.885+0000] {dagbag.py:387} ERROR - Failed to import: /opt/airflow/dags/driven_data_pipeline.py
Traceback (most recent call last):
  File "/home/airflow/.local/lib/python3.12/site-packages/airflow/models/dagbag.py", line 383, in parse
    loader.exec_module(new_module)
  File "<frozen importlib._bootstrap_external>", line 991, in exec_module
  File "<frozen importlib._bootstrap_external>", line 1129, in get_code
  File "<frozen importlib._bootstrap_external>", line 1059, in source_to_code
  File "<frozen importlib._bootstrap>", line 488, in _call_with_frames_removed
  File "/opt/airflow/dags/driven_data_pipeline.py", line 124
    if str(date.today()) != "2024-09-23":
IndentationError: unexpected indent
[2025-06-27T20:28:29.891+0000] {processor.py:927} WARNING - No viable dags retrieved from /opt/airflow/dags/driven_data_pipeline.py
[2025-06-27T20:28:29.955+0000] {processor.py:208} INFO - Processing /opt/airflow/dags/driven_data_pipeline.py took 0.159 seconds
[2025-06-27T20:29:00.168+0000] {processor.py:186} INFO - Started process (PID=244) to work on /opt/airflow/dags/driven_data_pipeline.py
[2025-06-27T20:29:00.170+0000] {processor.py:914} INFO - Processing file /opt/airflow/dags/driven_data_pipeline.py for tasks to queue
[2025-06-27T20:29:00.175+0000] {logging_mixin.py:190} INFO - [2025-06-27T20:29:00.174+0000] {dagbag.py:588} INFO - Filling up the DagBag from /opt/airflow/dags/driven_data_pipeline.py
[2025-06-27T20:29:00.202+0000] {logging_mixin.py:190} INFO - [2025-06-27T20:29:00.200+0000] {dagbag.py:387} ERROR - Failed to import: /opt/airflow/dags/driven_data_pipeline.py
Traceback (most recent call last):
  File "/home/airflow/.local/lib/python3.12/site-packages/airflow/models/dagbag.py", line 383, in parse
    loader.exec_module(new_module)
  File "<frozen importlib._bootstrap_external>", line 991, in exec_module
  File "<frozen importlib._bootstrap_external>", line 1129, in get_code
  File "<frozen importlib._bootstrap_external>", line 1059, in source_to_code
  File "<frozen importlib._bootstrap>", line 488, in _call_with_frames_removed
  File "/opt/airflow/dags/driven_data_pipeline.py", line 124
    if str(date.today()) != "2024-09-23":
IndentationError: unexpected indent
[2025-06-27T20:29:00.204+0000] {processor.py:927} WARNING - No viable dags retrieved from /opt/airflow/dags/driven_data_pipeline.py
[2025-06-27T20:29:00.247+0000] {processor.py:208} INFO - Processing /opt/airflow/dags/driven_data_pipeline.py took 0.093 seconds
[2025-06-27T20:29:30.513+0000] {processor.py:186} INFO - Started process (PID=250) to work on /opt/airflow/dags/driven_data_pipeline.py
[2025-06-27T20:29:30.517+0000] {processor.py:914} INFO - Processing file /opt/airflow/dags/driven_data_pipeline.py for tasks to queue
[2025-06-27T20:29:30.523+0000] {logging_mixin.py:190} INFO - [2025-06-27T20:29:30.522+0000] {dagbag.py:588} INFO - Filling up the DagBag from /opt/airflow/dags/driven_data_pipeline.py
[2025-06-27T20:29:30.573+0000] {logging_mixin.py:190} INFO - [2025-06-27T20:29:30.565+0000] {dagbag.py:387} ERROR - Failed to import: /opt/airflow/dags/driven_data_pipeline.py
Traceback (most recent call last):
  File "/home/airflow/.local/lib/python3.12/site-packages/airflow/models/dagbag.py", line 383, in parse
    loader.exec_module(new_module)
  File "<frozen importlib._bootstrap_external>", line 991, in exec_module
  File "<frozen importlib._bootstrap_external>", line 1129, in get_code
  File "<frozen importlib._bootstrap_external>", line 1059, in source_to_code
  File "<frozen importlib._bootstrap>", line 488, in _call_with_frames_removed
  File "/opt/airflow/dags/driven_data_pipeline.py", line 124
    if str(date.today()) != "2024-09-23":
IndentationError: unexpected indent
[2025-06-27T20:29:30.577+0000] {processor.py:927} WARNING - No viable dags retrieved from /opt/airflow/dags/driven_data_pipeline.py
[2025-06-27T20:29:30.638+0000] {processor.py:208} INFO - Processing /opt/airflow/dags/driven_data_pipeline.py took 0.141 seconds
[2025-06-27T20:30:01.045+0000] {processor.py:186} INFO - Started process (PID=258) to work on /opt/airflow/dags/driven_data_pipeline.py
[2025-06-27T20:30:01.048+0000] {processor.py:914} INFO - Processing file /opt/airflow/dags/driven_data_pipeline.py for tasks to queue
[2025-06-27T20:30:01.056+0000] {logging_mixin.py:190} INFO - [2025-06-27T20:30:01.055+0000] {dagbag.py:588} INFO - Filling up the DagBag from /opt/airflow/dags/driven_data_pipeline.py
[2025-06-27T20:30:01.099+0000] {logging_mixin.py:190} INFO - [2025-06-27T20:30:01.096+0000] {dagbag.py:387} ERROR - Failed to import: /opt/airflow/dags/driven_data_pipeline.py
Traceback (most recent call last):
  File "/home/airflow/.local/lib/python3.12/site-packages/airflow/models/dagbag.py", line 383, in parse
    loader.exec_module(new_module)
  File "<frozen importlib._bootstrap_external>", line 991, in exec_module
  File "<frozen importlib._bootstrap_external>", line 1129, in get_code
  File "<frozen importlib._bootstrap_external>", line 1059, in source_to_code
  File "<frozen importlib._bootstrap>", line 488, in _call_with_frames_removed
  File "/opt/airflow/dags/driven_data_pipeline.py", line 124
    if str(date.today()) != "2024-09-23":
IndentationError: unexpected indent
[2025-06-27T20:30:01.103+0000] {processor.py:927} WARNING - No viable dags retrieved from /opt/airflow/dags/driven_data_pipeline.py
[2025-06-27T20:30:01.176+0000] {processor.py:208} INFO - Processing /opt/airflow/dags/driven_data_pipeline.py took 0.149 seconds
[2025-06-27T20:30:31.433+0000] {processor.py:186} INFO - Started process (PID=272) to work on /opt/airflow/dags/driven_data_pipeline.py
[2025-06-27T20:30:31.437+0000] {processor.py:914} INFO - Processing file /opt/airflow/dags/driven_data_pipeline.py for tasks to queue
[2025-06-27T20:30:31.443+0000] {logging_mixin.py:190} INFO - [2025-06-27T20:30:31.442+0000] {dagbag.py:588} INFO - Filling up the DagBag from /opt/airflow/dags/driven_data_pipeline.py
[2025-06-27T20:30:31.472+0000] {logging_mixin.py:190} INFO - [2025-06-27T20:30:31.470+0000] {dagbag.py:387} ERROR - Failed to import: /opt/airflow/dags/driven_data_pipeline.py
Traceback (most recent call last):
  File "/home/airflow/.local/lib/python3.12/site-packages/airflow/models/dagbag.py", line 383, in parse
    loader.exec_module(new_module)
  File "<frozen importlib._bootstrap_external>", line 991, in exec_module
  File "<frozen importlib._bootstrap_external>", line 1129, in get_code
  File "<frozen importlib._bootstrap_external>", line 1059, in source_to_code
  File "<frozen importlib._bootstrap>", line 488, in _call_with_frames_removed
  File "/opt/airflow/dags/driven_data_pipeline.py", line 124
    if str(date.today()) != "2024-09-23":
IndentationError: unexpected indent
[2025-06-27T20:30:31.473+0000] {processor.py:927} WARNING - No viable dags retrieved from /opt/airflow/dags/driven_data_pipeline.py
[2025-06-27T20:30:31.515+0000] {processor.py:208} INFO - Processing /opt/airflow/dags/driven_data_pipeline.py took 0.094 seconds
[2025-06-27T20:31:01.851+0000] {processor.py:186} INFO - Started process (PID=280) to work on /opt/airflow/dags/driven_data_pipeline.py
[2025-06-27T20:31:01.854+0000] {processor.py:914} INFO - Processing file /opt/airflow/dags/driven_data_pipeline.py for tasks to queue
[2025-06-27T20:31:01.862+0000] {logging_mixin.py:190} INFO - [2025-06-27T20:31:01.862+0000] {dagbag.py:588} INFO - Filling up the DagBag from /opt/airflow/dags/driven_data_pipeline.py
[2025-06-27T20:31:01.898+0000] {logging_mixin.py:190} INFO - [2025-06-27T20:31:01.896+0000] {dagbag.py:387} ERROR - Failed to import: /opt/airflow/dags/driven_data_pipeline.py
Traceback (most recent call last):
  File "/home/airflow/.local/lib/python3.12/site-packages/airflow/models/dagbag.py", line 383, in parse
    loader.exec_module(new_module)
  File "<frozen importlib._bootstrap_external>", line 991, in exec_module
  File "<frozen importlib._bootstrap_external>", line 1129, in get_code
  File "<frozen importlib._bootstrap_external>", line 1059, in source_to_code
  File "<frozen importlib._bootstrap>", line 488, in _call_with_frames_removed
  File "/opt/airflow/dags/driven_data_pipeline.py", line 124
    if str(date.today()) != "2024-09-23":
IndentationError: unexpected indent
[2025-06-27T20:31:01.900+0000] {processor.py:927} WARNING - No viable dags retrieved from /opt/airflow/dags/driven_data_pipeline.py
[2025-06-27T20:31:01.942+0000] {processor.py:208} INFO - Processing /opt/airflow/dags/driven_data_pipeline.py took 0.104 seconds
[2025-06-27T20:31:32.275+0000] {processor.py:186} INFO - Started process (PID=287) to work on /opt/airflow/dags/driven_data_pipeline.py
[2025-06-27T20:31:32.277+0000] {processor.py:914} INFO - Processing file /opt/airflow/dags/driven_data_pipeline.py for tasks to queue
[2025-06-27T20:31:32.283+0000] {logging_mixin.py:190} INFO - [2025-06-27T20:31:32.282+0000] {dagbag.py:588} INFO - Filling up the DagBag from /opt/airflow/dags/driven_data_pipeline.py
[2025-06-27T20:31:32.311+0000] {logging_mixin.py:190} INFO - [2025-06-27T20:31:32.308+0000] {dagbag.py:387} ERROR - Failed to import: /opt/airflow/dags/driven_data_pipeline.py
Traceback (most recent call last):
  File "/home/airflow/.local/lib/python3.12/site-packages/airflow/models/dagbag.py", line 383, in parse
    loader.exec_module(new_module)
  File "<frozen importlib._bootstrap_external>", line 991, in exec_module
  File "<frozen importlib._bootstrap_external>", line 1129, in get_code
  File "<frozen importlib._bootstrap_external>", line 1059, in source_to_code
  File "<frozen importlib._bootstrap>", line 488, in _call_with_frames_removed
  File "/opt/airflow/dags/driven_data_pipeline.py", line 124
    if str(date.today()) != "2024-09-23":
IndentationError: unexpected indent
[2025-06-27T20:31:32.313+0000] {processor.py:927} WARNING - No viable dags retrieved from /opt/airflow/dags/driven_data_pipeline.py
[2025-06-27T20:31:32.349+0000] {processor.py:208} INFO - Processing /opt/airflow/dags/driven_data_pipeline.py took 0.085 seconds
[2025-06-27T20:32:02.779+0000] {processor.py:186} INFO - Started process (PID=295) to work on /opt/airflow/dags/driven_data_pipeline.py
[2025-06-27T20:32:02.781+0000] {processor.py:914} INFO - Processing file /opt/airflow/dags/driven_data_pipeline.py for tasks to queue
[2025-06-27T20:32:02.790+0000] {logging_mixin.py:190} INFO - [2025-06-27T20:32:02.788+0000] {dagbag.py:588} INFO - Filling up the DagBag from /opt/airflow/dags/driven_data_pipeline.py
[2025-06-27T20:32:02.820+0000] {logging_mixin.py:190} INFO - [2025-06-27T20:32:02.817+0000] {dagbag.py:387} ERROR - Failed to import: /opt/airflow/dags/driven_data_pipeline.py
Traceback (most recent call last):
  File "/home/airflow/.local/lib/python3.12/site-packages/airflow/models/dagbag.py", line 383, in parse
    loader.exec_module(new_module)
  File "<frozen importlib._bootstrap_external>", line 991, in exec_module
  File "<frozen importlib._bootstrap_external>", line 1129, in get_code
  File "<frozen importlib._bootstrap_external>", line 1059, in source_to_code
  File "<frozen importlib._bootstrap>", line 488, in _call_with_frames_removed
  File "/opt/airflow/dags/driven_data_pipeline.py", line 124
    if str(date.today()) != "2024-09-23":
IndentationError: unexpected indent
[2025-06-27T20:32:02.822+0000] {processor.py:927} WARNING - No viable dags retrieved from /opt/airflow/dags/driven_data_pipeline.py
[2025-06-27T20:32:02.871+0000] {processor.py:208} INFO - Processing /opt/airflow/dags/driven_data_pipeline.py took 0.106 seconds
[2025-06-27T20:32:33.155+0000] {processor.py:186} INFO - Started process (PID=301) to work on /opt/airflow/dags/driven_data_pipeline.py
[2025-06-27T20:32:33.158+0000] {processor.py:914} INFO - Processing file /opt/airflow/dags/driven_data_pipeline.py for tasks to queue
[2025-06-27T20:32:33.164+0000] {logging_mixin.py:190} INFO - [2025-06-27T20:32:33.163+0000] {dagbag.py:588} INFO - Filling up the DagBag from /opt/airflow/dags/driven_data_pipeline.py
[2025-06-27T20:32:33.192+0000] {logging_mixin.py:190} INFO - [2025-06-27T20:32:33.190+0000] {dagbag.py:387} ERROR - Failed to import: /opt/airflow/dags/driven_data_pipeline.py
Traceback (most recent call last):
  File "/home/airflow/.local/lib/python3.12/site-packages/airflow/models/dagbag.py", line 383, in parse
    loader.exec_module(new_module)
  File "<frozen importlib._bootstrap_external>", line 991, in exec_module
  File "<frozen importlib._bootstrap_external>", line 1129, in get_code
  File "<frozen importlib._bootstrap_external>", line 1059, in source_to_code
  File "<frozen importlib._bootstrap>", line 488, in _call_with_frames_removed
  File "/opt/airflow/dags/driven_data_pipeline.py", line 124
    if str(date.today()) != "2024-09-23":
IndentationError: unexpected indent
[2025-06-27T20:32:33.194+0000] {processor.py:927} WARNING - No viable dags retrieved from /opt/airflow/dags/driven_data_pipeline.py
[2025-06-27T20:32:33.235+0000] {processor.py:208} INFO - Processing /opt/airflow/dags/driven_data_pipeline.py took 0.091 seconds
[2025-06-27T20:33:03.644+0000] {processor.py:186} INFO - Started process (PID=309) to work on /opt/airflow/dags/driven_data_pipeline.py
[2025-06-27T20:33:03.647+0000] {processor.py:914} INFO - Processing file /opt/airflow/dags/driven_data_pipeline.py for tasks to queue
[2025-06-27T20:33:03.654+0000] {logging_mixin.py:190} INFO - [2025-06-27T20:33:03.653+0000] {dagbag.py:588} INFO - Filling up the DagBag from /opt/airflow/dags/driven_data_pipeline.py
[2025-06-27T20:33:03.728+0000] {logging_mixin.py:190} INFO - [2025-06-27T20:33:03.723+0000] {dagbag.py:387} ERROR - Failed to import: /opt/airflow/dags/driven_data_pipeline.py
Traceback (most recent call last):
  File "/home/airflow/.local/lib/python3.12/site-packages/airflow/models/dagbag.py", line 383, in parse
    loader.exec_module(new_module)
  File "<frozen importlib._bootstrap_external>", line 991, in exec_module
  File "<frozen importlib._bootstrap_external>", line 1129, in get_code
  File "<frozen importlib._bootstrap_external>", line 1059, in source_to_code
  File "<frozen importlib._bootstrap>", line 488, in _call_with_frames_removed
  File "/opt/airflow/dags/driven_data_pipeline.py", line 124
    if str(date.today()) != "2024-09-23":
IndentationError: unexpected indent
[2025-06-27T20:33:03.742+0000] {processor.py:927} WARNING - No viable dags retrieved from /opt/airflow/dags/driven_data_pipeline.py
[2025-06-27T20:33:03.862+0000] {processor.py:208} INFO - Processing /opt/airflow/dags/driven_data_pipeline.py took 0.241 seconds
[2025-06-27T20:33:34.020+0000] {processor.py:186} INFO - Started process (PID=316) to work on /opt/airflow/dags/driven_data_pipeline.py
[2025-06-27T20:33:34.024+0000] {processor.py:914} INFO - Processing file /opt/airflow/dags/driven_data_pipeline.py for tasks to queue
[2025-06-27T20:33:34.031+0000] {logging_mixin.py:190} INFO - [2025-06-27T20:33:34.030+0000] {dagbag.py:588} INFO - Filling up the DagBag from /opt/airflow/dags/driven_data_pipeline.py
[2025-06-27T20:33:34.075+0000] {logging_mixin.py:190} INFO - [2025-06-27T20:33:34.071+0000] {dagbag.py:387} ERROR - Failed to import: /opt/airflow/dags/driven_data_pipeline.py
Traceback (most recent call last):
  File "/home/airflow/.local/lib/python3.12/site-packages/airflow/models/dagbag.py", line 383, in parse
    loader.exec_module(new_module)
  File "<frozen importlib._bootstrap_external>", line 991, in exec_module
  File "<frozen importlib._bootstrap_external>", line 1129, in get_code
  File "<frozen importlib._bootstrap_external>", line 1059, in source_to_code
  File "<frozen importlib._bootstrap>", line 488, in _call_with_frames_removed
  File "/opt/airflow/dags/driven_data_pipeline.py", line 124
    if str(date.today()) != "2024-09-23":
IndentationError: unexpected indent
[2025-06-27T20:33:34.076+0000] {processor.py:927} WARNING - No viable dags retrieved from /opt/airflow/dags/driven_data_pipeline.py
[2025-06-27T20:33:34.118+0000] {processor.py:208} INFO - Processing /opt/airflow/dags/driven_data_pipeline.py took 0.111 seconds
[2025-06-27T20:34:04.410+0000] {processor.py:186} INFO - Started process (PID=324) to work on /opt/airflow/dags/driven_data_pipeline.py
[2025-06-27T20:34:04.416+0000] {processor.py:914} INFO - Processing file /opt/airflow/dags/driven_data_pipeline.py for tasks to queue
[2025-06-27T20:34:04.426+0000] {logging_mixin.py:190} INFO - [2025-06-27T20:34:04.426+0000] {dagbag.py:588} INFO - Filling up the DagBag from /opt/airflow/dags/driven_data_pipeline.py
[2025-06-27T20:34:04.463+0000] {logging_mixin.py:190} INFO - [2025-06-27T20:34:04.461+0000] {dagbag.py:387} ERROR - Failed to import: /opt/airflow/dags/driven_data_pipeline.py
Traceback (most recent call last):
  File "/home/airflow/.local/lib/python3.12/site-packages/airflow/models/dagbag.py", line 383, in parse
    loader.exec_module(new_module)
  File "<frozen importlib._bootstrap_external>", line 991, in exec_module
  File "<frozen importlib._bootstrap_external>", line 1129, in get_code
  File "<frozen importlib._bootstrap_external>", line 1059, in source_to_code
  File "<frozen importlib._bootstrap>", line 488, in _call_with_frames_removed
  File "/opt/airflow/dags/driven_data_pipeline.py", line 124
    if str(date.today()) != "2024-09-23":
IndentationError: unexpected indent
[2025-06-27T20:34:04.470+0000] {processor.py:927} WARNING - No viable dags retrieved from /opt/airflow/dags/driven_data_pipeline.py
[2025-06-27T20:34:04.536+0000] {processor.py:208} INFO - Processing /opt/airflow/dags/driven_data_pipeline.py took 0.147 seconds
[2025-06-27T20:34:34.876+0000] {processor.py:186} INFO - Started process (PID=331) to work on /opt/airflow/dags/driven_data_pipeline.py
[2025-06-27T20:34:34.879+0000] {processor.py:914} INFO - Processing file /opt/airflow/dags/driven_data_pipeline.py for tasks to queue
[2025-06-27T20:34:34.884+0000] {logging_mixin.py:190} INFO - [2025-06-27T20:34:34.883+0000] {dagbag.py:588} INFO - Filling up the DagBag from /opt/airflow/dags/driven_data_pipeline.py
[2025-06-27T20:34:34.914+0000] {logging_mixin.py:190} INFO - [2025-06-27T20:34:34.912+0000] {dagbag.py:387} ERROR - Failed to import: /opt/airflow/dags/driven_data_pipeline.py
Traceback (most recent call last):
  File "/home/airflow/.local/lib/python3.12/site-packages/airflow/models/dagbag.py", line 383, in parse
    loader.exec_module(new_module)
  File "<frozen importlib._bootstrap_external>", line 991, in exec_module
  File "<frozen importlib._bootstrap_external>", line 1129, in get_code
  File "<frozen importlib._bootstrap_external>", line 1059, in source_to_code
  File "<frozen importlib._bootstrap>", line 488, in _call_with_frames_removed
  File "/opt/airflow/dags/driven_data_pipeline.py", line 124
    if str(date.today()) != "2024-09-23":
IndentationError: unexpected indent
[2025-06-27T20:34:34.916+0000] {processor.py:927} WARNING - No viable dags retrieved from /opt/airflow/dags/driven_data_pipeline.py
[2025-06-27T20:34:34.954+0000] {processor.py:208} INFO - Processing /opt/airflow/dags/driven_data_pipeline.py took 0.088 seconds
[2025-06-27T20:35:05.321+0000] {processor.py:186} INFO - Started process (PID=339) to work on /opt/airflow/dags/driven_data_pipeline.py
[2025-06-27T20:35:05.324+0000] {processor.py:914} INFO - Processing file /opt/airflow/dags/driven_data_pipeline.py for tasks to queue
[2025-06-27T20:35:05.332+0000] {logging_mixin.py:190} INFO - [2025-06-27T20:35:05.329+0000] {dagbag.py:588} INFO - Filling up the DagBag from /opt/airflow/dags/driven_data_pipeline.py
[2025-06-27T20:35:05.366+0000] {logging_mixin.py:190} INFO - [2025-06-27T20:35:05.362+0000] {dagbag.py:387} ERROR - Failed to import: /opt/airflow/dags/driven_data_pipeline.py
Traceback (most recent call last):
  File "/home/airflow/.local/lib/python3.12/site-packages/airflow/models/dagbag.py", line 383, in parse
    loader.exec_module(new_module)
  File "<frozen importlib._bootstrap_external>", line 991, in exec_module
  File "<frozen importlib._bootstrap_external>", line 1129, in get_code
  File "<frozen importlib._bootstrap_external>", line 1059, in source_to_code
  File "<frozen importlib._bootstrap>", line 488, in _call_with_frames_removed
  File "/opt/airflow/dags/driven_data_pipeline.py", line 124
    if str(date.today()) != "2024-09-23":
IndentationError: unexpected indent
[2025-06-27T20:35:05.368+0000] {processor.py:927} WARNING - No viable dags retrieved from /opt/airflow/dags/driven_data_pipeline.py
[2025-06-27T20:35:05.402+0000] {processor.py:208} INFO - Processing /opt/airflow/dags/driven_data_pipeline.py took 0.093 seconds
[2025-06-27T20:35:35.719+0000] {processor.py:186} INFO - Started process (PID=347) to work on /opt/airflow/dags/driven_data_pipeline.py
[2025-06-27T20:35:35.723+0000] {processor.py:914} INFO - Processing file /opt/airflow/dags/driven_data_pipeline.py for tasks to queue
[2025-06-27T20:35:35.735+0000] {logging_mixin.py:190} INFO - [2025-06-27T20:35:35.734+0000] {dagbag.py:588} INFO - Filling up the DagBag from /opt/airflow/dags/driven_data_pipeline.py
[2025-06-27T20:35:35.771+0000] {logging_mixin.py:190} INFO - [2025-06-27T20:35:35.768+0000] {dagbag.py:387} ERROR - Failed to import: /opt/airflow/dags/driven_data_pipeline.py
Traceback (most recent call last):
  File "/home/airflow/.local/lib/python3.12/site-packages/airflow/models/dagbag.py", line 383, in parse
    loader.exec_module(new_module)
  File "<frozen importlib._bootstrap_external>", line 991, in exec_module
  File "<frozen importlib._bootstrap_external>", line 1129, in get_code
  File "<frozen importlib._bootstrap_external>", line 1059, in source_to_code
  File "<frozen importlib._bootstrap>", line 488, in _call_with_frames_removed
  File "/opt/airflow/dags/driven_data_pipeline.py", line 124
    if str(date.today()) != "2024-09-23":
IndentationError: unexpected indent
[2025-06-27T20:35:35.773+0000] {processor.py:927} WARNING - No viable dags retrieved from /opt/airflow/dags/driven_data_pipeline.py
[2025-06-27T20:35:35.817+0000] {processor.py:208} INFO - Processing /opt/airflow/dags/driven_data_pipeline.py took 0.120 seconds
[2025-06-27T20:36:06.164+0000] {processor.py:186} INFO - Started process (PID=353) to work on /opt/airflow/dags/driven_data_pipeline.py
[2025-06-27T20:36:06.167+0000] {processor.py:914} INFO - Processing file /opt/airflow/dags/driven_data_pipeline.py for tasks to queue
[2025-06-27T20:36:06.175+0000] {logging_mixin.py:190} INFO - [2025-06-27T20:36:06.173+0000] {dagbag.py:588} INFO - Filling up the DagBag from /opt/airflow/dags/driven_data_pipeline.py
[2025-06-27T20:36:06.198+0000] {logging_mixin.py:190} INFO - [2025-06-27T20:36:06.196+0000] {dagbag.py:387} ERROR - Failed to import: /opt/airflow/dags/driven_data_pipeline.py
Traceback (most recent call last):
  File "/home/airflow/.local/lib/python3.12/site-packages/airflow/models/dagbag.py", line 383, in parse
    loader.exec_module(new_module)
  File "<frozen importlib._bootstrap_external>", line 991, in exec_module
  File "<frozen importlib._bootstrap_external>", line 1129, in get_code
  File "<frozen importlib._bootstrap_external>", line 1059, in source_to_code
  File "<frozen importlib._bootstrap>", line 488, in _call_with_frames_removed
  File "/opt/airflow/dags/driven_data_pipeline.py", line 124
    if str(date.today()) != "2024-09-23":
IndentationError: unexpected indent
[2025-06-27T20:36:06.200+0000] {processor.py:927} WARNING - No viable dags retrieved from /opt/airflow/dags/driven_data_pipeline.py
[2025-06-27T20:36:06.238+0000] {processor.py:208} INFO - Processing /opt/airflow/dags/driven_data_pipeline.py took 0.088 seconds
[2025-06-27T20:36:36.577+0000] {processor.py:186} INFO - Started process (PID=360) to work on /opt/airflow/dags/driven_data_pipeline.py
[2025-06-27T20:36:36.579+0000] {processor.py:914} INFO - Processing file /opt/airflow/dags/driven_data_pipeline.py for tasks to queue
[2025-06-27T20:36:36.587+0000] {logging_mixin.py:190} INFO - [2025-06-27T20:36:36.586+0000] {dagbag.py:588} INFO - Filling up the DagBag from /opt/airflow/dags/driven_data_pipeline.py
[2025-06-27T20:36:36.620+0000] {logging_mixin.py:190} INFO - [2025-06-27T20:36:36.617+0000] {dagbag.py:387} ERROR - Failed to import: /opt/airflow/dags/driven_data_pipeline.py
Traceback (most recent call last):
  File "/home/airflow/.local/lib/python3.12/site-packages/airflow/models/dagbag.py", line 383, in parse
    loader.exec_module(new_module)
  File "<frozen importlib._bootstrap_external>", line 991, in exec_module
  File "<frozen importlib._bootstrap_external>", line 1129, in get_code
  File "<frozen importlib._bootstrap_external>", line 1059, in source_to_code
  File "<frozen importlib._bootstrap>", line 488, in _call_with_frames_removed
  File "/opt/airflow/dags/driven_data_pipeline.py", line 124
    if str(date.today()) != "2024-09-23":
IndentationError: unexpected indent
[2025-06-27T20:36:36.621+0000] {processor.py:927} WARNING - No viable dags retrieved from /opt/airflow/dags/driven_data_pipeline.py
[2025-06-27T20:36:36.660+0000] {processor.py:208} INFO - Processing /opt/airflow/dags/driven_data_pipeline.py took 0.093 seconds
[2025-06-27T20:37:07.047+0000] {processor.py:186} INFO - Started process (PID=368) to work on /opt/airflow/dags/driven_data_pipeline.py
[2025-06-27T20:37:07.049+0000] {processor.py:914} INFO - Processing file /opt/airflow/dags/driven_data_pipeline.py for tasks to queue
[2025-06-27T20:37:07.055+0000] {logging_mixin.py:190} INFO - [2025-06-27T20:37:07.054+0000] {dagbag.py:588} INFO - Filling up the DagBag from /opt/airflow/dags/driven_data_pipeline.py
[2025-06-27T20:37:07.088+0000] {logging_mixin.py:190} INFO - [2025-06-27T20:37:07.086+0000] {dagbag.py:387} ERROR - Failed to import: /opt/airflow/dags/driven_data_pipeline.py
Traceback (most recent call last):
  File "/home/airflow/.local/lib/python3.12/site-packages/airflow/models/dagbag.py", line 383, in parse
    loader.exec_module(new_module)
  File "<frozen importlib._bootstrap_external>", line 991, in exec_module
  File "<frozen importlib._bootstrap_external>", line 1129, in get_code
  File "<frozen importlib._bootstrap_external>", line 1059, in source_to_code
  File "<frozen importlib._bootstrap>", line 488, in _call_with_frames_removed
  File "/opt/airflow/dags/driven_data_pipeline.py", line 124
    if str(date.today()) != "2024-09-23":
IndentationError: unexpected indent
[2025-06-27T20:37:07.090+0000] {processor.py:927} WARNING - No viable dags retrieved from /opt/airflow/dags/driven_data_pipeline.py
[2025-06-27T20:37:07.139+0000] {processor.py:208} INFO - Processing /opt/airflow/dags/driven_data_pipeline.py took 0.103 seconds
[2025-06-27T20:37:37.445+0000] {processor.py:186} INFO - Started process (PID=375) to work on /opt/airflow/dags/driven_data_pipeline.py
[2025-06-27T20:37:37.448+0000] {processor.py:914} INFO - Processing file /opt/airflow/dags/driven_data_pipeline.py for tasks to queue
[2025-06-27T20:37:37.458+0000] {logging_mixin.py:190} INFO - [2025-06-27T20:37:37.457+0000] {dagbag.py:588} INFO - Filling up the DagBag from /opt/airflow/dags/driven_data_pipeline.py
[2025-06-27T20:37:37.504+0000] {logging_mixin.py:190} INFO - [2025-06-27T20:37:37.499+0000] {dagbag.py:387} ERROR - Failed to import: /opt/airflow/dags/driven_data_pipeline.py
Traceback (most recent call last):
  File "/home/airflow/.local/lib/python3.12/site-packages/airflow/models/dagbag.py", line 383, in parse
    loader.exec_module(new_module)
  File "<frozen importlib._bootstrap_external>", line 991, in exec_module
  File "<frozen importlib._bootstrap_external>", line 1129, in get_code
  File "<frozen importlib._bootstrap_external>", line 1059, in source_to_code
  File "<frozen importlib._bootstrap>", line 488, in _call_with_frames_removed
  File "/opt/airflow/dags/driven_data_pipeline.py", line 124
    if str(date.today()) != "2024-09-23":
IndentationError: unexpected indent
[2025-06-27T20:37:37.506+0000] {processor.py:927} WARNING - No viable dags retrieved from /opt/airflow/dags/driven_data_pipeline.py
[2025-06-27T20:37:37.573+0000] {processor.py:208} INFO - Processing /opt/airflow/dags/driven_data_pipeline.py took 0.146 seconds
[2025-06-27T20:38:02.980+0000] {processor.py:186} INFO - Started process (PID=382) to work on /opt/airflow/dags/driven_data_pipeline.py
[2025-06-27T20:38:02.983+0000] {processor.py:914} INFO - Processing file /opt/airflow/dags/driven_data_pipeline.py for tasks to queue
[2025-06-27T20:38:02.990+0000] {logging_mixin.py:190} INFO - [2025-06-27T20:38:02.988+0000] {dagbag.py:588} INFO - Filling up the DagBag from /opt/airflow/dags/driven_data_pipeline.py
[2025-06-27T20:38:03.016+0000] {logging_mixin.py:190} INFO - [2025-06-27T20:38:03.014+0000] {dagbag.py:387} ERROR - Failed to import: /opt/airflow/dags/driven_data_pipeline.py
Traceback (most recent call last):
  File "/home/airflow/.local/lib/python3.12/site-packages/airflow/models/dagbag.py", line 383, in parse
    loader.exec_module(new_module)
  File "<frozen importlib._bootstrap_external>", line 991, in exec_module
  File "<frozen importlib._bootstrap_external>", line 1129, in get_code
  File "<frozen importlib._bootstrap_external>", line 1059, in source_to_code
  File "<frozen importlib._bootstrap>", line 488, in _call_with_frames_removed
  File "/opt/airflow/dags/driven_data_pipeline.py", line 124
    if str(date.today()) != "2025-09-23":
IndentationError: unexpected indent
[2025-06-27T20:38:03.018+0000] {processor.py:927} WARNING - No viable dags retrieved from /opt/airflow/dags/driven_data_pipeline.py
[2025-06-27T20:38:03.053+0000] {processor.py:208} INFO - Processing /opt/airflow/dags/driven_data_pipeline.py took 0.091 seconds
[2025-06-27T20:38:06.047+0000] {processor.py:186} INFO - Started process (PID=383) to work on /opt/airflow/dags/driven_data_pipeline.py
[2025-06-27T20:38:06.050+0000] {processor.py:914} INFO - Processing file /opt/airflow/dags/driven_data_pipeline.py for tasks to queue
[2025-06-27T20:38:06.057+0000] {logging_mixin.py:190} INFO - [2025-06-27T20:38:06.056+0000] {dagbag.py:588} INFO - Filling up the DagBag from /opt/airflow/dags/driven_data_pipeline.py
[2025-06-27T20:38:06.087+0000] {logging_mixin.py:190} INFO - [2025-06-27T20:38:06.084+0000] {dagbag.py:387} ERROR - Failed to import: /opt/airflow/dags/driven_data_pipeline.py
Traceback (most recent call last):
  File "/home/airflow/.local/lib/python3.12/site-packages/airflow/models/dagbag.py", line 383, in parse
    loader.exec_module(new_module)
  File "<frozen importlib._bootstrap_external>", line 991, in exec_module
  File "<frozen importlib._bootstrap_external>", line 1129, in get_code
  File "<frozen importlib._bootstrap_external>", line 1059, in source_to_code
  File "<frozen importlib._bootstrap>", line 488, in _call_with_frames_removed
  File "/opt/airflow/dags/driven_data_pipeline.py", line 124
    if str(date.today()) != "2025-06-23":
IndentationError: unexpected indent
[2025-06-27T20:38:06.089+0000] {processor.py:927} WARNING - No viable dags retrieved from /opt/airflow/dags/driven_data_pipeline.py
[2025-06-27T20:38:06.152+0000] {processor.py:208} INFO - Processing /opt/airflow/dags/driven_data_pipeline.py took 0.117 seconds
[2025-06-27T20:38:11.238+0000] {processor.py:186} INFO - Started process (PID=384) to work on /opt/airflow/dags/driven_data_pipeline.py
[2025-06-27T20:38:11.240+0000] {processor.py:914} INFO - Processing file /opt/airflow/dags/driven_data_pipeline.py for tasks to queue
[2025-06-27T20:38:11.247+0000] {logging_mixin.py:190} INFO - [2025-06-27T20:38:11.246+0000] {dagbag.py:588} INFO - Filling up the DagBag from /opt/airflow/dags/driven_data_pipeline.py
[2025-06-27T20:38:11.282+0000] {logging_mixin.py:190} INFO - [2025-06-27T20:38:11.280+0000] {dagbag.py:387} ERROR - Failed to import: /opt/airflow/dags/driven_data_pipeline.py
Traceback (most recent call last):
  File "/home/airflow/.local/lib/python3.12/site-packages/airflow/models/dagbag.py", line 383, in parse
    loader.exec_module(new_module)
  File "<frozen importlib._bootstrap_external>", line 991, in exec_module
  File "<frozen importlib._bootstrap_external>", line 1129, in get_code
  File "<frozen importlib._bootstrap_external>", line 1059, in source_to_code
  File "<frozen importlib._bootstrap>", line 488, in _call_with_frames_removed
  File "/opt/airflow/dags/driven_data_pipeline.py", line 124
    if str(date.today()) != "2025-06-27":
IndentationError: unexpected indent
[2025-06-27T20:38:11.284+0000] {processor.py:927} WARNING - No viable dags retrieved from /opt/airflow/dags/driven_data_pipeline.py
[2025-06-27T20:38:11.322+0000] {processor.py:208} INFO - Processing /opt/airflow/dags/driven_data_pipeline.py took 0.096 seconds
[2025-06-27T20:38:12.341+0000] {processor.py:186} INFO - Started process (PID=385) to work on /opt/airflow/dags/driven_data_pipeline.py
[2025-06-27T20:38:12.343+0000] {processor.py:914} INFO - Processing file /opt/airflow/dags/driven_data_pipeline.py for tasks to queue
[2025-06-27T20:38:12.350+0000] {logging_mixin.py:190} INFO - [2025-06-27T20:38:12.348+0000] {dagbag.py:588} INFO - Filling up the DagBag from /opt/airflow/dags/driven_data_pipeline.py
[2025-06-27T20:38:12.385+0000] {logging_mixin.py:190} INFO - [2025-06-27T20:38:12.382+0000] {dagbag.py:387} ERROR - Failed to import: /opt/airflow/dags/driven_data_pipeline.py
Traceback (most recent call last):
  File "/home/airflow/.local/lib/python3.12/site-packages/airflow/models/dagbag.py", line 383, in parse
    loader.exec_module(new_module)
  File "<frozen importlib._bootstrap_external>", line 991, in exec_module
  File "<frozen importlib._bootstrap_external>", line 1129, in get_code
  File "<frozen importlib._bootstrap_external>", line 1059, in source_to_code
  File "<frozen importlib._bootstrap>", line 488, in _call_with_frames_removed
  File "/opt/airflow/dags/driven_data_pipeline.py", line 124
    if str(date.today()) != "2025-06-27":
IndentationError: unexpected indent
[2025-06-27T20:38:12.387+0000] {processor.py:927} WARNING - No viable dags retrieved from /opt/airflow/dags/driven_data_pipeline.py
[2025-06-27T20:38:12.431+0000] {processor.py:208} INFO - Processing /opt/airflow/dags/driven_data_pipeline.py took 0.103 seconds
[2025-06-27T20:38:34.675+0000] {processor.py:186} INFO - Started process (PID=392) to work on /opt/airflow/dags/driven_data_pipeline.py
[2025-06-27T20:38:34.677+0000] {processor.py:914} INFO - Processing file /opt/airflow/dags/driven_data_pipeline.py for tasks to queue
[2025-06-27T20:38:34.683+0000] {logging_mixin.py:190} INFO - [2025-06-27T20:38:34.682+0000] {dagbag.py:588} INFO - Filling up the DagBag from /opt/airflow/dags/driven_data_pipeline.py
[2025-06-27T20:38:34.717+0000] {logging_mixin.py:190} INFO - [2025-06-27T20:38:34.715+0000] {dagbag.py:387} ERROR - Failed to import: /opt/airflow/dags/driven_data_pipeline.py
Traceback (most recent call last):
  File "/home/airflow/.local/lib/python3.12/site-packages/airflow/models/dagbag.py", line 383, in parse
    loader.exec_module(new_module)
  File "<frozen importlib._bootstrap_external>", line 991, in exec_module
  File "<frozen importlib._bootstrap_external>", line 1129, in get_code
  File "<frozen importlib._bootstrap_external>", line 1059, in source_to_code
  File "<frozen importlib._bootstrap>", line 488, in _call_with_frames_removed
  File "/opt/airflow/dags/driven_data_pipeline.py", line 124
    if str(date.today()) != "2024-09-23":
IndentationError: unexpected indent
[2025-06-27T20:38:34.718+0000] {processor.py:927} WARNING - No viable dags retrieved from /opt/airflow/dags/driven_data_pipeline.py
[2025-06-27T20:38:34.757+0000] {processor.py:208} INFO - Processing /opt/airflow/dags/driven_data_pipeline.py took 0.092 seconds
[2025-06-27T20:39:00.090+0000] {processor.py:186} INFO - Started process (PID=399) to work on /opt/airflow/dags/driven_data_pipeline.py
[2025-06-27T20:39:00.092+0000] {processor.py:914} INFO - Processing file /opt/airflow/dags/driven_data_pipeline.py for tasks to queue
[2025-06-27T20:39:00.097+0000] {logging_mixin.py:190} INFO - [2025-06-27T20:39:00.096+0000] {dagbag.py:588} INFO - Filling up the DagBag from /opt/airflow/dags/driven_data_pipeline.py
[2025-06-27T20:39:00.124+0000] {logging_mixin.py:190} INFO - [2025-06-27T20:39:00.122+0000] {dagbag.py:387} ERROR - Failed to import: /opt/airflow/dags/driven_data_pipeline.py
Traceback (most recent call last):
  File "/home/airflow/.local/lib/python3.12/site-packages/airflow/models/dagbag.py", line 383, in parse
    loader.exec_module(new_module)
  File "<frozen importlib._bootstrap_external>", line 991, in exec_module
  File "<frozen importlib._bootstrap_external>", line 1129, in get_code
  File "<frozen importlib._bootstrap_external>", line 1059, in source_to_code
  File "<frozen importlib._bootstrap>", line 488, in _call_with_frames_removed
  File "/opt/airflow/dags/driven_data_pipeline.py", line 124
    if str(date.today()) != "2024-09-23":
IndentationError: unexpected indent
[2025-06-27T20:39:00.126+0000] {processor.py:927} WARNING - No viable dags retrieved from /opt/airflow/dags/driven_data_pipeline.py
[2025-06-27T20:39:00.163+0000] {processor.py:208} INFO - Processing /opt/airflow/dags/driven_data_pipeline.py took 0.084 seconds
[2025-06-27T20:39:05.290+0000] {processor.py:186} INFO - Started process (PID=400) to work on /opt/airflow/dags/driven_data_pipeline.py
[2025-06-27T20:39:05.292+0000] {processor.py:914} INFO - Processing file /opt/airflow/dags/driven_data_pipeline.py for tasks to queue
[2025-06-27T20:39:05.296+0000] {logging_mixin.py:190} INFO - [2025-06-27T20:39:05.296+0000] {dagbag.py:588} INFO - Filling up the DagBag from /opt/airflow/dags/driven_data_pipeline.py
[2025-06-27T20:39:05.324+0000] {logging_mixin.py:190} INFO - [2025-06-27T20:39:05.322+0000] {dagbag.py:387} ERROR - Failed to import: /opt/airflow/dags/driven_data_pipeline.py
Traceback (most recent call last):
  File "/home/airflow/.local/lib/python3.12/site-packages/airflow/models/dagbag.py", line 383, in parse
    loader.exec_module(new_module)
  File "<frozen importlib._bootstrap_external>", line 991, in exec_module
  File "<frozen importlib._bootstrap_external>", line 1129, in get_code
  File "<frozen importlib._bootstrap_external>", line 1059, in source_to_code
  File "<frozen importlib._bootstrap>", line 488, in _call_with_frames_removed
  File "/opt/airflow/dags/driven_data_pipeline.py", line 124
    if str(date.today()) != "2024-09-23":
IndentationError: unexpected indent
[2025-06-27T20:39:05.326+0000] {processor.py:927} WARNING - No viable dags retrieved from /opt/airflow/dags/driven_data_pipeline.py
[2025-06-27T20:39:05.363+0000] {processor.py:208} INFO - Processing /opt/airflow/dags/driven_data_pipeline.py took 0.085 seconds
[2025-06-27T20:39:13.417+0000] {processor.py:186} INFO - Started process (PID=401) to work on /opt/airflow/dags/driven_data_pipeline.py
[2025-06-27T20:39:13.419+0000] {processor.py:914} INFO - Processing file /opt/airflow/dags/driven_data_pipeline.py for tasks to queue
[2025-06-27T20:39:13.425+0000] {logging_mixin.py:190} INFO - [2025-06-27T20:39:13.424+0000] {dagbag.py:588} INFO - Filling up the DagBag from /opt/airflow/dags/driven_data_pipeline.py
[2025-06-27T20:39:13.465+0000] {logging_mixin.py:190} INFO - [2025-06-27T20:39:13.464+0000] {dagbag.py:387} ERROR - Failed to import: /opt/airflow/dags/driven_data_pipeline.py
Traceback (most recent call last):
  File "/home/airflow/.local/lib/python3.12/site-packages/airflow/models/dagbag.py", line 383, in parse
    loader.exec_module(new_module)
  File "<frozen importlib._bootstrap_external>", line 991, in exec_module
  File "<frozen importlib._bootstrap_external>", line 1129, in get_code
  File "<frozen importlib._bootstrap_external>", line 1059, in source_to_code
  File "<frozen importlib._bootstrap>", line 488, in _call_with_frames_removed
  File "/opt/airflow/dags/driven_data_pipeline.py", line 124
    if str(date.today()) != "2024-09-23":
IndentationError: unexpected indent
[2025-06-27T20:39:13.467+0000] {processor.py:927} WARNING - No viable dags retrieved from /opt/airflow/dags/driven_data_pipeline.py
[2025-06-27T20:39:13.516+0000] {processor.py:208} INFO - Processing /opt/airflow/dags/driven_data_pipeline.py took 0.110 seconds
[2025-06-27T20:39:14.549+0000] {processor.py:186} INFO - Started process (PID=402) to work on /opt/airflow/dags/driven_data_pipeline.py
[2025-06-27T20:39:14.551+0000] {processor.py:914} INFO - Processing file /opt/airflow/dags/driven_data_pipeline.py for tasks to queue
[2025-06-27T20:39:14.561+0000] {logging_mixin.py:190} INFO - [2025-06-27T20:39:14.560+0000] {dagbag.py:588} INFO - Filling up the DagBag from /opt/airflow/dags/driven_data_pipeline.py
[2025-06-27T20:39:14.616+0000] {logging_mixin.py:190} INFO - [2025-06-27T20:39:14.613+0000] {dagbag.py:387} ERROR - Failed to import: /opt/airflow/dags/driven_data_pipeline.py
Traceback (most recent call last):
  File "/home/airflow/.local/lib/python3.12/site-packages/airflow/models/dagbag.py", line 383, in parse
    loader.exec_module(new_module)
  File "<frozen importlib._bootstrap_external>", line 991, in exec_module
  File "<frozen importlib._bootstrap_external>", line 1129, in get_code
  File "<frozen importlib._bootstrap_external>", line 1059, in source_to_code
  File "<frozen importlib._bootstrap>", line 488, in _call_with_frames_removed
  File "/opt/airflow/dags/driven_data_pipeline.py", line 124
    if str(date.today()) != "2024-09-23":
IndentationError: unexpected indent
[2025-06-27T20:39:14.617+0000] {processor.py:927} WARNING - No viable dags retrieved from /opt/airflow/dags/driven_data_pipeline.py
[2025-06-27T20:39:14.652+0000] {processor.py:208} INFO - Processing /opt/airflow/dags/driven_data_pipeline.py took 0.117 seconds
[2025-06-27T20:39:20.707+0000] {processor.py:186} INFO - Started process (PID=403) to work on /opt/airflow/dags/driven_data_pipeline.py
[2025-06-27T20:39:20.709+0000] {processor.py:914} INFO - Processing file /opt/airflow/dags/driven_data_pipeline.py for tasks to queue
[2025-06-27T20:39:20.717+0000] {logging_mixin.py:190} INFO - [2025-06-27T20:39:20.716+0000] {dagbag.py:588} INFO - Filling up the DagBag from /opt/airflow/dags/driven_data_pipeline.py
[2025-06-27T20:39:20.754+0000] {logging_mixin.py:190} INFO - [2025-06-27T20:39:20.752+0000] {dagbag.py:387} ERROR - Failed to import: /opt/airflow/dags/driven_data_pipeline.py
Traceback (most recent call last):
  File "/home/airflow/.local/lib/python3.12/site-packages/airflow/models/dagbag.py", line 383, in parse
    loader.exec_module(new_module)
  File "<frozen importlib._bootstrap_external>", line 991, in exec_module
  File "<frozen importlib._bootstrap_external>", line 1129, in get_code
  File "<frozen importlib._bootstrap_external>", line 1059, in source_to_code
  File "<frozen importlib._bootstrap>", line 488, in _call_with_frames_removed
  File "/opt/airflow/dags/driven_data_pipeline.py", line 124
    if str(date.today()) != "2024-09-23":
IndentationError: unexpected indent
[2025-06-27T20:39:20.756+0000] {processor.py:927} WARNING - No viable dags retrieved from /opt/airflow/dags/driven_data_pipeline.py
[2025-06-27T20:39:20.794+0000] {processor.py:208} INFO - Processing /opt/airflow/dags/driven_data_pipeline.py took 0.099 seconds
[2025-06-27T20:39:22.837+0000] {processor.py:186} INFO - Started process (PID=410) to work on /opt/airflow/dags/driven_data_pipeline.py
[2025-06-27T20:39:22.840+0000] {processor.py:914} INFO - Processing file /opt/airflow/dags/driven_data_pipeline.py for tasks to queue
[2025-06-27T20:39:22.846+0000] {logging_mixin.py:190} INFO - [2025-06-27T20:39:22.845+0000] {dagbag.py:588} INFO - Filling up the DagBag from /opt/airflow/dags/driven_data_pipeline.py
[2025-06-27T20:39:22.873+0000] {logging_mixin.py:190} INFO - [2025-06-27T20:39:22.870+0000] {dagbag.py:387} ERROR - Failed to import: /opt/airflow/dags/driven_data_pipeline.py
Traceback (most recent call last):
  File "/home/airflow/.local/lib/python3.12/site-packages/airflow/models/dagbag.py", line 383, in parse
    loader.exec_module(new_module)
  File "<frozen importlib._bootstrap_external>", line 991, in exec_module
  File "<frozen importlib._bootstrap_external>", line 1129, in get_code
  File "<frozen importlib._bootstrap_external>", line 1059, in source_to_code
  File "<frozen importlib._bootstrap>", line 488, in _call_with_frames_removed
  File "/opt/airflow/dags/driven_data_pipeline.py", line 124
    if str(date.today()) != "2024-09-23":
IndentationError: unexpected indent
[2025-06-27T20:39:22.875+0000] {processor.py:927} WARNING - No viable dags retrieved from /opt/airflow/dags/driven_data_pipeline.py
[2025-06-27T20:39:22.913+0000] {processor.py:208} INFO - Processing /opt/airflow/dags/driven_data_pipeline.py took 0.099 seconds
[2025-06-27T20:39:24.929+0000] {processor.py:186} INFO - Started process (PID=411) to work on /opt/airflow/dags/driven_data_pipeline.py
[2025-06-27T20:39:24.931+0000] {processor.py:914} INFO - Processing file /opt/airflow/dags/driven_data_pipeline.py for tasks to queue
[2025-06-27T20:39:24.936+0000] {logging_mixin.py:190} INFO - [2025-06-27T20:39:24.936+0000] {dagbag.py:588} INFO - Filling up the DagBag from /opt/airflow/dags/driven_data_pipeline.py
[2025-06-27T20:39:24.984+0000] {logging_mixin.py:190} INFO - [2025-06-27T20:39:24.982+0000] {dagbag.py:387} ERROR - Failed to import: /opt/airflow/dags/driven_data_pipeline.py
Traceback (most recent call last):
  File "/home/airflow/.local/lib/python3.12/site-packages/airflow/models/dagbag.py", line 383, in parse
    loader.exec_module(new_module)
  File "<frozen importlib._bootstrap_external>", line 991, in exec_module
  File "<frozen importlib._bootstrap_external>", line 1129, in get_code
  File "<frozen importlib._bootstrap_external>", line 1059, in source_to_code
  File "<frozen importlib._bootstrap>", line 488, in _call_with_frames_removed
  File "/opt/airflow/dags/driven_data_pipeline.py", line 124
    if str(date.today()) != "2024-09-23":
IndentationError: unexpected indent
[2025-06-27T20:39:24.986+0000] {processor.py:927} WARNING - No viable dags retrieved from /opt/airflow/dags/driven_data_pipeline.py
[2025-06-27T20:39:25.030+0000] {processor.py:208} INFO - Processing /opt/airflow/dags/driven_data_pipeline.py took 0.116 seconds
[2025-06-27T20:39:28.062+0000] {processor.py:186} INFO - Started process (PID=412) to work on /opt/airflow/dags/driven_data_pipeline.py
[2025-06-27T20:39:28.064+0000] {processor.py:914} INFO - Processing file /opt/airflow/dags/driven_data_pipeline.py for tasks to queue
[2025-06-27T20:39:28.069+0000] {logging_mixin.py:190} INFO - [2025-06-27T20:39:28.068+0000] {dagbag.py:588} INFO - Filling up the DagBag from /opt/airflow/dags/driven_data_pipeline.py
[2025-06-27T20:39:28.108+0000] {logging_mixin.py:190} INFO - [2025-06-27T20:39:28.106+0000] {dagbag.py:387} ERROR - Failed to import: /opt/airflow/dags/driven_data_pipeline.py
Traceback (most recent call last):
  File "/home/airflow/.local/lib/python3.12/site-packages/airflow/models/dagbag.py", line 383, in parse
    loader.exec_module(new_module)
  File "<frozen importlib._bootstrap_external>", line 991, in exec_module
  File "<frozen importlib._bootstrap_external>", line 1129, in get_code
  File "<frozen importlib._bootstrap_external>", line 1059, in source_to_code
  File "<frozen importlib._bootstrap>", line 488, in _call_with_frames_removed
  File "/opt/airflow/dags/driven_data_pipeline.py", line 124
    if str(date.today()) != "2024-09-23":
IndentationError: unexpected indent
[2025-06-27T20:39:28.110+0000] {processor.py:927} WARNING - No viable dags retrieved from /opt/airflow/dags/driven_data_pipeline.py
[2025-06-27T20:39:28.148+0000] {processor.py:208} INFO - Processing /opt/airflow/dags/driven_data_pipeline.py took 0.096 seconds
[2025-06-27T20:39:58.463+0000] {processor.py:186} INFO - Started process (PID=419) to work on /opt/airflow/dags/driven_data_pipeline.py
[2025-06-27T20:39:58.466+0000] {processor.py:914} INFO - Processing file /opt/airflow/dags/driven_data_pipeline.py for tasks to queue
[2025-06-27T20:39:58.472+0000] {logging_mixin.py:190} INFO - [2025-06-27T20:39:58.471+0000] {dagbag.py:588} INFO - Filling up the DagBag from /opt/airflow/dags/driven_data_pipeline.py
[2025-06-27T20:39:58.513+0000] {logging_mixin.py:190} INFO - [2025-06-27T20:39:58.510+0000] {dagbag.py:387} ERROR - Failed to import: /opt/airflow/dags/driven_data_pipeline.py
Traceback (most recent call last):
  File "/home/airflow/.local/lib/python3.12/site-packages/airflow/models/dagbag.py", line 383, in parse
    loader.exec_module(new_module)
  File "<frozen importlib._bootstrap_external>", line 991, in exec_module
  File "<frozen importlib._bootstrap_external>", line 1129, in get_code
  File "<frozen importlib._bootstrap_external>", line 1059, in source_to_code
  File "<frozen importlib._bootstrap>", line 488, in _call_with_frames_removed
  File "/opt/airflow/dags/driven_data_pipeline.py", line 124
    if str(date.today()) != "2024-09-23":
IndentationError: unexpected indent
[2025-06-27T20:39:58.516+0000] {processor.py:927} WARNING - No viable dags retrieved from /opt/airflow/dags/driven_data_pipeline.py
[2025-06-27T20:39:58.567+0000] {processor.py:208} INFO - Processing /opt/airflow/dags/driven_data_pipeline.py took 0.123 seconds
[2025-06-27T20:40:28.892+0000] {processor.py:186} INFO - Started process (PID=426) to work on /opt/airflow/dags/driven_data_pipeline.py
[2025-06-27T20:40:28.894+0000] {processor.py:914} INFO - Processing file /opt/airflow/dags/driven_data_pipeline.py for tasks to queue
[2025-06-27T20:40:28.900+0000] {logging_mixin.py:190} INFO - [2025-06-27T20:40:28.899+0000] {dagbag.py:588} INFO - Filling up the DagBag from /opt/airflow/dags/driven_data_pipeline.py
[2025-06-27T20:40:28.937+0000] {logging_mixin.py:190} INFO - [2025-06-27T20:40:28.935+0000] {dagbag.py:387} ERROR - Failed to import: /opt/airflow/dags/driven_data_pipeline.py
Traceback (most recent call last):
  File "/home/airflow/.local/lib/python3.12/site-packages/airflow/models/dagbag.py", line 383, in parse
    loader.exec_module(new_module)
  File "<frozen importlib._bootstrap_external>", line 991, in exec_module
  File "<frozen importlib._bootstrap_external>", line 1129, in get_code
  File "<frozen importlib._bootstrap_external>", line 1059, in source_to_code
  File "<frozen importlib._bootstrap>", line 488, in _call_with_frames_removed
  File "/opt/airflow/dags/driven_data_pipeline.py", line 124
    if str(date.today()) != "2024-09-23":
IndentationError: unexpected indent
[2025-06-27T20:40:28.939+0000] {processor.py:927} WARNING - No viable dags retrieved from /opt/airflow/dags/driven_data_pipeline.py
[2025-06-27T20:40:28.977+0000] {processor.py:208} INFO - Processing /opt/airflow/dags/driven_data_pipeline.py took 0.095 seconds
[2025-06-27T20:40:49.249+0000] {processor.py:186} INFO - Started process (PID=427) to work on /opt/airflow/dags/driven_data_pipeline.py
[2025-06-27T20:40:49.251+0000] {processor.py:914} INFO - Processing file /opt/airflow/dags/driven_data_pipeline.py for tasks to queue
[2025-06-27T20:40:49.256+0000] {logging_mixin.py:190} INFO - [2025-06-27T20:40:49.256+0000] {dagbag.py:588} INFO - Filling up the DagBag from /opt/airflow/dags/driven_data_pipeline.py
[2025-06-27T20:40:50.918+0000] {processor.py:925} INFO - DAG(s) 'extract_raw_data_pipeline' retrieved from /opt/airflow/dags/driven_data_pipeline.py
[2025-06-27T20:40:51.548+0000] {logging_mixin.py:190} INFO - [2025-06-27T20:40:51.546+0000] {override.py:1900} INFO - Created Permission View: can read on DAG:extract_raw_data_pipeline
[2025-06-27T20:40:51.574+0000] {logging_mixin.py:190} INFO - [2025-06-27T20:40:51.574+0000] {override.py:1900} INFO - Created Permission View: can edit on DAG:extract_raw_data_pipeline
[2025-06-27T20:40:51.587+0000] {logging_mixin.py:190} INFO - [2025-06-27T20:40:51.586+0000] {override.py:1900} INFO - Created Permission View: can delete on DAG:extract_raw_data_pipeline
[2025-06-27T20:40:51.601+0000] {logging_mixin.py:190} INFO - [2025-06-27T20:40:51.600+0000] {override.py:1900} INFO - Created Permission View: can delete on DAG Run:extract_raw_data_pipeline
[2025-06-27T20:40:51.616+0000] {logging_mixin.py:190} INFO - [2025-06-27T20:40:51.616+0000] {override.py:1900} INFO - Created Permission View: can read on DAG Run:extract_raw_data_pipeline
[2025-06-27T20:40:51.632+0000] {logging_mixin.py:190} INFO - [2025-06-27T20:40:51.632+0000] {override.py:1900} INFO - Created Permission View: menu access on DAG Run:extract_raw_data_pipeline
[2025-06-27T20:40:51.647+0000] {logging_mixin.py:190} INFO - [2025-06-27T20:40:51.647+0000] {override.py:1900} INFO - Created Permission View: can create on DAG Run:extract_raw_data_pipeline
[2025-06-27T20:40:51.649+0000] {logging_mixin.py:190} INFO - [2025-06-27T20:40:51.648+0000] {dag.py:3239} INFO - Sync 1 DAGs
[2025-06-27T20:40:51.706+0000] {logging_mixin.py:190} INFO - [2025-06-27T20:40:51.706+0000] {dag.py:3262} INFO - Creating ORM DAG for extract_raw_data_pipeline
[2025-06-27T20:40:51.747+0000] {logging_mixin.py:190} INFO - [2025-06-27T20:40:51.746+0000] {dag.py:4180} INFO - Setting next_dagrun for extract_raw_data_pipeline to 2025-06-27 07:58:00+00:00, run_after=2025-06-27 07:59:00+00:00
[2025-06-27T20:40:51.804+0000] {processor.py:208} INFO - Processing /opt/airflow/dags/driven_data_pipeline.py took 2.566 seconds
[2025-06-27T20:41:22.249+0000] {processor.py:186} INFO - Started process (PID=435) to work on /opt/airflow/dags/driven_data_pipeline.py
[2025-06-27T20:41:22.252+0000] {processor.py:914} INFO - Processing file /opt/airflow/dags/driven_data_pipeline.py for tasks to queue
[2025-06-27T20:41:22.258+0000] {logging_mixin.py:190} INFO - [2025-06-27T20:41:22.257+0000] {dagbag.py:588} INFO - Filling up the DagBag from /opt/airflow/dags/driven_data_pipeline.py
[2025-06-27T20:41:22.595+0000] {processor.py:925} INFO - DAG(s) 'extract_raw_data_pipeline' retrieved from /opt/airflow/dags/driven_data_pipeline.py
[2025-06-27T20:41:22.653+0000] {logging_mixin.py:190} INFO - [2025-06-27T20:41:22.652+0000] {dag.py:3239} INFO - Sync 1 DAGs
[2025-06-27T20:41:22.701+0000] {logging_mixin.py:190} INFO - [2025-06-27T20:41:22.701+0000] {dag.py:4180} INFO - Setting next_dagrun for extract_raw_data_pipeline to 2025-06-27 07:58:00+00:00, run_after=2025-06-27 07:59:00+00:00
[2025-06-27T20:41:22.742+0000] {processor.py:208} INFO - Processing /opt/airflow/dags/driven_data_pipeline.py took 0.507 seconds
[2025-06-27T20:41:34.808+0000] {processor.py:186} INFO - Started process (PID=443) to work on /opt/airflow/dags/driven_data_pipeline.py
[2025-06-27T20:41:34.810+0000] {processor.py:914} INFO - Processing file /opt/airflow/dags/driven_data_pipeline.py for tasks to queue
[2025-06-27T20:41:34.815+0000] {logging_mixin.py:190} INFO - [2025-06-27T20:41:34.814+0000] {dagbag.py:588} INFO - Filling up the DagBag from /opt/airflow/dags/driven_data_pipeline.py
[2025-06-27T20:41:35.289+0000] {processor.py:925} INFO - DAG(s) 'extract_raw_data_pipeline' retrieved from /opt/airflow/dags/driven_data_pipeline.py
[2025-06-27T20:41:35.367+0000] {logging_mixin.py:190} INFO - [2025-06-27T20:41:35.366+0000] {dag.py:3239} INFO - Sync 1 DAGs
[2025-06-27T20:41:35.418+0000] {logging_mixin.py:190} INFO - [2025-06-27T20:41:35.418+0000] {dag.py:4180} INFO - Setting next_dagrun for extract_raw_data_pipeline to 2025-06-27 07:58:00+00:00, run_after=2025-06-27 07:59:00+00:00
[2025-06-27T20:41:35.461+0000] {processor.py:208} INFO - Processing /opt/airflow/dags/driven_data_pipeline.py took 0.665 seconds
[2025-06-27T20:42:44.054+0000] {processor.py:186} INFO - Started process (PID=55) to work on /opt/airflow/dags/driven_data_pipeline.py
[2025-06-27T20:42:44.076+0000] {processor.py:914} INFO - Processing file /opt/airflow/dags/driven_data_pipeline.py for tasks to queue
[2025-06-27T20:42:44.124+0000] {logging_mixin.py:190} INFO - [2025-06-27T20:42:44.122+0000] {dagbag.py:588} INFO - Filling up the DagBag from /opt/airflow/dags/driven_data_pipeline.py
[2025-06-27T20:42:46.583+0000] {processor.py:925} INFO - DAG(s) 'extract_raw_data_pipeline' retrieved from /opt/airflow/dags/driven_data_pipeline.py
[2025-06-27T20:42:46.666+0000] {logging_mixin.py:190} INFO - [2025-06-27T20:42:46.665+0000] {dag.py:3239} INFO - Sync 1 DAGs
[2025-06-27T20:42:46.728+0000] {logging_mixin.py:190} INFO - [2025-06-27T20:42:46.727+0000] {dag.py:4180} INFO - Setting next_dagrun for extract_raw_data_pipeline to 2025-06-27 07:58:00+00:00, run_after=2025-06-27 07:59:00+00:00
[2025-06-27T20:42:46.788+0000] {processor.py:208} INFO - Processing /opt/airflow/dags/driven_data_pipeline.py took 2.810 seconds
[2025-06-27T20:43:17.436+0000] {processor.py:186} INFO - Started process (PID=69) to work on /opt/airflow/dags/driven_data_pipeline.py
[2025-06-27T20:43:17.438+0000] {processor.py:914} INFO - Processing file /opt/airflow/dags/driven_data_pipeline.py for tasks to queue
[2025-06-27T20:43:17.444+0000] {logging_mixin.py:190} INFO - [2025-06-27T20:43:17.443+0000] {dagbag.py:588} INFO - Filling up the DagBag from /opt/airflow/dags/driven_data_pipeline.py
[2025-06-27T20:43:18.137+0000] {processor.py:925} INFO - DAG(s) 'extract_raw_data_pipeline' retrieved from /opt/airflow/dags/driven_data_pipeline.py
[2025-06-27T20:43:18.193+0000] {logging_mixin.py:190} INFO - [2025-06-27T20:43:18.192+0000] {dag.py:3239} INFO - Sync 1 DAGs
[2025-06-27T20:43:18.250+0000] {logging_mixin.py:190} INFO - [2025-06-27T20:43:18.249+0000] {dag.py:4180} INFO - Setting next_dagrun for extract_raw_data_pipeline to 2025-06-27 07:58:00+00:00, run_after=2025-06-27 07:59:00+00:00
[2025-06-27T20:43:18.288+0000] {processor.py:208} INFO - Processing /opt/airflow/dags/driven_data_pipeline.py took 0.865 seconds
[2025-06-27T20:43:48.759+0000] {processor.py:186} INFO - Started process (PID=76) to work on /opt/airflow/dags/driven_data_pipeline.py
[2025-06-27T20:43:48.762+0000] {processor.py:914} INFO - Processing file /opt/airflow/dags/driven_data_pipeline.py for tasks to queue
[2025-06-27T20:43:48.768+0000] {logging_mixin.py:190} INFO - [2025-06-27T20:43:48.767+0000] {dagbag.py:588} INFO - Filling up the DagBag from /opt/airflow/dags/driven_data_pipeline.py
[2025-06-27T20:43:49.325+0000] {processor.py:925} INFO - DAG(s) 'extract_raw_data_pipeline' retrieved from /opt/airflow/dags/driven_data_pipeline.py
[2025-06-27T20:43:49.372+0000] {logging_mixin.py:190} INFO - [2025-06-27T20:43:49.371+0000] {dag.py:3239} INFO - Sync 1 DAGs
[2025-06-27T20:43:49.412+0000] {logging_mixin.py:190} INFO - [2025-06-27T20:43:49.411+0000] {dag.py:4180} INFO - Setting next_dagrun for extract_raw_data_pipeline to 2025-06-27 07:58:00+00:00, run_after=2025-06-27 07:59:00+00:00
[2025-06-27T20:43:49.447+0000] {processor.py:208} INFO - Processing /opt/airflow/dags/driven_data_pipeline.py took 0.703 seconds
[2025-06-27T20:44:19.915+0000] {processor.py:186} INFO - Started process (PID=84) to work on /opt/airflow/dags/driven_data_pipeline.py
[2025-06-27T20:44:19.918+0000] {processor.py:914} INFO - Processing file /opt/airflow/dags/driven_data_pipeline.py for tasks to queue
[2025-06-27T20:44:19.924+0000] {logging_mixin.py:190} INFO - [2025-06-27T20:44:19.923+0000] {dagbag.py:588} INFO - Filling up the DagBag from /opt/airflow/dags/driven_data_pipeline.py
[2025-06-27T20:44:21.347+0000] {processor.py:925} INFO - DAG(s) 'extract_raw_data_pipeline' retrieved from /opt/airflow/dags/driven_data_pipeline.py
[2025-06-27T20:44:21.478+0000] {logging_mixin.py:190} INFO - [2025-06-27T20:44:21.478+0000] {dag.py:3239} INFO - Sync 1 DAGs
[2025-06-27T20:44:21.533+0000] {logging_mixin.py:190} INFO - [2025-06-27T20:44:21.533+0000] {dag.py:4180} INFO - Setting next_dagrun for extract_raw_data_pipeline to 2025-06-27 07:58:00+00:00, run_after=2025-06-27 07:59:00+00:00
[2025-06-27T20:44:21.574+0000] {processor.py:208} INFO - Processing /opt/airflow/dags/driven_data_pipeline.py took 1.670 seconds
[2025-06-27T20:44:51.764+0000] {processor.py:186} INFO - Started process (PID=92) to work on /opt/airflow/dags/driven_data_pipeline.py
[2025-06-27T20:44:51.766+0000] {processor.py:914} INFO - Processing file /opt/airflow/dags/driven_data_pipeline.py for tasks to queue
[2025-06-27T20:44:51.774+0000] {logging_mixin.py:190} INFO - [2025-06-27T20:44:51.774+0000] {dagbag.py:588} INFO - Filling up the DagBag from /opt/airflow/dags/driven_data_pipeline.py
[2025-06-27T20:44:52.542+0000] {processor.py:925} INFO - DAG(s) 'extract_raw_data_pipeline' retrieved from /opt/airflow/dags/driven_data_pipeline.py
[2025-06-27T20:44:52.586+0000] {logging_mixin.py:190} INFO - [2025-06-27T20:44:52.585+0000] {dag.py:3239} INFO - Sync 1 DAGs
[2025-06-27T20:44:52.623+0000] {logging_mixin.py:190} INFO - [2025-06-27T20:44:52.623+0000] {dag.py:4180} INFO - Setting next_dagrun for extract_raw_data_pipeline to 2025-06-27 07:58:00+00:00, run_after=2025-06-27 07:59:00+00:00
[2025-06-27T20:44:52.655+0000] {processor.py:208} INFO - Processing /opt/airflow/dags/driven_data_pipeline.py took 0.902 seconds
[2025-06-27T20:45:23.107+0000] {processor.py:186} INFO - Started process (PID=100) to work on /opt/airflow/dags/driven_data_pipeline.py
[2025-06-27T20:45:23.109+0000] {processor.py:914} INFO - Processing file /opt/airflow/dags/driven_data_pipeline.py for tasks to queue
[2025-06-27T20:45:23.115+0000] {logging_mixin.py:190} INFO - [2025-06-27T20:45:23.114+0000] {dagbag.py:588} INFO - Filling up the DagBag from /opt/airflow/dags/driven_data_pipeline.py
[2025-06-27T20:45:23.601+0000] {processor.py:925} INFO - DAG(s) 'extract_raw_data_pipeline' retrieved from /opt/airflow/dags/driven_data_pipeline.py
[2025-06-27T20:45:23.638+0000] {logging_mixin.py:190} INFO - [2025-06-27T20:45:23.637+0000] {dag.py:3239} INFO - Sync 1 DAGs
[2025-06-27T20:45:23.683+0000] {logging_mixin.py:190} INFO - [2025-06-27T20:45:23.683+0000] {dag.py:4180} INFO - Setting next_dagrun for extract_raw_data_pipeline to 2025-06-27 07:58:00+00:00, run_after=2025-06-27 07:59:00+00:00
[2025-06-27T20:45:23.767+0000] {processor.py:208} INFO - Processing /opt/airflow/dags/driven_data_pipeline.py took 0.669 seconds
[2025-06-27T20:45:54.372+0000] {processor.py:186} INFO - Started process (PID=108) to work on /opt/airflow/dags/driven_data_pipeline.py
[2025-06-27T20:45:54.374+0000] {processor.py:914} INFO - Processing file /opt/airflow/dags/driven_data_pipeline.py for tasks to queue
[2025-06-27T20:45:54.379+0000] {logging_mixin.py:190} INFO - [2025-06-27T20:45:54.379+0000] {dagbag.py:588} INFO - Filling up the DagBag from /opt/airflow/dags/driven_data_pipeline.py
[2025-06-27T20:45:54.646+0000] {processor.py:925} INFO - DAG(s) 'extract_raw_data_pipeline' retrieved from /opt/airflow/dags/driven_data_pipeline.py
[2025-06-27T20:45:54.690+0000] {logging_mixin.py:190} INFO - [2025-06-27T20:45:54.690+0000] {dag.py:3239} INFO - Sync 1 DAGs
[2025-06-27T20:45:54.738+0000] {logging_mixin.py:190} INFO - [2025-06-27T20:45:54.737+0000] {dag.py:4180} INFO - Setting next_dagrun for extract_raw_data_pipeline to 2025-06-27 07:58:00+00:00, run_after=2025-06-27 07:59:00+00:00
[2025-06-27T20:45:54.766+0000] {processor.py:208} INFO - Processing /opt/airflow/dags/driven_data_pipeline.py took 0.404 seconds
[2025-06-27T20:46:25.049+0000] {processor.py:186} INFO - Started process (PID=115) to work on /opt/airflow/dags/driven_data_pipeline.py
[2025-06-27T20:46:25.057+0000] {processor.py:914} INFO - Processing file /opt/airflow/dags/driven_data_pipeline.py for tasks to queue
[2025-06-27T20:46:25.070+0000] {logging_mixin.py:190} INFO - [2025-06-27T20:46:25.069+0000] {dagbag.py:588} INFO - Filling up the DagBag from /opt/airflow/dags/driven_data_pipeline.py
[2025-06-27T20:46:25.481+0000] {processor.py:925} INFO - DAG(s) 'extract_raw_data_pipeline' retrieved from /opt/airflow/dags/driven_data_pipeline.py
[2025-06-27T20:46:25.542+0000] {logging_mixin.py:190} INFO - [2025-06-27T20:46:25.542+0000] {dag.py:3239} INFO - Sync 1 DAGs
[2025-06-27T20:46:25.651+0000] {logging_mixin.py:190} INFO - [2025-06-27T20:46:25.650+0000] {dag.py:4180} INFO - Setting next_dagrun for extract_raw_data_pipeline to 2025-06-27 07:58:00+00:00, run_after=2025-06-27 07:59:00+00:00
[2025-06-27T20:46:25.732+0000] {processor.py:208} INFO - Processing /opt/airflow/dags/driven_data_pipeline.py took 0.718 seconds
[2025-06-27T20:46:56.255+0000] {processor.py:186} INFO - Started process (PID=124) to work on /opt/airflow/dags/driven_data_pipeline.py
[2025-06-27T20:46:56.258+0000] {processor.py:914} INFO - Processing file /opt/airflow/dags/driven_data_pipeline.py for tasks to queue
[2025-06-27T20:46:56.264+0000] {logging_mixin.py:190} INFO - [2025-06-27T20:46:56.263+0000] {dagbag.py:588} INFO - Filling up the DagBag from /opt/airflow/dags/driven_data_pipeline.py
[2025-06-27T20:46:56.661+0000] {processor.py:925} INFO - DAG(s) 'extract_raw_data_pipeline' retrieved from /opt/airflow/dags/driven_data_pipeline.py
[2025-06-27T20:46:56.714+0000] {logging_mixin.py:190} INFO - [2025-06-27T20:46:56.714+0000] {dag.py:3239} INFO - Sync 1 DAGs
[2025-06-27T20:46:56.755+0000] {logging_mixin.py:190} INFO - [2025-06-27T20:46:56.754+0000] {dag.py:4180} INFO - Setting next_dagrun for extract_raw_data_pipeline to 2025-06-27 07:58:00+00:00, run_after=2025-06-27 07:59:00+00:00
[2025-06-27T20:46:56.793+0000] {processor.py:208} INFO - Processing /opt/airflow/dags/driven_data_pipeline.py took 0.548 seconds
[2025-06-27T20:47:26.985+0000] {processor.py:186} INFO - Started process (PID=132) to work on /opt/airflow/dags/driven_data_pipeline.py
[2025-06-27T20:47:26.987+0000] {processor.py:914} INFO - Processing file /opt/airflow/dags/driven_data_pipeline.py for tasks to queue
[2025-06-27T20:47:26.992+0000] {logging_mixin.py:190} INFO - [2025-06-27T20:47:26.992+0000] {dagbag.py:588} INFO - Filling up the DagBag from /opt/airflow/dags/driven_data_pipeline.py
[2025-06-27T20:47:27.304+0000] {processor.py:925} INFO - DAG(s) 'extract_raw_data_pipeline' retrieved from /opt/airflow/dags/driven_data_pipeline.py
[2025-06-27T20:47:27.352+0000] {logging_mixin.py:190} INFO - [2025-06-27T20:47:27.351+0000] {dag.py:3239} INFO - Sync 1 DAGs
[2025-06-27T20:47:27.395+0000] {logging_mixin.py:190} INFO - [2025-06-27T20:47:27.394+0000] {dag.py:4180} INFO - Setting next_dagrun for extract_raw_data_pipeline to 2025-06-27 07:58:00+00:00, run_after=2025-06-27 07:59:00+00:00
[2025-06-27T20:47:27.432+0000] {processor.py:208} INFO - Processing /opt/airflow/dags/driven_data_pipeline.py took 0.459 seconds
[2025-06-27T20:47:57.556+0000] {processor.py:186} INFO - Started process (PID=140) to work on /opt/airflow/dags/driven_data_pipeline.py
[2025-06-27T20:47:57.558+0000] {processor.py:914} INFO - Processing file /opt/airflow/dags/driven_data_pipeline.py for tasks to queue
[2025-06-27T20:47:57.567+0000] {logging_mixin.py:190} INFO - [2025-06-27T20:47:57.566+0000] {dagbag.py:588} INFO - Filling up the DagBag from /opt/airflow/dags/driven_data_pipeline.py
[2025-06-27T20:47:57.875+0000] {processor.py:925} INFO - DAG(s) 'extract_raw_data_pipeline' retrieved from /opt/airflow/dags/driven_data_pipeline.py
[2025-06-27T20:47:57.919+0000] {logging_mixin.py:190} INFO - [2025-06-27T20:47:57.919+0000] {dag.py:3239} INFO - Sync 1 DAGs
[2025-06-27T20:47:57.956+0000] {logging_mixin.py:190} INFO - [2025-06-27T20:47:57.956+0000] {dag.py:4180} INFO - Setting next_dagrun for extract_raw_data_pipeline to 2025-06-27 07:58:00+00:00, run_after=2025-06-27 07:59:00+00:00
[2025-06-27T20:47:57.987+0000] {processor.py:208} INFO - Processing /opt/airflow/dags/driven_data_pipeline.py took 0.446 seconds
[2025-06-27T20:48:28.102+0000] {processor.py:186} INFO - Started process (PID=147) to work on /opt/airflow/dags/driven_data_pipeline.py
[2025-06-27T20:48:28.103+0000] {processor.py:914} INFO - Processing file /opt/airflow/dags/driven_data_pipeline.py for tasks to queue
[2025-06-27T20:48:28.109+0000] {logging_mixin.py:190} INFO - [2025-06-27T20:48:28.107+0000] {dagbag.py:588} INFO - Filling up the DagBag from /opt/airflow/dags/driven_data_pipeline.py
[2025-06-27T20:48:28.438+0000] {processor.py:925} INFO - DAG(s) 'extract_raw_data_pipeline' retrieved from /opt/airflow/dags/driven_data_pipeline.py
[2025-06-27T20:48:28.485+0000] {logging_mixin.py:190} INFO - [2025-06-27T20:48:28.485+0000] {dag.py:3239} INFO - Sync 1 DAGs
[2025-06-27T20:48:28.525+0000] {logging_mixin.py:190} INFO - [2025-06-27T20:48:28.525+0000] {dag.py:4180} INFO - Setting next_dagrun for extract_raw_data_pipeline to 2025-06-27 07:58:00+00:00, run_after=2025-06-27 07:59:00+00:00
[2025-06-27T20:48:28.580+0000] {processor.py:208} INFO - Processing /opt/airflow/dags/driven_data_pipeline.py took 0.491 seconds
[2025-06-27T20:48:59.008+0000] {processor.py:186} INFO - Started process (PID=154) to work on /opt/airflow/dags/driven_data_pipeline.py
[2025-06-27T20:48:59.010+0000] {processor.py:914} INFO - Processing file /opt/airflow/dags/driven_data_pipeline.py for tasks to queue
[2025-06-27T20:48:59.016+0000] {logging_mixin.py:190} INFO - [2025-06-27T20:48:59.015+0000] {dagbag.py:588} INFO - Filling up the DagBag from /opt/airflow/dags/driven_data_pipeline.py
[2025-06-27T20:48:59.317+0000] {processor.py:925} INFO - DAG(s) 'extract_raw_data_pipeline' retrieved from /opt/airflow/dags/driven_data_pipeline.py
[2025-06-27T20:48:59.366+0000] {logging_mixin.py:190} INFO - [2025-06-27T20:48:59.365+0000] {dag.py:3239} INFO - Sync 1 DAGs
[2025-06-27T20:48:59.406+0000] {logging_mixin.py:190} INFO - [2025-06-27T20:48:59.405+0000] {dag.py:4180} INFO - Setting next_dagrun for extract_raw_data_pipeline to 2025-06-27 07:58:00+00:00, run_after=2025-06-27 07:59:00+00:00
[2025-06-27T20:48:59.441+0000] {processor.py:208} INFO - Processing /opt/airflow/dags/driven_data_pipeline.py took 0.445 seconds
[2025-06-27T20:49:29.933+0000] {processor.py:186} INFO - Started process (PID=162) to work on /opt/airflow/dags/driven_data_pipeline.py
[2025-06-27T20:49:29.936+0000] {processor.py:914} INFO - Processing file /opt/airflow/dags/driven_data_pipeline.py for tasks to queue
[2025-06-27T20:49:29.942+0000] {logging_mixin.py:190} INFO - [2025-06-27T20:49:29.941+0000] {dagbag.py:588} INFO - Filling up the DagBag from /opt/airflow/dags/driven_data_pipeline.py
[2025-06-27T20:49:30.276+0000] {processor.py:925} INFO - DAG(s) 'extract_raw_data_pipeline' retrieved from /opt/airflow/dags/driven_data_pipeline.py
[2025-06-27T20:49:30.331+0000] {logging_mixin.py:190} INFO - [2025-06-27T20:49:30.330+0000] {dag.py:3239} INFO - Sync 1 DAGs
[2025-06-27T20:49:30.376+0000] {logging_mixin.py:190} INFO - [2025-06-27T20:49:30.375+0000] {dag.py:4180} INFO - Setting next_dagrun for extract_raw_data_pipeline to 2025-06-27 07:58:00+00:00, run_after=2025-06-27 07:59:00+00:00
[2025-06-27T20:49:30.416+0000] {processor.py:208} INFO - Processing /opt/airflow/dags/driven_data_pipeline.py took 0.495 seconds
[2025-06-27T20:50:00.861+0000] {processor.py:186} INFO - Started process (PID=170) to work on /opt/airflow/dags/driven_data_pipeline.py
[2025-06-27T20:50:00.863+0000] {processor.py:914} INFO - Processing file /opt/airflow/dags/driven_data_pipeline.py for tasks to queue
[2025-06-27T20:50:00.869+0000] {logging_mixin.py:190} INFO - [2025-06-27T20:50:00.868+0000] {dagbag.py:588} INFO - Filling up the DagBag from /opt/airflow/dags/driven_data_pipeline.py
[2025-06-27T20:50:01.225+0000] {processor.py:925} INFO - DAG(s) 'extract_raw_data_pipeline' retrieved from /opt/airflow/dags/driven_data_pipeline.py
[2025-06-27T20:50:01.274+0000] {logging_mixin.py:190} INFO - [2025-06-27T20:50:01.273+0000] {dag.py:3239} INFO - Sync 1 DAGs
[2025-06-27T20:50:01.320+0000] {logging_mixin.py:190} INFO - [2025-06-27T20:50:01.320+0000] {dag.py:4180} INFO - Setting next_dagrun for extract_raw_data_pipeline to 2025-06-27 07:58:00+00:00, run_after=2025-06-27 07:59:00+00:00
[2025-06-27T20:50:01.355+0000] {processor.py:208} INFO - Processing /opt/airflow/dags/driven_data_pipeline.py took 0.505 seconds
[2025-06-27T20:50:31.957+0000] {processor.py:186} INFO - Started process (PID=178) to work on /opt/airflow/dags/driven_data_pipeline.py
[2025-06-27T20:50:31.960+0000] {processor.py:914} INFO - Processing file /opt/airflow/dags/driven_data_pipeline.py for tasks to queue
[2025-06-27T20:50:31.967+0000] {logging_mixin.py:190} INFO - [2025-06-27T20:50:31.966+0000] {dagbag.py:588} INFO - Filling up the DagBag from /opt/airflow/dags/driven_data_pipeline.py
[2025-06-27T20:50:34.519+0000] {processor.py:925} INFO - DAG(s) 'extract_raw_data_pipeline' retrieved from /opt/airflow/dags/driven_data_pipeline.py
[2025-06-27T20:50:35.181+0000] {logging_mixin.py:190} INFO - [2025-06-27T20:50:35.180+0000] {dag.py:3239} INFO - Sync 1 DAGs
[2025-06-27T20:50:35.449+0000] {logging_mixin.py:190} INFO - [2025-06-27T20:50:35.447+0000] {dag.py:4180} INFO - Setting next_dagrun for extract_raw_data_pipeline to 2025-06-27 07:59:00+00:00, run_after=2025-06-28 07:00:00+00:00
[2025-06-27T20:50:35.601+0000] {processor.py:208} INFO - Processing /opt/airflow/dags/driven_data_pipeline.py took 3.677 seconds
[2025-06-27T20:51:07.381+0000] {processor.py:186} INFO - Started process (PID=186) to work on /opt/airflow/dags/driven_data_pipeline.py
[2025-06-27T20:51:07.395+0000] {processor.py:914} INFO - Processing file /opt/airflow/dags/driven_data_pipeline.py for tasks to queue
[2025-06-27T20:51:07.969+0000] {logging_mixin.py:190} INFO - [2025-06-27T20:51:07.925+0000] {dagbag.py:588} INFO - Filling up the DagBag from /opt/airflow/dags/driven_data_pipeline.py
[2025-06-27T20:51:16.040+0000] {processor.py:925} INFO - DAG(s) 'extract_raw_data_pipeline' retrieved from /opt/airflow/dags/driven_data_pipeline.py
[2025-06-27T20:51:16.920+0000] {logging_mixin.py:190} INFO - [2025-06-27T20:51:16.920+0000] {dag.py:3239} INFO - Sync 1 DAGs
[2025-06-27T20:51:19.986+0000] {logging_mixin.py:190} INFO - [2025-06-27T20:51:19.985+0000] {dag.py:4180} INFO - Setting next_dagrun for extract_raw_data_pipeline to 2025-06-27 07:59:00+00:00, run_after=2025-06-28 07:00:00+00:00
[2025-06-27T20:51:20.269+0000] {processor.py:208} INFO - Processing /opt/airflow/dags/driven_data_pipeline.py took 13.056 seconds
[2025-06-27T20:51:52.078+0000] {processor.py:186} INFO - Started process (PID=200) to work on /opt/airflow/dags/driven_data_pipeline.py
[2025-06-27T20:51:52.102+0000] {processor.py:914} INFO - Processing file /opt/airflow/dags/driven_data_pipeline.py for tasks to queue
[2025-06-27T20:51:52.335+0000] {logging_mixin.py:190} INFO - [2025-06-27T20:51:52.241+0000] {dagbag.py:588} INFO - Filling up the DagBag from /opt/airflow/dags/driven_data_pipeline.py
[2025-06-27T20:51:56.013+0000] {processor.py:925} INFO - DAG(s) 'extract_raw_data_pipeline' retrieved from /opt/airflow/dags/driven_data_pipeline.py
[2025-06-27T20:51:56.758+0000] {logging_mixin.py:190} INFO - [2025-06-27T20:51:56.757+0000] {dag.py:3239} INFO - Sync 1 DAGs
[2025-06-27T20:51:57.151+0000] {logging_mixin.py:190} INFO - [2025-06-27T20:51:57.150+0000] {dag.py:4180} INFO - Setting next_dagrun for extract_raw_data_pipeline to 2025-06-27 07:59:00+00:00, run_after=2025-06-28 07:00:00+00:00
[2025-06-27T20:51:57.322+0000] {processor.py:208} INFO - Processing /opt/airflow/dags/driven_data_pipeline.py took 5.749 seconds
[2025-06-27T20:52:28.213+0000] {processor.py:186} INFO - Started process (PID=208) to work on /opt/airflow/dags/driven_data_pipeline.py
[2025-06-27T20:52:28.217+0000] {processor.py:914} INFO - Processing file /opt/airflow/dags/driven_data_pipeline.py for tasks to queue
[2025-06-27T20:52:28.235+0000] {logging_mixin.py:190} INFO - [2025-06-27T20:52:28.234+0000] {dagbag.py:588} INFO - Filling up the DagBag from /opt/airflow/dags/driven_data_pipeline.py
[2025-06-27T20:52:30.405+0000] {processor.py:925} INFO - DAG(s) 'extract_raw_data_pipeline' retrieved from /opt/airflow/dags/driven_data_pipeline.py
[2025-06-27T20:52:30.906+0000] {logging_mixin.py:190} INFO - [2025-06-27T20:52:30.906+0000] {dag.py:3239} INFO - Sync 1 DAGs
[2025-06-27T20:52:31.066+0000] {logging_mixin.py:190} INFO - [2025-06-27T20:52:31.064+0000] {dag.py:4180} INFO - Setting next_dagrun for extract_raw_data_pipeline to 2025-06-27 07:59:00+00:00, run_after=2025-06-28 07:00:00+00:00
[2025-06-27T20:52:31.203+0000] {processor.py:208} INFO - Processing /opt/airflow/dags/driven_data_pipeline.py took 3.058 seconds
[2025-06-27T20:52:53.096+0000] {processor.py:186} INFO - Started process (PID=216) to work on /opt/airflow/dags/driven_data_pipeline.py
[2025-06-27T20:52:53.101+0000] {processor.py:914} INFO - Processing file /opt/airflow/dags/driven_data_pipeline.py for tasks to queue
[2025-06-27T20:52:53.111+0000] {logging_mixin.py:190} INFO - [2025-06-27T20:52:53.110+0000] {dagbag.py:588} INFO - Filling up the DagBag from /opt/airflow/dags/driven_data_pipeline.py
[2025-06-27T20:52:53.861+0000] {processor.py:925} INFO - DAG(s) 'extract_raw_data_pipeline' retrieved from /opt/airflow/dags/driven_data_pipeline.py
[2025-06-27T20:52:54.013+0000] {logging_mixin.py:190} INFO - [2025-06-27T20:52:54.007+0000] {taskinstance.py:3312} ERROR - {'DAG Id': 'extract_raw_data_pipeline', 'Task Id': 'extract_raw_data', 'Run Id': 'scheduled__2025-06-27T07:58:00+00:00', 'Hostname': '750f2347adb7', 'External Executor Id': '19b999bf-9a06-4312-901b-c3d180a3b69f'}
[2025-06-27T20:52:54.410+0000] {logging_mixin.py:190} INFO - [2025-06-27T20:52:54.410+0000] {taskinstance.py:1225} INFO - Marking task as FAILED. dag_id=extract_raw_data_pipeline, task_id=extract_raw_data, run_id=scheduled__2025-06-27T07:58:00+00:00, execution_date=20250627T075800, start_date=20250627T205058, end_date=20250627T205254
[2025-06-27T20:52:54.507+0000] {logging_mixin.py:190} INFO - [2025-06-27T20:52:54.506+0000] {processor.py:876} INFO - Executed callback for <TaskInstance: extract_raw_data_pipeline.extract_raw_data scheduled__2025-06-27T07:58:00+00:00 [failed]> in state failed
[2025-06-27T20:52:54.595+0000] {logging_mixin.py:190} INFO - [2025-06-27T20:52:54.595+0000] {dag.py:3239} INFO - Sync 1 DAGs
[2025-06-27T20:52:54.698+0000] {logging_mixin.py:190} INFO - [2025-06-27T20:52:54.697+0000] {dag.py:4180} INFO - Setting next_dagrun for extract_raw_data_pipeline to 2025-06-27 07:59:00+00:00, run_after=2025-06-28 07:00:00+00:00
[2025-06-27T20:52:54.781+0000] {processor.py:208} INFO - Processing /opt/airflow/dags/driven_data_pipeline.py took 1.730 seconds
[2025-06-27T20:53:25.341+0000] {processor.py:186} INFO - Started process (PID=224) to work on /opt/airflow/dags/driven_data_pipeline.py
[2025-06-27T20:53:25.348+0000] {processor.py:914} INFO - Processing file /opt/airflow/dags/driven_data_pipeline.py for tasks to queue
[2025-06-27T20:53:25.355+0000] {logging_mixin.py:190} INFO - [2025-06-27T20:53:25.354+0000] {dagbag.py:588} INFO - Filling up the DagBag from /opt/airflow/dags/driven_data_pipeline.py
[2025-06-27T20:53:25.705+0000] {processor.py:925} INFO - DAG(s) 'extract_raw_data_pipeline' retrieved from /opt/airflow/dags/driven_data_pipeline.py
[2025-06-27T20:53:25.750+0000] {logging_mixin.py:190} INFO - [2025-06-27T20:53:25.750+0000] {dag.py:3239} INFO - Sync 1 DAGs
[2025-06-27T20:53:25.789+0000] {logging_mixin.py:190} INFO - [2025-06-27T20:53:25.788+0000] {dag.py:4180} INFO - Setting next_dagrun for extract_raw_data_pipeline to 2025-06-27 07:59:00+00:00, run_after=2025-06-28 07:00:00+00:00
[2025-06-27T20:53:25.822+0000] {processor.py:208} INFO - Processing /opt/airflow/dags/driven_data_pipeline.py took 0.497 seconds
[2025-06-27T20:53:56.265+0000] {processor.py:186} INFO - Started process (PID=232) to work on /opt/airflow/dags/driven_data_pipeline.py
[2025-06-27T20:53:56.268+0000] {processor.py:914} INFO - Processing file /opt/airflow/dags/driven_data_pipeline.py for tasks to queue
[2025-06-27T20:53:56.273+0000] {logging_mixin.py:190} INFO - [2025-06-27T20:53:56.272+0000] {dagbag.py:588} INFO - Filling up the DagBag from /opt/airflow/dags/driven_data_pipeline.py
[2025-06-27T20:53:56.599+0000] {processor.py:925} INFO - DAG(s) 'extract_raw_data_pipeline' retrieved from /opt/airflow/dags/driven_data_pipeline.py
[2025-06-27T20:53:56.649+0000] {logging_mixin.py:190} INFO - [2025-06-27T20:53:56.649+0000] {dag.py:3239} INFO - Sync 1 DAGs
[2025-06-27T20:53:56.696+0000] {logging_mixin.py:190} INFO - [2025-06-27T20:53:56.695+0000] {dag.py:4180} INFO - Setting next_dagrun for extract_raw_data_pipeline to 2025-06-27 07:59:00+00:00, run_after=2025-06-28 07:00:00+00:00
[2025-06-27T20:53:56.739+0000] {processor.py:208} INFO - Processing /opt/airflow/dags/driven_data_pipeline.py took 0.486 seconds
[2025-06-27T20:54:27.129+0000] {processor.py:186} INFO - Started process (PID=239) to work on /opt/airflow/dags/driven_data_pipeline.py
[2025-06-27T20:54:27.138+0000] {processor.py:914} INFO - Processing file /opt/airflow/dags/driven_data_pipeline.py for tasks to queue
[2025-06-27T20:54:27.158+0000] {logging_mixin.py:190} INFO - [2025-06-27T20:54:27.156+0000] {dagbag.py:588} INFO - Filling up the DagBag from /opt/airflow/dags/driven_data_pipeline.py
[2025-06-27T20:54:28.310+0000] {processor.py:925} INFO - DAG(s) 'extract_raw_data_pipeline' retrieved from /opt/airflow/dags/driven_data_pipeline.py
[2025-06-27T20:54:28.452+0000] {logging_mixin.py:190} INFO - [2025-06-27T20:54:28.451+0000] {dag.py:3239} INFO - Sync 1 DAGs
[2025-06-27T20:54:28.603+0000] {logging_mixin.py:190} INFO - [2025-06-27T20:54:28.593+0000] {dag.py:4180} INFO - Setting next_dagrun for extract_raw_data_pipeline to 2025-06-27 07:59:00+00:00, run_after=2025-06-28 07:00:00+00:00
[2025-06-27T20:54:28.692+0000] {processor.py:208} INFO - Processing /opt/airflow/dags/driven_data_pipeline.py took 1.594 seconds
[2025-06-27T20:54:59.870+0000] {processor.py:186} INFO - Started process (PID=247) to work on /opt/airflow/dags/driven_data_pipeline.py
[2025-06-27T20:54:59.873+0000] {processor.py:914} INFO - Processing file /opt/airflow/dags/driven_data_pipeline.py for tasks to queue
[2025-06-27T20:54:59.879+0000] {logging_mixin.py:190} INFO - [2025-06-27T20:54:59.878+0000] {dagbag.py:588} INFO - Filling up the DagBag from /opt/airflow/dags/driven_data_pipeline.py
[2025-06-27T20:55:00.927+0000] {processor.py:925} INFO - DAG(s) 'extract_raw_data_pipeline' retrieved from /opt/airflow/dags/driven_data_pipeline.py
[2025-06-27T20:55:01.620+0000] {logging_mixin.py:190} INFO - [2025-06-27T20:55:01.619+0000] {dag.py:3239} INFO - Sync 1 DAGs
[2025-06-27T20:55:01.929+0000] {logging_mixin.py:190} INFO - [2025-06-27T20:55:01.928+0000] {dag.py:4180} INFO - Setting next_dagrun for extract_raw_data_pipeline to 2025-06-27 07:59:00+00:00, run_after=2025-06-28 07:00:00+00:00
[2025-06-27T20:55:02.031+0000] {processor.py:208} INFO - Processing /opt/airflow/dags/driven_data_pipeline.py took 2.177 seconds
[2025-06-27T20:55:32.471+0000] {processor.py:186} INFO - Started process (PID=255) to work on /opt/airflow/dags/driven_data_pipeline.py
[2025-06-27T20:55:32.479+0000] {processor.py:914} INFO - Processing file /opt/airflow/dags/driven_data_pipeline.py for tasks to queue
[2025-06-27T20:55:32.491+0000] {logging_mixin.py:190} INFO - [2025-06-27T20:55:32.490+0000] {dagbag.py:588} INFO - Filling up the DagBag from /opt/airflow/dags/driven_data_pipeline.py
[2025-06-27T20:55:32.877+0000] {processor.py:925} INFO - DAG(s) 'extract_raw_data_pipeline' retrieved from /opt/airflow/dags/driven_data_pipeline.py
[2025-06-27T20:55:32.945+0000] {logging_mixin.py:190} INFO - [2025-06-27T20:55:32.945+0000] {dag.py:3239} INFO - Sync 1 DAGs
[2025-06-27T20:55:33.008+0000] {logging_mixin.py:190} INFO - [2025-06-27T20:55:33.008+0000] {dag.py:4180} INFO - Setting next_dagrun for extract_raw_data_pipeline to 2025-06-27 07:59:00+00:00, run_after=2025-06-28 07:00:00+00:00
[2025-06-27T20:55:33.060+0000] {processor.py:208} INFO - Processing /opt/airflow/dags/driven_data_pipeline.py took 0.625 seconds
[2025-06-27T20:56:03.763+0000] {processor.py:186} INFO - Started process (PID=263) to work on /opt/airflow/dags/driven_data_pipeline.py
[2025-06-27T20:56:03.767+0000] {processor.py:914} INFO - Processing file /opt/airflow/dags/driven_data_pipeline.py for tasks to queue
[2025-06-27T20:56:03.776+0000] {logging_mixin.py:190} INFO - [2025-06-27T20:56:03.775+0000] {dagbag.py:588} INFO - Filling up the DagBag from /opt/airflow/dags/driven_data_pipeline.py
[2025-06-27T20:56:04.246+0000] {processor.py:925} INFO - DAG(s) 'extract_raw_data_pipeline' retrieved from /opt/airflow/dags/driven_data_pipeline.py
[2025-06-27T20:56:04.302+0000] {logging_mixin.py:190} INFO - [2025-06-27T20:56:04.301+0000] {dag.py:3239} INFO - Sync 1 DAGs
[2025-06-27T20:56:04.360+0000] {logging_mixin.py:190} INFO - [2025-06-27T20:56:04.359+0000] {dag.py:4180} INFO - Setting next_dagrun for extract_raw_data_pipeline to 2025-06-27 07:59:00+00:00, run_after=2025-06-28 07:00:00+00:00
[2025-06-27T20:56:04.407+0000] {processor.py:208} INFO - Processing /opt/airflow/dags/driven_data_pipeline.py took 0.672 seconds
[2025-06-27T20:56:34.811+0000] {processor.py:186} INFO - Started process (PID=271) to work on /opt/airflow/dags/driven_data_pipeline.py
[2025-06-27T20:56:34.813+0000] {processor.py:914} INFO - Processing file /opt/airflow/dags/driven_data_pipeline.py for tasks to queue
[2025-06-27T20:56:34.819+0000] {logging_mixin.py:190} INFO - [2025-06-27T20:56:34.818+0000] {dagbag.py:588} INFO - Filling up the DagBag from /opt/airflow/dags/driven_data_pipeline.py
[2025-06-27T20:56:35.201+0000] {processor.py:925} INFO - DAG(s) 'extract_raw_data_pipeline' retrieved from /opt/airflow/dags/driven_data_pipeline.py
[2025-06-27T20:56:35.280+0000] {logging_mixin.py:190} INFO - [2025-06-27T20:56:35.279+0000] {dag.py:3239} INFO - Sync 1 DAGs
[2025-06-27T20:56:35.326+0000] {logging_mixin.py:190} INFO - [2025-06-27T20:56:35.326+0000] {dag.py:4180} INFO - Setting next_dagrun for extract_raw_data_pipeline to 2025-06-27 07:59:00+00:00, run_after=2025-06-28 07:00:00+00:00
[2025-06-27T20:56:35.381+0000] {processor.py:208} INFO - Processing /opt/airflow/dags/driven_data_pipeline.py took 0.587 seconds
[2025-06-27T20:57:05.784+0000] {processor.py:186} INFO - Started process (PID=278) to work on /opt/airflow/dags/driven_data_pipeline.py
[2025-06-27T20:57:05.787+0000] {processor.py:914} INFO - Processing file /opt/airflow/dags/driven_data_pipeline.py for tasks to queue
[2025-06-27T20:57:05.796+0000] {logging_mixin.py:190} INFO - [2025-06-27T20:57:05.795+0000] {dagbag.py:588} INFO - Filling up the DagBag from /opt/airflow/dags/driven_data_pipeline.py
[2025-06-27T20:57:06.310+0000] {processor.py:925} INFO - DAG(s) 'extract_raw_data_pipeline' retrieved from /opt/airflow/dags/driven_data_pipeline.py
[2025-06-27T20:57:06.382+0000] {logging_mixin.py:190} INFO - [2025-06-27T20:57:06.382+0000] {dag.py:3239} INFO - Sync 1 DAGs
[2025-06-27T20:57:06.443+0000] {logging_mixin.py:190} INFO - [2025-06-27T20:57:06.442+0000] {dag.py:4180} INFO - Setting next_dagrun for extract_raw_data_pipeline to 2025-06-27 07:59:00+00:00, run_after=2025-06-28 07:00:00+00:00
[2025-06-27T20:57:06.489+0000] {processor.py:208} INFO - Processing /opt/airflow/dags/driven_data_pipeline.py took 0.729 seconds
[2025-06-27T20:57:36.932+0000] {processor.py:186} INFO - Started process (PID=286) to work on /opt/airflow/dags/driven_data_pipeline.py
[2025-06-27T20:57:36.936+0000] {processor.py:914} INFO - Processing file /opt/airflow/dags/driven_data_pipeline.py for tasks to queue
[2025-06-27T20:57:36.942+0000] {logging_mixin.py:190} INFO - [2025-06-27T20:57:36.941+0000] {dagbag.py:588} INFO - Filling up the DagBag from /opt/airflow/dags/driven_data_pipeline.py
[2025-06-27T20:57:37.272+0000] {processor.py:925} INFO - DAG(s) 'extract_raw_data_pipeline' retrieved from /opt/airflow/dags/driven_data_pipeline.py
[2025-06-27T20:57:37.324+0000] {logging_mixin.py:190} INFO - [2025-06-27T20:57:37.323+0000] {dag.py:3239} INFO - Sync 1 DAGs
[2025-06-27T20:57:37.367+0000] {logging_mixin.py:190} INFO - [2025-06-27T20:57:37.366+0000] {dag.py:4180} INFO - Setting next_dagrun for extract_raw_data_pipeline to 2025-06-27 07:59:00+00:00, run_after=2025-06-28 07:00:00+00:00
[2025-06-27T20:57:37.402+0000] {processor.py:208} INFO - Processing /opt/airflow/dags/driven_data_pipeline.py took 0.482 seconds
[2025-06-27T20:58:07.586+0000] {processor.py:186} INFO - Started process (PID=294) to work on /opt/airflow/dags/driven_data_pipeline.py
[2025-06-27T20:58:07.589+0000] {processor.py:914} INFO - Processing file /opt/airflow/dags/driven_data_pipeline.py for tasks to queue
[2025-06-27T20:58:07.596+0000] {logging_mixin.py:190} INFO - [2025-06-27T20:58:07.595+0000] {dagbag.py:588} INFO - Filling up the DagBag from /opt/airflow/dags/driven_data_pipeline.py
[2025-06-27T20:58:12.016+0000] {processor.py:925} INFO - DAG(s) 'extract_raw_data_pipeline' retrieved from /opt/airflow/dags/driven_data_pipeline.py
[2025-06-27T20:58:12.244+0000] {logging_mixin.py:190} INFO - [2025-06-27T20:58:12.244+0000] {dag.py:3239} INFO - Sync 1 DAGs
[2025-06-27T20:58:12.298+0000] {logging_mixin.py:190} INFO - [2025-06-27T20:58:12.297+0000] {dag.py:4180} INFO - Setting next_dagrun for extract_raw_data_pipeline to 2025-06-27 07:59:00+00:00, run_after=2025-06-28 07:00:00+00:00
[2025-06-27T20:58:12.427+0000] {processor.py:208} INFO - Processing /opt/airflow/dags/driven_data_pipeline.py took 4.861 seconds
[2025-06-27T20:58:42.963+0000] {processor.py:186} INFO - Started process (PID=301) to work on /opt/airflow/dags/driven_data_pipeline.py
[2025-06-27T20:58:42.966+0000] {processor.py:914} INFO - Processing file /opt/airflow/dags/driven_data_pipeline.py for tasks to queue
[2025-06-27T20:58:42.973+0000] {logging_mixin.py:190} INFO - [2025-06-27T20:58:42.973+0000] {dagbag.py:588} INFO - Filling up the DagBag from /opt/airflow/dags/driven_data_pipeline.py
[2025-06-27T20:58:43.450+0000] {processor.py:925} INFO - DAG(s) 'extract_raw_data_pipeline' retrieved from /opt/airflow/dags/driven_data_pipeline.py
[2025-06-27T20:58:43.518+0000] {logging_mixin.py:190} INFO - [2025-06-27T20:58:43.518+0000] {dag.py:3239} INFO - Sync 1 DAGs
[2025-06-27T20:58:43.596+0000] {logging_mixin.py:190} INFO - [2025-06-27T20:58:43.596+0000] {dag.py:4180} INFO - Setting next_dagrun for extract_raw_data_pipeline to 2025-06-27 07:59:00+00:00, run_after=2025-06-28 07:00:00+00:00
[2025-06-27T20:58:43.686+0000] {processor.py:208} INFO - Processing /opt/airflow/dags/driven_data_pipeline.py took 0.741 seconds
[2025-06-27T20:59:14.330+0000] {processor.py:186} INFO - Started process (PID=310) to work on /opt/airflow/dags/driven_data_pipeline.py
[2025-06-27T20:59:14.333+0000] {processor.py:914} INFO - Processing file /opt/airflow/dags/driven_data_pipeline.py for tasks to queue
[2025-06-27T20:59:14.340+0000] {logging_mixin.py:190} INFO - [2025-06-27T20:59:14.339+0000] {dagbag.py:588} INFO - Filling up the DagBag from /opt/airflow/dags/driven_data_pipeline.py
[2025-06-27T20:59:14.853+0000] {processor.py:925} INFO - DAG(s) 'extract_raw_data_pipeline' retrieved from /opt/airflow/dags/driven_data_pipeline.py
[2025-06-27T20:59:14.913+0000] {logging_mixin.py:190} INFO - [2025-06-27T20:59:14.913+0000] {dag.py:3239} INFO - Sync 1 DAGs
[2025-06-27T20:59:14.973+0000] {logging_mixin.py:190} INFO - [2025-06-27T20:59:14.972+0000] {dag.py:4180} INFO - Setting next_dagrun for extract_raw_data_pipeline to 2025-06-27 07:59:00+00:00, run_after=2025-06-28 07:00:00+00:00
[2025-06-27T20:59:15.012+0000] {processor.py:208} INFO - Processing /opt/airflow/dags/driven_data_pipeline.py took 0.697 seconds
[2025-06-27T20:59:45.434+0000] {processor.py:186} INFO - Started process (PID=318) to work on /opt/airflow/dags/driven_data_pipeline.py
[2025-06-27T20:59:45.436+0000] {processor.py:914} INFO - Processing file /opt/airflow/dags/driven_data_pipeline.py for tasks to queue
[2025-06-27T20:59:45.442+0000] {logging_mixin.py:190} INFO - [2025-06-27T20:59:45.441+0000] {dagbag.py:588} INFO - Filling up the DagBag from /opt/airflow/dags/driven_data_pipeline.py
[2025-06-27T20:59:45.753+0000] {processor.py:925} INFO - DAG(s) 'extract_raw_data_pipeline' retrieved from /opt/airflow/dags/driven_data_pipeline.py
[2025-06-27T20:59:45.803+0000] {logging_mixin.py:190} INFO - [2025-06-27T20:59:45.803+0000] {dag.py:3239} INFO - Sync 1 DAGs
[2025-06-27T20:59:45.846+0000] {logging_mixin.py:190} INFO - [2025-06-27T20:59:45.845+0000] {dag.py:4180} INFO - Setting next_dagrun for extract_raw_data_pipeline to 2025-06-27 07:59:00+00:00, run_after=2025-06-28 07:00:00+00:00
[2025-06-27T20:59:45.878+0000] {processor.py:208} INFO - Processing /opt/airflow/dags/driven_data_pipeline.py took 0.455 seconds
[2025-06-27T21:00:16.370+0000] {processor.py:186} INFO - Started process (PID=326) to work on /opt/airflow/dags/driven_data_pipeline.py
[2025-06-27T21:00:16.373+0000] {processor.py:914} INFO - Processing file /opt/airflow/dags/driven_data_pipeline.py for tasks to queue
[2025-06-27T21:00:16.379+0000] {logging_mixin.py:190} INFO - [2025-06-27T21:00:16.379+0000] {dagbag.py:588} INFO - Filling up the DagBag from /opt/airflow/dags/driven_data_pipeline.py
[2025-06-27T21:00:17.419+0000] {processor.py:925} INFO - DAG(s) 'extract_raw_data_pipeline' retrieved from /opt/airflow/dags/driven_data_pipeline.py
[2025-06-27T21:00:17.965+0000] {logging_mixin.py:190} INFO - [2025-06-27T21:00:17.965+0000] {dag.py:3239} INFO - Sync 1 DAGs
[2025-06-27T21:00:18.667+0000] {logging_mixin.py:190} INFO - [2025-06-27T21:00:18.666+0000] {dag.py:4180} INFO - Setting next_dagrun for extract_raw_data_pipeline to 2025-06-27 07:59:00+00:00, run_after=2025-06-28 07:00:00+00:00
[2025-06-27T21:00:18.834+0000] {processor.py:208} INFO - Processing /opt/airflow/dags/driven_data_pipeline.py took 2.484 seconds
[2025-06-27T21:00:49.550+0000] {processor.py:186} INFO - Started process (PID=335) to work on /opt/airflow/dags/driven_data_pipeline.py
[2025-06-27T21:00:49.552+0000] {processor.py:914} INFO - Processing file /opt/airflow/dags/driven_data_pipeline.py for tasks to queue
[2025-06-27T21:00:49.558+0000] {logging_mixin.py:190} INFO - [2025-06-27T21:00:49.557+0000] {dagbag.py:588} INFO - Filling up the DagBag from /opt/airflow/dags/driven_data_pipeline.py
[2025-06-27T21:00:49.936+0000] {processor.py:925} INFO - DAG(s) 'extract_raw_data_pipeline' retrieved from /opt/airflow/dags/driven_data_pipeline.py
[2025-06-27T21:00:49.983+0000] {logging_mixin.py:190} INFO - [2025-06-27T21:00:49.983+0000] {dag.py:3239} INFO - Sync 1 DAGs
[2025-06-27T21:00:50.024+0000] {logging_mixin.py:190} INFO - [2025-06-27T21:00:50.024+0000] {dag.py:4180} INFO - Setting next_dagrun for extract_raw_data_pipeline to 2025-06-27 07:59:00+00:00, run_after=2025-06-28 07:00:00+00:00
[2025-06-27T21:00:50.058+0000] {processor.py:208} INFO - Processing /opt/airflow/dags/driven_data_pipeline.py took 0.523 seconds
[2025-06-27T21:01:20.448+0000] {processor.py:186} INFO - Started process (PID=343) to work on /opt/airflow/dags/driven_data_pipeline.py
[2025-06-27T21:01:20.450+0000] {processor.py:914} INFO - Processing file /opt/airflow/dags/driven_data_pipeline.py for tasks to queue
[2025-06-27T21:01:20.456+0000] {logging_mixin.py:190} INFO - [2025-06-27T21:01:20.455+0000] {dagbag.py:588} INFO - Filling up the DagBag from /opt/airflow/dags/driven_data_pipeline.py
[2025-06-27T21:01:20.793+0000] {processor.py:925} INFO - DAG(s) 'extract_raw_data_pipeline' retrieved from /opt/airflow/dags/driven_data_pipeline.py
[2025-06-27T21:01:20.841+0000] {logging_mixin.py:190} INFO - [2025-06-27T21:01:20.841+0000] {dag.py:3239} INFO - Sync 1 DAGs
[2025-06-27T21:01:20.885+0000] {logging_mixin.py:190} INFO - [2025-06-27T21:01:20.884+0000] {dag.py:4180} INFO - Setting next_dagrun for extract_raw_data_pipeline to 2025-06-27 07:59:00+00:00, run_after=2025-06-28 07:00:00+00:00
[2025-06-27T21:01:20.919+0000] {processor.py:208} INFO - Processing /opt/airflow/dags/driven_data_pipeline.py took 0.485 seconds
[2025-06-27T21:01:51.344+0000] {processor.py:186} INFO - Started process (PID=351) to work on /opt/airflow/dags/driven_data_pipeline.py
[2025-06-27T21:01:51.346+0000] {processor.py:914} INFO - Processing file /opt/airflow/dags/driven_data_pipeline.py for tasks to queue
[2025-06-27T21:01:51.352+0000] {logging_mixin.py:190} INFO - [2025-06-27T21:01:51.351+0000] {dagbag.py:588} INFO - Filling up the DagBag from /opt/airflow/dags/driven_data_pipeline.py
[2025-06-27T21:01:51.690+0000] {processor.py:925} INFO - DAG(s) 'extract_raw_data_pipeline' retrieved from /opt/airflow/dags/driven_data_pipeline.py
[2025-06-27T21:01:51.748+0000] {logging_mixin.py:190} INFO - [2025-06-27T21:01:51.747+0000] {dag.py:3239} INFO - Sync 1 DAGs
[2025-06-27T21:01:51.794+0000] {logging_mixin.py:190} INFO - [2025-06-27T21:01:51.793+0000] {dag.py:4180} INFO - Setting next_dagrun for extract_raw_data_pipeline to 2025-06-27 07:59:00+00:00, run_after=2025-06-28 07:00:00+00:00
[2025-06-27T21:01:51.832+0000] {processor.py:208} INFO - Processing /opt/airflow/dags/driven_data_pipeline.py took 0.502 seconds
[2025-06-27T21:02:22.218+0000] {processor.py:186} INFO - Started process (PID=359) to work on /opt/airflow/dags/driven_data_pipeline.py
[2025-06-27T21:02:22.347+0000] {processor.py:914} INFO - Processing file /opt/airflow/dags/driven_data_pipeline.py for tasks to queue
[2025-06-27T21:02:22.361+0000] {logging_mixin.py:190} INFO - [2025-06-27T21:02:22.360+0000] {dagbag.py:588} INFO - Filling up the DagBag from /opt/airflow/dags/driven_data_pipeline.py
[2025-06-27T21:02:23.286+0000] {processor.py:925} INFO - DAG(s) 'extract_raw_data_pipeline' retrieved from /opt/airflow/dags/driven_data_pipeline.py
[2025-06-27T21:02:23.754+0000] {logging_mixin.py:190} INFO - [2025-06-27T21:02:23.753+0000] {dag.py:3239} INFO - Sync 1 DAGs
[2025-06-27T21:02:23.879+0000] {logging_mixin.py:190} INFO - [2025-06-27T21:02:23.878+0000] {dag.py:4180} INFO - Setting next_dagrun for extract_raw_data_pipeline to 2025-06-27 07:59:00+00:00, run_after=2025-06-28 07:00:00+00:00
[2025-06-27T21:02:23.944+0000] {processor.py:208} INFO - Processing /opt/airflow/dags/driven_data_pipeline.py took 1.781 seconds
[2025-06-27T21:02:54.463+0000] {processor.py:186} INFO - Started process (PID=373) to work on /opt/airflow/dags/driven_data_pipeline.py
[2025-06-27T21:02:54.467+0000] {processor.py:914} INFO - Processing file /opt/airflow/dags/driven_data_pipeline.py for tasks to queue
[2025-06-27T21:02:54.475+0000] {logging_mixin.py:190} INFO - [2025-06-27T21:02:54.474+0000] {dagbag.py:588} INFO - Filling up the DagBag from /opt/airflow/dags/driven_data_pipeline.py
[2025-06-27T21:02:54.852+0000] {processor.py:925} INFO - DAG(s) 'extract_raw_data_pipeline' retrieved from /opt/airflow/dags/driven_data_pipeline.py
[2025-06-27T21:02:54.906+0000] {logging_mixin.py:190} INFO - [2025-06-27T21:02:54.906+0000] {dag.py:3239} INFO - Sync 1 DAGs
[2025-06-27T21:02:54.959+0000] {logging_mixin.py:190} INFO - [2025-06-27T21:02:54.958+0000] {dag.py:4180} INFO - Setting next_dagrun for extract_raw_data_pipeline to 2025-06-27 07:59:00+00:00, run_after=2025-06-28 07:00:00+00:00
[2025-06-27T21:02:55.004+0000] {processor.py:208} INFO - Processing /opt/airflow/dags/driven_data_pipeline.py took 0.553 seconds
[2025-06-27T21:03:25.242+0000] {processor.py:186} INFO - Started process (PID=381) to work on /opt/airflow/dags/driven_data_pipeline.py
[2025-06-27T21:03:25.244+0000] {processor.py:914} INFO - Processing file /opt/airflow/dags/driven_data_pipeline.py for tasks to queue
[2025-06-27T21:03:25.250+0000] {logging_mixin.py:190} INFO - [2025-06-27T21:03:25.250+0000] {dagbag.py:588} INFO - Filling up the DagBag from /opt/airflow/dags/driven_data_pipeline.py
[2025-06-27T21:03:25.557+0000] {processor.py:925} INFO - DAG(s) 'extract_raw_data_pipeline' retrieved from /opt/airflow/dags/driven_data_pipeline.py
[2025-06-27T21:03:25.607+0000] {logging_mixin.py:190} INFO - [2025-06-27T21:03:25.607+0000] {dag.py:3239} INFO - Sync 1 DAGs
[2025-06-27T21:03:25.650+0000] {logging_mixin.py:190} INFO - [2025-06-27T21:03:25.649+0000] {dag.py:4180} INFO - Setting next_dagrun for extract_raw_data_pipeline to 2025-06-27 07:59:00+00:00, run_after=2025-06-28 07:00:00+00:00
[2025-06-27T21:03:25.820+0000] {processor.py:208} INFO - Processing /opt/airflow/dags/driven_data_pipeline.py took 0.588 seconds
[2025-06-27T21:08:56.974+0000] {processor.py:186} INFO - Started process (PID=76) to work on /opt/airflow/dags/driven_data_pipeline.py
[2025-06-27T21:08:57.059+0000] {processor.py:914} INFO - Processing file /opt/airflow/dags/driven_data_pipeline.py for tasks to queue
[2025-06-27T21:08:57.127+0000] {logging_mixin.py:190} INFO - [2025-06-27T21:08:57.126+0000] {dagbag.py:588} INFO - Filling up the DagBag from /opt/airflow/dags/driven_data_pipeline.py
[2025-06-27T21:09:11.123+0000] {processor.py:925} INFO - DAG(s) 'extract_raw_data_pipeline' retrieved from /opt/airflow/dags/driven_data_pipeline.py
[2025-06-27T21:09:11.754+0000] {logging_mixin.py:190} INFO - [2025-06-27T21:09:11.753+0000] {dag.py:3239} INFO - Sync 1 DAGs
[2025-06-27T21:09:12.056+0000] {logging_mixin.py:190} INFO - [2025-06-27T21:09:12.056+0000] {dag.py:4180} INFO - Setting next_dagrun for extract_raw_data_pipeline to 2025-06-27 07:59:00+00:00, run_after=2025-06-28 07:00:00+00:00
[2025-06-27T21:09:12.542+0000] {processor.py:208} INFO - Processing /opt/airflow/dags/driven_data_pipeline.py took 15.684 seconds
[2025-06-27T21:09:43.632+0000] {processor.py:186} INFO - Started process (PID=91) to work on /opt/airflow/dags/driven_data_pipeline.py
[2025-06-27T21:09:43.715+0000] {processor.py:914} INFO - Processing file /opt/airflow/dags/driven_data_pipeline.py for tasks to queue
[2025-06-27T21:09:43.937+0000] {logging_mixin.py:190} INFO - [2025-06-27T21:09:43.913+0000] {dagbag.py:588} INFO - Filling up the DagBag from /opt/airflow/dags/driven_data_pipeline.py
[2025-06-27T21:09:48.586+0000] {processor.py:925} INFO - DAG(s) 'extract_raw_data_pipeline' retrieved from /opt/airflow/dags/driven_data_pipeline.py
[2025-06-27T21:09:48.883+0000] {logging_mixin.py:190} INFO - [2025-06-27T21:09:48.882+0000] {dag.py:3239} INFO - Sync 1 DAGs
[2025-06-27T21:09:48.988+0000] {logging_mixin.py:190} INFO - [2025-06-27T21:09:48.987+0000] {dag.py:4180} INFO - Setting next_dagrun for extract_raw_data_pipeline to 2025-06-27 07:59:00+00:00, run_after=2025-06-28 07:00:00+00:00
[2025-06-27T21:09:49.101+0000] {processor.py:208} INFO - Processing /opt/airflow/dags/driven_data_pipeline.py took 5.844 seconds
[2025-06-27T21:10:19.927+0000] {processor.py:186} INFO - Started process (PID=99) to work on /opt/airflow/dags/driven_data_pipeline.py
[2025-06-27T21:10:19.941+0000] {processor.py:914} INFO - Processing file /opt/airflow/dags/driven_data_pipeline.py for tasks to queue
[2025-06-27T21:10:20.007+0000] {logging_mixin.py:190} INFO - [2025-06-27T21:10:19.996+0000] {dagbag.py:588} INFO - Filling up the DagBag from /opt/airflow/dags/driven_data_pipeline.py
[2025-06-27T21:10:23.194+0000] {processor.py:925} INFO - DAG(s) 'extract_raw_data_pipeline' retrieved from /opt/airflow/dags/driven_data_pipeline.py
[2025-06-27T21:10:23.316+0000] {logging_mixin.py:190} INFO - [2025-06-27T21:10:23.316+0000] {dag.py:3239} INFO - Sync 1 DAGs
[2025-06-27T21:10:23.425+0000] {logging_mixin.py:190} INFO - [2025-06-27T21:10:23.425+0000] {dag.py:4180} INFO - Setting next_dagrun for extract_raw_data_pipeline to 2025-06-27 07:59:00+00:00, run_after=2025-06-28 07:00:00+00:00
[2025-06-27T21:10:23.548+0000] {processor.py:208} INFO - Processing /opt/airflow/dags/driven_data_pipeline.py took 3.787 seconds
[2025-06-27T21:11:01.124+0000] {processor.py:186} INFO - Started process (PID=107) to work on /opt/airflow/dags/driven_data_pipeline.py
[2025-06-27T21:11:01.177+0000] {processor.py:914} INFO - Processing file /opt/airflow/dags/driven_data_pipeline.py for tasks to queue
[2025-06-27T21:11:02.859+0000] {logging_mixin.py:190} INFO - [2025-06-27T21:11:02.750+0000] {dagbag.py:588} INFO - Filling up the DagBag from /opt/airflow/dags/driven_data_pipeline.py
[2025-06-27T21:11:44.458+0000] {logging_mixin.py:190} INFO - [2025-06-27T21:11:44.456+0000] {timeout.py:68} ERROR - Process timed out, PID: 107
[2025-06-27T21:11:44.460+0000] {logging_mixin.py:190} WARNING - Exception ignored in: <function WeakKeyDictionary.__init__.<locals>.remove at 0x7c2b65f52f20>
[2025-06-27T21:11:44.463+0000] {logging_mixin.py:190} WARNING - Traceback (most recent call last):
[2025-06-27T21:11:44.465+0000] {logging_mixin.py:190} WARNING -   File "/usr/local/lib/python3.12/weakref.py", line 369, in remove
[2025-06-27T21:11:44.469+0000] {logging_mixin.py:190} WARNING -     def remove(k, selfref=ref(self)):
[2025-06-27T21:11:44.472+0000] {logging_mixin.py:190} WARNING -   File "/home/airflow/.local/lib/python3.12/site-packages/airflow/utils/timeout.py", line 69, in handle_timeout
[2025-06-27T21:11:44.475+0000] {logging_mixin.py:190} WARNING -     raise AirflowTaskTimeout(self.error_message)
[2025-06-27T21:11:44.476+0000] {logging_mixin.py:190} WARNING - airflow.exceptions.AirflowTaskTimeout: DagBag import timeout for /opt/airflow/dags/driven_data_pipeline.py after 30.0s.
Please take a look at these docs to improve your DAG import time:
* https://airflow.apache.org/docs/apache-airflow/2.10.2/best-practices.html#top-level-python-code
* https://airflow.apache.org/docs/apache-airflow/2.10.2/best-practices.html#reducing-dag-complexity, PID: 107
[2025-06-27T21:11:46.449+0000] {processor.py:925} INFO - DAG(s) 'extract_raw_data_pipeline' retrieved from /opt/airflow/dags/driven_data_pipeline.py
[2025-06-27T21:11:46.569+0000] {logging_mixin.py:190} INFO - [2025-06-27T21:11:46.567+0000] {dag.py:3239} INFO - Sync 1 DAGs
[2025-06-27T21:11:46.693+0000] {logging_mixin.py:190} INFO - [2025-06-27T21:11:46.693+0000] {dag.py:4180} INFO - Setting next_dagrun for extract_raw_data_pipeline to 2025-06-27 07:59:00+00:00, run_after=2025-06-28 07:00:00+00:00
[2025-06-27T21:11:46.787+0000] {processor.py:208} INFO - Processing /opt/airflow/dags/driven_data_pipeline.py took 47.166 seconds
[2025-06-27T21:12:17.385+0000] {processor.py:186} INFO - Started process (PID=126) to work on /opt/airflow/dags/driven_data_pipeline.py
[2025-06-27T21:12:17.390+0000] {processor.py:914} INFO - Processing file /opt/airflow/dags/driven_data_pipeline.py for tasks to queue
[2025-06-27T21:12:17.418+0000] {logging_mixin.py:190} INFO - [2025-06-27T21:12:17.415+0000] {dagbag.py:588} INFO - Filling up the DagBag from /opt/airflow/dags/driven_data_pipeline.py
[2025-06-27T21:12:20.134+0000] {processor.py:925} INFO - DAG(s) 'extract_raw_data_pipeline' retrieved from /opt/airflow/dags/driven_data_pipeline.py
[2025-06-27T21:12:20.216+0000] {logging_mixin.py:190} INFO - [2025-06-27T21:12:20.216+0000] {dag.py:3239} INFO - Sync 1 DAGs
[2025-06-27T21:12:20.249+0000] {logging_mixin.py:190} INFO - [2025-06-27T21:12:20.248+0000] {dag.py:4180} INFO - Setting next_dagrun for extract_raw_data_pipeline to 2025-06-27 07:59:00+00:00, run_after=2025-06-28 07:00:00+00:00
[2025-06-27T21:12:20.512+0000] {processor.py:208} INFO - Processing /opt/airflow/dags/driven_data_pipeline.py took 3.188 seconds
[2025-06-27T21:12:51.963+0000] {processor.py:186} INFO - Started process (PID=134) to work on /opt/airflow/dags/driven_data_pipeline.py
[2025-06-27T21:12:52.019+0000] {processor.py:914} INFO - Processing file /opt/airflow/dags/driven_data_pipeline.py for tasks to queue
[2025-06-27T21:12:52.203+0000] {logging_mixin.py:190} INFO - [2025-06-27T21:12:52.180+0000] {dagbag.py:588} INFO - Filling up the DagBag from /opt/airflow/dags/driven_data_pipeline.py
[2025-06-27T21:13:07.461+0000] {processor.py:925} INFO - DAG(s) 'extract_raw_data_pipeline' retrieved from /opt/airflow/dags/driven_data_pipeline.py
[2025-06-27T21:13:08.095+0000] {logging_mixin.py:190} INFO - [2025-06-27T21:13:08.094+0000] {dag.py:3239} INFO - Sync 1 DAGs
[2025-06-27T21:13:08.374+0000] {logging_mixin.py:190} INFO - [2025-06-27T21:13:08.374+0000] {dag.py:4180} INFO - Setting next_dagrun for extract_raw_data_pipeline to 2025-06-27 07:59:00+00:00, run_after=2025-06-28 07:00:00+00:00
[2025-06-27T21:13:08.618+0000] {processor.py:208} INFO - Processing /opt/airflow/dags/driven_data_pipeline.py took 17.030 seconds
[2025-06-27T21:13:41.739+0000] {processor.py:186} INFO - Started process (PID=147) to work on /opt/airflow/dags/driven_data_pipeline.py
[2025-06-27T21:13:41.762+0000] {processor.py:914} INFO - Processing file /opt/airflow/dags/driven_data_pipeline.py for tasks to queue
[2025-06-27T21:13:41.801+0000] {logging_mixin.py:190} INFO - [2025-06-27T21:13:41.797+0000] {dagbag.py:588} INFO - Filling up the DagBag from /opt/airflow/dags/driven_data_pipeline.py
[2025-06-27T21:13:45.850+0000] {processor.py:925} INFO - DAG(s) 'extract_raw_data_pipeline' retrieved from /opt/airflow/dags/driven_data_pipeline.py
[2025-06-27T21:13:45.923+0000] {logging_mixin.py:190} INFO - [2025-06-27T21:13:45.922+0000] {dag.py:3239} INFO - Sync 1 DAGs
[2025-06-27T21:13:45.978+0000] {logging_mixin.py:190} INFO - [2025-06-27T21:13:45.978+0000] {dag.py:4180} INFO - Setting next_dagrun for extract_raw_data_pipeline to 2025-06-27 07:59:00+00:00, run_after=2025-06-28 07:00:00+00:00
[2025-06-27T21:13:46.116+0000] {processor.py:208} INFO - Processing /opt/airflow/dags/driven_data_pipeline.py took 4.527 seconds
[2025-06-27T21:14:16.441+0000] {processor.py:186} INFO - Started process (PID=155) to work on /opt/airflow/dags/driven_data_pipeline.py
[2025-06-27T21:14:16.443+0000] {processor.py:914} INFO - Processing file /opt/airflow/dags/driven_data_pipeline.py for tasks to queue
[2025-06-27T21:14:16.451+0000] {logging_mixin.py:190} INFO - [2025-06-27T21:14:16.450+0000] {dagbag.py:588} INFO - Filling up the DagBag from /opt/airflow/dags/driven_data_pipeline.py
[2025-06-27T21:14:17.135+0000] {processor.py:925} INFO - DAG(s) 'extract_raw_data_pipeline' retrieved from /opt/airflow/dags/driven_data_pipeline.py
[2025-06-27T21:14:17.194+0000] {logging_mixin.py:190} INFO - [2025-06-27T21:14:17.193+0000] {dag.py:3239} INFO - Sync 1 DAGs
[2025-06-27T21:14:17.254+0000] {logging_mixin.py:190} INFO - [2025-06-27T21:14:17.254+0000] {dag.py:4180} INFO - Setting next_dagrun for extract_raw_data_pipeline to 2025-06-27 07:59:00+00:00, run_after=2025-06-28 07:00:00+00:00
[2025-06-27T21:14:17.297+0000] {processor.py:208} INFO - Processing /opt/airflow/dags/driven_data_pipeline.py took 0.868 seconds
[2025-06-27T21:14:47.796+0000] {processor.py:186} INFO - Started process (PID=163) to work on /opt/airflow/dags/driven_data_pipeline.py
[2025-06-27T21:14:47.798+0000] {processor.py:914} INFO - Processing file /opt/airflow/dags/driven_data_pipeline.py for tasks to queue
[2025-06-27T21:14:47.804+0000] {logging_mixin.py:190} INFO - [2025-06-27T21:14:47.804+0000] {dagbag.py:588} INFO - Filling up the DagBag from /opt/airflow/dags/driven_data_pipeline.py
[2025-06-27T21:14:48.465+0000] {processor.py:925} INFO - DAG(s) 'extract_raw_data_pipeline' retrieved from /opt/airflow/dags/driven_data_pipeline.py
[2025-06-27T21:14:48.517+0000] {logging_mixin.py:190} INFO - [2025-06-27T21:14:48.516+0000] {dag.py:3239} INFO - Sync 1 DAGs
[2025-06-27T21:14:48.562+0000] {logging_mixin.py:190} INFO - [2025-06-27T21:14:48.562+0000] {dag.py:4180} INFO - Setting next_dagrun for extract_raw_data_pipeline to 2025-06-27 07:59:00+00:00, run_after=2025-06-28 07:00:00+00:00
[2025-06-27T21:14:48.598+0000] {processor.py:208} INFO - Processing /opt/airflow/dags/driven_data_pipeline.py took 0.815 seconds
[2025-06-27T21:15:19.131+0000] {processor.py:186} INFO - Started process (PID=171) to work on /opt/airflow/dags/driven_data_pipeline.py
[2025-06-27T21:15:19.135+0000] {processor.py:914} INFO - Processing file /opt/airflow/dags/driven_data_pipeline.py for tasks to queue
[2025-06-27T21:15:19.157+0000] {logging_mixin.py:190} INFO - [2025-06-27T21:15:19.156+0000] {dagbag.py:588} INFO - Filling up the DagBag from /opt/airflow/dags/driven_data_pipeline.py
[2025-06-27T21:15:20.715+0000] {processor.py:925} INFO - DAG(s) 'extract_raw_data_pipeline' retrieved from /opt/airflow/dags/driven_data_pipeline.py
[2025-06-27T21:15:20.819+0000] {logging_mixin.py:190} INFO - [2025-06-27T21:15:20.819+0000] {dag.py:3239} INFO - Sync 1 DAGs
[2025-06-27T21:15:20.921+0000] {logging_mixin.py:190} INFO - [2025-06-27T21:15:20.920+0000] {dag.py:4180} INFO - Setting next_dagrun for extract_raw_data_pipeline to 2025-06-27 07:59:00+00:00, run_after=2025-06-28 07:00:00+00:00
[2025-06-27T21:15:21.004+0000] {processor.py:208} INFO - Processing /opt/airflow/dags/driven_data_pipeline.py took 1.918 seconds
[2025-06-27T21:15:51.483+0000] {processor.py:186} INFO - Started process (PID=179) to work on /opt/airflow/dags/driven_data_pipeline.py
[2025-06-27T21:15:51.486+0000] {processor.py:914} INFO - Processing file /opt/airflow/dags/driven_data_pipeline.py for tasks to queue
[2025-06-27T21:15:51.492+0000] {logging_mixin.py:190} INFO - [2025-06-27T21:15:51.491+0000] {dagbag.py:588} INFO - Filling up the DagBag from /opt/airflow/dags/driven_data_pipeline.py
[2025-06-27T21:15:52.121+0000] {processor.py:925} INFO - DAG(s) 'extract_raw_data_pipeline' retrieved from /opt/airflow/dags/driven_data_pipeline.py
[2025-06-27T21:15:52.172+0000] {logging_mixin.py:190} INFO - [2025-06-27T21:15:52.171+0000] {dag.py:3239} INFO - Sync 1 DAGs
[2025-06-27T21:15:52.224+0000] {logging_mixin.py:190} INFO - [2025-06-27T21:15:52.224+0000] {dag.py:4180} INFO - Setting next_dagrun for extract_raw_data_pipeline to 2025-06-27 07:59:00+00:00, run_after=2025-06-28 07:00:00+00:00
[2025-06-27T21:15:52.288+0000] {processor.py:208} INFO - Processing /opt/airflow/dags/driven_data_pipeline.py took 0.818 seconds
[2025-06-27T21:16:23.026+0000] {processor.py:186} INFO - Started process (PID=187) to work on /opt/airflow/dags/driven_data_pipeline.py
[2025-06-27T21:16:23.031+0000] {processor.py:914} INFO - Processing file /opt/airflow/dags/driven_data_pipeline.py for tasks to queue
[2025-06-27T21:16:23.044+0000] {logging_mixin.py:190} INFO - [2025-06-27T21:16:23.042+0000] {dagbag.py:588} INFO - Filling up the DagBag from /opt/airflow/dags/driven_data_pipeline.py
[2025-06-27T21:16:24.353+0000] {processor.py:925} INFO - DAG(s) 'extract_raw_data_pipeline' retrieved from /opt/airflow/dags/driven_data_pipeline.py
[2025-06-27T21:16:24.442+0000] {logging_mixin.py:190} INFO - [2025-06-27T21:16:24.441+0000] {dag.py:3239} INFO - Sync 1 DAGs
[2025-06-27T21:16:24.511+0000] {logging_mixin.py:190} INFO - [2025-06-27T21:16:24.510+0000] {dag.py:4180} INFO - Setting next_dagrun for extract_raw_data_pipeline to 2025-06-27 07:59:00+00:00, run_after=2025-06-28 07:00:00+00:00
[2025-06-27T21:16:24.578+0000] {processor.py:208} INFO - Processing /opt/airflow/dags/driven_data_pipeline.py took 1.578 seconds
[2025-06-27T21:16:55.217+0000] {processor.py:186} INFO - Started process (PID=195) to work on /opt/airflow/dags/driven_data_pipeline.py
[2025-06-27T21:16:55.219+0000] {processor.py:914} INFO - Processing file /opt/airflow/dags/driven_data_pipeline.py for tasks to queue
[2025-06-27T21:16:55.225+0000] {logging_mixin.py:190} INFO - [2025-06-27T21:16:55.224+0000] {dagbag.py:588} INFO - Filling up the DagBag from /opt/airflow/dags/driven_data_pipeline.py
[2025-06-27T21:16:55.930+0000] {processor.py:925} INFO - DAG(s) 'extract_raw_data_pipeline' retrieved from /opt/airflow/dags/driven_data_pipeline.py
[2025-06-27T21:16:55.995+0000] {logging_mixin.py:190} INFO - [2025-06-27T21:16:55.994+0000] {dag.py:3239} INFO - Sync 1 DAGs
[2025-06-27T21:16:56.047+0000] {logging_mixin.py:190} INFO - [2025-06-27T21:16:56.047+0000] {dag.py:4180} INFO - Setting next_dagrun for extract_raw_data_pipeline to 2025-06-27 07:59:00+00:00, run_after=2025-06-28 07:00:00+00:00
[2025-06-27T21:16:56.096+0000] {processor.py:208} INFO - Processing /opt/airflow/dags/driven_data_pipeline.py took 0.889 seconds
[2025-06-27T21:17:26.654+0000] {processor.py:186} INFO - Started process (PID=202) to work on /opt/airflow/dags/driven_data_pipeline.py
[2025-06-27T21:17:26.657+0000] {processor.py:914} INFO - Processing file /opt/airflow/dags/driven_data_pipeline.py for tasks to queue
[2025-06-27T21:17:26.664+0000] {logging_mixin.py:190} INFO - [2025-06-27T21:17:26.663+0000] {dagbag.py:588} INFO - Filling up the DagBag from /opt/airflow/dags/driven_data_pipeline.py
[2025-06-27T21:17:27.951+0000] {processor.py:925} INFO - DAG(s) 'extract_raw_data_pipeline' retrieved from /opt/airflow/dags/driven_data_pipeline.py
[2025-06-27T21:17:28.017+0000] {logging_mixin.py:190} INFO - [2025-06-27T21:17:28.017+0000] {dag.py:3239} INFO - Sync 1 DAGs
[2025-06-27T21:17:28.078+0000] {logging_mixin.py:190} INFO - [2025-06-27T21:17:28.076+0000] {dag.py:4180} INFO - Setting next_dagrun for extract_raw_data_pipeline to 2025-06-27 07:59:00+00:00, run_after=2025-06-28 07:00:00+00:00
[2025-06-27T21:17:28.124+0000] {processor.py:208} INFO - Processing /opt/airflow/dags/driven_data_pipeline.py took 1.485 seconds
[2025-06-27T21:17:58.600+0000] {processor.py:186} INFO - Started process (PID=210) to work on /opt/airflow/dags/driven_data_pipeline.py
[2025-06-27T21:17:58.606+0000] {processor.py:914} INFO - Processing file /opt/airflow/dags/driven_data_pipeline.py for tasks to queue
[2025-06-27T21:17:58.615+0000] {logging_mixin.py:190} INFO - [2025-06-27T21:17:58.614+0000] {dagbag.py:588} INFO - Filling up the DagBag from /opt/airflow/dags/driven_data_pipeline.py
[2025-06-27T21:17:59.372+0000] {processor.py:925} INFO - DAG(s) 'extract_raw_data_pipeline' retrieved from /opt/airflow/dags/driven_data_pipeline.py
[2025-06-27T21:17:59.413+0000] {logging_mixin.py:190} INFO - [2025-06-27T21:17:59.412+0000] {dag.py:3239} INFO - Sync 1 DAGs
[2025-06-27T21:17:59.447+0000] {logging_mixin.py:190} INFO - [2025-06-27T21:17:59.446+0000] {dag.py:4180} INFO - Setting next_dagrun for extract_raw_data_pipeline to 2025-06-27 07:59:00+00:00, run_after=2025-06-28 07:00:00+00:00
[2025-06-27T21:17:59.481+0000] {processor.py:208} INFO - Processing /opt/airflow/dags/driven_data_pipeline.py took 0.897 seconds
[2025-06-27T21:18:30.541+0000] {processor.py:186} INFO - Started process (PID=218) to work on /opt/airflow/dags/driven_data_pipeline.py
[2025-06-27T21:18:30.554+0000] {processor.py:914} INFO - Processing file /opt/airflow/dags/driven_data_pipeline.py for tasks to queue
[2025-06-27T21:18:30.579+0000] {logging_mixin.py:190} INFO - [2025-06-27T21:18:30.578+0000] {dagbag.py:588} INFO - Filling up the DagBag from /opt/airflow/dags/driven_data_pipeline.py
[2025-06-27T21:18:31.064+0000] {processor.py:925} INFO - DAG(s) 'extract_raw_data_pipeline' retrieved from /opt/airflow/dags/driven_data_pipeline.py
[2025-06-27T21:18:31.119+0000] {logging_mixin.py:190} INFO - [2025-06-27T21:18:31.119+0000] {dag.py:3239} INFO - Sync 1 DAGs
[2025-06-27T21:18:31.164+0000] {logging_mixin.py:190} INFO - [2025-06-27T21:18:31.163+0000] {dag.py:4180} INFO - Setting next_dagrun for extract_raw_data_pipeline to 2025-06-27 07:59:00+00:00, run_after=2025-06-28 07:00:00+00:00
[2025-06-27T21:18:31.354+0000] {processor.py:208} INFO - Processing /opt/airflow/dags/driven_data_pipeline.py took 0.832 seconds
[2025-06-27T21:19:01.850+0000] {processor.py:186} INFO - Started process (PID=225) to work on /opt/airflow/dags/driven_data_pipeline.py
[2025-06-27T21:19:01.853+0000] {processor.py:914} INFO - Processing file /opt/airflow/dags/driven_data_pipeline.py for tasks to queue
[2025-06-27T21:19:01.859+0000] {logging_mixin.py:190} INFO - [2025-06-27T21:19:01.858+0000] {dagbag.py:588} INFO - Filling up the DagBag from /opt/airflow/dags/driven_data_pipeline.py
[2025-06-27T21:19:02.299+0000] {processor.py:925} INFO - DAG(s) 'extract_raw_data_pipeline' retrieved from /opt/airflow/dags/driven_data_pipeline.py
[2025-06-27T21:19:02.363+0000] {logging_mixin.py:190} INFO - [2025-06-27T21:19:02.362+0000] {dag.py:3239} INFO - Sync 1 DAGs
[2025-06-27T21:19:02.416+0000] {logging_mixin.py:190} INFO - [2025-06-27T21:19:02.416+0000] {dag.py:4180} INFO - Setting next_dagrun for extract_raw_data_pipeline to 2025-06-27 07:59:00+00:00, run_after=2025-06-28 07:00:00+00:00
[2025-06-27T21:19:02.453+0000] {processor.py:208} INFO - Processing /opt/airflow/dags/driven_data_pipeline.py took 0.631 seconds
[2025-06-27T21:19:32.890+0000] {processor.py:186} INFO - Started process (PID=234) to work on /opt/airflow/dags/driven_data_pipeline.py
[2025-06-27T21:19:32.892+0000] {processor.py:914} INFO - Processing file /opt/airflow/dags/driven_data_pipeline.py for tasks to queue
[2025-06-27T21:19:32.899+0000] {logging_mixin.py:190} INFO - [2025-06-27T21:19:32.898+0000] {dagbag.py:588} INFO - Filling up the DagBag from /opt/airflow/dags/driven_data_pipeline.py
[2025-06-27T21:19:33.232+0000] {processor.py:925} INFO - DAG(s) 'extract_raw_data_pipeline' retrieved from /opt/airflow/dags/driven_data_pipeline.py
[2025-06-27T21:19:33.276+0000] {logging_mixin.py:190} INFO - [2025-06-27T21:19:33.275+0000] {dag.py:3239} INFO - Sync 1 DAGs
[2025-06-27T21:19:33.335+0000] {logging_mixin.py:190} INFO - [2025-06-27T21:19:33.334+0000] {dag.py:4180} INFO - Setting next_dagrun for extract_raw_data_pipeline to 2025-06-27 07:59:00+00:00, run_after=2025-06-28 07:00:00+00:00
[2025-06-27T21:19:33.462+0000] {processor.py:208} INFO - Processing /opt/airflow/dags/driven_data_pipeline.py took 0.586 seconds
[2025-06-27T21:20:03.640+0000] {processor.py:186} INFO - Started process (PID=242) to work on /opt/airflow/dags/driven_data_pipeline.py
[2025-06-27T21:20:03.643+0000] {processor.py:914} INFO - Processing file /opt/airflow/dags/driven_data_pipeline.py for tasks to queue
[2025-06-27T21:20:03.648+0000] {logging_mixin.py:190} INFO - [2025-06-27T21:20:03.647+0000] {dagbag.py:588} INFO - Filling up the DagBag from /opt/airflow/dags/driven_data_pipeline.py
[2025-06-27T21:20:04.011+0000] {processor.py:925} INFO - DAG(s) 'extract_raw_data_pipeline' retrieved from /opt/airflow/dags/driven_data_pipeline.py
[2025-06-27T21:20:04.066+0000] {logging_mixin.py:190} INFO - [2025-06-27T21:20:04.065+0000] {dag.py:3239} INFO - Sync 1 DAGs
[2025-06-27T21:20:04.110+0000] {logging_mixin.py:190} INFO - [2025-06-27T21:20:04.110+0000] {dag.py:4180} INFO - Setting next_dagrun for extract_raw_data_pipeline to 2025-06-27 07:59:00+00:00, run_after=2025-06-28 07:00:00+00:00
[2025-06-27T21:20:04.157+0000] {processor.py:208} INFO - Processing /opt/airflow/dags/driven_data_pipeline.py took 0.531 seconds
[2025-06-27T21:20:34.659+0000] {processor.py:186} INFO - Started process (PID=250) to work on /opt/airflow/dags/driven_data_pipeline.py
[2025-06-27T21:20:34.661+0000] {processor.py:914} INFO - Processing file /opt/airflow/dags/driven_data_pipeline.py for tasks to queue
[2025-06-27T21:20:34.666+0000] {logging_mixin.py:190} INFO - [2025-06-27T21:20:34.666+0000] {dagbag.py:588} INFO - Filling up the DagBag from /opt/airflow/dags/driven_data_pipeline.py
[2025-06-27T21:20:35.007+0000] {processor.py:925} INFO - DAG(s) 'extract_raw_data_pipeline' retrieved from /opt/airflow/dags/driven_data_pipeline.py
[2025-06-27T21:20:35.060+0000] {logging_mixin.py:190} INFO - [2025-06-27T21:20:35.060+0000] {dag.py:3239} INFO - Sync 1 DAGs
[2025-06-27T21:20:35.106+0000] {logging_mixin.py:190} INFO - [2025-06-27T21:20:35.105+0000] {dag.py:4180} INFO - Setting next_dagrun for extract_raw_data_pipeline to 2025-06-27 07:59:00+00:00, run_after=2025-06-28 07:00:00+00:00
[2025-06-27T21:20:35.146+0000] {processor.py:208} INFO - Processing /opt/airflow/dags/driven_data_pipeline.py took 0.500 seconds
[2025-06-27T21:21:05.636+0000] {processor.py:186} INFO - Started process (PID=258) to work on /opt/airflow/dags/driven_data_pipeline.py
[2025-06-27T21:21:05.639+0000] {processor.py:914} INFO - Processing file /opt/airflow/dags/driven_data_pipeline.py for tasks to queue
[2025-06-27T21:21:05.647+0000] {logging_mixin.py:190} INFO - [2025-06-27T21:21:05.645+0000] {dagbag.py:588} INFO - Filling up the DagBag from /opt/airflow/dags/driven_data_pipeline.py
[2025-06-27T21:21:06.072+0000] {processor.py:925} INFO - DAG(s) 'extract_raw_data_pipeline' retrieved from /opt/airflow/dags/driven_data_pipeline.py
[2025-06-27T21:21:06.136+0000] {logging_mixin.py:190} INFO - [2025-06-27T21:21:06.136+0000] {dag.py:3239} INFO - Sync 1 DAGs
[2025-06-27T21:21:06.185+0000] {logging_mixin.py:190} INFO - [2025-06-27T21:21:06.185+0000] {dag.py:4180} INFO - Setting next_dagrun for extract_raw_data_pipeline to 2025-06-27 07:59:00+00:00, run_after=2025-06-28 07:00:00+00:00
[2025-06-27T21:21:06.223+0000] {processor.py:208} INFO - Processing /opt/airflow/dags/driven_data_pipeline.py took 0.605 seconds
[2025-06-27T21:21:36.689+0000] {processor.py:186} INFO - Started process (PID=266) to work on /opt/airflow/dags/driven_data_pipeline.py
[2025-06-27T21:21:36.696+0000] {processor.py:914} INFO - Processing file /opt/airflow/dags/driven_data_pipeline.py for tasks to queue
[2025-06-27T21:21:36.715+0000] {logging_mixin.py:190} INFO - [2025-06-27T21:21:36.713+0000] {dagbag.py:588} INFO - Filling up the DagBag from /opt/airflow/dags/driven_data_pipeline.py
[2025-06-27T21:21:37.506+0000] {processor.py:925} INFO - DAG(s) 'extract_raw_data_pipeline' retrieved from /opt/airflow/dags/driven_data_pipeline.py
[2025-06-27T21:21:37.666+0000] {logging_mixin.py:190} INFO - [2025-06-27T21:21:37.666+0000] {dag.py:3239} INFO - Sync 1 DAGs
[2025-06-27T21:21:37.796+0000] {logging_mixin.py:190} INFO - [2025-06-27T21:21:37.795+0000] {dag.py:4180} INFO - Setting next_dagrun for extract_raw_data_pipeline to 2025-06-27 07:59:00+00:00, run_after=2025-06-28 07:00:00+00:00
[2025-06-27T21:21:37.887+0000] {processor.py:208} INFO - Processing /opt/airflow/dags/driven_data_pipeline.py took 1.268 seconds
[2025-06-27T21:22:08.548+0000] {processor.py:186} INFO - Started process (PID=274) to work on /opt/airflow/dags/driven_data_pipeline.py
[2025-06-27T21:22:08.551+0000] {processor.py:914} INFO - Processing file /opt/airflow/dags/driven_data_pipeline.py for tasks to queue
[2025-06-27T21:22:08.560+0000] {logging_mixin.py:190} INFO - [2025-06-27T21:22:08.559+0000] {dagbag.py:588} INFO - Filling up the DagBag from /opt/airflow/dags/driven_data_pipeline.py
[2025-06-27T21:22:09.224+0000] {processor.py:925} INFO - DAG(s) 'extract_raw_data_pipeline' retrieved from /opt/airflow/dags/driven_data_pipeline.py
[2025-06-27T21:22:09.303+0000] {logging_mixin.py:190} INFO - [2025-06-27T21:22:09.302+0000] {dag.py:3239} INFO - Sync 1 DAGs
[2025-06-27T21:22:09.393+0000] {logging_mixin.py:190} INFO - [2025-06-27T21:22:09.392+0000] {dag.py:4180} INFO - Setting next_dagrun for extract_raw_data_pipeline to 2025-06-27 07:59:00+00:00, run_after=2025-06-28 07:00:00+00:00
[2025-06-27T22:20:27.165+0000] {processor.py:186} INFO - Started process (PID=61) to work on /opt/airflow/dags/driven_data_pipeline.py
[2025-06-27T22:20:27.170+0000] {processor.py:914} INFO - Processing file /opt/airflow/dags/driven_data_pipeline.py for tasks to queue
[2025-06-27T22:20:27.182+0000] {logging_mixin.py:190} INFO - [2025-06-27T22:20:27.181+0000] {dagbag.py:588} INFO - Filling up the DagBag from /opt/airflow/dags/driven_data_pipeline.py
[2025-06-27T22:20:29.639+0000] {processor.py:925} INFO - DAG(s) 'extract_raw_data_pipeline' retrieved from /opt/airflow/dags/driven_data_pipeline.py
[2025-06-27T22:20:30.970+0000] {logging_mixin.py:190} INFO - [2025-06-27T22:20:30.969+0000] {dag.py:3239} INFO - Sync 1 DAGs
[2025-06-27T22:20:31.143+0000] {logging_mixin.py:190} INFO - [2025-06-27T22:20:31.139+0000] {dag.py:4180} INFO - Setting next_dagrun for extract_raw_data_pipeline to 2025-06-27 07:59:00+00:00, run_after=2025-06-28 07:00:00+00:00
[2025-06-27T22:20:31.258+0000] {processor.py:208} INFO - Processing /opt/airflow/dags/driven_data_pipeline.py took 4.120 seconds
[2025-06-27T22:21:02.532+0000] {processor.py:186} INFO - Started process (PID=69) to work on /opt/airflow/dags/driven_data_pipeline.py
[2025-06-27T22:21:02.539+0000] {processor.py:914} INFO - Processing file /opt/airflow/dags/driven_data_pipeline.py for tasks to queue
[2025-06-27T22:21:02.647+0000] {logging_mixin.py:190} INFO - [2025-06-27T22:21:02.633+0000] {dagbag.py:588} INFO - Filling up the DagBag from /opt/airflow/dags/driven_data_pipeline.py
[2025-06-27T22:21:09.644+0000] {processor.py:925} INFO - DAG(s) 'extract_raw_data_pipeline' retrieved from /opt/airflow/dags/driven_data_pipeline.py
[2025-06-27T22:21:09.741+0000] {logging_mixin.py:190} INFO - [2025-06-27T22:21:09.741+0000] {dag.py:3239} INFO - Sync 1 DAGs
[2025-06-27T22:21:09.836+0000] {logging_mixin.py:190} INFO - [2025-06-27T22:21:09.835+0000] {dag.py:4180} INFO - Setting next_dagrun for extract_raw_data_pipeline to 2025-06-27 07:59:00+00:00, run_after=2025-06-28 07:00:00+00:00
[2025-06-27T22:21:09.897+0000] {processor.py:208} INFO - Processing /opt/airflow/dags/driven_data_pipeline.py took 7.518 seconds
[2025-06-27T22:21:40.335+0000] {processor.py:186} INFO - Started process (PID=83) to work on /opt/airflow/dags/driven_data_pipeline.py
[2025-06-27T22:21:40.338+0000] {processor.py:914} INFO - Processing file /opt/airflow/dags/driven_data_pipeline.py for tasks to queue
[2025-06-27T22:21:40.344+0000] {logging_mixin.py:190} INFO - [2025-06-27T22:21:40.343+0000] {dagbag.py:588} INFO - Filling up the DagBag from /opt/airflow/dags/driven_data_pipeline.py
[2025-06-27T22:21:40.888+0000] {processor.py:925} INFO - DAG(s) 'extract_raw_data_pipeline' retrieved from /opt/airflow/dags/driven_data_pipeline.py
[2025-06-27T22:21:40.930+0000] {logging_mixin.py:190} INFO - [2025-06-27T22:21:40.930+0000] {dag.py:3239} INFO - Sync 1 DAGs
[2025-06-27T22:21:40.972+0000] {logging_mixin.py:190} INFO - [2025-06-27T22:21:40.971+0000] {dag.py:4180} INFO - Setting next_dagrun for extract_raw_data_pipeline to 2025-06-27 07:59:00+00:00, run_after=2025-06-28 07:00:00+00:00
[2025-06-27T22:21:41.005+0000] {processor.py:208} INFO - Processing /opt/airflow/dags/driven_data_pipeline.py took 0.682 seconds
[2025-06-27T22:22:11.113+0000] {processor.py:186} INFO - Started process (PID=91) to work on /opt/airflow/dags/driven_data_pipeline.py
[2025-06-27T22:22:11.115+0000] {processor.py:914} INFO - Processing file /opt/airflow/dags/driven_data_pipeline.py for tasks to queue
[2025-06-27T22:22:11.120+0000] {logging_mixin.py:190} INFO - [2025-06-27T22:22:11.119+0000] {dagbag.py:588} INFO - Filling up the DagBag from /opt/airflow/dags/driven_data_pipeline.py
[2025-06-27T22:22:11.603+0000] {processor.py:925} INFO - DAG(s) 'extract_raw_data_pipeline' retrieved from /opt/airflow/dags/driven_data_pipeline.py
[2025-06-27T22:22:11.650+0000] {logging_mixin.py:190} INFO - [2025-06-27T22:22:11.650+0000] {dag.py:3239} INFO - Sync 1 DAGs
[2025-06-27T22:22:11.688+0000] {logging_mixin.py:190} INFO - [2025-06-27T22:22:11.687+0000] {dag.py:4180} INFO - Setting next_dagrun for extract_raw_data_pipeline to 2025-06-27 07:59:00+00:00, run_after=2025-06-28 07:00:00+00:00
[2025-06-27T22:22:11.721+0000] {processor.py:208} INFO - Processing /opt/airflow/dags/driven_data_pipeline.py took 0.618 seconds
[2025-06-27T22:22:42.231+0000] {processor.py:186} INFO - Started process (PID=99) to work on /opt/airflow/dags/driven_data_pipeline.py
[2025-06-27T22:22:42.233+0000] {processor.py:914} INFO - Processing file /opt/airflow/dags/driven_data_pipeline.py for tasks to queue
[2025-06-27T22:22:42.238+0000] {logging_mixin.py:190} INFO - [2025-06-27T22:22:42.237+0000] {dagbag.py:588} INFO - Filling up the DagBag from /opt/airflow/dags/driven_data_pipeline.py
[2025-06-27T22:22:42.854+0000] {processor.py:925} INFO - DAG(s) 'extract_raw_data_pipeline' retrieved from /opt/airflow/dags/driven_data_pipeline.py
[2025-06-27T22:22:42.906+0000] {logging_mixin.py:190} INFO - [2025-06-27T22:22:42.906+0000] {dag.py:3239} INFO - Sync 1 DAGs
[2025-06-27T22:22:42.951+0000] {logging_mixin.py:190} INFO - [2025-06-27T22:22:42.951+0000] {dag.py:4180} INFO - Setting next_dagrun for extract_raw_data_pipeline to 2025-06-27 07:59:00+00:00, run_after=2025-06-28 07:00:00+00:00
[2025-06-27T22:22:42.985+0000] {processor.py:208} INFO - Processing /opt/airflow/dags/driven_data_pipeline.py took 0.765 seconds
[2025-06-27T22:32:29.228+0000] {processor.py:186} INFO - Started process (PID=73) to work on /opt/airflow/dags/driven_data_pipeline.py
[2025-06-27T22:32:29.253+0000] {processor.py:914} INFO - Processing file /opt/airflow/dags/driven_data_pipeline.py for tasks to queue
[2025-06-27T22:32:29.272+0000] {logging_mixin.py:190} INFO - [2025-06-27T22:32:29.271+0000] {dagbag.py:588} INFO - Filling up the DagBag from /opt/airflow/dags/driven_data_pipeline.py
[2025-06-27T22:32:35.187+0000] {processor.py:925} INFO - DAG(s) 'extract_raw_data_pipeline' retrieved from /opt/airflow/dags/driven_data_pipeline.py
[2025-06-27T22:32:36.709+0000] {logging_mixin.py:190} INFO - [2025-06-27T22:32:36.697+0000] {override.py:1900} INFO - Created Permission View: can delete on DAG:extract_raw_data_pipeline
[2025-06-27T22:32:36.789+0000] {logging_mixin.py:190} INFO - [2025-06-27T22:32:36.789+0000] {override.py:1900} INFO - Created Permission View: can edit on DAG:extract_raw_data_pipeline
[2025-06-27T22:32:36.853+0000] {logging_mixin.py:190} INFO - [2025-06-27T22:32:36.852+0000] {override.py:1900} INFO - Created Permission View: can read on DAG:extract_raw_data_pipeline
[2025-06-27T22:32:36.899+0000] {logging_mixin.py:190} INFO - [2025-06-27T22:32:36.899+0000] {override.py:1900} INFO - Created Permission View: can delete on DAG Run:extract_raw_data_pipeline
[2025-06-27T22:32:36.935+0000] {logging_mixin.py:190} INFO - [2025-06-27T22:32:36.935+0000] {override.py:1900} INFO - Created Permission View: can create on DAG Run:extract_raw_data_pipeline
[2025-06-27T22:32:36.970+0000] {logging_mixin.py:190} INFO - [2025-06-27T22:32:36.969+0000] {override.py:1900} INFO - Created Permission View: menu access on DAG Run:extract_raw_data_pipeline
[2025-06-27T22:32:37.002+0000] {logging_mixin.py:190} INFO - [2025-06-27T22:32:37.002+0000] {override.py:1900} INFO - Created Permission View: can read on DAG Run:extract_raw_data_pipeline
[2025-06-27T22:32:37.004+0000] {logging_mixin.py:190} INFO - [2025-06-27T22:32:37.003+0000] {dag.py:3239} INFO - Sync 1 DAGs
[2025-06-27T22:32:37.108+0000] {logging_mixin.py:190} INFO - [2025-06-27T22:32:37.107+0000] {dag.py:3262} INFO - Creating ORM DAG for extract_raw_data_pipeline
[2025-06-27T22:32:37.149+0000] {logging_mixin.py:190} INFO - [2025-06-27T22:32:37.149+0000] {dag.py:4180} INFO - Setting next_dagrun for extract_raw_data_pipeline to 2025-06-27 07:58:00+00:00, run_after=2025-06-27 07:59:00+00:00
[2025-06-27T22:32:37.242+0000] {processor.py:208} INFO - Processing /opt/airflow/dags/driven_data_pipeline.py took 8.105 seconds
[2025-06-27T22:33:08.507+0000] {processor.py:186} INFO - Started process (PID=81) to work on /opt/airflow/dags/driven_data_pipeline.py
[2025-06-27T22:33:08.515+0000] {processor.py:914} INFO - Processing file /opt/airflow/dags/driven_data_pipeline.py for tasks to queue
[2025-06-27T22:33:08.592+0000] {logging_mixin.py:190} INFO - [2025-06-27T22:33:08.574+0000] {dagbag.py:588} INFO - Filling up the DagBag from /opt/airflow/dags/driven_data_pipeline.py
[2025-06-27T22:33:38.013+0000] {processor.py:925} INFO - DAG(s) 'extract_raw_data_pipeline' retrieved from /opt/airflow/dags/driven_data_pipeline.py
[2025-06-27T22:33:38.186+0000] {logging_mixin.py:190} INFO - [2025-06-27T22:33:38.185+0000] {dag.py:3239} INFO - Sync 1 DAGs
[2025-06-27T22:33:38.273+0000] {logging_mixin.py:190} INFO - [2025-06-27T22:33:38.273+0000] {dag.py:4180} INFO - Setting next_dagrun for extract_raw_data_pipeline to 2025-06-27 07:58:00+00:00, run_after=2025-06-27 07:59:00+00:00
[2025-06-27T22:33:38.357+0000] {processor.py:208} INFO - Processing /opt/airflow/dags/driven_data_pipeline.py took 30.024 seconds
[2025-06-27T22:34:10.404+0000] {processor.py:186} INFO - Started process (PID=95) to work on /opt/airflow/dags/driven_data_pipeline.py
[2025-06-27T22:34:10.459+0000] {processor.py:914} INFO - Processing file /opt/airflow/dags/driven_data_pipeline.py for tasks to queue
[2025-06-27T22:34:10.797+0000] {logging_mixin.py:190} INFO - [2025-06-27T22:34:10.739+0000] {dagbag.py:588} INFO - Filling up the DagBag from /opt/airflow/dags/driven_data_pipeline.py
[2025-06-27T22:34:41.374+0000] {logging_mixin.py:190} INFO - [2025-06-27T22:34:41.374+0000] {timeout.py:68} ERROR - Process timed out, PID: 95
[2025-06-27T22:34:41.427+0000] {logging_mixin.py:190} INFO - [2025-06-27T22:34:41.376+0000] {dagbag.py:387} ERROR - Failed to import: /opt/airflow/dags/driven_data_pipeline.py
Traceback (most recent call last):
  File "/home/airflow/.local/lib/python3.12/site-packages/airflow/models/dagbag.py", line 383, in parse
    loader.exec_module(new_module)
  File "<frozen importlib._bootstrap_external>", line 995, in exec_module
  File "<frozen importlib._bootstrap>", line 488, in _call_with_frames_removed
  File "/opt/airflow/dags/driven_data_pipeline.py", line 8, in <module>
    from faker import Faker
  File "/home/airflow/.local/lib/python3.12/site-packages/faker/__init__.py", line 1, in <module>
    from faker.factory import Factory
  File "/home/airflow/.local/lib/python3.12/site-packages/faker/factory.py", line 8, in <module>
    from .config import AVAILABLE_LOCALES, DEFAULT_LOCALE, PROVIDERS
  File "/home/airflow/.local/lib/python3.12/site-packages/faker/config.py", line 13, in <module>
    AVAILABLE_LOCALES = find_available_locales(PROVIDERS)
                        ^^^^^^^^^^^^^^^^^^^^^^^^^^^^^^^^^
  File "/home/airflow/.local/lib/python3.12/site-packages/faker/utils/loading.py", line 45, in find_available_locales
    provider_module = import_module(provider_path)
                      ^^^^^^^^^^^^^^^^^^^^^^^^^^^^
  File "/usr/local/lib/python3.12/importlib/__init__.py", line 90, in import_module
    return _bootstrap._gcd_import(name[level:], package, level)
           ^^^^^^^^^^^^^^^^^^^^^^^^^^^^^^^^^^^^^^^^^^^^^^^^^^^^
  File "<frozen importlib._bootstrap>", line 1387, in _gcd_import
  File "<frozen importlib._bootstrap>", line 1360, in _find_and_load
  File "<frozen importlib._bootstrap>", line 1331, in _find_and_load_unlocked
  File "<frozen importlib._bootstrap>", line 935, in _load_unlocked
  File "<frozen importlib._bootstrap_external>", line 991, in exec_module
  File "<frozen importlib._bootstrap_external>", line 1124, in get_code
  File "<frozen importlib._bootstrap_external>", line 753, in _compile_bytecode
  File "/home/airflow/.local/lib/python3.12/site-packages/airflow/utils/timeout.py", line 69, in handle_timeout
    raise AirflowTaskTimeout(self.error_message)
airflow.exceptions.AirflowTaskTimeout: DagBag import timeout for /opt/airflow/dags/driven_data_pipeline.py after 30.0s.
Please take a look at these docs to improve your DAG import time:
* https://airflow.apache.org/docs/apache-airflow/2.10.2/best-practices.html#top-level-python-code
* https://airflow.apache.org/docs/apache-airflow/2.10.2/best-practices.html#reducing-dag-complexity, PID: 95
[2025-06-27T22:34:41.438+0000] {processor.py:927} WARNING - No viable dags retrieved from /opt/airflow/dags/driven_data_pipeline.py
[2025-06-27T22:34:41.989+0000] {processor.py:208} INFO - Processing /opt/airflow/dags/driven_data_pipeline.py took 32.134 seconds
[2025-06-27T22:35:13.412+0000] {processor.py:186} INFO - Started process (PID=108) to work on /opt/airflow/dags/driven_data_pipeline.py
[2025-06-27T22:35:13.432+0000] {processor.py:914} INFO - Processing file /opt/airflow/dags/driven_data_pipeline.py for tasks to queue
[2025-06-27T22:35:13.591+0000] {logging_mixin.py:190} INFO - [2025-06-27T22:35:13.563+0000] {dagbag.py:588} INFO - Filling up the DagBag from /opt/airflow/dags/driven_data_pipeline.py
[2025-06-27T22:35:17.374+0000] {processor.py:925} INFO - DAG(s) 'extract_raw_data_pipeline' retrieved from /opt/airflow/dags/driven_data_pipeline.py
[2025-06-27T22:35:17.432+0000] {logging_mixin.py:190} INFO - [2025-06-27T22:35:17.432+0000] {dag.py:3239} INFO - Sync 1 DAGs
[2025-06-27T22:35:17.507+0000] {logging_mixin.py:190} INFO - [2025-06-27T22:35:17.507+0000] {dag.py:4180} INFO - Setting next_dagrun for extract_raw_data_pipeline to 2025-06-27 07:58:00+00:00, run_after=2025-06-27 07:59:00+00:00
[2025-06-27T22:35:17.543+0000] {processor.py:208} INFO - Processing /opt/airflow/dags/driven_data_pipeline.py took 4.388 seconds
[2025-06-27T22:35:48.413+0000] {processor.py:186} INFO - Started process (PID=117) to work on /opt/airflow/dags/driven_data_pipeline.py
[2025-06-27T22:35:48.519+0000] {processor.py:914} INFO - Processing file /opt/airflow/dags/driven_data_pipeline.py for tasks to queue
[2025-06-27T22:35:48.667+0000] {logging_mixin.py:190} INFO - [2025-06-27T22:35:48.655+0000] {dagbag.py:588} INFO - Filling up the DagBag from /opt/airflow/dags/driven_data_pipeline.py
[2025-06-27T22:36:08.712+0000] {processor.py:925} INFO - DAG(s) 'extract_raw_data_pipeline' retrieved from /opt/airflow/dags/driven_data_pipeline.py
[2025-06-27T22:36:09.087+0000] {logging_mixin.py:190} INFO - [2025-06-27T22:36:09.086+0000] {dag.py:3239} INFO - Sync 1 DAGs
[2025-06-27T22:36:09.215+0000] {logging_mixin.py:190} INFO - [2025-06-27T22:36:09.214+0000] {dag.py:4180} INFO - Setting next_dagrun for extract_raw_data_pipeline to 2025-06-27 07:58:00+00:00, run_after=2025-06-27 07:59:00+00:00
[2025-06-27T22:36:09.318+0000] {processor.py:208} INFO - Processing /opt/airflow/dags/driven_data_pipeline.py took 21.289 seconds
[2025-06-27T22:36:41.551+0000] {processor.py:186} INFO - Started process (PID=130) to work on /opt/airflow/dags/driven_data_pipeline.py
[2025-06-27T22:36:41.581+0000] {processor.py:914} INFO - Processing file /opt/airflow/dags/driven_data_pipeline.py for tasks to queue
[2025-06-27T22:36:41.764+0000] {logging_mixin.py:190} INFO - [2025-06-27T22:36:41.747+0000] {dagbag.py:588} INFO - Filling up the DagBag from /opt/airflow/dags/driven_data_pipeline.py
[2025-06-27T22:36:51.469+0000] {processor.py:925} INFO - DAG(s) 'extract_raw_data_pipeline' retrieved from /opt/airflow/dags/driven_data_pipeline.py
[2025-06-27T22:36:51.516+0000] {logging_mixin.py:190} INFO - [2025-06-27T22:36:51.516+0000] {dag.py:3239} INFO - Sync 1 DAGs
[2025-06-27T22:36:51.601+0000] {logging_mixin.py:190} INFO - [2025-06-27T22:36:51.601+0000] {dag.py:4180} INFO - Setting next_dagrun for extract_raw_data_pipeline to 2025-06-27 07:58:00+00:00, run_after=2025-06-27 07:59:00+00:00
[2025-06-27T22:36:51.679+0000] {processor.py:208} INFO - Processing /opt/airflow/dags/driven_data_pipeline.py took 10.993 seconds
[2025-06-27T22:37:23.471+0000] {processor.py:186} INFO - Started process (PID=138) to work on /opt/airflow/dags/driven_data_pipeline.py
[2025-06-27T22:37:23.494+0000] {processor.py:914} INFO - Processing file /opt/airflow/dags/driven_data_pipeline.py for tasks to queue
[2025-06-27T22:37:23.598+0000] {logging_mixin.py:190} INFO - [2025-06-27T22:37:23.588+0000] {dagbag.py:588} INFO - Filling up the DagBag from /opt/airflow/dags/driven_data_pipeline.py
[2025-06-27T22:37:26.708+0000] {processor.py:925} INFO - DAG(s) 'extract_raw_data_pipeline' retrieved from /opt/airflow/dags/driven_data_pipeline.py
[2025-06-27T22:37:27.024+0000] {logging_mixin.py:190} INFO - [2025-06-27T22:37:27.024+0000] {dag.py:3239} INFO - Sync 1 DAGs
[2025-06-27T22:37:27.248+0000] {logging_mixin.py:190} INFO - [2025-06-27T22:37:27.247+0000] {dag.py:4180} INFO - Setting next_dagrun for extract_raw_data_pipeline to 2025-06-27 07:58:00+00:00, run_after=2025-06-27 07:59:00+00:00
[2025-06-27T22:37:27.388+0000] {processor.py:208} INFO - Processing /opt/airflow/dags/driven_data_pipeline.py took 4.311 seconds
[2025-06-27T22:38:06.784+0000] {processor.py:186} INFO - Started process (PID=151) to work on /opt/airflow/dags/driven_data_pipeline.py
[2025-06-27T22:38:06.787+0000] {processor.py:914} INFO - Processing file /opt/airflow/dags/driven_data_pipeline.py for tasks to queue
[2025-06-27T22:38:06.794+0000] {logging_mixin.py:190} INFO - [2025-06-27T22:38:06.793+0000] {dagbag.py:588} INFO - Filling up the DagBag from /opt/airflow/dags/driven_data_pipeline.py
[2025-06-27T22:38:07.742+0000] {processor.py:925} INFO - DAG(s) 'extract_raw_data_pipeline' retrieved from /opt/airflow/dags/driven_data_pipeline.py
[2025-06-27T22:38:07.913+0000] {logging_mixin.py:190} INFO - [2025-06-27T22:38:07.912+0000] {dag.py:3239} INFO - Sync 1 DAGs
[2025-06-27T22:38:07.997+0000] {logging_mixin.py:190} INFO - [2025-06-27T22:38:07.996+0000] {dag.py:4180} INFO - Setting next_dagrun for extract_raw_data_pipeline to 2025-06-27 07:58:00+00:00, run_after=2025-06-27 07:59:00+00:00
[2025-06-27T22:38:08.037+0000] {processor.py:208} INFO - Processing /opt/airflow/dags/driven_data_pipeline.py took 1.275 seconds
[2025-06-27T22:38:38.433+0000] {processor.py:186} INFO - Started process (PID=160) to work on /opt/airflow/dags/driven_data_pipeline.py
[2025-06-27T22:38:38.437+0000] {processor.py:914} INFO - Processing file /opt/airflow/dags/driven_data_pipeline.py for tasks to queue
[2025-06-27T22:38:38.444+0000] {logging_mixin.py:190} INFO - [2025-06-27T22:38:38.443+0000] {dagbag.py:588} INFO - Filling up the DagBag from /opt/airflow/dags/driven_data_pipeline.py
[2025-06-27T22:38:38.978+0000] {processor.py:925} INFO - DAG(s) 'extract_raw_data_pipeline' retrieved from /opt/airflow/dags/driven_data_pipeline.py
[2025-06-27T22:38:39.025+0000] {logging_mixin.py:190} INFO - [2025-06-27T22:38:39.025+0000] {dag.py:3239} INFO - Sync 1 DAGs
[2025-06-27T22:38:39.065+0000] {logging_mixin.py:190} INFO - [2025-06-27T22:38:39.065+0000] {dag.py:4180} INFO - Setting next_dagrun for extract_raw_data_pipeline to 2025-06-27 07:58:00+00:00, run_after=2025-06-27 07:59:00+00:00
[2025-06-27T22:38:39.101+0000] {processor.py:208} INFO - Processing /opt/airflow/dags/driven_data_pipeline.py took 0.698 seconds
[2025-06-27T22:39:10.162+0000] {processor.py:186} INFO - Started process (PID=168) to work on /opt/airflow/dags/driven_data_pipeline.py
[2025-06-27T22:39:10.210+0000] {processor.py:914} INFO - Processing file /opt/airflow/dags/driven_data_pipeline.py for tasks to queue
[2025-06-27T22:39:10.411+0000] {logging_mixin.py:190} INFO - [2025-06-27T22:39:10.392+0000] {dagbag.py:588} INFO - Filling up the DagBag from /opt/airflow/dags/driven_data_pipeline.py
[2025-06-27T22:39:16.136+0000] {processor.py:925} INFO - DAG(s) 'extract_raw_data_pipeline' retrieved from /opt/airflow/dags/driven_data_pipeline.py
[2025-06-27T22:39:16.235+0000] {logging_mixin.py:190} INFO - [2025-06-27T22:39:16.235+0000] {dag.py:3239} INFO - Sync 1 DAGs
[2025-06-27T22:39:16.302+0000] {logging_mixin.py:190} INFO - [2025-06-27T22:39:16.301+0000] {dag.py:4180} INFO - Setting next_dagrun for extract_raw_data_pipeline to 2025-06-27 07:58:00+00:00, run_after=2025-06-27 07:59:00+00:00
[2025-06-27T22:39:16.360+0000] {processor.py:208} INFO - Processing /opt/airflow/dags/driven_data_pipeline.py took 6.263 seconds
[2025-06-27T22:39:46.991+0000] {processor.py:186} INFO - Started process (PID=176) to work on /opt/airflow/dags/driven_data_pipeline.py
[2025-06-27T22:39:46.993+0000] {processor.py:914} INFO - Processing file /opt/airflow/dags/driven_data_pipeline.py for tasks to queue
[2025-06-27T22:39:47.003+0000] {logging_mixin.py:190} INFO - [2025-06-27T22:39:47.002+0000] {dagbag.py:588} INFO - Filling up the DagBag from /opt/airflow/dags/driven_data_pipeline.py
[2025-06-27T22:39:47.662+0000] {processor.py:925} INFO - DAG(s) 'extract_raw_data_pipeline' retrieved from /opt/airflow/dags/driven_data_pipeline.py
[2025-06-27T22:39:47.758+0000] {logging_mixin.py:190} INFO - [2025-06-27T22:39:47.758+0000] {dag.py:3239} INFO - Sync 1 DAGs
[2025-06-27T22:39:47.820+0000] {logging_mixin.py:190} INFO - [2025-06-27T22:39:47.819+0000] {dag.py:4180} INFO - Setting next_dagrun for extract_raw_data_pipeline to 2025-06-27 07:58:00+00:00, run_after=2025-06-27 07:59:00+00:00
[2025-06-27T22:39:47.886+0000] {processor.py:208} INFO - Processing /opt/airflow/dags/driven_data_pipeline.py took 0.909 seconds
[2025-06-27T22:40:18.340+0000] {processor.py:186} INFO - Started process (PID=184) to work on /opt/airflow/dags/driven_data_pipeline.py
[2025-06-27T22:40:18.343+0000] {processor.py:914} INFO - Processing file /opt/airflow/dags/driven_data_pipeline.py for tasks to queue
[2025-06-27T22:40:18.350+0000] {logging_mixin.py:190} INFO - [2025-06-27T22:40:18.349+0000] {dagbag.py:588} INFO - Filling up the DagBag from /opt/airflow/dags/driven_data_pipeline.py
[2025-06-27T22:40:18.660+0000] {processor.py:925} INFO - DAG(s) 'extract_raw_data_pipeline' retrieved from /opt/airflow/dags/driven_data_pipeline.py
[2025-06-27T22:40:18.707+0000] {logging_mixin.py:190} INFO - [2025-06-27T22:40:18.706+0000] {dag.py:3239} INFO - Sync 1 DAGs
[2025-06-27T22:40:18.749+0000] {logging_mixin.py:190} INFO - [2025-06-27T22:40:18.749+0000] {dag.py:4180} INFO - Setting next_dagrun for extract_raw_data_pipeline to 2025-06-27 07:58:00+00:00, run_after=2025-06-27 07:59:00+00:00
[2025-06-27T22:40:18.789+0000] {processor.py:208} INFO - Processing /opt/airflow/dags/driven_data_pipeline.py took 0.461 seconds
[2025-06-27T22:40:48.946+0000] {processor.py:186} INFO - Started process (PID=191) to work on /opt/airflow/dags/driven_data_pipeline.py
[2025-06-27T22:40:48.949+0000] {processor.py:914} INFO - Processing file /opt/airflow/dags/driven_data_pipeline.py for tasks to queue
[2025-06-27T22:40:48.955+0000] {logging_mixin.py:190} INFO - [2025-06-27T22:40:48.955+0000] {dagbag.py:588} INFO - Filling up the DagBag from /opt/airflow/dags/driven_data_pipeline.py
[2025-06-27T22:40:49.284+0000] {processor.py:925} INFO - DAG(s) 'extract_raw_data_pipeline' retrieved from /opt/airflow/dags/driven_data_pipeline.py
[2025-06-27T22:40:49.336+0000] {logging_mixin.py:190} INFO - [2025-06-27T22:40:49.335+0000] {dag.py:3239} INFO - Sync 1 DAGs
[2025-06-27T22:40:49.375+0000] {logging_mixin.py:190} INFO - [2025-06-27T22:40:49.375+0000] {dag.py:4180} INFO - Setting next_dagrun for extract_raw_data_pipeline to 2025-06-27 07:58:00+00:00, run_after=2025-06-27 07:59:00+00:00
[2025-06-27T22:40:49.412+0000] {processor.py:208} INFO - Processing /opt/airflow/dags/driven_data_pipeline.py took 0.480 seconds
[2025-06-27T22:41:20.087+0000] {processor.py:186} INFO - Started process (PID=199) to work on /opt/airflow/dags/driven_data_pipeline.py
[2025-06-27T22:41:20.117+0000] {processor.py:914} INFO - Processing file /opt/airflow/dags/driven_data_pipeline.py for tasks to queue
[2025-06-27T22:41:20.216+0000] {logging_mixin.py:190} INFO - [2025-06-27T22:41:20.209+0000] {dagbag.py:588} INFO - Filling up the DagBag from /opt/airflow/dags/driven_data_pipeline.py
[2025-06-27T22:41:22.654+0000] {processor.py:925} INFO - DAG(s) 'extract_raw_data_pipeline' retrieved from /opt/airflow/dags/driven_data_pipeline.py
[2025-06-27T22:41:23.538+0000] {logging_mixin.py:190} INFO - [2025-06-27T22:41:23.538+0000] {dag.py:3239} INFO - Sync 1 DAGs
[2025-06-27T22:41:24.001+0000] {logging_mixin.py:190} INFO - [2025-06-27T22:41:24.000+0000] {dag.py:4180} INFO - Setting next_dagrun for extract_raw_data_pipeline to 2025-06-27 07:59:00+00:00, run_after=2025-06-28 07:00:00+00:00
[2025-06-27T22:41:24.193+0000] {processor.py:208} INFO - Processing /opt/airflow/dags/driven_data_pipeline.py took 4.283 seconds
[2025-06-27T22:41:55.710+0000] {processor.py:186} INFO - Started process (PID=207) to work on /opt/airflow/dags/driven_data_pipeline.py
[2025-06-27T22:41:55.788+0000] {processor.py:914} INFO - Processing file /opt/airflow/dags/driven_data_pipeline.py for tasks to queue
[2025-06-27T22:41:55.888+0000] {logging_mixin.py:190} INFO - [2025-06-27T22:41:55.886+0000] {dagbag.py:588} INFO - Filling up the DagBag from /opt/airflow/dags/driven_data_pipeline.py
[2025-06-27T22:42:03.150+0000] {processor.py:925} INFO - DAG(s) 'extract_raw_data_pipeline' retrieved from /opt/airflow/dags/driven_data_pipeline.py
[2025-06-27T22:42:04.939+0000] {logging_mixin.py:190} INFO - [2025-06-27T22:42:04.936+0000] {dag.py:3239} INFO - Sync 1 DAGs
[2025-06-27T22:42:06.396+0000] {logging_mixin.py:190} INFO - [2025-06-27T22:42:06.374+0000] {dag.py:4180} INFO - Setting next_dagrun for extract_raw_data_pipeline to 2025-06-27 07:59:00+00:00, run_after=2025-06-28 07:00:00+00:00
[2025-06-27T22:42:07.185+0000] {processor.py:208} INFO - Processing /opt/airflow/dags/driven_data_pipeline.py took 11.857 seconds
[2025-06-27T22:42:41.789+0000] {processor.py:186} INFO - Started process (PID=222) to work on /opt/airflow/dags/driven_data_pipeline.py
[2025-06-27T22:42:41.896+0000] {processor.py:914} INFO - Processing file /opt/airflow/dags/driven_data_pipeline.py for tasks to queue
[2025-06-27T22:42:43.099+0000] {logging_mixin.py:190} INFO - [2025-06-27T22:42:43.090+0000] {dagbag.py:588} INFO - Filling up the DagBag from /opt/airflow/dags/driven_data_pipeline.py
[2025-06-27T22:42:49.568+0000] {processor.py:925} INFO - DAG(s) 'extract_raw_data_pipeline' retrieved from /opt/airflow/dags/driven_data_pipeline.py
[2025-06-27T22:42:49.830+0000] {logging_mixin.py:190} INFO - [2025-06-27T22:42:49.830+0000] {dag.py:3239} INFO - Sync 1 DAGs
[2025-06-27T22:42:50.060+0000] {logging_mixin.py:190} INFO - [2025-06-27T22:42:50.059+0000] {dag.py:4180} INFO - Setting next_dagrun for extract_raw_data_pipeline to 2025-06-27 07:59:00+00:00, run_after=2025-06-28 07:00:00+00:00
[2025-06-27T22:42:50.219+0000] {processor.py:208} INFO - Processing /opt/airflow/dags/driven_data_pipeline.py took 10.388 seconds
[2025-06-27T22:43:20.915+0000] {processor.py:186} INFO - Started process (PID=231) to work on /opt/airflow/dags/driven_data_pipeline.py
[2025-06-27T22:43:20.943+0000] {processor.py:914} INFO - Processing file /opt/airflow/dags/driven_data_pipeline.py for tasks to queue
[2025-06-27T22:43:21.000+0000] {logging_mixin.py:190} INFO - [2025-06-27T22:43:21.000+0000] {dagbag.py:588} INFO - Filling up the DagBag from /opt/airflow/dags/driven_data_pipeline.py
[2025-06-27T22:53:54.576+0000] {processor.py:186} INFO - Started process (PID=64) to work on /opt/airflow/dags/driven_data_pipeline.py
[2025-06-27T22:53:54.629+0000] {processor.py:914} INFO - Processing file /opt/airflow/dags/driven_data_pipeline.py for tasks to queue
[2025-06-27T22:53:54.664+0000] {logging_mixin.py:190} INFO - [2025-06-27T22:53:54.662+0000] {dagbag.py:588} INFO - Filling up the DagBag from /opt/airflow/dags/driven_data_pipeline.py
[2025-06-27T22:53:57.688+0000] {processor.py:925} INFO - DAG(s) 'extract_raw_data_pipeline' retrieved from /opt/airflow/dags/driven_data_pipeline.py
[2025-06-27T22:53:57.785+0000] {logging_mixin.py:190} INFO - [2025-06-27T22:53:57.785+0000] {dag.py:3239} INFO - Sync 1 DAGs
[2025-06-27T22:53:57.890+0000] {logging_mixin.py:190} INFO - [2025-06-27T22:53:57.890+0000] {dag.py:4180} INFO - Setting next_dagrun for extract_raw_data_pipeline to 2025-06-27 07:59:00+00:00, run_after=2025-06-28 07:00:00+00:00
[2025-06-27T22:53:57.953+0000] {processor.py:208} INFO - Processing /opt/airflow/dags/driven_data_pipeline.py took 3.517 seconds
[2025-06-27T22:54:09.710+0000] {processor.py:186} INFO - Started process (PID=66) to work on /opt/airflow/dags/driven_data_pipeline.py
[2025-06-27T22:54:10.007+0000] {processor.py:914} INFO - Processing file /opt/airflow/dags/driven_data_pipeline.py for tasks to queue
[2025-06-27T22:54:10.083+0000] {logging_mixin.py:190} INFO - [2025-06-27T22:54:10.080+0000] {dagbag.py:588} INFO - Filling up the DagBag from /opt/airflow/dags/driven_data_pipeline.py
[2025-06-27T22:54:12.064+0000] {processor.py:925} INFO - DAG(s) 'extract_raw_data_pipeline' retrieved from /opt/airflow/dags/driven_data_pipeline.py
[2025-06-27T22:54:12.120+0000] {logging_mixin.py:190} INFO - [2025-06-27T22:54:12.119+0000] {taskinstance.py:3312} ERROR - {'DAG Id': 'extract_raw_data_pipeline', 'Task Id': 'extract_raw_data', 'Run Id': 'manual__2025-06-27T22:41:04.834436+00:00', 'Hostname': '1b97f0f842ef', 'External Executor Id': 'fdcff979-39db-4284-9e70-906461a8ed29'}
[2025-06-27T22:54:12.185+0000] {logging_mixin.py:190} INFO - [2025-06-27T22:54:12.184+0000] {taskinstance.py:1225} INFO - Marking task as FAILED. dag_id=extract_raw_data_pipeline, task_id=extract_raw_data, run_id=manual__2025-06-27T22:41:04.834436+00:00, execution_date=20250627T224104, start_date=20250627T224232, end_date=20250627T225412
[2025-06-27T22:54:12.237+0000] {logging_mixin.py:190} INFO - [2025-06-27T22:54:12.236+0000] {processor.py:876} INFO - Executed callback for <TaskInstance: extract_raw_data_pipeline.extract_raw_data manual__2025-06-27T22:41:04.834436+00:00 [failed]> in state failed
[2025-06-27T22:54:12.312+0000] {logging_mixin.py:190} INFO - [2025-06-27T22:54:12.310+0000] {dag.py:3239} INFO - Sync 1 DAGs
[2025-06-27T22:54:12.375+0000] {logging_mixin.py:190} INFO - [2025-06-27T22:54:12.375+0000] {dag.py:4180} INFO - Setting next_dagrun for extract_raw_data_pipeline to 2025-06-27 07:59:00+00:00, run_after=2025-06-28 07:00:00+00:00
[2025-06-27T22:54:12.420+0000] {processor.py:208} INFO - Processing /opt/airflow/dags/driven_data_pipeline.py took 3.000 seconds
[2025-06-27T22:54:43.980+0000] {processor.py:186} INFO - Started process (PID=80) to work on /opt/airflow/dags/driven_data_pipeline.py
[2025-06-27T22:54:43.986+0000] {processor.py:914} INFO - Processing file /opt/airflow/dags/driven_data_pipeline.py for tasks to queue
[2025-06-27T22:54:44.070+0000] {logging_mixin.py:190} INFO - [2025-06-27T22:54:44.063+0000] {dagbag.py:588} INFO - Filling up the DagBag from /opt/airflow/dags/driven_data_pipeline.py
[2025-06-27T22:54:50.701+0000] {processor.py:925} INFO - DAG(s) 'extract_raw_data_pipeline' retrieved from /opt/airflow/dags/driven_data_pipeline.py
[2025-06-27T22:54:50.758+0000] {logging_mixin.py:190} INFO - [2025-06-27T22:54:50.757+0000] {dag.py:3239} INFO - Sync 1 DAGs
[2025-06-27T22:54:50.809+0000] {logging_mixin.py:190} INFO - [2025-06-27T22:54:50.809+0000] {dag.py:4180} INFO - Setting next_dagrun for extract_raw_data_pipeline to 2025-06-27 07:59:00+00:00, run_after=2025-06-28 07:00:00+00:00
[2025-06-27T22:54:50.847+0000] {processor.py:208} INFO - Processing /opt/airflow/dags/driven_data_pipeline.py took 6.975 seconds
[2025-06-27T22:55:21.382+0000] {processor.py:186} INFO - Started process (PID=88) to work on /opt/airflow/dags/driven_data_pipeline.py
[2025-06-27T22:55:21.384+0000] {processor.py:914} INFO - Processing file /opt/airflow/dags/driven_data_pipeline.py for tasks to queue
[2025-06-27T22:55:21.391+0000] {logging_mixin.py:190} INFO - [2025-06-27T22:55:21.390+0000] {dagbag.py:588} INFO - Filling up the DagBag from /opt/airflow/dags/driven_data_pipeline.py
[2025-06-27T22:55:21.986+0000] {processor.py:925} INFO - DAG(s) 'extract_raw_data_pipeline' retrieved from /opt/airflow/dags/driven_data_pipeline.py
[2025-06-27T22:55:22.024+0000] {logging_mixin.py:190} INFO - [2025-06-27T22:55:22.024+0000] {dag.py:3239} INFO - Sync 1 DAGs
[2025-06-27T22:55:22.062+0000] {logging_mixin.py:190} INFO - [2025-06-27T22:55:22.062+0000] {dag.py:4180} INFO - Setting next_dagrun for extract_raw_data_pipeline to 2025-06-27 07:59:00+00:00, run_after=2025-06-28 07:00:00+00:00
[2025-06-27T22:55:22.092+0000] {processor.py:208} INFO - Processing /opt/airflow/dags/driven_data_pipeline.py took 0.727 seconds
[2025-06-27T22:55:52.609+0000] {processor.py:186} INFO - Started process (PID=95) to work on /opt/airflow/dags/driven_data_pipeline.py
[2025-06-27T22:55:52.612+0000] {processor.py:914} INFO - Processing file /opt/airflow/dags/driven_data_pipeline.py for tasks to queue
[2025-06-27T22:55:52.618+0000] {logging_mixin.py:190} INFO - [2025-06-27T22:55:52.617+0000] {dagbag.py:588} INFO - Filling up the DagBag from /opt/airflow/dags/driven_data_pipeline.py
[2025-06-27T22:55:53.307+0000] {processor.py:925} INFO - DAG(s) 'extract_raw_data_pipeline' retrieved from /opt/airflow/dags/driven_data_pipeline.py
[2025-06-27T22:55:53.381+0000] {logging_mixin.py:190} INFO - [2025-06-27T22:55:53.380+0000] {dag.py:3239} INFO - Sync 1 DAGs
[2025-06-27T22:55:53.430+0000] {logging_mixin.py:190} INFO - [2025-06-27T22:55:53.430+0000] {dag.py:4180} INFO - Setting next_dagrun for extract_raw_data_pipeline to 2025-06-27 07:59:00+00:00, run_after=2025-06-28 07:00:00+00:00
[2025-06-27T22:55:53.469+0000] {processor.py:208} INFO - Processing /opt/airflow/dags/driven_data_pipeline.py took 0.872 seconds
[2025-06-27T22:56:23.991+0000] {processor.py:186} INFO - Started process (PID=103) to work on /opt/airflow/dags/driven_data_pipeline.py
[2025-06-27T22:56:23.994+0000] {processor.py:914} INFO - Processing file /opt/airflow/dags/driven_data_pipeline.py for tasks to queue
[2025-06-27T22:56:23.999+0000] {logging_mixin.py:190} INFO - [2025-06-27T22:56:23.998+0000] {dagbag.py:588} INFO - Filling up the DagBag from /opt/airflow/dags/driven_data_pipeline.py
[2025-06-27T22:56:24.736+0000] {processor.py:925} INFO - DAG(s) 'extract_raw_data_pipeline' retrieved from /opt/airflow/dags/driven_data_pipeline.py
[2025-06-27T22:56:24.778+0000] {logging_mixin.py:190} INFO - [2025-06-27T22:56:24.777+0000] {dag.py:3239} INFO - Sync 1 DAGs
[2025-06-27T22:56:24.825+0000] {logging_mixin.py:190} INFO - [2025-06-27T22:56:24.824+0000] {dag.py:4180} INFO - Setting next_dagrun for extract_raw_data_pipeline to 2025-06-27 07:59:00+00:00, run_after=2025-06-28 07:00:00+00:00
[2025-06-27T22:56:24.874+0000] {processor.py:208} INFO - Processing /opt/airflow/dags/driven_data_pipeline.py took 0.895 seconds
[2025-06-27T22:56:55.353+0000] {processor.py:186} INFO - Started process (PID=111) to work on /opt/airflow/dags/driven_data_pipeline.py
[2025-06-27T22:56:55.356+0000] {processor.py:914} INFO - Processing file /opt/airflow/dags/driven_data_pipeline.py for tasks to queue
[2025-06-27T22:56:55.361+0000] {logging_mixin.py:190} INFO - [2025-06-27T22:56:55.360+0000] {dagbag.py:588} INFO - Filling up the DagBag from /opt/airflow/dags/driven_data_pipeline.py
[2025-06-27T22:56:55.886+0000] {processor.py:925} INFO - DAG(s) 'extract_raw_data_pipeline' retrieved from /opt/airflow/dags/driven_data_pipeline.py
[2025-06-27T22:56:55.920+0000] {logging_mixin.py:190} INFO - [2025-06-27T22:56:55.919+0000] {dag.py:3239} INFO - Sync 1 DAGs
[2025-06-27T22:56:55.955+0000] {logging_mixin.py:190} INFO - [2025-06-27T22:56:55.955+0000] {dag.py:4180} INFO - Setting next_dagrun for extract_raw_data_pipeline to 2025-06-27 07:59:00+00:00, run_after=2025-06-28 07:00:00+00:00
[2025-06-27T22:56:55.981+0000] {processor.py:208} INFO - Processing /opt/airflow/dags/driven_data_pipeline.py took 0.640 seconds
[2025-06-27T22:57:26.222+0000] {processor.py:186} INFO - Started process (PID=119) to work on /opt/airflow/dags/driven_data_pipeline.py
[2025-06-27T22:57:26.233+0000] {processor.py:914} INFO - Processing file /opt/airflow/dags/driven_data_pipeline.py for tasks to queue
[2025-06-27T22:57:26.250+0000] {logging_mixin.py:190} INFO - [2025-06-27T22:57:26.249+0000] {dagbag.py:588} INFO - Filling up the DagBag from /opt/airflow/dags/driven_data_pipeline.py
[2025-06-27T22:57:26.784+0000] {processor.py:925} INFO - DAG(s) 'extract_raw_data_pipeline' retrieved from /opt/airflow/dags/driven_data_pipeline.py
[2025-06-27T22:57:26.969+0000] {logging_mixin.py:190} INFO - [2025-06-27T22:57:26.967+0000] {dag.py:3239} INFO - Sync 1 DAGs
[2025-06-27T22:57:27.166+0000] {logging_mixin.py:190} INFO - [2025-06-27T22:57:27.166+0000] {dag.py:4180} INFO - Setting next_dagrun for extract_raw_data_pipeline to 2025-06-27 07:59:00+00:00, run_after=2025-06-28 07:00:00+00:00
[2025-06-27T22:57:27.225+0000] {processor.py:208} INFO - Processing /opt/airflow/dags/driven_data_pipeline.py took 1.049 seconds
[2025-06-27T22:57:57.546+0000] {processor.py:186} INFO - Started process (PID=127) to work on /opt/airflow/dags/driven_data_pipeline.py
[2025-06-27T22:57:57.548+0000] {processor.py:914} INFO - Processing file /opt/airflow/dags/driven_data_pipeline.py for tasks to queue
[2025-06-27T22:57:57.552+0000] {logging_mixin.py:190} INFO - [2025-06-27T22:57:57.551+0000] {dagbag.py:588} INFO - Filling up the DagBag from /opt/airflow/dags/driven_data_pipeline.py
[2025-06-27T22:57:57.801+0000] {processor.py:925} INFO - DAG(s) 'extract_raw_data_pipeline' retrieved from /opt/airflow/dags/driven_data_pipeline.py
[2025-06-27T22:57:57.853+0000] {logging_mixin.py:190} INFO - [2025-06-27T22:57:57.853+0000] {dag.py:3239} INFO - Sync 1 DAGs
[2025-06-27T22:57:57.891+0000] {logging_mixin.py:190} INFO - [2025-06-27T22:57:57.891+0000] {dag.py:4180} INFO - Setting next_dagrun for extract_raw_data_pipeline to 2025-06-27 07:59:00+00:00, run_after=2025-06-28 07:00:00+00:00
[2025-06-27T22:57:57.927+0000] {processor.py:208} INFO - Processing /opt/airflow/dags/driven_data_pipeline.py took 0.391 seconds
[2025-06-27T22:58:28.385+0000] {processor.py:186} INFO - Started process (PID=135) to work on /opt/airflow/dags/driven_data_pipeline.py
[2025-06-27T22:58:28.407+0000] {processor.py:914} INFO - Processing file /opt/airflow/dags/driven_data_pipeline.py for tasks to queue
[2025-06-27T22:58:28.417+0000] {logging_mixin.py:190} INFO - [2025-06-27T22:58:28.417+0000] {dagbag.py:588} INFO - Filling up the DagBag from /opt/airflow/dags/driven_data_pipeline.py
[2025-06-27T22:58:28.682+0000] {processor.py:925} INFO - DAG(s) 'extract_raw_data_pipeline' retrieved from /opt/airflow/dags/driven_data_pipeline.py
[2025-06-27T22:58:28.726+0000] {logging_mixin.py:190} INFO - [2025-06-27T22:58:28.726+0000] {dag.py:3239} INFO - Sync 1 DAGs
[2025-06-27T22:58:28.773+0000] {logging_mixin.py:190} INFO - [2025-06-27T22:58:28.772+0000] {dag.py:4180} INFO - Setting next_dagrun for extract_raw_data_pipeline to 2025-06-27 07:59:00+00:00, run_after=2025-06-28 07:00:00+00:00
[2025-06-27T22:58:28.814+0000] {processor.py:208} INFO - Processing /opt/airflow/dags/driven_data_pipeline.py took 0.483 seconds
[2025-06-27T22:58:59.258+0000] {processor.py:186} INFO - Started process (PID=143) to work on /opt/airflow/dags/driven_data_pipeline.py
[2025-06-27T22:58:59.260+0000] {processor.py:914} INFO - Processing file /opt/airflow/dags/driven_data_pipeline.py for tasks to queue
[2025-06-27T22:58:59.266+0000] {logging_mixin.py:190} INFO - [2025-06-27T22:58:59.265+0000] {dagbag.py:588} INFO - Filling up the DagBag from /opt/airflow/dags/driven_data_pipeline.py
[2025-06-27T22:58:59.633+0000] {processor.py:925} INFO - DAG(s) 'extract_raw_data_pipeline' retrieved from /opt/airflow/dags/driven_data_pipeline.py
[2025-06-27T22:58:59.687+0000] {logging_mixin.py:190} INFO - [2025-06-27T22:58:59.687+0000] {dag.py:3239} INFO - Sync 1 DAGs
[2025-06-27T22:58:59.749+0000] {logging_mixin.py:190} INFO - [2025-06-27T22:58:59.748+0000] {dag.py:4180} INFO - Setting next_dagrun for extract_raw_data_pipeline to 2025-06-27 07:59:00+00:00, run_after=2025-06-28 07:00:00+00:00
[2025-06-27T22:58:59.793+0000] {processor.py:208} INFO - Processing /opt/airflow/dags/driven_data_pipeline.py took 0.546 seconds
[2025-06-27T22:59:30.138+0000] {processor.py:186} INFO - Started process (PID=150) to work on /opt/airflow/dags/driven_data_pipeline.py
[2025-06-27T22:59:30.140+0000] {processor.py:914} INFO - Processing file /opt/airflow/dags/driven_data_pipeline.py for tasks to queue
[2025-06-27T22:59:30.147+0000] {logging_mixin.py:190} INFO - [2025-06-27T22:59:30.145+0000] {dagbag.py:588} INFO - Filling up the DagBag from /opt/airflow/dags/driven_data_pipeline.py
[2025-06-27T22:59:30.464+0000] {processor.py:925} INFO - DAG(s) 'extract_raw_data_pipeline' retrieved from /opt/airflow/dags/driven_data_pipeline.py
[2025-06-27T22:59:30.507+0000] {logging_mixin.py:190} INFO - [2025-06-27T22:59:30.506+0000] {dag.py:3239} INFO - Sync 1 DAGs
[2025-06-27T22:59:30.546+0000] {logging_mixin.py:190} INFO - [2025-06-27T22:59:30.546+0000] {dag.py:4180} INFO - Setting next_dagrun for extract_raw_data_pipeline to 2025-06-27 07:59:00+00:00, run_after=2025-06-28 07:00:00+00:00
[2025-06-27T22:59:30.583+0000] {processor.py:208} INFO - Processing /opt/airflow/dags/driven_data_pipeline.py took 0.457 seconds
[2025-06-27T23:00:01.020+0000] {processor.py:186} INFO - Started process (PID=158) to work on /opt/airflow/dags/driven_data_pipeline.py
[2025-06-27T23:00:01.022+0000] {processor.py:914} INFO - Processing file /opt/airflow/dags/driven_data_pipeline.py for tasks to queue
[2025-06-27T23:00:01.026+0000] {logging_mixin.py:190} INFO - [2025-06-27T23:00:01.025+0000] {dagbag.py:588} INFO - Filling up the DagBag from /opt/airflow/dags/driven_data_pipeline.py
[2025-06-27T23:00:01.331+0000] {processor.py:925} INFO - DAG(s) 'extract_raw_data_pipeline' retrieved from /opt/airflow/dags/driven_data_pipeline.py
[2025-06-27T23:00:01.396+0000] {logging_mixin.py:190} INFO - [2025-06-27T23:00:01.396+0000] {dag.py:3239} INFO - Sync 1 DAGs
[2025-06-27T23:00:01.438+0000] {logging_mixin.py:190} INFO - [2025-06-27T23:00:01.438+0000] {dag.py:4180} INFO - Setting next_dagrun for extract_raw_data_pipeline to 2025-06-27 07:59:00+00:00, run_after=2025-06-28 07:00:00+00:00
[2025-06-27T23:00:01.469+0000] {processor.py:208} INFO - Processing /opt/airflow/dags/driven_data_pipeline.py took 0.460 seconds
[2025-06-27T23:00:31.921+0000] {processor.py:186} INFO - Started process (PID=167) to work on /opt/airflow/dags/driven_data_pipeline.py
[2025-06-27T23:00:31.923+0000] {processor.py:914} INFO - Processing file /opt/airflow/dags/driven_data_pipeline.py for tasks to queue
[2025-06-27T23:00:31.930+0000] {logging_mixin.py:190} INFO - [2025-06-27T23:00:31.929+0000] {dagbag.py:588} INFO - Filling up the DagBag from /opt/airflow/dags/driven_data_pipeline.py
[2025-06-27T23:00:32.339+0000] {processor.py:925} INFO - DAG(s) 'extract_raw_data_pipeline' retrieved from /opt/airflow/dags/driven_data_pipeline.py
[2025-06-27T23:00:32.393+0000] {logging_mixin.py:190} INFO - [2025-06-27T23:00:32.393+0000] {dag.py:3239} INFO - Sync 1 DAGs
[2025-06-27T23:00:32.450+0000] {logging_mixin.py:190} INFO - [2025-06-27T23:00:32.450+0000] {dag.py:4180} INFO - Setting next_dagrun for extract_raw_data_pipeline to 2025-06-27 07:59:00+00:00, run_after=2025-06-28 07:00:00+00:00
[2025-06-27T23:00:32.484+0000] {processor.py:208} INFO - Processing /opt/airflow/dags/driven_data_pipeline.py took 0.578 seconds
[2025-06-27T23:01:02.806+0000] {processor.py:186} INFO - Started process (PID=175) to work on /opt/airflow/dags/driven_data_pipeline.py
[2025-06-27T23:01:02.809+0000] {processor.py:914} INFO - Processing file /opt/airflow/dags/driven_data_pipeline.py for tasks to queue
[2025-06-27T23:01:02.815+0000] {logging_mixin.py:190} INFO - [2025-06-27T23:01:02.814+0000] {dagbag.py:588} INFO - Filling up the DagBag from /opt/airflow/dags/driven_data_pipeline.py
[2025-06-27T23:01:03.172+0000] {processor.py:925} INFO - DAG(s) 'extract_raw_data_pipeline' retrieved from /opt/airflow/dags/driven_data_pipeline.py
[2025-06-27T23:01:03.220+0000] {logging_mixin.py:190} INFO - [2025-06-27T23:01:03.219+0000] {dag.py:3239} INFO - Sync 1 DAGs
[2025-06-27T23:01:03.265+0000] {logging_mixin.py:190} INFO - [2025-06-27T23:01:03.264+0000] {dag.py:4180} INFO - Setting next_dagrun for extract_raw_data_pipeline to 2025-06-27 07:59:00+00:00, run_after=2025-06-28 07:00:00+00:00
[2025-06-27T23:01:03.321+0000] {processor.py:208} INFO - Processing /opt/airflow/dags/driven_data_pipeline.py took 0.529 seconds
[2025-06-27T23:01:33.865+0000] {processor.py:186} INFO - Started process (PID=182) to work on /opt/airflow/dags/driven_data_pipeline.py
[2025-06-27T23:01:33.876+0000] {processor.py:914} INFO - Processing file /opt/airflow/dags/driven_data_pipeline.py for tasks to queue
[2025-06-27T23:01:33.891+0000] {logging_mixin.py:190} INFO - [2025-06-27T23:01:33.888+0000] {dagbag.py:588} INFO - Filling up the DagBag from /opt/airflow/dags/driven_data_pipeline.py
[2025-06-27T23:01:34.528+0000] {processor.py:925} INFO - DAG(s) 'extract_raw_data_pipeline' retrieved from /opt/airflow/dags/driven_data_pipeline.py
[2025-06-27T23:01:34.581+0000] {logging_mixin.py:190} INFO - [2025-06-27T23:01:34.580+0000] {dag.py:3239} INFO - Sync 1 DAGs
[2025-06-27T23:01:34.635+0000] {logging_mixin.py:190} INFO - [2025-06-27T23:01:34.634+0000] {dag.py:4180} INFO - Setting next_dagrun for extract_raw_data_pipeline to 2025-06-27 07:59:00+00:00, run_after=2025-06-28 07:00:00+00:00
[2025-06-27T23:01:34.686+0000] {processor.py:208} INFO - Processing /opt/airflow/dags/driven_data_pipeline.py took 0.891 seconds
[2025-06-27T23:02:05.140+0000] {processor.py:186} INFO - Started process (PID=190) to work on /opt/airflow/dags/driven_data_pipeline.py
[2025-06-27T23:02:05.142+0000] {processor.py:914} INFO - Processing file /opt/airflow/dags/driven_data_pipeline.py for tasks to queue
[2025-06-27T23:02:05.146+0000] {logging_mixin.py:190} INFO - [2025-06-27T23:02:05.146+0000] {dagbag.py:588} INFO - Filling up the DagBag from /opt/airflow/dags/driven_data_pipeline.py
[2025-06-27T23:02:05.403+0000] {processor.py:925} INFO - DAG(s) 'extract_raw_data_pipeline' retrieved from /opt/airflow/dags/driven_data_pipeline.py
[2025-06-27T23:02:05.441+0000] {logging_mixin.py:190} INFO - [2025-06-27T23:02:05.440+0000] {dag.py:3239} INFO - Sync 1 DAGs
[2025-06-27T23:02:05.476+0000] {logging_mixin.py:190} INFO - [2025-06-27T23:02:05.475+0000] {dag.py:4180} INFO - Setting next_dagrun for extract_raw_data_pipeline to 2025-06-27 07:59:00+00:00, run_after=2025-06-28 07:00:00+00:00
[2025-06-27T23:02:05.508+0000] {processor.py:208} INFO - Processing /opt/airflow/dags/driven_data_pipeline.py took 0.380 seconds
[2025-06-27T23:02:35.928+0000] {processor.py:186} INFO - Started process (PID=198) to work on /opt/airflow/dags/driven_data_pipeline.py
[2025-06-27T23:02:35.929+0000] {processor.py:914} INFO - Processing file /opt/airflow/dags/driven_data_pipeline.py for tasks to queue
[2025-06-27T23:02:35.935+0000] {logging_mixin.py:190} INFO - [2025-06-27T23:02:35.934+0000] {dagbag.py:588} INFO - Filling up the DagBag from /opt/airflow/dags/driven_data_pipeline.py
[2025-06-27T23:02:36.243+0000] {processor.py:925} INFO - DAG(s) 'extract_raw_data_pipeline' retrieved from /opt/airflow/dags/driven_data_pipeline.py
[2025-06-27T23:02:36.293+0000] {logging_mixin.py:190} INFO - [2025-06-27T23:02:36.293+0000] {dag.py:3239} INFO - Sync 1 DAGs
[2025-06-27T23:02:36.333+0000] {logging_mixin.py:190} INFO - [2025-06-27T23:02:36.333+0000] {dag.py:4180} INFO - Setting next_dagrun for extract_raw_data_pipeline to 2025-06-27 07:59:00+00:00, run_after=2025-06-28 07:00:00+00:00
[2025-06-27T23:02:36.365+0000] {processor.py:208} INFO - Processing /opt/airflow/dags/driven_data_pipeline.py took 0.449 seconds
[2025-06-27T23:03:06.731+0000] {processor.py:186} INFO - Started process (PID=206) to work on /opt/airflow/dags/driven_data_pipeline.py
[2025-06-27T23:03:06.733+0000] {processor.py:914} INFO - Processing file /opt/airflow/dags/driven_data_pipeline.py for tasks to queue
[2025-06-27T23:03:06.739+0000] {logging_mixin.py:190} INFO - [2025-06-27T23:03:06.738+0000] {dagbag.py:588} INFO - Filling up the DagBag from /opt/airflow/dags/driven_data_pipeline.py
[2025-06-27T23:03:07.059+0000] {processor.py:925} INFO - DAG(s) 'extract_raw_data_pipeline' retrieved from /opt/airflow/dags/driven_data_pipeline.py
[2025-06-27T23:03:07.111+0000] {logging_mixin.py:190} INFO - [2025-06-27T23:03:07.111+0000] {dag.py:3239} INFO - Sync 1 DAGs
[2025-06-27T23:03:07.164+0000] {logging_mixin.py:190} INFO - [2025-06-27T23:03:07.164+0000] {dag.py:4180} INFO - Setting next_dagrun for extract_raw_data_pipeline to 2025-06-27 07:59:00+00:00, run_after=2025-06-28 07:00:00+00:00
[2025-06-27T23:03:07.229+0000] {processor.py:208} INFO - Processing /opt/airflow/dags/driven_data_pipeline.py took 0.509 seconds
[2025-06-27T23:03:37.582+0000] {processor.py:186} INFO - Started process (PID=213) to work on /opt/airflow/dags/driven_data_pipeline.py
[2025-06-27T23:03:37.584+0000] {processor.py:914} INFO - Processing file /opt/airflow/dags/driven_data_pipeline.py for tasks to queue
[2025-06-27T23:03:37.589+0000] {logging_mixin.py:190} INFO - [2025-06-27T23:03:37.588+0000] {dagbag.py:588} INFO - Filling up the DagBag from /opt/airflow/dags/driven_data_pipeline.py
[2025-06-27T23:03:37.854+0000] {processor.py:925} INFO - DAG(s) 'extract_raw_data_pipeline' retrieved from /opt/airflow/dags/driven_data_pipeline.py
[2025-06-27T23:03:37.917+0000] {logging_mixin.py:190} INFO - [2025-06-27T23:03:37.916+0000] {dag.py:3239} INFO - Sync 1 DAGs
[2025-06-27T23:03:37.960+0000] {logging_mixin.py:190} INFO - [2025-06-27T23:03:37.959+0000] {dag.py:4180} INFO - Setting next_dagrun for extract_raw_data_pipeline to 2025-06-27 07:59:00+00:00, run_after=2025-06-28 07:00:00+00:00
[2025-06-27T23:03:37.991+0000] {processor.py:208} INFO - Processing /opt/airflow/dags/driven_data_pipeline.py took 0.419 seconds
[2025-06-27T23:04:08.335+0000] {processor.py:186} INFO - Started process (PID=220) to work on /opt/airflow/dags/driven_data_pipeline.py
[2025-06-27T23:04:08.337+0000] {processor.py:914} INFO - Processing file /opt/airflow/dags/driven_data_pipeline.py for tasks to queue
[2025-06-27T23:04:08.343+0000] {logging_mixin.py:190} INFO - [2025-06-27T23:04:08.342+0000] {dagbag.py:588} INFO - Filling up the DagBag from /opt/airflow/dags/driven_data_pipeline.py
[2025-06-27T23:04:08.621+0000] {processor.py:925} INFO - DAG(s) 'extract_raw_data_pipeline' retrieved from /opt/airflow/dags/driven_data_pipeline.py
[2025-06-27T23:04:08.665+0000] {logging_mixin.py:190} INFO - [2025-06-27T23:04:08.664+0000] {dag.py:3239} INFO - Sync 1 DAGs
[2025-06-27T23:04:08.700+0000] {logging_mixin.py:190} INFO - [2025-06-27T23:04:08.700+0000] {dag.py:4180} INFO - Setting next_dagrun for extract_raw_data_pipeline to 2025-06-27 07:59:00+00:00, run_after=2025-06-28 07:00:00+00:00
[2025-06-27T23:04:08.732+0000] {processor.py:208} INFO - Processing /opt/airflow/dags/driven_data_pipeline.py took 0.407 seconds
[2025-06-27T23:04:39.135+0000] {processor.py:186} INFO - Started process (PID=228) to work on /opt/airflow/dags/driven_data_pipeline.py
[2025-06-27T23:04:39.137+0000] {processor.py:914} INFO - Processing file /opt/airflow/dags/driven_data_pipeline.py for tasks to queue
[2025-06-27T23:04:39.140+0000] {logging_mixin.py:190} INFO - [2025-06-27T23:04:39.140+0000] {dagbag.py:588} INFO - Filling up the DagBag from /opt/airflow/dags/driven_data_pipeline.py
[2025-06-27T23:04:39.452+0000] {processor.py:925} INFO - DAG(s) 'extract_raw_data_pipeline' retrieved from /opt/airflow/dags/driven_data_pipeline.py
[2025-06-27T23:04:39.495+0000] {logging_mixin.py:190} INFO - [2025-06-27T23:04:39.495+0000] {dag.py:3239} INFO - Sync 1 DAGs
[2025-06-27T23:04:39.528+0000] {logging_mixin.py:190} INFO - [2025-06-27T23:04:39.528+0000] {dag.py:4180} INFO - Setting next_dagrun for extract_raw_data_pipeline to 2025-06-27 07:59:00+00:00, run_after=2025-06-28 07:00:00+00:00
[2025-06-27T23:04:39.558+0000] {processor.py:208} INFO - Processing /opt/airflow/dags/driven_data_pipeline.py took 0.433 seconds
[2025-06-27T23:05:09.934+0000] {processor.py:186} INFO - Started process (PID=236) to work on /opt/airflow/dags/driven_data_pipeline.py
[2025-06-27T23:05:09.945+0000] {processor.py:914} INFO - Processing file /opt/airflow/dags/driven_data_pipeline.py for tasks to queue
[2025-06-27T23:05:09.953+0000] {logging_mixin.py:190} INFO - [2025-06-27T23:05:09.952+0000] {dagbag.py:588} INFO - Filling up the DagBag from /opt/airflow/dags/driven_data_pipeline.py
[2025-06-27T23:05:10.318+0000] {processor.py:925} INFO - DAG(s) 'extract_raw_data_pipeline' retrieved from /opt/airflow/dags/driven_data_pipeline.py
[2025-06-27T23:05:10.363+0000] {logging_mixin.py:190} INFO - [2025-06-27T23:05:10.363+0000] {dag.py:3239} INFO - Sync 1 DAGs
[2025-06-27T23:05:10.402+0000] {logging_mixin.py:190} INFO - [2025-06-27T23:05:10.402+0000] {dag.py:4180} INFO - Setting next_dagrun for extract_raw_data_pipeline to 2025-06-27 07:59:00+00:00, run_after=2025-06-28 07:00:00+00:00
[2025-06-27T23:05:10.436+0000] {processor.py:208} INFO - Processing /opt/airflow/dags/driven_data_pipeline.py took 0.520 seconds
[2025-06-27T23:05:40.800+0000] {processor.py:186} INFO - Started process (PID=244) to work on /opt/airflow/dags/driven_data_pipeline.py
[2025-06-27T23:05:40.803+0000] {processor.py:914} INFO - Processing file /opt/airflow/dags/driven_data_pipeline.py for tasks to queue
[2025-06-27T23:05:40.809+0000] {logging_mixin.py:190} INFO - [2025-06-27T23:05:40.808+0000] {dagbag.py:588} INFO - Filling up the DagBag from /opt/airflow/dags/driven_data_pipeline.py
[2025-06-27T23:05:41.210+0000] {processor.py:925} INFO - DAG(s) 'extract_raw_data_pipeline' retrieved from /opt/airflow/dags/driven_data_pipeline.py
[2025-06-27T23:05:41.261+0000] {logging_mixin.py:190} INFO - [2025-06-27T23:05:41.261+0000] {dag.py:3239} INFO - Sync 1 DAGs
[2025-06-27T23:05:41.346+0000] {logging_mixin.py:190} INFO - [2025-06-27T23:05:41.346+0000] {dag.py:4180} INFO - Setting next_dagrun for extract_raw_data_pipeline to 2025-06-27 07:59:00+00:00, run_after=2025-06-28 07:00:00+00:00
[2025-06-27T23:05:41.424+0000] {processor.py:208} INFO - Processing /opt/airflow/dags/driven_data_pipeline.py took 0.636 seconds
[2025-06-27T23:06:11.884+0000] {processor.py:186} INFO - Started process (PID=251) to work on /opt/airflow/dags/driven_data_pipeline.py
[2025-06-27T23:06:11.886+0000] {processor.py:914} INFO - Processing file /opt/airflow/dags/driven_data_pipeline.py for tasks to queue
[2025-06-27T23:06:11.891+0000] {logging_mixin.py:190} INFO - [2025-06-27T23:06:11.891+0000] {dagbag.py:588} INFO - Filling up the DagBag from /opt/airflow/dags/driven_data_pipeline.py
[2025-06-27T23:06:12.182+0000] {processor.py:925} INFO - DAG(s) 'extract_raw_data_pipeline' retrieved from /opt/airflow/dags/driven_data_pipeline.py
[2025-06-27T23:06:12.219+0000] {logging_mixin.py:190} INFO - [2025-06-27T23:06:12.219+0000] {dag.py:3239} INFO - Sync 1 DAGs
[2025-06-27T23:06:12.268+0000] {logging_mixin.py:190} INFO - [2025-06-27T23:06:12.267+0000] {dag.py:4180} INFO - Setting next_dagrun for extract_raw_data_pipeline to 2025-06-27 07:59:00+00:00, run_after=2025-06-28 07:00:00+00:00
[2025-06-27T23:06:12.299+0000] {processor.py:208} INFO - Processing /opt/airflow/dags/driven_data_pipeline.py took 0.428 seconds
[2025-06-27T23:07:04.301+0000] {processor.py:186} INFO - Started process (PID=259) to work on /opt/airflow/dags/driven_data_pipeline.py
[2025-06-27T23:07:04.317+0000] {processor.py:914} INFO - Processing file /opt/airflow/dags/driven_data_pipeline.py for tasks to queue
[2025-06-27T23:07:04.425+0000] {logging_mixin.py:190} INFO - [2025-06-27T23:07:04.424+0000] {dagbag.py:588} INFO - Filling up the DagBag from /opt/airflow/dags/driven_data_pipeline.py
[2025-06-27T23:07:07.349+0000] {processor.py:925} INFO - DAG(s) 'extract_raw_data_pipeline' retrieved from /opt/airflow/dags/driven_data_pipeline.py
[2025-06-27T23:07:07.510+0000] {logging_mixin.py:190} INFO - [2025-06-27T23:07:07.499+0000] {dag.py:3239} INFO - Sync 1 DAGs
[2025-06-27T23:07:07.684+0000] {logging_mixin.py:190} INFO - [2025-06-27T23:07:07.684+0000] {dag.py:4180} INFO - Setting next_dagrun for extract_raw_data_pipeline to 2025-06-27 07:59:00+00:00, run_after=2025-06-28 07:00:00+00:00
[2025-06-27T23:07:07.726+0000] {processor.py:208} INFO - Processing /opt/airflow/dags/driven_data_pipeline.py took 3.808 seconds
[2025-06-27T23:07:38.157+0000] {processor.py:186} INFO - Started process (PID=267) to work on /opt/airflow/dags/driven_data_pipeline.py
[2025-06-27T23:07:38.160+0000] {processor.py:914} INFO - Processing file /opt/airflow/dags/driven_data_pipeline.py for tasks to queue
[2025-06-27T23:07:38.167+0000] {logging_mixin.py:190} INFO - [2025-06-27T23:07:38.166+0000] {dagbag.py:588} INFO - Filling up the DagBag from /opt/airflow/dags/driven_data_pipeline.py
[2025-06-27T23:07:38.664+0000] {processor.py:925} INFO - DAG(s) 'extract_raw_data_pipeline' retrieved from /opt/airflow/dags/driven_data_pipeline.py
[2025-06-27T23:07:38.775+0000] {logging_mixin.py:190} INFO - [2025-06-27T23:07:38.775+0000] {dag.py:3239} INFO - Sync 1 DAGs
[2025-06-27T23:07:39.012+0000] {logging_mixin.py:190} INFO - [2025-06-27T23:07:39.011+0000] {dag.py:4180} INFO - Setting next_dagrun for extract_raw_data_pipeline to 2025-06-27 07:59:00+00:00, run_after=2025-06-28 07:00:00+00:00
[2025-06-27T23:07:39.088+0000] {processor.py:208} INFO - Processing /opt/airflow/dags/driven_data_pipeline.py took 0.947 seconds
[2025-06-27T23:08:09.734+0000] {processor.py:186} INFO - Started process (PID=275) to work on /opt/airflow/dags/driven_data_pipeline.py
[2025-06-27T23:08:09.737+0000] {processor.py:914} INFO - Processing file /opt/airflow/dags/driven_data_pipeline.py for tasks to queue
[2025-06-27T23:08:09.745+0000] {logging_mixin.py:190} INFO - [2025-06-27T23:08:09.744+0000] {dagbag.py:588} INFO - Filling up the DagBag from /opt/airflow/dags/driven_data_pipeline.py
[2025-06-27T23:08:10.296+0000] {processor.py:925} INFO - DAG(s) 'extract_raw_data_pipeline' retrieved from /opt/airflow/dags/driven_data_pipeline.py
[2025-06-27T23:08:10.371+0000] {logging_mixin.py:190} INFO - [2025-06-27T23:08:10.370+0000] {dag.py:3239} INFO - Sync 1 DAGs
[2025-06-27T23:08:10.468+0000] {logging_mixin.py:190} INFO - [2025-06-27T23:08:10.467+0000] {dag.py:4180} INFO - Setting next_dagrun for extract_raw_data_pipeline to 2025-06-27 07:59:00+00:00, run_after=2025-06-28 07:00:00+00:00
[2025-06-27T23:08:10.556+0000] {processor.py:208} INFO - Processing /opt/airflow/dags/driven_data_pipeline.py took 0.837 seconds
[2025-06-27T23:08:41.241+0000] {processor.py:186} INFO - Started process (PID=289) to work on /opt/airflow/dags/driven_data_pipeline.py
[2025-06-27T23:08:41.244+0000] {processor.py:914} INFO - Processing file /opt/airflow/dags/driven_data_pipeline.py for tasks to queue
[2025-06-27T23:08:41.254+0000] {logging_mixin.py:190} INFO - [2025-06-27T23:08:41.253+0000] {dagbag.py:588} INFO - Filling up the DagBag from /opt/airflow/dags/driven_data_pipeline.py
[2025-06-27T23:08:41.867+0000] {processor.py:925} INFO - DAG(s) 'extract_raw_data_pipeline' retrieved from /opt/airflow/dags/driven_data_pipeline.py
[2025-06-27T23:08:41.959+0000] {logging_mixin.py:190} INFO - [2025-06-27T23:08:41.959+0000] {dag.py:3239} INFO - Sync 1 DAGs
[2025-06-27T23:08:42.070+0000] {logging_mixin.py:190} INFO - [2025-06-27T23:08:42.069+0000] {dag.py:4180} INFO - Setting next_dagrun for extract_raw_data_pipeline to 2025-06-27 07:59:00+00:00, run_after=2025-06-28 07:00:00+00:00
[2025-06-27T23:08:42.183+0000] {processor.py:208} INFO - Processing /opt/airflow/dags/driven_data_pipeline.py took 0.963 seconds
[2025-06-27T23:09:13.062+0000] {processor.py:186} INFO - Started process (PID=297) to work on /opt/airflow/dags/driven_data_pipeline.py
[2025-06-27T23:09:13.066+0000] {processor.py:914} INFO - Processing file /opt/airflow/dags/driven_data_pipeline.py for tasks to queue
[2025-06-27T23:09:13.075+0000] {logging_mixin.py:190} INFO - [2025-06-27T23:09:13.074+0000] {dagbag.py:588} INFO - Filling up the DagBag from /opt/airflow/dags/driven_data_pipeline.py
[2025-06-27T23:09:13.826+0000] {processor.py:925} INFO - DAG(s) 'extract_raw_data_pipeline' retrieved from /opt/airflow/dags/driven_data_pipeline.py
[2025-06-27T23:09:13.892+0000] {logging_mixin.py:190} INFO - [2025-06-27T23:09:13.891+0000] {dag.py:3239} INFO - Sync 1 DAGs
[2025-06-27T23:09:13.962+0000] {logging_mixin.py:190} INFO - [2025-06-27T23:09:13.961+0000] {dag.py:4180} INFO - Setting next_dagrun for extract_raw_data_pipeline to 2025-06-27 07:59:00+00:00, run_after=2025-06-28 07:00:00+00:00
[2025-06-27T23:09:14.044+0000] {processor.py:208} INFO - Processing /opt/airflow/dags/driven_data_pipeline.py took 1.001 seconds
[2025-06-27T23:09:44.673+0000] {processor.py:186} INFO - Started process (PID=305) to work on /opt/airflow/dags/driven_data_pipeline.py
[2025-06-27T23:09:44.683+0000] {processor.py:914} INFO - Processing file /opt/airflow/dags/driven_data_pipeline.py for tasks to queue
[2025-06-27T23:09:44.698+0000] {logging_mixin.py:190} INFO - [2025-06-27T23:09:44.697+0000] {dagbag.py:588} INFO - Filling up the DagBag from /opt/airflow/dags/driven_data_pipeline.py
[2025-06-27T23:09:45.113+0000] {processor.py:925} INFO - DAG(s) 'extract_raw_data_pipeline' retrieved from /opt/airflow/dags/driven_data_pipeline.py
[2025-06-27T23:09:45.172+0000] {logging_mixin.py:190} INFO - [2025-06-27T23:09:45.172+0000] {dag.py:3239} INFO - Sync 1 DAGs
[2025-06-27T23:09:45.224+0000] {logging_mixin.py:190} INFO - [2025-06-27T23:09:45.223+0000] {dag.py:4180} INFO - Setting next_dagrun for extract_raw_data_pipeline to 2025-06-27 07:59:00+00:00, run_after=2025-06-28 07:00:00+00:00
[2025-06-27T23:09:45.272+0000] {processor.py:208} INFO - Processing /opt/airflow/dags/driven_data_pipeline.py took 0.632 seconds
[2025-06-27T23:10:15.871+0000] {processor.py:186} INFO - Started process (PID=313) to work on /opt/airflow/dags/driven_data_pipeline.py
[2025-06-27T23:10:15.875+0000] {processor.py:914} INFO - Processing file /opt/airflow/dags/driven_data_pipeline.py for tasks to queue
[2025-06-27T23:10:15.883+0000] {logging_mixin.py:190} INFO - [2025-06-27T23:10:15.881+0000] {dagbag.py:588} INFO - Filling up the DagBag from /opt/airflow/dags/driven_data_pipeline.py
[2025-06-27T23:10:16.354+0000] {processor.py:925} INFO - DAG(s) 'extract_raw_data_pipeline' retrieved from /opt/airflow/dags/driven_data_pipeline.py
[2025-06-27T23:10:16.422+0000] {logging_mixin.py:190} INFO - [2025-06-27T23:10:16.421+0000] {dag.py:3239} INFO - Sync 1 DAGs
[2025-06-27T23:10:16.488+0000] {logging_mixin.py:190} INFO - [2025-06-27T23:10:16.487+0000] {dag.py:4180} INFO - Setting next_dagrun for extract_raw_data_pipeline to 2025-06-27 07:59:00+00:00, run_after=2025-06-28 07:00:00+00:00
[2025-06-27T23:10:16.607+0000] {processor.py:208} INFO - Processing /opt/airflow/dags/driven_data_pipeline.py took 0.753 seconds
[2025-06-27T23:10:46.871+0000] {processor.py:186} INFO - Started process (PID=321) to work on /opt/airflow/dags/driven_data_pipeline.py
[2025-06-27T23:10:46.874+0000] {processor.py:914} INFO - Processing file /opt/airflow/dags/driven_data_pipeline.py for tasks to queue
[2025-06-27T23:10:46.881+0000] {logging_mixin.py:190} INFO - [2025-06-27T23:10:46.880+0000] {dagbag.py:588} INFO - Filling up the DagBag from /opt/airflow/dags/driven_data_pipeline.py
[2025-06-27T23:10:47.269+0000] {processor.py:925} INFO - DAG(s) 'extract_raw_data_pipeline' retrieved from /opt/airflow/dags/driven_data_pipeline.py
[2025-06-27T23:10:47.330+0000] {logging_mixin.py:190} INFO - [2025-06-27T23:10:47.330+0000] {dag.py:3239} INFO - Sync 1 DAGs
[2025-06-27T23:10:47.380+0000] {logging_mixin.py:190} INFO - [2025-06-27T23:10:47.380+0000] {dag.py:4180} INFO - Setting next_dagrun for extract_raw_data_pipeline to 2025-06-27 07:59:00+00:00, run_after=2025-06-28 07:00:00+00:00
[2025-06-27T23:10:47.425+0000] {processor.py:208} INFO - Processing /opt/airflow/dags/driven_data_pipeline.py took 0.569 seconds
[2025-06-27T23:11:17.862+0000] {processor.py:186} INFO - Started process (PID=329) to work on /opt/airflow/dags/driven_data_pipeline.py
[2025-06-27T23:11:17.866+0000] {processor.py:914} INFO - Processing file /opt/airflow/dags/driven_data_pipeline.py for tasks to queue
[2025-06-27T23:11:17.873+0000] {logging_mixin.py:190} INFO - [2025-06-27T23:11:17.872+0000] {dagbag.py:588} INFO - Filling up the DagBag from /opt/airflow/dags/driven_data_pipeline.py
[2025-06-27T23:11:18.278+0000] {processor.py:925} INFO - DAG(s) 'extract_raw_data_pipeline' retrieved from /opt/airflow/dags/driven_data_pipeline.py
[2025-06-27T23:11:18.336+0000] {logging_mixin.py:190} INFO - [2025-06-27T23:11:18.336+0000] {dag.py:3239} INFO - Sync 1 DAGs
[2025-06-27T23:11:18.387+0000] {logging_mixin.py:190} INFO - [2025-06-27T23:11:18.386+0000] {dag.py:4180} INFO - Setting next_dagrun for extract_raw_data_pipeline to 2025-06-27 07:59:00+00:00, run_after=2025-06-28 07:00:00+00:00
[2025-06-27T23:11:18.435+0000] {processor.py:208} INFO - Processing /opt/airflow/dags/driven_data_pipeline.py took 0.590 seconds
[2025-06-27T23:11:48.568+0000] {processor.py:186} INFO - Started process (PID=337) to work on /opt/airflow/dags/driven_data_pipeline.py
[2025-06-27T23:11:48.572+0000] {processor.py:914} INFO - Processing file /opt/airflow/dags/driven_data_pipeline.py for tasks to queue
[2025-06-27T23:11:48.580+0000] {logging_mixin.py:190} INFO - [2025-06-27T23:11:48.579+0000] {dagbag.py:588} INFO - Filling up the DagBag from /opt/airflow/dags/driven_data_pipeline.py
[2025-06-27T23:11:49.685+0000] {processor.py:925} INFO - DAG(s) 'extract_raw_data_pipeline' retrieved from /opt/airflow/dags/driven_data_pipeline.py
[2025-06-27T23:11:49.747+0000] {logging_mixin.py:190} INFO - [2025-06-27T23:11:49.746+0000] {dag.py:3239} INFO - Sync 1 DAGs
[2025-06-27T23:11:49.813+0000] {logging_mixin.py:190} INFO - [2025-06-27T23:11:49.813+0000] {dag.py:4180} INFO - Setting next_dagrun for extract_raw_data_pipeline to 2025-06-27 07:59:00+00:00, run_after=2025-06-28 07:00:00+00:00
[2025-06-27T23:11:49.868+0000] {processor.py:208} INFO - Processing /opt/airflow/dags/driven_data_pipeline.py took 1.320 seconds
[2025-06-27T23:12:20.166+0000] {processor.py:186} INFO - Started process (PID=345) to work on /opt/airflow/dags/driven_data_pipeline.py
[2025-06-27T23:12:20.170+0000] {processor.py:914} INFO - Processing file /opt/airflow/dags/driven_data_pipeline.py for tasks to queue
[2025-06-27T23:12:20.179+0000] {logging_mixin.py:190} INFO - [2025-06-27T23:12:20.178+0000] {dagbag.py:588} INFO - Filling up the DagBag from /opt/airflow/dags/driven_data_pipeline.py
[2025-06-27T23:12:20.650+0000] {processor.py:925} INFO - DAG(s) 'extract_raw_data_pipeline' retrieved from /opt/airflow/dags/driven_data_pipeline.py
[2025-06-27T23:12:20.808+0000] {logging_mixin.py:190} INFO - [2025-06-27T23:12:20.807+0000] {dag.py:3239} INFO - Sync 1 DAGs
[2025-06-27T23:12:21.028+0000] {logging_mixin.py:190} INFO - [2025-06-27T23:12:21.025+0000] {dag.py:4180} INFO - Setting next_dagrun for extract_raw_data_pipeline to 2025-06-27 07:59:00+00:00, run_after=2025-06-28 07:00:00+00:00
[2025-06-27T23:12:21.153+0000] {processor.py:208} INFO - Processing /opt/airflow/dags/driven_data_pipeline.py took 1.002 seconds
[2025-06-27T23:12:51.709+0000] {processor.py:186} INFO - Started process (PID=354) to work on /opt/airflow/dags/driven_data_pipeline.py
[2025-06-27T23:12:51.712+0000] {processor.py:914} INFO - Processing file /opt/airflow/dags/driven_data_pipeline.py for tasks to queue
[2025-06-27T23:12:51.721+0000] {logging_mixin.py:190} INFO - [2025-06-27T23:12:51.720+0000] {dagbag.py:588} INFO - Filling up the DagBag from /opt/airflow/dags/driven_data_pipeline.py
[2025-06-27T23:12:52.535+0000] {processor.py:925} INFO - DAG(s) 'extract_raw_data_pipeline' retrieved from /opt/airflow/dags/driven_data_pipeline.py
[2025-06-27T23:12:52.636+0000] {logging_mixin.py:190} INFO - [2025-06-27T23:12:52.631+0000] {dag.py:3239} INFO - Sync 1 DAGs
[2025-06-27T23:12:52.779+0000] {logging_mixin.py:190} INFO - [2025-06-27T23:12:52.778+0000] {dag.py:4180} INFO - Setting next_dagrun for extract_raw_data_pipeline to 2025-06-27 07:59:00+00:00, run_after=2025-06-28 07:00:00+00:00
[2025-06-27T23:12:52.838+0000] {processor.py:208} INFO - Processing /opt/airflow/dags/driven_data_pipeline.py took 1.149 seconds
[2025-06-27T23:13:23.442+0000] {processor.py:186} INFO - Started process (PID=362) to work on /opt/airflow/dags/driven_data_pipeline.py
[2025-06-27T23:13:23.446+0000] {processor.py:914} INFO - Processing file /opt/airflow/dags/driven_data_pipeline.py for tasks to queue
[2025-06-27T23:13:23.453+0000] {logging_mixin.py:190} INFO - [2025-06-27T23:13:23.452+0000] {dagbag.py:588} INFO - Filling up the DagBag from /opt/airflow/dags/driven_data_pipeline.py
[2025-06-27T23:13:23.870+0000] {processor.py:925} INFO - DAG(s) 'extract_raw_data_pipeline' retrieved from /opt/airflow/dags/driven_data_pipeline.py
[2025-06-27T23:13:23.927+0000] {logging_mixin.py:190} INFO - [2025-06-27T23:13:23.926+0000] {dag.py:3239} INFO - Sync 1 DAGs
[2025-06-27T23:13:23.978+0000] {logging_mixin.py:190} INFO - [2025-06-27T23:13:23.977+0000] {dag.py:4180} INFO - Setting next_dagrun for extract_raw_data_pipeline to 2025-06-27 07:59:00+00:00, run_after=2025-06-28 07:00:00+00:00
[2025-06-27T23:13:24.026+0000] {processor.py:208} INFO - Processing /opt/airflow/dags/driven_data_pipeline.py took 0.602 seconds
[2025-06-27T23:13:54.735+0000] {processor.py:186} INFO - Started process (PID=370) to work on /opt/airflow/dags/driven_data_pipeline.py
[2025-06-27T23:13:54.738+0000] {processor.py:914} INFO - Processing file /opt/airflow/dags/driven_data_pipeline.py for tasks to queue
[2025-06-27T23:13:54.744+0000] {logging_mixin.py:190} INFO - [2025-06-27T23:13:54.744+0000] {dagbag.py:588} INFO - Filling up the DagBag from /opt/airflow/dags/driven_data_pipeline.py
[2025-06-27T23:13:55.191+0000] {processor.py:925} INFO - DAG(s) 'extract_raw_data_pipeline' retrieved from /opt/airflow/dags/driven_data_pipeline.py
[2025-06-27T23:13:55.251+0000] {logging_mixin.py:190} INFO - [2025-06-27T23:13:55.251+0000] {dag.py:3239} INFO - Sync 1 DAGs
[2025-06-27T23:13:55.301+0000] {logging_mixin.py:190} INFO - [2025-06-27T23:13:55.301+0000] {dag.py:4180} INFO - Setting next_dagrun for extract_raw_data_pipeline to 2025-06-27 07:59:00+00:00, run_after=2025-06-28 07:00:00+00:00
[2025-06-27T23:13:55.349+0000] {processor.py:208} INFO - Processing /opt/airflow/dags/driven_data_pipeline.py took 0.629 seconds
[2025-06-27T23:14:25.572+0000] {processor.py:186} INFO - Started process (PID=378) to work on /opt/airflow/dags/driven_data_pipeline.py
[2025-06-27T23:14:25.575+0000] {processor.py:914} INFO - Processing file /opt/airflow/dags/driven_data_pipeline.py for tasks to queue
[2025-06-27T23:14:25.582+0000] {logging_mixin.py:190} INFO - [2025-06-27T23:14:25.581+0000] {dagbag.py:588} INFO - Filling up the DagBag from /opt/airflow/dags/driven_data_pipeline.py
[2025-06-27T23:14:25.991+0000] {processor.py:925} INFO - DAG(s) 'extract_raw_data_pipeline' retrieved from /opt/airflow/dags/driven_data_pipeline.py
[2025-06-27T23:14:26.048+0000] {logging_mixin.py:190} INFO - [2025-06-27T23:14:26.047+0000] {dag.py:3239} INFO - Sync 1 DAGs
[2025-06-27T23:14:26.102+0000] {logging_mixin.py:190} INFO - [2025-06-27T23:14:26.101+0000] {dag.py:4180} INFO - Setting next_dagrun for extract_raw_data_pipeline to 2025-06-27 07:59:00+00:00, run_after=2025-06-28 07:00:00+00:00
[2025-06-27T23:14:26.147+0000] {processor.py:208} INFO - Processing /opt/airflow/dags/driven_data_pipeline.py took 0.591 seconds
[2025-06-27T23:14:56.646+0000] {processor.py:186} INFO - Started process (PID=386) to work on /opt/airflow/dags/driven_data_pipeline.py
[2025-06-27T23:14:56.651+0000] {processor.py:914} INFO - Processing file /opt/airflow/dags/driven_data_pipeline.py for tasks to queue
[2025-06-27T23:14:56.660+0000] {logging_mixin.py:190} INFO - [2025-06-27T23:14:56.659+0000] {dagbag.py:588} INFO - Filling up the DagBag from /opt/airflow/dags/driven_data_pipeline.py
[2025-06-27T23:14:57.204+0000] {processor.py:925} INFO - DAG(s) 'extract_raw_data_pipeline' retrieved from /opt/airflow/dags/driven_data_pipeline.py
[2025-06-27T23:14:57.320+0000] {logging_mixin.py:190} INFO - [2025-06-27T23:14:57.319+0000] {dag.py:3239} INFO - Sync 1 DAGs
[2025-06-27T23:14:57.410+0000] {logging_mixin.py:190} INFO - [2025-06-27T23:14:57.409+0000] {dag.py:4180} INFO - Setting next_dagrun for extract_raw_data_pipeline to 2025-06-27 07:59:00+00:00, run_after=2025-06-28 07:00:00+00:00
[2025-06-27T23:14:57.462+0000] {processor.py:208} INFO - Processing /opt/airflow/dags/driven_data_pipeline.py took 0.836 seconds
[2025-06-27T23:15:27.616+0000] {processor.py:186} INFO - Started process (PID=394) to work on /opt/airflow/dags/driven_data_pipeline.py
[2025-06-27T23:15:27.620+0000] {processor.py:914} INFO - Processing file /opt/airflow/dags/driven_data_pipeline.py for tasks to queue
[2025-06-27T23:15:27.627+0000] {logging_mixin.py:190} INFO - [2025-06-27T23:15:27.626+0000] {dagbag.py:588} INFO - Filling up the DagBag from /opt/airflow/dags/driven_data_pipeline.py
[2025-06-27T23:15:28.013+0000] {processor.py:925} INFO - DAG(s) 'extract_raw_data_pipeline' retrieved from /opt/airflow/dags/driven_data_pipeline.py
[2025-06-27T23:15:28.073+0000] {logging_mixin.py:190} INFO - [2025-06-27T23:15:28.073+0000] {dag.py:3239} INFO - Sync 1 DAGs
[2025-06-27T23:15:28.122+0000] {logging_mixin.py:190} INFO - [2025-06-27T23:15:28.122+0000] {dag.py:4180} INFO - Setting next_dagrun for extract_raw_data_pipeline to 2025-06-27 07:59:00+00:00, run_after=2025-06-28 07:00:00+00:00
[2025-06-27T23:15:28.174+0000] {processor.py:208} INFO - Processing /opt/airflow/dags/driven_data_pipeline.py took 0.575 seconds
[2025-06-27T23:15:58.574+0000] {processor.py:186} INFO - Started process (PID=402) to work on /opt/airflow/dags/driven_data_pipeline.py
[2025-06-27T23:15:58.578+0000] {processor.py:914} INFO - Processing file /opt/airflow/dags/driven_data_pipeline.py for tasks to queue
[2025-06-27T23:15:58.585+0000] {logging_mixin.py:190} INFO - [2025-06-27T23:15:58.584+0000] {dagbag.py:588} INFO - Filling up the DagBag from /opt/airflow/dags/driven_data_pipeline.py
[2025-06-27T23:15:59.508+0000] {processor.py:925} INFO - DAG(s) 'extract_raw_data_pipeline' retrieved from /opt/airflow/dags/driven_data_pipeline.py
[2025-06-27T23:15:59.598+0000] {logging_mixin.py:190} INFO - [2025-06-27T23:15:59.598+0000] {dag.py:3239} INFO - Sync 1 DAGs
[2025-06-27T23:15:59.664+0000] {logging_mixin.py:190} INFO - [2025-06-27T23:15:59.663+0000] {dag.py:4180} INFO - Setting next_dagrun for extract_raw_data_pipeline to 2025-06-27 07:59:00+00:00, run_after=2025-06-28 07:00:00+00:00
[2025-06-27T23:15:59.725+0000] {processor.py:208} INFO - Processing /opt/airflow/dags/driven_data_pipeline.py took 1.166 seconds
[2025-06-27T23:16:30.093+0000] {processor.py:186} INFO - Started process (PID=411) to work on /opt/airflow/dags/driven_data_pipeline.py
[2025-06-27T23:16:30.096+0000] {processor.py:914} INFO - Processing file /opt/airflow/dags/driven_data_pipeline.py for tasks to queue
[2025-06-27T23:16:30.103+0000] {logging_mixin.py:190} INFO - [2025-06-27T23:16:30.102+0000] {dagbag.py:588} INFO - Filling up the DagBag from /opt/airflow/dags/driven_data_pipeline.py
[2025-06-27T23:16:30.520+0000] {processor.py:925} INFO - DAG(s) 'extract_raw_data_pipeline' retrieved from /opt/airflow/dags/driven_data_pipeline.py
[2025-06-27T23:16:30.579+0000] {logging_mixin.py:190} INFO - [2025-06-27T23:16:30.578+0000] {dag.py:3239} INFO - Sync 1 DAGs
[2025-06-27T23:16:30.630+0000] {logging_mixin.py:190} INFO - [2025-06-27T23:16:30.630+0000] {dag.py:4180} INFO - Setting next_dagrun for extract_raw_data_pipeline to 2025-06-27 07:59:00+00:00, run_after=2025-06-28 07:00:00+00:00
[2025-06-27T23:16:30.677+0000] {processor.py:208} INFO - Processing /opt/airflow/dags/driven_data_pipeline.py took 0.600 seconds
[2025-06-27T23:17:01.031+0000] {processor.py:186} INFO - Started process (PID=419) to work on /opt/airflow/dags/driven_data_pipeline.py
[2025-06-27T23:17:01.038+0000] {processor.py:914} INFO - Processing file /opt/airflow/dags/driven_data_pipeline.py for tasks to queue
[2025-06-27T23:17:01.061+0000] {logging_mixin.py:190} INFO - [2025-06-27T23:17:01.057+0000] {dagbag.py:588} INFO - Filling up the DagBag from /opt/airflow/dags/driven_data_pipeline.py
[2025-06-27T23:17:01.613+0000] {processor.py:925} INFO - DAG(s) 'extract_raw_data_pipeline' retrieved from /opt/airflow/dags/driven_data_pipeline.py
[2025-06-27T23:17:01.683+0000] {logging_mixin.py:190} INFO - [2025-06-27T23:17:01.682+0000] {dag.py:3239} INFO - Sync 1 DAGs
[2025-06-27T23:17:01.736+0000] {logging_mixin.py:190} INFO - [2025-06-27T23:17:01.735+0000] {dag.py:4180} INFO - Setting next_dagrun for extract_raw_data_pipeline to 2025-06-27 07:59:00+00:00, run_after=2025-06-28 07:00:00+00:00
[2025-06-27T23:17:01.800+0000] {processor.py:208} INFO - Processing /opt/airflow/dags/driven_data_pipeline.py took 0.859 seconds
[2025-06-27T23:17:32.479+0000] {processor.py:186} INFO - Started process (PID=427) to work on /opt/airflow/dags/driven_data_pipeline.py
[2025-06-27T23:17:32.483+0000] {processor.py:914} INFO - Processing file /opt/airflow/dags/driven_data_pipeline.py for tasks to queue
[2025-06-27T23:17:32.490+0000] {logging_mixin.py:190} INFO - [2025-06-27T23:17:32.489+0000] {dagbag.py:588} INFO - Filling up the DagBag from /opt/airflow/dags/driven_data_pipeline.py
[2025-06-27T23:17:32.881+0000] {processor.py:925} INFO - DAG(s) 'extract_raw_data_pipeline' retrieved from /opt/airflow/dags/driven_data_pipeline.py
[2025-06-27T23:17:32.945+0000] {logging_mixin.py:190} INFO - [2025-06-27T23:17:32.945+0000] {dag.py:3239} INFO - Sync 1 DAGs
[2025-06-27T23:17:32.995+0000] {logging_mixin.py:190} INFO - [2025-06-27T23:17:32.994+0000] {dag.py:4180} INFO - Setting next_dagrun for extract_raw_data_pipeline to 2025-06-27 07:59:00+00:00, run_after=2025-06-28 07:00:00+00:00
[2025-06-27T23:17:33.042+0000] {processor.py:208} INFO - Processing /opt/airflow/dags/driven_data_pipeline.py took 0.578 seconds
[2025-06-27T23:18:03.460+0000] {processor.py:186} INFO - Started process (PID=435) to work on /opt/airflow/dags/driven_data_pipeline.py
[2025-06-27T23:18:03.464+0000] {processor.py:914} INFO - Processing file /opt/airflow/dags/driven_data_pipeline.py for tasks to queue
[2025-06-27T23:18:03.473+0000] {logging_mixin.py:190} INFO - [2025-06-27T23:18:03.471+0000] {dagbag.py:588} INFO - Filling up the DagBag from /opt/airflow/dags/driven_data_pipeline.py
[2025-06-27T23:18:04.179+0000] {processor.py:925} INFO - DAG(s) 'extract_raw_data_pipeline' retrieved from /opt/airflow/dags/driven_data_pipeline.py
[2025-06-27T23:18:04.255+0000] {logging_mixin.py:190} INFO - [2025-06-27T23:18:04.254+0000] {dag.py:3239} INFO - Sync 1 DAGs
[2025-06-27T23:18:04.318+0000] {logging_mixin.py:190} INFO - [2025-06-27T23:18:04.318+0000] {dag.py:4180} INFO - Setting next_dagrun for extract_raw_data_pipeline to 2025-06-27 07:59:00+00:00, run_after=2025-06-28 07:00:00+00:00
[2025-06-27T23:18:04.396+0000] {processor.py:208} INFO - Processing /opt/airflow/dags/driven_data_pipeline.py took 0.955 seconds
[2025-06-27T23:18:35.058+0000] {processor.py:186} INFO - Started process (PID=443) to work on /opt/airflow/dags/driven_data_pipeline.py
[2025-06-27T23:18:35.061+0000] {processor.py:914} INFO - Processing file /opt/airflow/dags/driven_data_pipeline.py for tasks to queue
[2025-06-27T23:18:35.068+0000] {logging_mixin.py:190} INFO - [2025-06-27T23:18:35.067+0000] {dagbag.py:588} INFO - Filling up the DagBag from /opt/airflow/dags/driven_data_pipeline.py
[2025-06-27T23:18:35.502+0000] {processor.py:925} INFO - DAG(s) 'extract_raw_data_pipeline' retrieved from /opt/airflow/dags/driven_data_pipeline.py
[2025-06-27T23:18:35.560+0000] {logging_mixin.py:190} INFO - [2025-06-27T23:18:35.559+0000] {dag.py:3239} INFO - Sync 1 DAGs
[2025-06-27T23:18:35.615+0000] {logging_mixin.py:190} INFO - [2025-06-27T23:18:35.614+0000] {dag.py:4180} INFO - Setting next_dagrun for extract_raw_data_pipeline to 2025-06-27 07:59:00+00:00, run_after=2025-06-28 07:00:00+00:00
[2025-06-27T23:18:35.660+0000] {processor.py:208} INFO - Processing /opt/airflow/dags/driven_data_pipeline.py took 0.617 seconds
[2025-06-27T23:19:05.912+0000] {processor.py:186} INFO - Started process (PID=452) to work on /opt/airflow/dags/driven_data_pipeline.py
[2025-06-27T23:19:05.918+0000] {processor.py:914} INFO - Processing file /opt/airflow/dags/driven_data_pipeline.py for tasks to queue
[2025-06-27T23:19:05.926+0000] {logging_mixin.py:190} INFO - [2025-06-27T23:19:05.925+0000] {dagbag.py:588} INFO - Filling up the DagBag from /opt/airflow/dags/driven_data_pipeline.py
[2025-06-27T23:19:06.355+0000] {processor.py:925} INFO - DAG(s) 'extract_raw_data_pipeline' retrieved from /opt/airflow/dags/driven_data_pipeline.py
[2025-06-27T23:19:06.418+0000] {logging_mixin.py:190} INFO - [2025-06-27T23:19:06.417+0000] {dag.py:3239} INFO - Sync 1 DAGs
[2025-06-27T23:19:06.469+0000] {logging_mixin.py:190} INFO - [2025-06-27T23:19:06.468+0000] {dag.py:4180} INFO - Setting next_dagrun for extract_raw_data_pipeline to 2025-06-27 07:59:00+00:00, run_after=2025-06-28 07:00:00+00:00
[2025-06-27T23:19:06.515+0000] {processor.py:208} INFO - Processing /opt/airflow/dags/driven_data_pipeline.py took 0.630 seconds
[2025-06-27T23:19:36.764+0000] {processor.py:186} INFO - Started process (PID=460) to work on /opt/airflow/dags/driven_data_pipeline.py
[2025-06-27T23:19:36.768+0000] {processor.py:914} INFO - Processing file /opt/airflow/dags/driven_data_pipeline.py for tasks to queue
[2025-06-27T23:19:36.775+0000] {logging_mixin.py:190} INFO - [2025-06-27T23:19:36.773+0000] {dagbag.py:588} INFO - Filling up the DagBag from /opt/airflow/dags/driven_data_pipeline.py
[2025-06-27T23:19:37.200+0000] {processor.py:925} INFO - DAG(s) 'extract_raw_data_pipeline' retrieved from /opt/airflow/dags/driven_data_pipeline.py
[2025-06-27T23:19:37.257+0000] {logging_mixin.py:190} INFO - [2025-06-27T23:19:37.257+0000] {dag.py:3239} INFO - Sync 1 DAGs
[2025-06-27T23:19:37.309+0000] {logging_mixin.py:190} INFO - [2025-06-27T23:19:37.308+0000] {dag.py:4180} INFO - Setting next_dagrun for extract_raw_data_pipeline to 2025-06-27 07:59:00+00:00, run_after=2025-06-28 07:00:00+00:00
[2025-06-27T23:19:37.373+0000] {processor.py:208} INFO - Processing /opt/airflow/dags/driven_data_pipeline.py took 0.627 seconds
[2025-06-27T23:20:07.730+0000] {processor.py:186} INFO - Started process (PID=469) to work on /opt/airflow/dags/driven_data_pipeline.py
[2025-06-27T23:20:07.734+0000] {processor.py:914} INFO - Processing file /opt/airflow/dags/driven_data_pipeline.py for tasks to queue
[2025-06-27T23:20:07.741+0000] {logging_mixin.py:190} INFO - [2025-06-27T23:20:07.740+0000] {dagbag.py:588} INFO - Filling up the DagBag from /opt/airflow/dags/driven_data_pipeline.py
[2025-06-27T23:20:08.132+0000] {processor.py:925} INFO - DAG(s) 'extract_raw_data_pipeline' retrieved from /opt/airflow/dags/driven_data_pipeline.py
[2025-06-27T23:20:08.189+0000] {logging_mixin.py:190} INFO - [2025-06-27T23:20:08.189+0000] {dag.py:3239} INFO - Sync 1 DAGs
[2025-06-27T23:20:08.241+0000] {logging_mixin.py:190} INFO - [2025-06-27T23:20:08.241+0000] {dag.py:4180} INFO - Setting next_dagrun for extract_raw_data_pipeline to 2025-06-27 07:59:00+00:00, run_after=2025-06-28 07:00:00+00:00
[2025-06-27T23:20:08.290+0000] {processor.py:208} INFO - Processing /opt/airflow/dags/driven_data_pipeline.py took 0.575 seconds
[2025-06-27T23:20:38.579+0000] {processor.py:186} INFO - Started process (PID=476) to work on /opt/airflow/dags/driven_data_pipeline.py
[2025-06-27T23:20:38.583+0000] {processor.py:914} INFO - Processing file /opt/airflow/dags/driven_data_pipeline.py for tasks to queue
[2025-06-27T23:20:38.590+0000] {logging_mixin.py:190} INFO - [2025-06-27T23:20:38.589+0000] {dagbag.py:588} INFO - Filling up the DagBag from /opt/airflow/dags/driven_data_pipeline.py
[2025-06-27T23:20:39.000+0000] {processor.py:925} INFO - DAG(s) 'extract_raw_data_pipeline' retrieved from /opt/airflow/dags/driven_data_pipeline.py
[2025-06-27T23:20:39.059+0000] {logging_mixin.py:190} INFO - [2025-06-27T23:20:39.058+0000] {dag.py:3239} INFO - Sync 1 DAGs
[2025-06-27T23:20:39.133+0000] {logging_mixin.py:190} INFO - [2025-06-27T23:20:39.132+0000] {dag.py:4180} INFO - Setting next_dagrun for extract_raw_data_pipeline to 2025-06-27 07:59:00+00:00, run_after=2025-06-28 07:00:00+00:00
[2025-06-27T23:20:39.205+0000] {processor.py:208} INFO - Processing /opt/airflow/dags/driven_data_pipeline.py took 0.640 seconds
[2025-06-27T23:21:09.636+0000] {processor.py:186} INFO - Started process (PID=484) to work on /opt/airflow/dags/driven_data_pipeline.py
[2025-06-27T23:21:09.648+0000] {processor.py:914} INFO - Processing file /opt/airflow/dags/driven_data_pipeline.py for tasks to queue
[2025-06-27T23:21:09.691+0000] {logging_mixin.py:190} INFO - [2025-06-27T23:21:09.690+0000] {dagbag.py:588} INFO - Filling up the DagBag from /opt/airflow/dags/driven_data_pipeline.py
[2025-06-27T23:21:10.342+0000] {processor.py:925} INFO - DAG(s) 'extract_raw_data_pipeline' retrieved from /opt/airflow/dags/driven_data_pipeline.py
[2025-06-27T23:21:10.454+0000] {logging_mixin.py:190} INFO - [2025-06-27T23:21:10.454+0000] {dag.py:3239} INFO - Sync 1 DAGs
[2025-06-27T23:21:10.523+0000] {logging_mixin.py:190} INFO - [2025-06-27T23:21:10.522+0000] {dag.py:4180} INFO - Setting next_dagrun for extract_raw_data_pipeline to 2025-06-27 07:59:00+00:00, run_after=2025-06-28 07:00:00+00:00
[2025-06-27T23:21:10.569+0000] {processor.py:208} INFO - Processing /opt/airflow/dags/driven_data_pipeline.py took 1.005 seconds
[2025-06-27T23:21:41.149+0000] {processor.py:186} INFO - Started process (PID=491) to work on /opt/airflow/dags/driven_data_pipeline.py
[2025-06-27T23:21:41.157+0000] {processor.py:914} INFO - Processing file /opt/airflow/dags/driven_data_pipeline.py for tasks to queue
[2025-06-27T23:21:41.170+0000] {logging_mixin.py:190} INFO - [2025-06-27T23:21:41.168+0000] {dagbag.py:588} INFO - Filling up the DagBag from /opt/airflow/dags/driven_data_pipeline.py
[2025-06-27T23:21:41.718+0000] {processor.py:925} INFO - DAG(s) 'extract_raw_data_pipeline' retrieved from /opt/airflow/dags/driven_data_pipeline.py
[2025-06-27T23:21:41.775+0000] {logging_mixin.py:190} INFO - [2025-06-27T23:21:41.775+0000] {dag.py:3239} INFO - Sync 1 DAGs
[2025-06-27T23:21:41.826+0000] {logging_mixin.py:190} INFO - [2025-06-27T23:21:41.825+0000] {dag.py:4180} INFO - Setting next_dagrun for extract_raw_data_pipeline to 2025-06-27 07:59:00+00:00, run_after=2025-06-28 07:00:00+00:00
[2025-06-27T23:21:41.872+0000] {processor.py:208} INFO - Processing /opt/airflow/dags/driven_data_pipeline.py took 0.775 seconds
[2025-06-27T23:22:12.559+0000] {processor.py:186} INFO - Started process (PID=499) to work on /opt/airflow/dags/driven_data_pipeline.py
[2025-06-27T23:22:12.564+0000] {processor.py:914} INFO - Processing file /opt/airflow/dags/driven_data_pipeline.py for tasks to queue
[2025-06-27T23:22:12.573+0000] {logging_mixin.py:190} INFO - [2025-06-27T23:22:12.571+0000] {dagbag.py:588} INFO - Filling up the DagBag from /opt/airflow/dags/driven_data_pipeline.py
[2025-06-27T23:22:13.782+0000] {processor.py:925} INFO - DAG(s) 'extract_raw_data_pipeline' retrieved from /opt/airflow/dags/driven_data_pipeline.py
[2025-06-27T23:22:14.090+0000] {logging_mixin.py:190} INFO - [2025-06-27T23:22:14.089+0000] {dag.py:3239} INFO - Sync 1 DAGs
[2025-06-27T23:22:14.194+0000] {logging_mixin.py:190} INFO - [2025-06-27T23:22:14.193+0000] {dag.py:4180} INFO - Setting next_dagrun for extract_raw_data_pipeline to 2025-06-27 07:59:00+00:00, run_after=2025-06-28 07:00:00+00:00
[2025-06-27T23:22:14.313+0000] {processor.py:208} INFO - Processing /opt/airflow/dags/driven_data_pipeline.py took 1.773 seconds
[2025-06-27T23:22:44.573+0000] {processor.py:186} INFO - Started process (PID=511) to work on /opt/airflow/dags/driven_data_pipeline.py
[2025-06-27T23:22:44.576+0000] {processor.py:914} INFO - Processing file /opt/airflow/dags/driven_data_pipeline.py for tasks to queue
[2025-06-27T23:22:44.583+0000] {logging_mixin.py:190} INFO - [2025-06-27T23:22:44.582+0000] {dagbag.py:588} INFO - Filling up the DagBag from /opt/airflow/dags/driven_data_pipeline.py
[2025-06-27T23:22:45.273+0000] {processor.py:925} INFO - DAG(s) 'extract_raw_data_pipeline' retrieved from /opt/airflow/dags/driven_data_pipeline.py
[2025-06-27T23:22:45.349+0000] {logging_mixin.py:190} INFO - [2025-06-27T23:22:45.348+0000] {dag.py:3239} INFO - Sync 1 DAGs
[2025-06-27T23:22:45.416+0000] {logging_mixin.py:190} INFO - [2025-06-27T23:22:45.416+0000] {dag.py:4180} INFO - Setting next_dagrun for extract_raw_data_pipeline to 2025-06-27 07:59:00+00:00, run_after=2025-06-28 07:00:00+00:00
[2025-06-27T23:22:45.467+0000] {processor.py:208} INFO - Processing /opt/airflow/dags/driven_data_pipeline.py took 0.910 seconds
[2025-06-27T23:23:15.917+0000] {processor.py:186} INFO - Started process (PID=519) to work on /opt/airflow/dags/driven_data_pipeline.py
[2025-06-27T23:23:15.921+0000] {processor.py:914} INFO - Processing file /opt/airflow/dags/driven_data_pipeline.py for tasks to queue
[2025-06-27T23:23:15.929+0000] {logging_mixin.py:190} INFO - [2025-06-27T23:23:15.928+0000] {dagbag.py:588} INFO - Filling up the DagBag from /opt/airflow/dags/driven_data_pipeline.py
[2025-06-27T23:23:16.384+0000] {processor.py:925} INFO - DAG(s) 'extract_raw_data_pipeline' retrieved from /opt/airflow/dags/driven_data_pipeline.py
[2025-06-27T23:23:16.457+0000] {logging_mixin.py:190} INFO - [2025-06-27T23:23:16.457+0000] {dag.py:3239} INFO - Sync 1 DAGs
[2025-06-27T23:23:16.513+0000] {logging_mixin.py:190} INFO - [2025-06-27T23:23:16.512+0000] {dag.py:4180} INFO - Setting next_dagrun for extract_raw_data_pipeline to 2025-06-27 07:59:00+00:00, run_after=2025-06-28 07:00:00+00:00
[2025-06-27T23:23:16.567+0000] {processor.py:208} INFO - Processing /opt/airflow/dags/driven_data_pipeline.py took 0.666 seconds
[2025-06-27T23:23:46.822+0000] {processor.py:186} INFO - Started process (PID=526) to work on /opt/airflow/dags/driven_data_pipeline.py
[2025-06-27T23:23:46.826+0000] {processor.py:914} INFO - Processing file /opt/airflow/dags/driven_data_pipeline.py for tasks to queue
[2025-06-27T23:23:46.833+0000] {logging_mixin.py:190} INFO - [2025-06-27T23:23:46.832+0000] {dagbag.py:588} INFO - Filling up the DagBag from /opt/airflow/dags/driven_data_pipeline.py
[2025-06-27T23:23:47.282+0000] {processor.py:925} INFO - DAG(s) 'extract_raw_data_pipeline' retrieved from /opt/airflow/dags/driven_data_pipeline.py
[2025-06-27T23:23:47.348+0000] {logging_mixin.py:190} INFO - [2025-06-27T23:23:47.348+0000] {dag.py:3239} INFO - Sync 1 DAGs
[2025-06-27T23:23:47.405+0000] {logging_mixin.py:190} INFO - [2025-06-27T23:23:47.404+0000] {dag.py:4180} INFO - Setting next_dagrun for extract_raw_data_pipeline to 2025-06-27 07:59:00+00:00, run_after=2025-06-28 07:00:00+00:00
[2025-06-27T23:23:47.461+0000] {processor.py:208} INFO - Processing /opt/airflow/dags/driven_data_pipeline.py took 0.655 seconds
[2025-06-27T23:24:17.756+0000] {processor.py:186} INFO - Started process (PID=534) to work on /opt/airflow/dags/driven_data_pipeline.py
[2025-06-27T23:24:17.760+0000] {processor.py:914} INFO - Processing file /opt/airflow/dags/driven_data_pipeline.py for tasks to queue
[2025-06-27T23:24:17.766+0000] {logging_mixin.py:190} INFO - [2025-06-27T23:24:17.766+0000] {dagbag.py:588} INFO - Filling up the DagBag from /opt/airflow/dags/driven_data_pipeline.py
[2025-06-27T23:24:18.267+0000] {processor.py:925} INFO - DAG(s) 'extract_raw_data_pipeline' retrieved from /opt/airflow/dags/driven_data_pipeline.py
[2025-06-27T23:24:18.334+0000] {logging_mixin.py:190} INFO - [2025-06-27T23:24:18.334+0000] {dag.py:3239} INFO - Sync 1 DAGs
[2025-06-27T23:24:18.386+0000] {logging_mixin.py:190} INFO - [2025-06-27T23:24:18.386+0000] {dag.py:4180} INFO - Setting next_dagrun for extract_raw_data_pipeline to 2025-06-27 07:59:00+00:00, run_after=2025-06-28 07:00:00+00:00
[2025-06-27T23:24:18.435+0000] {processor.py:208} INFO - Processing /opt/airflow/dags/driven_data_pipeline.py took 0.694 seconds
[2025-06-27T23:24:48.828+0000] {processor.py:186} INFO - Started process (PID=542) to work on /opt/airflow/dags/driven_data_pipeline.py
[2025-06-27T23:24:48.831+0000] {processor.py:914} INFO - Processing file /opt/airflow/dags/driven_data_pipeline.py for tasks to queue
[2025-06-27T23:24:48.838+0000] {logging_mixin.py:190} INFO - [2025-06-27T23:24:48.837+0000] {dagbag.py:588} INFO - Filling up the DagBag from /opt/airflow/dags/driven_data_pipeline.py
[2025-06-27T23:24:49.217+0000] {processor.py:925} INFO - DAG(s) 'extract_raw_data_pipeline' retrieved from /opt/airflow/dags/driven_data_pipeline.py
[2025-06-27T23:24:49.282+0000] {logging_mixin.py:190} INFO - [2025-06-27T23:24:49.281+0000] {dag.py:3239} INFO - Sync 1 DAGs
[2025-06-27T23:24:49.376+0000] {logging_mixin.py:190} INFO - [2025-06-27T23:24:49.375+0000] {dag.py:4180} INFO - Setting next_dagrun for extract_raw_data_pipeline to 2025-06-27 07:59:00+00:00, run_after=2025-06-28 07:00:00+00:00
[2025-06-27T23:24:49.471+0000] {processor.py:208} INFO - Processing /opt/airflow/dags/driven_data_pipeline.py took 0.659 seconds
[2025-06-27T23:25:20.129+0000] {processor.py:186} INFO - Started process (PID=551) to work on /opt/airflow/dags/driven_data_pipeline.py
[2025-06-27T23:25:20.132+0000] {processor.py:914} INFO - Processing file /opt/airflow/dags/driven_data_pipeline.py for tasks to queue
[2025-06-27T23:25:20.139+0000] {logging_mixin.py:190} INFO - [2025-06-27T23:25:20.138+0000] {dagbag.py:588} INFO - Filling up the DagBag from /opt/airflow/dags/driven_data_pipeline.py
[2025-06-27T23:25:20.526+0000] {processor.py:925} INFO - DAG(s) 'extract_raw_data_pipeline' retrieved from /opt/airflow/dags/driven_data_pipeline.py
[2025-06-27T23:25:20.586+0000] {logging_mixin.py:190} INFO - [2025-06-27T23:25:20.585+0000] {dag.py:3239} INFO - Sync 1 DAGs
[2025-06-27T23:25:20.644+0000] {logging_mixin.py:190} INFO - [2025-06-27T23:25:20.643+0000] {dag.py:4180} INFO - Setting next_dagrun for extract_raw_data_pipeline to 2025-06-27 07:59:00+00:00, run_after=2025-06-28 07:00:00+00:00
[2025-06-27T23:25:20.690+0000] {processor.py:208} INFO - Processing /opt/airflow/dags/driven_data_pipeline.py took 0.576 seconds
[2025-06-27T23:25:51.136+0000] {processor.py:186} INFO - Started process (PID=559) to work on /opt/airflow/dags/driven_data_pipeline.py
[2025-06-27T23:25:51.140+0000] {processor.py:914} INFO - Processing file /opt/airflow/dags/driven_data_pipeline.py for tasks to queue
[2025-06-27T23:25:51.148+0000] {logging_mixin.py:190} INFO - [2025-06-27T23:25:51.147+0000] {dagbag.py:588} INFO - Filling up the DagBag from /opt/airflow/dags/driven_data_pipeline.py
[2025-06-27T23:25:51.937+0000] {processor.py:925} INFO - DAG(s) 'extract_raw_data_pipeline' retrieved from /opt/airflow/dags/driven_data_pipeline.py
[2025-06-27T23:25:52.053+0000] {logging_mixin.py:190} INFO - [2025-06-27T23:25:52.053+0000] {dag.py:3239} INFO - Sync 1 DAGs
[2025-06-27T23:25:52.163+0000] {logging_mixin.py:190} INFO - [2025-06-27T23:25:52.163+0000] {dag.py:4180} INFO - Setting next_dagrun for extract_raw_data_pipeline to 2025-06-27 07:59:00+00:00, run_after=2025-06-28 07:00:00+00:00
[2025-06-27T23:25:52.250+0000] {processor.py:208} INFO - Processing /opt/airflow/dags/driven_data_pipeline.py took 1.132 seconds
[2025-06-27T23:26:22.943+0000] {processor.py:186} INFO - Started process (PID=567) to work on /opt/airflow/dags/driven_data_pipeline.py
[2025-06-27T23:26:22.946+0000] {processor.py:914} INFO - Processing file /opt/airflow/dags/driven_data_pipeline.py for tasks to queue
[2025-06-27T23:26:22.953+0000] {logging_mixin.py:190} INFO - [2025-06-27T23:26:22.952+0000] {dagbag.py:588} INFO - Filling up the DagBag from /opt/airflow/dags/driven_data_pipeline.py
[2025-06-27T23:26:23.500+0000] {processor.py:925} INFO - DAG(s) 'extract_raw_data_pipeline' retrieved from /opt/airflow/dags/driven_data_pipeline.py
[2025-06-27T23:26:23.558+0000] {logging_mixin.py:190} INFO - [2025-06-27T23:26:23.558+0000] {dag.py:3239} INFO - Sync 1 DAGs
[2025-06-27T23:26:23.609+0000] {logging_mixin.py:190} INFO - [2025-06-27T23:26:23.609+0000] {dag.py:4180} INFO - Setting next_dagrun for extract_raw_data_pipeline to 2025-06-27 07:59:00+00:00, run_after=2025-06-28 07:00:00+00:00
[2025-06-27T23:26:23.658+0000] {processor.py:208} INFO - Processing /opt/airflow/dags/driven_data_pipeline.py took 0.729 seconds
[2025-06-27T23:26:54.261+0000] {processor.py:186} INFO - Started process (PID=575) to work on /opt/airflow/dags/driven_data_pipeline.py
[2025-06-27T23:26:54.264+0000] {processor.py:914} INFO - Processing file /opt/airflow/dags/driven_data_pipeline.py for tasks to queue
[2025-06-27T23:26:54.271+0000] {logging_mixin.py:190} INFO - [2025-06-27T23:26:54.270+0000] {dagbag.py:588} INFO - Filling up the DagBag from /opt/airflow/dags/driven_data_pipeline.py
[2025-06-27T23:26:54.713+0000] {processor.py:925} INFO - DAG(s) 'extract_raw_data_pipeline' retrieved from /opt/airflow/dags/driven_data_pipeline.py
[2025-06-27T23:26:54.769+0000] {logging_mixin.py:190} INFO - [2025-06-27T23:26:54.769+0000] {dag.py:3239} INFO - Sync 1 DAGs
[2025-06-27T23:26:54.823+0000] {logging_mixin.py:190} INFO - [2025-06-27T23:26:54.823+0000] {dag.py:4180} INFO - Setting next_dagrun for extract_raw_data_pipeline to 2025-06-27 07:59:00+00:00, run_after=2025-06-28 07:00:00+00:00
[2025-06-27T23:26:54.870+0000] {processor.py:208} INFO - Processing /opt/airflow/dags/driven_data_pipeline.py took 0.624 seconds
[2025-06-27T23:27:25.076+0000] {processor.py:186} INFO - Started process (PID=583) to work on /opt/airflow/dags/driven_data_pipeline.py
[2025-06-27T23:27:25.081+0000] {processor.py:914} INFO - Processing file /opt/airflow/dags/driven_data_pipeline.py for tasks to queue
[2025-06-27T23:27:25.088+0000] {logging_mixin.py:190} INFO - [2025-06-27T23:27:25.087+0000] {dagbag.py:588} INFO - Filling up the DagBag from /opt/airflow/dags/driven_data_pipeline.py
[2025-06-27T23:27:25.622+0000] {processor.py:925} INFO - DAG(s) 'extract_raw_data_pipeline' retrieved from /opt/airflow/dags/driven_data_pipeline.py
[2025-06-27T23:27:25.692+0000] {logging_mixin.py:190} INFO - [2025-06-27T23:27:25.692+0000] {dag.py:3239} INFO - Sync 1 DAGs
[2025-06-27T23:27:25.753+0000] {logging_mixin.py:190} INFO - [2025-06-27T23:27:25.752+0000] {dag.py:4180} INFO - Setting next_dagrun for extract_raw_data_pipeline to 2025-06-27 07:59:00+00:00, run_after=2025-06-28 07:00:00+00:00
[2025-06-27T23:27:25.805+0000] {processor.py:208} INFO - Processing /opt/airflow/dags/driven_data_pipeline.py took 0.748 seconds
[2025-06-27T23:27:56.008+0000] {processor.py:186} INFO - Started process (PID=592) to work on /opt/airflow/dags/driven_data_pipeline.py
[2025-06-27T23:27:56.011+0000] {processor.py:914} INFO - Processing file /opt/airflow/dags/driven_data_pipeline.py for tasks to queue
[2025-06-27T23:27:56.018+0000] {logging_mixin.py:190} INFO - [2025-06-27T23:27:56.017+0000] {dagbag.py:588} INFO - Filling up the DagBag from /opt/airflow/dags/driven_data_pipeline.py
[2025-06-27T23:27:56.433+0000] {processor.py:925} INFO - DAG(s) 'extract_raw_data_pipeline' retrieved from /opt/airflow/dags/driven_data_pipeline.py
[2025-06-27T23:27:56.490+0000] {logging_mixin.py:190} INFO - [2025-06-27T23:27:56.489+0000] {dag.py:3239} INFO - Sync 1 DAGs
[2025-06-27T23:27:56.545+0000] {logging_mixin.py:190} INFO - [2025-06-27T23:27:56.544+0000] {dag.py:4180} INFO - Setting next_dagrun for extract_raw_data_pipeline to 2025-06-27 07:59:00+00:00, run_after=2025-06-28 07:00:00+00:00
[2025-06-27T23:27:56.596+0000] {processor.py:208} INFO - Processing /opt/airflow/dags/driven_data_pipeline.py took 0.604 seconds
[2025-06-27T23:28:26.836+0000] {processor.py:186} INFO - Started process (PID=600) to work on /opt/airflow/dags/driven_data_pipeline.py
[2025-06-27T23:28:26.840+0000] {processor.py:914} INFO - Processing file /opt/airflow/dags/driven_data_pipeline.py for tasks to queue
[2025-06-27T23:28:26.847+0000] {logging_mixin.py:190} INFO - [2025-06-27T23:28:26.846+0000] {dagbag.py:588} INFO - Filling up the DagBag from /opt/airflow/dags/driven_data_pipeline.py
[2025-06-27T23:28:27.250+0000] {processor.py:925} INFO - DAG(s) 'extract_raw_data_pipeline' retrieved from /opt/airflow/dags/driven_data_pipeline.py
[2025-06-27T23:28:27.310+0000] {logging_mixin.py:190} INFO - [2025-06-27T23:28:27.309+0000] {dag.py:3239} INFO - Sync 1 DAGs
[2025-06-27T23:28:27.364+0000] {logging_mixin.py:190} INFO - [2025-06-27T23:28:27.364+0000] {dag.py:4180} INFO - Setting next_dagrun for extract_raw_data_pipeline to 2025-06-27 07:59:00+00:00, run_after=2025-06-28 07:00:00+00:00
[2025-06-27T23:28:27.413+0000] {processor.py:208} INFO - Processing /opt/airflow/dags/driven_data_pipeline.py took 0.592 seconds
[2025-06-27T23:28:57.664+0000] {processor.py:186} INFO - Started process (PID=607) to work on /opt/airflow/dags/driven_data_pipeline.py
[2025-06-27T23:28:57.669+0000] {processor.py:914} INFO - Processing file /opt/airflow/dags/driven_data_pipeline.py for tasks to queue
[2025-06-27T23:28:57.676+0000] {logging_mixin.py:190} INFO - [2025-06-27T23:28:57.675+0000] {dagbag.py:588} INFO - Filling up the DagBag from /opt/airflow/dags/driven_data_pipeline.py
[2025-06-27T23:28:58.086+0000] {processor.py:925} INFO - DAG(s) 'extract_raw_data_pipeline' retrieved from /opt/airflow/dags/driven_data_pipeline.py
[2025-06-27T23:28:58.147+0000] {logging_mixin.py:190} INFO - [2025-06-27T23:28:58.146+0000] {dag.py:3239} INFO - Sync 1 DAGs
[2025-06-27T23:28:58.202+0000] {logging_mixin.py:190} INFO - [2025-06-27T23:28:58.201+0000] {dag.py:4180} INFO - Setting next_dagrun for extract_raw_data_pipeline to 2025-06-27 07:59:00+00:00, run_after=2025-06-28 07:00:00+00:00
[2025-06-27T23:28:58.273+0000] {processor.py:208} INFO - Processing /opt/airflow/dags/driven_data_pipeline.py took 0.625 seconds
[2025-06-27T23:29:28.906+0000] {processor.py:186} INFO - Started process (PID=614) to work on /opt/airflow/dags/driven_data_pipeline.py
[2025-06-27T23:29:28.909+0000] {processor.py:914} INFO - Processing file /opt/airflow/dags/driven_data_pipeline.py for tasks to queue
[2025-06-27T23:29:28.916+0000] {logging_mixin.py:190} INFO - [2025-06-27T23:29:28.915+0000] {dagbag.py:588} INFO - Filling up the DagBag from /opt/airflow/dags/driven_data_pipeline.py
[2025-06-27T23:29:29.441+0000] {processor.py:925} INFO - DAG(s) 'extract_raw_data_pipeline' retrieved from /opt/airflow/dags/driven_data_pipeline.py
[2025-06-27T23:29:29.550+0000] {logging_mixin.py:190} INFO - [2025-06-27T23:29:29.550+0000] {dag.py:3239} INFO - Sync 1 DAGs
[2025-06-27T23:29:29.697+0000] {logging_mixin.py:190} INFO - [2025-06-27T23:29:29.696+0000] {dag.py:4180} INFO - Setting next_dagrun for extract_raw_data_pipeline to 2025-06-27 07:59:00+00:00, run_after=2025-06-28 07:00:00+00:00
[2025-06-27T23:29:29.871+0000] {processor.py:208} INFO - Processing /opt/airflow/dags/driven_data_pipeline.py took 0.979 seconds
[2025-06-27T23:30:00.594+0000] {processor.py:186} INFO - Started process (PID=622) to work on /opt/airflow/dags/driven_data_pipeline.py
[2025-06-27T23:30:00.597+0000] {processor.py:914} INFO - Processing file /opt/airflow/dags/driven_data_pipeline.py for tasks to queue
[2025-06-27T23:30:00.604+0000] {logging_mixin.py:190} INFO - [2025-06-27T23:30:00.603+0000] {dagbag.py:588} INFO - Filling up the DagBag from /opt/airflow/dags/driven_data_pipeline.py
[2025-06-27T23:30:01.005+0000] {processor.py:925} INFO - DAG(s) 'extract_raw_data_pipeline' retrieved from /opt/airflow/dags/driven_data_pipeline.py
[2025-06-27T23:30:01.065+0000] {logging_mixin.py:190} INFO - [2025-06-27T23:30:01.064+0000] {dag.py:3239} INFO - Sync 1 DAGs
[2025-06-27T23:30:01.115+0000] {logging_mixin.py:190} INFO - [2025-06-27T23:30:01.114+0000] {dag.py:4180} INFO - Setting next_dagrun for extract_raw_data_pipeline to 2025-06-27 07:59:00+00:00, run_after=2025-06-28 07:00:00+00:00
[2025-06-27T23:30:01.163+0000] {processor.py:208} INFO - Processing /opt/airflow/dags/driven_data_pipeline.py took 0.583 seconds
[2025-06-27T23:30:31.800+0000] {processor.py:186} INFO - Started process (PID=630) to work on /opt/airflow/dags/driven_data_pipeline.py
[2025-06-27T23:30:31.804+0000] {processor.py:914} INFO - Processing file /opt/airflow/dags/driven_data_pipeline.py for tasks to queue
[2025-06-27T23:30:31.811+0000] {logging_mixin.py:190} INFO - [2025-06-27T23:30:31.810+0000] {dagbag.py:588} INFO - Filling up the DagBag from /opt/airflow/dags/driven_data_pipeline.py
[2025-06-27T23:30:32.316+0000] {processor.py:925} INFO - DAG(s) 'extract_raw_data_pipeline' retrieved from /opt/airflow/dags/driven_data_pipeline.py
[2025-06-27T23:30:32.388+0000] {logging_mixin.py:190} INFO - [2025-06-27T23:30:32.387+0000] {dag.py:3239} INFO - Sync 1 DAGs
[2025-06-27T23:30:32.447+0000] {logging_mixin.py:190} INFO - [2025-06-27T23:30:32.446+0000] {dag.py:4180} INFO - Setting next_dagrun for extract_raw_data_pipeline to 2025-06-27 07:59:00+00:00, run_after=2025-06-28 07:00:00+00:00
[2025-06-27T23:30:32.546+0000] {processor.py:208} INFO - Processing /opt/airflow/dags/driven_data_pipeline.py took 0.767 seconds
[2025-06-27T23:31:03.226+0000] {processor.py:186} INFO - Started process (PID=638) to work on /opt/airflow/dags/driven_data_pipeline.py
[2025-06-27T23:31:03.229+0000] {processor.py:914} INFO - Processing file /opt/airflow/dags/driven_data_pipeline.py for tasks to queue
[2025-06-27T23:31:03.238+0000] {logging_mixin.py:190} INFO - [2025-06-27T23:31:03.236+0000] {dagbag.py:588} INFO - Filling up the DagBag from /opt/airflow/dags/driven_data_pipeline.py
[2025-06-27T23:31:03.660+0000] {processor.py:925} INFO - DAG(s) 'extract_raw_data_pipeline' retrieved from /opt/airflow/dags/driven_data_pipeline.py
[2025-06-27T23:31:03.715+0000] {logging_mixin.py:190} INFO - [2025-06-27T23:31:03.715+0000] {dag.py:3239} INFO - Sync 1 DAGs
[2025-06-27T23:31:03.772+0000] {logging_mixin.py:190} INFO - [2025-06-27T23:31:03.771+0000] {dag.py:4180} INFO - Setting next_dagrun for extract_raw_data_pipeline to 2025-06-27 07:59:00+00:00, run_after=2025-06-28 07:00:00+00:00
[2025-06-27T23:31:03.819+0000] {processor.py:208} INFO - Processing /opt/airflow/dags/driven_data_pipeline.py took 0.611 seconds
[2025-06-27T23:31:34.302+0000] {processor.py:186} INFO - Started process (PID=646) to work on /opt/airflow/dags/driven_data_pipeline.py
[2025-06-27T23:31:34.305+0000] {processor.py:914} INFO - Processing file /opt/airflow/dags/driven_data_pipeline.py for tasks to queue
[2025-06-27T23:31:34.312+0000] {logging_mixin.py:190} INFO - [2025-06-27T23:31:34.311+0000] {dagbag.py:588} INFO - Filling up the DagBag from /opt/airflow/dags/driven_data_pipeline.py
[2025-06-27T23:31:34.726+0000] {processor.py:925} INFO - DAG(s) 'extract_raw_data_pipeline' retrieved from /opt/airflow/dags/driven_data_pipeline.py
[2025-06-27T23:31:34.787+0000] {logging_mixin.py:190} INFO - [2025-06-27T23:31:34.786+0000] {dag.py:3239} INFO - Sync 1 DAGs
[2025-06-27T23:31:34.836+0000] {logging_mixin.py:190} INFO - [2025-06-27T23:31:34.836+0000] {dag.py:4180} INFO - Setting next_dagrun for extract_raw_data_pipeline to 2025-06-27 07:59:00+00:00, run_after=2025-06-28 07:00:00+00:00
[2025-06-27T23:31:34.884+0000] {processor.py:208} INFO - Processing /opt/airflow/dags/driven_data_pipeline.py took 0.598 seconds
[2025-06-27T23:32:05.112+0000] {processor.py:186} INFO - Started process (PID=654) to work on /opt/airflow/dags/driven_data_pipeline.py
[2025-06-27T23:32:05.115+0000] {processor.py:914} INFO - Processing file /opt/airflow/dags/driven_data_pipeline.py for tasks to queue
[2025-06-27T23:32:05.122+0000] {logging_mixin.py:190} INFO - [2025-06-27T23:32:05.121+0000] {dagbag.py:588} INFO - Filling up the DagBag from /opt/airflow/dags/driven_data_pipeline.py
[2025-06-27T23:32:05.532+0000] {processor.py:925} INFO - DAG(s) 'extract_raw_data_pipeline' retrieved from /opt/airflow/dags/driven_data_pipeline.py
[2025-06-27T23:32:05.589+0000] {logging_mixin.py:190} INFO - [2025-06-27T23:32:05.589+0000] {dag.py:3239} INFO - Sync 1 DAGs
[2025-06-27T23:32:05.640+0000] {logging_mixin.py:190} INFO - [2025-06-27T23:32:05.639+0000] {dag.py:4180} INFO - Setting next_dagrun for extract_raw_data_pipeline to 2025-06-27 07:59:00+00:00, run_after=2025-06-28 07:00:00+00:00
[2025-06-27T23:32:05.685+0000] {processor.py:208} INFO - Processing /opt/airflow/dags/driven_data_pipeline.py took 0.589 seconds
[2025-06-27T23:32:36.009+0000] {processor.py:186} INFO - Started process (PID=661) to work on /opt/airflow/dags/driven_data_pipeline.py
[2025-06-27T23:32:36.012+0000] {processor.py:914} INFO - Processing file /opt/airflow/dags/driven_data_pipeline.py for tasks to queue
[2025-06-27T23:32:36.019+0000] {logging_mixin.py:190} INFO - [2025-06-27T23:32:36.018+0000] {dagbag.py:588} INFO - Filling up the DagBag from /opt/airflow/dags/driven_data_pipeline.py
[2025-06-27T23:32:36.562+0000] {processor.py:925} INFO - DAG(s) 'extract_raw_data_pipeline' retrieved from /opt/airflow/dags/driven_data_pipeline.py
[2025-06-27T23:32:36.651+0000] {logging_mixin.py:190} INFO - [2025-06-27T23:32:36.651+0000] {dag.py:3239} INFO - Sync 1 DAGs
[2025-06-27T23:32:36.711+0000] {logging_mixin.py:190} INFO - [2025-06-27T23:32:36.710+0000] {dag.py:4180} INFO - Setting next_dagrun for extract_raw_data_pipeline to 2025-06-27 07:59:00+00:00, run_after=2025-06-28 07:00:00+00:00
[2025-06-27T23:32:36.765+0000] {processor.py:208} INFO - Processing /opt/airflow/dags/driven_data_pipeline.py took 0.773 seconds
[2025-06-27T23:33:07.499+0000] {processor.py:186} INFO - Started process (PID=669) to work on /opt/airflow/dags/driven_data_pipeline.py
[2025-06-27T23:33:07.502+0000] {processor.py:914} INFO - Processing file /opt/airflow/dags/driven_data_pipeline.py for tasks to queue
[2025-06-27T23:33:07.509+0000] {logging_mixin.py:190} INFO - [2025-06-27T23:33:07.508+0000] {dagbag.py:588} INFO - Filling up the DagBag from /opt/airflow/dags/driven_data_pipeline.py
[2025-06-27T23:33:08.060+0000] {processor.py:925} INFO - DAG(s) 'extract_raw_data_pipeline' retrieved from /opt/airflow/dags/driven_data_pipeline.py
[2025-06-27T23:33:08.118+0000] {logging_mixin.py:190} INFO - [2025-06-27T23:33:08.118+0000] {dag.py:3239} INFO - Sync 1 DAGs
[2025-06-27T23:33:08.173+0000] {logging_mixin.py:190} INFO - [2025-06-27T23:33:08.172+0000] {dag.py:4180} INFO - Setting next_dagrun for extract_raw_data_pipeline to 2025-06-27 07:59:00+00:00, run_after=2025-06-28 07:00:00+00:00
[2025-06-27T23:33:08.217+0000] {processor.py:208} INFO - Processing /opt/airflow/dags/driven_data_pipeline.py took 0.734 seconds
[2025-06-27T23:33:38.866+0000] {processor.py:186} INFO - Started process (PID=676) to work on /opt/airflow/dags/driven_data_pipeline.py
[2025-06-27T23:33:38.870+0000] {processor.py:914} INFO - Processing file /opt/airflow/dags/driven_data_pipeline.py for tasks to queue
[2025-06-27T23:33:38.879+0000] {logging_mixin.py:190} INFO - [2025-06-27T23:33:38.878+0000] {dagbag.py:588} INFO - Filling up the DagBag from /opt/airflow/dags/driven_data_pipeline.py
[2025-06-27T23:33:39.570+0000] {processor.py:925} INFO - DAG(s) 'extract_raw_data_pipeline' retrieved from /opt/airflow/dags/driven_data_pipeline.py
[2025-06-27T23:33:39.640+0000] {logging_mixin.py:190} INFO - [2025-06-27T23:33:39.639+0000] {dag.py:3239} INFO - Sync 1 DAGs
[2025-06-27T23:33:39.712+0000] {logging_mixin.py:190} INFO - [2025-06-27T23:33:39.711+0000] {dag.py:4180} INFO - Setting next_dagrun for extract_raw_data_pipeline to 2025-06-27 07:59:00+00:00, run_after=2025-06-28 07:00:00+00:00
[2025-06-27T23:33:39.813+0000] {processor.py:208} INFO - Processing /opt/airflow/dags/driven_data_pipeline.py took 0.963 seconds
[2025-06-27T23:34:10.560+0000] {processor.py:186} INFO - Started process (PID=684) to work on /opt/airflow/dags/driven_data_pipeline.py
[2025-06-27T23:34:10.563+0000] {processor.py:914} INFO - Processing file /opt/airflow/dags/driven_data_pipeline.py for tasks to queue
[2025-06-27T23:34:10.570+0000] {logging_mixin.py:190} INFO - [2025-06-27T23:34:10.569+0000] {dagbag.py:588} INFO - Filling up the DagBag from /opt/airflow/dags/driven_data_pipeline.py
[2025-06-27T23:34:10.962+0000] {processor.py:925} INFO - DAG(s) 'extract_raw_data_pipeline' retrieved from /opt/airflow/dags/driven_data_pipeline.py
[2025-06-27T23:34:11.030+0000] {logging_mixin.py:190} INFO - [2025-06-27T23:34:11.030+0000] {dag.py:3239} INFO - Sync 1 DAGs
[2025-06-27T23:34:11.086+0000] {logging_mixin.py:190} INFO - [2025-06-27T23:34:11.085+0000] {dag.py:4180} INFO - Setting next_dagrun for extract_raw_data_pipeline to 2025-06-27 07:59:00+00:00, run_after=2025-06-28 07:00:00+00:00
[2025-06-27T23:34:11.165+0000] {processor.py:208} INFO - Processing /opt/airflow/dags/driven_data_pipeline.py took 0.620 seconds
[2025-06-27T23:34:41.564+0000] {processor.py:186} INFO - Started process (PID=692) to work on /opt/airflow/dags/driven_data_pipeline.py
[2025-06-27T23:34:41.569+0000] {processor.py:914} INFO - Processing file /opt/airflow/dags/driven_data_pipeline.py for tasks to queue
[2025-06-27T23:34:41.579+0000] {logging_mixin.py:190} INFO - [2025-06-27T23:34:41.577+0000] {dagbag.py:588} INFO - Filling up the DagBag from /opt/airflow/dags/driven_data_pipeline.py
[2025-06-27T23:34:42.309+0000] {processor.py:925} INFO - DAG(s) 'extract_raw_data_pipeline' retrieved from /opt/airflow/dags/driven_data_pipeline.py
[2025-06-27T23:34:42.373+0000] {logging_mixin.py:190} INFO - [2025-06-27T23:34:42.372+0000] {dag.py:3239} INFO - Sync 1 DAGs
[2025-06-27T23:34:42.428+0000] {logging_mixin.py:190} INFO - [2025-06-27T23:34:42.428+0000] {dag.py:4180} INFO - Setting next_dagrun for extract_raw_data_pipeline to 2025-06-27 07:59:00+00:00, run_after=2025-06-28 07:00:00+00:00
[2025-06-27T23:34:42.482+0000] {processor.py:208} INFO - Processing /opt/airflow/dags/driven_data_pipeline.py took 0.938 seconds
[2025-06-27T23:35:13.155+0000] {processor.py:186} INFO - Started process (PID=700) to work on /opt/airflow/dags/driven_data_pipeline.py
[2025-06-27T23:35:13.158+0000] {processor.py:914} INFO - Processing file /opt/airflow/dags/driven_data_pipeline.py for tasks to queue
[2025-06-27T23:35:13.168+0000] {logging_mixin.py:190} INFO - [2025-06-27T23:35:13.166+0000] {dagbag.py:588} INFO - Filling up the DagBag from /opt/airflow/dags/driven_data_pipeline.py
[2025-06-27T23:35:13.622+0000] {processor.py:925} INFO - DAG(s) 'extract_raw_data_pipeline' retrieved from /opt/airflow/dags/driven_data_pipeline.py
[2025-06-27T23:35:13.682+0000] {logging_mixin.py:190} INFO - [2025-06-27T23:35:13.681+0000] {dag.py:3239} INFO - Sync 1 DAGs
[2025-06-27T23:35:13.749+0000] {logging_mixin.py:190} INFO - [2025-06-27T23:35:13.748+0000] {dag.py:4180} INFO - Setting next_dagrun for extract_raw_data_pipeline to 2025-06-27 07:59:00+00:00, run_after=2025-06-28 07:00:00+00:00
[2025-06-27T23:35:13.796+0000] {processor.py:208} INFO - Processing /opt/airflow/dags/driven_data_pipeline.py took 0.660 seconds
[2025-06-27T23:35:44.507+0000] {processor.py:186} INFO - Started process (PID=708) to work on /opt/airflow/dags/driven_data_pipeline.py
[2025-06-27T23:35:44.511+0000] {processor.py:914} INFO - Processing file /opt/airflow/dags/driven_data_pipeline.py for tasks to queue
[2025-06-27T23:35:44.519+0000] {logging_mixin.py:190} INFO - [2025-06-27T23:35:44.518+0000] {dagbag.py:588} INFO - Filling up the DagBag from /opt/airflow/dags/driven_data_pipeline.py
[2025-06-27T23:35:45.003+0000] {processor.py:925} INFO - DAG(s) 'extract_raw_data_pipeline' retrieved from /opt/airflow/dags/driven_data_pipeline.py
[2025-06-27T23:35:45.071+0000] {logging_mixin.py:190} INFO - [2025-06-27T23:35:45.071+0000] {dag.py:3239} INFO - Sync 1 DAGs
[2025-06-27T23:35:45.127+0000] {logging_mixin.py:190} INFO - [2025-06-27T23:35:45.126+0000] {dag.py:4180} INFO - Setting next_dagrun for extract_raw_data_pipeline to 2025-06-27 07:59:00+00:00, run_after=2025-06-28 07:00:00+00:00
[2025-06-27T23:35:45.179+0000] {processor.py:208} INFO - Processing /opt/airflow/dags/driven_data_pipeline.py took 0.689 seconds
[2025-06-27T23:36:15.371+0000] {processor.py:186} INFO - Started process (PID=715) to work on /opt/airflow/dags/driven_data_pipeline.py
[2025-06-27T23:36:15.374+0000] {processor.py:914} INFO - Processing file /opt/airflow/dags/driven_data_pipeline.py for tasks to queue
[2025-06-27T23:36:15.381+0000] {logging_mixin.py:190} INFO - [2025-06-27T23:36:15.380+0000] {dagbag.py:588} INFO - Filling up the DagBag from /opt/airflow/dags/driven_data_pipeline.py
[2025-06-27T23:36:15.921+0000] {processor.py:925} INFO - DAG(s) 'extract_raw_data_pipeline' retrieved from /opt/airflow/dags/driven_data_pipeline.py
[2025-06-27T23:36:15.986+0000] {logging_mixin.py:190} INFO - [2025-06-27T23:36:15.986+0000] {dag.py:3239} INFO - Sync 1 DAGs
[2025-06-27T23:36:16.044+0000] {logging_mixin.py:190} INFO - [2025-06-27T23:36:16.043+0000] {dag.py:4180} INFO - Setting next_dagrun for extract_raw_data_pipeline to 2025-06-27 07:59:00+00:00, run_after=2025-06-28 07:00:00+00:00
[2025-06-27T23:36:16.090+0000] {processor.py:208} INFO - Processing /opt/airflow/dags/driven_data_pipeline.py took 0.733 seconds
[2025-06-27T23:36:46.559+0000] {processor.py:186} INFO - Started process (PID=723) to work on /opt/airflow/dags/driven_data_pipeline.py
[2025-06-27T23:36:46.562+0000] {processor.py:914} INFO - Processing file /opt/airflow/dags/driven_data_pipeline.py for tasks to queue
[2025-06-27T23:36:46.569+0000] {logging_mixin.py:190} INFO - [2025-06-27T23:36:46.568+0000] {dagbag.py:588} INFO - Filling up the DagBag from /opt/airflow/dags/driven_data_pipeline.py
[2025-06-27T23:36:48.005+0000] {processor.py:925} INFO - DAG(s) 'extract_raw_data_pipeline' retrieved from /opt/airflow/dags/driven_data_pipeline.py
[2025-06-27T23:36:48.175+0000] {logging_mixin.py:190} INFO - [2025-06-27T23:36:48.175+0000] {dag.py:3239} INFO - Sync 1 DAGs
[2025-06-27T23:36:48.288+0000] {logging_mixin.py:190} INFO - [2025-06-27T23:36:48.288+0000] {dag.py:4180} INFO - Setting next_dagrun for extract_raw_data_pipeline to 2025-06-27 07:59:00+00:00, run_after=2025-06-28 07:00:00+00:00
[2025-06-27T23:36:48.432+0000] {processor.py:208} INFO - Processing /opt/airflow/dags/driven_data_pipeline.py took 1.889 seconds
[2025-06-27T23:37:18.714+0000] {processor.py:186} INFO - Started process (PID=737) to work on /opt/airflow/dags/driven_data_pipeline.py
[2025-06-27T23:37:18.717+0000] {processor.py:914} INFO - Processing file /opt/airflow/dags/driven_data_pipeline.py for tasks to queue
[2025-06-27T23:37:18.724+0000] {logging_mixin.py:190} INFO - [2025-06-27T23:37:18.723+0000] {dagbag.py:588} INFO - Filling up the DagBag from /opt/airflow/dags/driven_data_pipeline.py
[2025-06-27T23:37:19.115+0000] {processor.py:925} INFO - DAG(s) 'extract_raw_data_pipeline' retrieved from /opt/airflow/dags/driven_data_pipeline.py
[2025-06-27T23:37:19.174+0000] {logging_mixin.py:190} INFO - [2025-06-27T23:37:19.173+0000] {dag.py:3239} INFO - Sync 1 DAGs
[2025-06-27T23:37:19.227+0000] {logging_mixin.py:190} INFO - [2025-06-27T23:37:19.226+0000] {dag.py:4180} INFO - Setting next_dagrun for extract_raw_data_pipeline to 2025-06-27 07:59:00+00:00, run_after=2025-06-28 07:00:00+00:00
[2025-06-27T23:37:19.272+0000] {processor.py:208} INFO - Processing /opt/airflow/dags/driven_data_pipeline.py took 0.573 seconds
[2025-06-27T23:37:49.654+0000] {processor.py:186} INFO - Started process (PID=745) to work on /opt/airflow/dags/driven_data_pipeline.py
[2025-06-27T23:37:49.657+0000] {processor.py:914} INFO - Processing file /opt/airflow/dags/driven_data_pipeline.py for tasks to queue
[2025-06-27T23:37:49.664+0000] {logging_mixin.py:190} INFO - [2025-06-27T23:37:49.663+0000] {dagbag.py:588} INFO - Filling up the DagBag from /opt/airflow/dags/driven_data_pipeline.py
[2025-06-27T23:37:50.271+0000] {processor.py:925} INFO - DAG(s) 'extract_raw_data_pipeline' retrieved from /opt/airflow/dags/driven_data_pipeline.py
[2025-06-27T23:37:50.451+0000] {logging_mixin.py:190} INFO - [2025-06-27T23:37:50.451+0000] {dag.py:3239} INFO - Sync 1 DAGs
[2025-06-27T23:37:50.528+0000] {logging_mixin.py:190} INFO - [2025-06-27T23:37:50.527+0000] {dag.py:4180} INFO - Setting next_dagrun for extract_raw_data_pipeline to 2025-06-27 07:59:00+00:00, run_after=2025-06-28 07:00:00+00:00
[2025-06-27T23:37:50.583+0000] {processor.py:208} INFO - Processing /opt/airflow/dags/driven_data_pipeline.py took 0.944 seconds
[2025-06-27T23:38:21.288+0000] {processor.py:186} INFO - Started process (PID=753) to work on /opt/airflow/dags/driven_data_pipeline.py
[2025-06-27T23:38:21.291+0000] {processor.py:914} INFO - Processing file /opt/airflow/dags/driven_data_pipeline.py for tasks to queue
[2025-06-27T23:38:21.298+0000] {logging_mixin.py:190} INFO - [2025-06-27T23:38:21.297+0000] {dagbag.py:588} INFO - Filling up the DagBag from /opt/airflow/dags/driven_data_pipeline.py
[2025-06-27T23:38:21.706+0000] {processor.py:925} INFO - DAG(s) 'extract_raw_data_pipeline' retrieved from /opt/airflow/dags/driven_data_pipeline.py
[2025-06-27T23:38:21.783+0000] {logging_mixin.py:190} INFO - [2025-06-27T23:38:21.782+0000] {dag.py:3239} INFO - Sync 1 DAGs
[2025-06-27T23:38:21.845+0000] {logging_mixin.py:190} INFO - [2025-06-27T23:38:21.845+0000] {dag.py:4180} INFO - Setting next_dagrun for extract_raw_data_pipeline to 2025-06-27 07:59:00+00:00, run_after=2025-06-28 07:00:00+00:00
[2025-06-27T23:38:21.929+0000] {processor.py:208} INFO - Processing /opt/airflow/dags/driven_data_pipeline.py took 0.655 seconds
[2025-06-27T23:38:52.586+0000] {processor.py:186} INFO - Started process (PID=762) to work on /opt/airflow/dags/driven_data_pipeline.py
[2025-06-27T23:38:52.589+0000] {processor.py:914} INFO - Processing file /opt/airflow/dags/driven_data_pipeline.py for tasks to queue
[2025-06-27T23:38:52.596+0000] {logging_mixin.py:190} INFO - [2025-06-27T23:38:52.595+0000] {dagbag.py:588} INFO - Filling up the DagBag from /opt/airflow/dags/driven_data_pipeline.py
[2025-06-27T23:38:53.102+0000] {processor.py:925} INFO - DAG(s) 'extract_raw_data_pipeline' retrieved from /opt/airflow/dags/driven_data_pipeline.py
[2025-06-27T23:38:53.170+0000] {logging_mixin.py:190} INFO - [2025-06-27T23:38:53.169+0000] {dag.py:3239} INFO - Sync 1 DAGs
[2025-06-27T23:38:53.227+0000] {logging_mixin.py:190} INFO - [2025-06-27T23:38:53.227+0000] {dag.py:4180} INFO - Setting next_dagrun for extract_raw_data_pipeline to 2025-06-27 07:59:00+00:00, run_after=2025-06-28 07:00:00+00:00
[2025-06-27T23:38:53.274+0000] {processor.py:208} INFO - Processing /opt/airflow/dags/driven_data_pipeline.py took 0.703 seconds
[2025-06-27T23:39:23.459+0000] {processor.py:186} INFO - Started process (PID=770) to work on /opt/airflow/dags/driven_data_pipeline.py
[2025-06-27T23:39:23.462+0000] {processor.py:914} INFO - Processing file /opt/airflow/dags/driven_data_pipeline.py for tasks to queue
[2025-06-27T23:39:23.470+0000] {logging_mixin.py:190} INFO - [2025-06-27T23:39:23.469+0000] {dagbag.py:588} INFO - Filling up the DagBag from /opt/airflow/dags/driven_data_pipeline.py
[2025-06-27T23:39:23.980+0000] {processor.py:925} INFO - DAG(s) 'extract_raw_data_pipeline' retrieved from /opt/airflow/dags/driven_data_pipeline.py
[2025-06-27T23:39:24.069+0000] {logging_mixin.py:190} INFO - [2025-06-27T23:39:24.068+0000] {dag.py:3239} INFO - Sync 1 DAGs
[2025-06-27T23:39:24.149+0000] {logging_mixin.py:190} INFO - [2025-06-27T23:39:24.148+0000] {dag.py:4180} INFO - Setting next_dagrun for extract_raw_data_pipeline to 2025-06-27 07:59:00+00:00, run_after=2025-06-28 07:00:00+00:00
[2025-06-27T23:39:24.218+0000] {processor.py:208} INFO - Processing /opt/airflow/dags/driven_data_pipeline.py took 0.775 seconds
[2025-06-27T23:39:54.746+0000] {processor.py:186} INFO - Started process (PID=778) to work on /opt/airflow/dags/driven_data_pipeline.py
[2025-06-27T23:39:54.749+0000] {processor.py:914} INFO - Processing file /opt/airflow/dags/driven_data_pipeline.py for tasks to queue
[2025-06-27T23:39:54.757+0000] {logging_mixin.py:190} INFO - [2025-06-27T23:39:54.756+0000] {dagbag.py:588} INFO - Filling up the DagBag from /opt/airflow/dags/driven_data_pipeline.py
[2025-06-27T23:39:55.499+0000] {processor.py:925} INFO - DAG(s) 'extract_raw_data_pipeline' retrieved from /opt/airflow/dags/driven_data_pipeline.py
[2025-06-27T23:39:55.651+0000] {logging_mixin.py:190} INFO - [2025-06-27T23:39:55.650+0000] {dag.py:3239} INFO - Sync 1 DAGs
[2025-06-27T23:39:55.720+0000] {logging_mixin.py:190} INFO - [2025-06-27T23:39:55.719+0000] {dag.py:4180} INFO - Setting next_dagrun for extract_raw_data_pipeline to 2025-06-27 07:59:00+00:00, run_after=2025-06-28 07:00:00+00:00
[2025-06-27T23:39:55.802+0000] {processor.py:208} INFO - Processing /opt/airflow/dags/driven_data_pipeline.py took 1.071 seconds
[2025-06-27T23:40:26.372+0000] {processor.py:186} INFO - Started process (PID=786) to work on /opt/airflow/dags/driven_data_pipeline.py
[2025-06-27T23:40:26.378+0000] {processor.py:914} INFO - Processing file /opt/airflow/dags/driven_data_pipeline.py for tasks to queue
[2025-06-27T23:40:26.385+0000] {logging_mixin.py:190} INFO - [2025-06-27T23:40:26.384+0000] {dagbag.py:588} INFO - Filling up the DagBag from /opt/airflow/dags/driven_data_pipeline.py
[2025-06-27T23:40:26.781+0000] {processor.py:925} INFO - DAG(s) 'extract_raw_data_pipeline' retrieved from /opt/airflow/dags/driven_data_pipeline.py
[2025-06-27T23:40:26.839+0000] {logging_mixin.py:190} INFO - [2025-06-27T23:40:26.839+0000] {dag.py:3239} INFO - Sync 1 DAGs
[2025-06-27T23:40:26.892+0000] {logging_mixin.py:190} INFO - [2025-06-27T23:40:26.891+0000] {dag.py:4180} INFO - Setting next_dagrun for extract_raw_data_pipeline to 2025-06-27 07:59:00+00:00, run_after=2025-06-28 07:00:00+00:00
[2025-06-27T23:40:26.940+0000] {processor.py:208} INFO - Processing /opt/airflow/dags/driven_data_pipeline.py took 0.582 seconds
[2025-06-27T23:40:57.113+0000] {processor.py:186} INFO - Started process (PID=794) to work on /opt/airflow/dags/driven_data_pipeline.py
[2025-06-27T23:40:57.117+0000] {processor.py:914} INFO - Processing file /opt/airflow/dags/driven_data_pipeline.py for tasks to queue
[2025-06-27T23:40:57.123+0000] {logging_mixin.py:190} INFO - [2025-06-27T23:40:57.122+0000] {dagbag.py:588} INFO - Filling up the DagBag from /opt/airflow/dags/driven_data_pipeline.py
[2025-06-27T23:40:57.550+0000] {processor.py:925} INFO - DAG(s) 'extract_raw_data_pipeline' retrieved from /opt/airflow/dags/driven_data_pipeline.py
[2025-06-27T23:40:57.608+0000] {logging_mixin.py:190} INFO - [2025-06-27T23:40:57.608+0000] {dag.py:3239} INFO - Sync 1 DAGs
[2025-06-27T23:40:57.658+0000] {logging_mixin.py:190} INFO - [2025-06-27T23:40:57.657+0000] {dag.py:4180} INFO - Setting next_dagrun for extract_raw_data_pipeline to 2025-06-27 07:59:00+00:00, run_after=2025-06-28 07:00:00+00:00
[2025-06-27T23:40:57.708+0000] {processor.py:208} INFO - Processing /opt/airflow/dags/driven_data_pipeline.py took 0.609 seconds
[2025-06-27T23:41:28.148+0000] {processor.py:186} INFO - Started process (PID=802) to work on /opt/airflow/dags/driven_data_pipeline.py
[2025-06-27T23:41:28.152+0000] {processor.py:914} INFO - Processing file /opt/airflow/dags/driven_data_pipeline.py for tasks to queue
[2025-06-27T23:41:28.178+0000] {logging_mixin.py:190} INFO - [2025-06-27T23:41:28.177+0000] {dagbag.py:588} INFO - Filling up the DagBag from /opt/airflow/dags/driven_data_pipeline.py
[2025-06-27T23:41:28.602+0000] {processor.py:925} INFO - DAG(s) 'extract_raw_data_pipeline' retrieved from /opt/airflow/dags/driven_data_pipeline.py
[2025-06-27T23:41:28.656+0000] {logging_mixin.py:190} INFO - [2025-06-27T23:41:28.656+0000] {dag.py:3239} INFO - Sync 1 DAGs
[2025-06-27T23:41:28.710+0000] {logging_mixin.py:190} INFO - [2025-06-27T23:41:28.709+0000] {dag.py:4180} INFO - Setting next_dagrun for extract_raw_data_pipeline to 2025-06-27 07:59:00+00:00, run_after=2025-06-28 07:00:00+00:00
[2025-06-27T23:41:28.757+0000] {processor.py:208} INFO - Processing /opt/airflow/dags/driven_data_pipeline.py took 0.624 seconds
[2025-06-27T23:41:58.980+0000] {processor.py:186} INFO - Started process (PID=810) to work on /opt/airflow/dags/driven_data_pipeline.py
[2025-06-27T23:41:58.983+0000] {processor.py:914} INFO - Processing file /opt/airflow/dags/driven_data_pipeline.py for tasks to queue
[2025-06-27T23:41:58.990+0000] {logging_mixin.py:190} INFO - [2025-06-27T23:41:58.989+0000] {dagbag.py:588} INFO - Filling up the DagBag from /opt/airflow/dags/driven_data_pipeline.py
[2025-06-27T23:41:59.478+0000] {processor.py:925} INFO - DAG(s) 'extract_raw_data_pipeline' retrieved from /opt/airflow/dags/driven_data_pipeline.py
[2025-06-27T23:41:59.541+0000] {logging_mixin.py:190} INFO - [2025-06-27T23:41:59.540+0000] {dag.py:3239} INFO - Sync 1 DAGs
[2025-06-27T23:41:59.592+0000] {logging_mixin.py:190} INFO - [2025-06-27T23:41:59.591+0000] {dag.py:4180} INFO - Setting next_dagrun for extract_raw_data_pipeline to 2025-06-27 07:59:00+00:00, run_after=2025-06-28 07:00:00+00:00
[2025-06-27T23:41:59.638+0000] {processor.py:208} INFO - Processing /opt/airflow/dags/driven_data_pipeline.py took 0.673 seconds
[2025-06-27T23:42:30.107+0000] {processor.py:186} INFO - Started process (PID=818) to work on /opt/airflow/dags/driven_data_pipeline.py
[2025-06-27T23:42:30.117+0000] {processor.py:914} INFO - Processing file /opt/airflow/dags/driven_data_pipeline.py for tasks to queue
[2025-06-27T23:42:30.151+0000] {logging_mixin.py:190} INFO - [2025-06-27T23:42:30.148+0000] {dagbag.py:588} INFO - Filling up the DagBag from /opt/airflow/dags/driven_data_pipeline.py
[2025-06-27T23:42:31.445+0000] {processor.py:925} INFO - DAG(s) 'extract_raw_data_pipeline' retrieved from /opt/airflow/dags/driven_data_pipeline.py
[2025-06-27T23:42:31.629+0000] {logging_mixin.py:190} INFO - [2025-06-27T23:42:31.628+0000] {dag.py:3239} INFO - Sync 1 DAGs
[2025-06-27T23:42:31.757+0000] {logging_mixin.py:190} INFO - [2025-06-27T23:42:31.757+0000] {dag.py:4180} INFO - Setting next_dagrun for extract_raw_data_pipeline to 2025-06-27 07:59:00+00:00, run_after=2025-06-28 07:00:00+00:00
[2025-06-27T23:42:31.860+0000] {processor.py:208} INFO - Processing /opt/airflow/dags/driven_data_pipeline.py took 1.820 seconds
[2025-06-27T23:43:02.576+0000] {processor.py:186} INFO - Started process (PID=826) to work on /opt/airflow/dags/driven_data_pipeline.py
[2025-06-27T23:43:02.580+0000] {processor.py:914} INFO - Processing file /opt/airflow/dags/driven_data_pipeline.py for tasks to queue
[2025-06-27T23:43:02.587+0000] {logging_mixin.py:190} INFO - [2025-06-27T23:43:02.586+0000] {dagbag.py:588} INFO - Filling up the DagBag from /opt/airflow/dags/driven_data_pipeline.py
[2025-06-27T23:43:03.009+0000] {processor.py:925} INFO - DAG(s) 'extract_raw_data_pipeline' retrieved from /opt/airflow/dags/driven_data_pipeline.py
[2025-06-27T23:43:03.071+0000] {logging_mixin.py:190} INFO - [2025-06-27T23:43:03.070+0000] {dag.py:3239} INFO - Sync 1 DAGs
[2025-06-27T23:43:03.124+0000] {logging_mixin.py:190} INFO - [2025-06-27T23:43:03.123+0000] {dag.py:4180} INFO - Setting next_dagrun for extract_raw_data_pipeline to 2025-06-27 07:59:00+00:00, run_after=2025-06-28 07:00:00+00:00
[2025-06-27T23:43:03.194+0000] {processor.py:208} INFO - Processing /opt/airflow/dags/driven_data_pipeline.py took 0.634 seconds
[2025-06-27T23:43:33.409+0000] {processor.py:186} INFO - Started process (PID=834) to work on /opt/airflow/dags/driven_data_pipeline.py
[2025-06-27T23:43:33.415+0000] {processor.py:914} INFO - Processing file /opt/airflow/dags/driven_data_pipeline.py for tasks to queue
[2025-06-27T23:43:33.426+0000] {logging_mixin.py:190} INFO - [2025-06-27T23:43:33.424+0000] {dagbag.py:588} INFO - Filling up the DagBag from /opt/airflow/dags/driven_data_pipeline.py
[2025-06-27T23:43:33.892+0000] {processor.py:925} INFO - DAG(s) 'extract_raw_data_pipeline' retrieved from /opt/airflow/dags/driven_data_pipeline.py
[2025-06-27T23:43:33.949+0000] {logging_mixin.py:190} INFO - [2025-06-27T23:43:33.949+0000] {dag.py:3239} INFO - Sync 1 DAGs
[2025-06-27T23:43:34.002+0000] {logging_mixin.py:190} INFO - [2025-06-27T23:43:34.001+0000] {dag.py:4180} INFO - Setting next_dagrun for extract_raw_data_pipeline to 2025-06-27 07:59:00+00:00, run_after=2025-06-28 07:00:00+00:00
[2025-06-27T23:43:34.048+0000] {processor.py:208} INFO - Processing /opt/airflow/dags/driven_data_pipeline.py took 0.655 seconds
[2025-06-27T23:44:04.418+0000] {processor.py:186} INFO - Started process (PID=842) to work on /opt/airflow/dags/driven_data_pipeline.py
[2025-06-27T23:44:04.421+0000] {processor.py:914} INFO - Processing file /opt/airflow/dags/driven_data_pipeline.py for tasks to queue
[2025-06-27T23:44:04.429+0000] {logging_mixin.py:190} INFO - [2025-06-27T23:44:04.428+0000] {dagbag.py:588} INFO - Filling up the DagBag from /opt/airflow/dags/driven_data_pipeline.py
[2025-06-27T23:44:04.865+0000] {processor.py:925} INFO - DAG(s) 'extract_raw_data_pipeline' retrieved from /opt/airflow/dags/driven_data_pipeline.py
[2025-06-27T23:44:04.926+0000] {logging_mixin.py:190} INFO - [2025-06-27T23:44:04.926+0000] {dag.py:3239} INFO - Sync 1 DAGs
[2025-06-27T23:44:04.975+0000] {logging_mixin.py:190} INFO - [2025-06-27T23:44:04.974+0000] {dag.py:4180} INFO - Setting next_dagrun for extract_raw_data_pipeline to 2025-06-27 07:59:00+00:00, run_after=2025-06-28 07:00:00+00:00
[2025-06-27T23:44:05.021+0000] {processor.py:208} INFO - Processing /opt/airflow/dags/driven_data_pipeline.py took 0.619 seconds
[2025-06-27T23:44:35.622+0000] {processor.py:186} INFO - Started process (PID=850) to work on /opt/airflow/dags/driven_data_pipeline.py
[2025-06-27T23:44:35.625+0000] {processor.py:914} INFO - Processing file /opt/airflow/dags/driven_data_pipeline.py for tasks to queue
[2025-06-27T23:44:35.632+0000] {logging_mixin.py:190} INFO - [2025-06-27T23:44:35.631+0000] {dagbag.py:588} INFO - Filling up the DagBag from /opt/airflow/dags/driven_data_pipeline.py
[2025-06-27T23:44:36.090+0000] {processor.py:925} INFO - DAG(s) 'extract_raw_data_pipeline' retrieved from /opt/airflow/dags/driven_data_pipeline.py
[2025-06-27T23:44:36.147+0000] {logging_mixin.py:190} INFO - [2025-06-27T23:44:36.147+0000] {dag.py:3239} INFO - Sync 1 DAGs
[2025-06-27T23:44:36.196+0000] {logging_mixin.py:190} INFO - [2025-06-27T23:44:36.196+0000] {dag.py:4180} INFO - Setting next_dagrun for extract_raw_data_pipeline to 2025-06-27 07:59:00+00:00, run_after=2025-06-28 07:00:00+00:00
[2025-06-27T23:44:36.242+0000] {processor.py:208} INFO - Processing /opt/airflow/dags/driven_data_pipeline.py took 0.635 seconds
[2025-06-27T23:45:07.028+0000] {processor.py:186} INFO - Started process (PID=858) to work on /opt/airflow/dags/driven_data_pipeline.py
[2025-06-27T23:45:07.035+0000] {processor.py:914} INFO - Processing file /opt/airflow/dags/driven_data_pipeline.py for tasks to queue
[2025-06-27T23:45:07.050+0000] {logging_mixin.py:190} INFO - [2025-06-27T23:45:07.048+0000] {dagbag.py:588} INFO - Filling up the DagBag from /opt/airflow/dags/driven_data_pipeline.py
[2025-06-27T23:45:07.740+0000] {processor.py:925} INFO - DAG(s) 'extract_raw_data_pipeline' retrieved from /opt/airflow/dags/driven_data_pipeline.py
[2025-06-27T23:45:07.889+0000] {logging_mixin.py:190} INFO - [2025-06-27T23:45:07.888+0000] {dag.py:3239} INFO - Sync 1 DAGs
[2025-06-27T23:45:07.975+0000] {logging_mixin.py:190} INFO - [2025-06-27T23:45:07.975+0000] {dag.py:4180} INFO - Setting next_dagrun for extract_raw_data_pipeline to 2025-06-27 07:59:00+00:00, run_after=2025-06-28 07:00:00+00:00
[2025-06-27T23:45:08.088+0000] {processor.py:208} INFO - Processing /opt/airflow/dags/driven_data_pipeline.py took 1.118 seconds
[2025-06-27T23:45:38.486+0000] {processor.py:186} INFO - Started process (PID=866) to work on /opt/airflow/dags/driven_data_pipeline.py
[2025-06-27T23:45:38.489+0000] {processor.py:914} INFO - Processing file /opt/airflow/dags/driven_data_pipeline.py for tasks to queue
[2025-06-27T23:45:38.496+0000] {logging_mixin.py:190} INFO - [2025-06-27T23:45:38.495+0000] {dagbag.py:588} INFO - Filling up the DagBag from /opt/airflow/dags/driven_data_pipeline.py
[2025-06-27T23:45:38.885+0000] {processor.py:925} INFO - DAG(s) 'extract_raw_data_pipeline' retrieved from /opt/airflow/dags/driven_data_pipeline.py
[2025-06-27T23:45:38.945+0000] {logging_mixin.py:190} INFO - [2025-06-27T23:45:38.944+0000] {dag.py:3239} INFO - Sync 1 DAGs
[2025-06-27T23:45:39.000+0000] {logging_mixin.py:190} INFO - [2025-06-27T23:45:38.999+0000] {dag.py:4180} INFO - Setting next_dagrun for extract_raw_data_pipeline to 2025-06-27 07:59:00+00:00, run_after=2025-06-28 07:00:00+00:00
[2025-06-27T23:45:39.046+0000] {processor.py:208} INFO - Processing /opt/airflow/dags/driven_data_pipeline.py took 0.576 seconds
[2025-06-27T23:46:09.331+0000] {processor.py:186} INFO - Started process (PID=874) to work on /opt/airflow/dags/driven_data_pipeline.py
[2025-06-27T23:46:09.334+0000] {processor.py:914} INFO - Processing file /opt/airflow/dags/driven_data_pipeline.py for tasks to queue
[2025-06-27T23:46:09.341+0000] {logging_mixin.py:190} INFO - [2025-06-27T23:46:09.340+0000] {dagbag.py:588} INFO - Filling up the DagBag from /opt/airflow/dags/driven_data_pipeline.py
[2025-06-27T23:46:09.728+0000] {processor.py:925} INFO - DAG(s) 'extract_raw_data_pipeline' retrieved from /opt/airflow/dags/driven_data_pipeline.py
[2025-06-27T23:46:09.790+0000] {logging_mixin.py:190} INFO - [2025-06-27T23:46:09.789+0000] {dag.py:3239} INFO - Sync 1 DAGs
[2025-06-27T23:46:09.840+0000] {logging_mixin.py:190} INFO - [2025-06-27T23:46:09.839+0000] {dag.py:4180} INFO - Setting next_dagrun for extract_raw_data_pipeline to 2025-06-27 07:59:00+00:00, run_after=2025-06-28 07:00:00+00:00
[2025-06-27T23:46:09.886+0000] {processor.py:208} INFO - Processing /opt/airflow/dags/driven_data_pipeline.py took 0.574 seconds
[2025-06-27T23:46:40.518+0000] {processor.py:186} INFO - Started process (PID=882) to work on /opt/airflow/dags/driven_data_pipeline.py
[2025-06-27T23:46:40.525+0000] {processor.py:914} INFO - Processing file /opt/airflow/dags/driven_data_pipeline.py for tasks to queue
[2025-06-27T23:46:40.535+0000] {logging_mixin.py:190} INFO - [2025-06-27T23:46:40.534+0000] {dagbag.py:588} INFO - Filling up the DagBag from /opt/airflow/dags/driven_data_pipeline.py
[2025-06-27T23:46:41.047+0000] {processor.py:925} INFO - DAG(s) 'extract_raw_data_pipeline' retrieved from /opt/airflow/dags/driven_data_pipeline.py
[2025-06-27T23:46:41.102+0000] {logging_mixin.py:190} INFO - [2025-06-27T23:46:41.102+0000] {dag.py:3239} INFO - Sync 1 DAGs
[2025-06-27T23:46:41.152+0000] {logging_mixin.py:190} INFO - [2025-06-27T23:46:41.151+0000] {dag.py:4180} INFO - Setting next_dagrun for extract_raw_data_pipeline to 2025-06-27 07:59:00+00:00, run_after=2025-06-28 07:00:00+00:00
[2025-06-27T23:46:41.198+0000] {processor.py:208} INFO - Processing /opt/airflow/dags/driven_data_pipeline.py took 0.713 seconds
[2025-06-27T23:47:11.886+0000] {processor.py:186} INFO - Started process (PID=890) to work on /opt/airflow/dags/driven_data_pipeline.py
[2025-06-27T23:47:11.889+0000] {processor.py:914} INFO - Processing file /opt/airflow/dags/driven_data_pipeline.py for tasks to queue
[2025-06-27T23:47:11.896+0000] {logging_mixin.py:190} INFO - [2025-06-27T23:47:11.895+0000] {dagbag.py:588} INFO - Filling up the DagBag from /opt/airflow/dags/driven_data_pipeline.py
[2025-06-27T23:47:12.327+0000] {processor.py:925} INFO - DAG(s) 'extract_raw_data_pipeline' retrieved from /opt/airflow/dags/driven_data_pipeline.py
[2025-06-27T23:47:12.470+0000] {logging_mixin.py:190} INFO - [2025-06-27T23:47:12.469+0000] {dag.py:3239} INFO - Sync 1 DAGs
[2025-06-27T23:47:12.555+0000] {logging_mixin.py:190} INFO - [2025-06-27T23:47:12.554+0000] {dag.py:4180} INFO - Setting next_dagrun for extract_raw_data_pipeline to 2025-06-27 07:59:00+00:00, run_after=2025-06-28 07:00:00+00:00
[2025-06-27T23:47:12.615+0000] {processor.py:208} INFO - Processing /opt/airflow/dags/driven_data_pipeline.py took 0.745 seconds
[2025-06-27T23:47:43.294+0000] {processor.py:186} INFO - Started process (PID=898) to work on /opt/airflow/dags/driven_data_pipeline.py
[2025-06-27T23:47:43.298+0000] {processor.py:914} INFO - Processing file /opt/airflow/dags/driven_data_pipeline.py for tasks to queue
[2025-06-27T23:47:43.305+0000] {logging_mixin.py:190} INFO - [2025-06-27T23:47:43.304+0000] {dagbag.py:588} INFO - Filling up the DagBag from /opt/airflow/dags/driven_data_pipeline.py
[2025-06-27T23:47:43.942+0000] {processor.py:925} INFO - DAG(s) 'extract_raw_data_pipeline' retrieved from /opt/airflow/dags/driven_data_pipeline.py
[2025-06-27T23:47:44.052+0000] {logging_mixin.py:190} INFO - [2025-06-27T23:47:44.051+0000] {dag.py:3239} INFO - Sync 1 DAGs
[2025-06-27T23:47:44.109+0000] {logging_mixin.py:190} INFO - [2025-06-27T23:47:44.109+0000] {dag.py:4180} INFO - Setting next_dagrun for extract_raw_data_pipeline to 2025-06-27 07:59:00+00:00, run_after=2025-06-28 07:00:00+00:00
[2025-06-27T23:47:44.163+0000] {processor.py:208} INFO - Processing /opt/airflow/dags/driven_data_pipeline.py took 0.886 seconds
[2025-06-27T23:48:14.793+0000] {processor.py:186} INFO - Started process (PID=906) to work on /opt/airflow/dags/driven_data_pipeline.py
[2025-06-27T23:48:14.796+0000] {processor.py:914} INFO - Processing file /opt/airflow/dags/driven_data_pipeline.py for tasks to queue
[2025-06-27T23:48:14.803+0000] {logging_mixin.py:190} INFO - [2025-06-27T23:48:14.802+0000] {dagbag.py:588} INFO - Filling up the DagBag from /opt/airflow/dags/driven_data_pipeline.py
[2025-06-27T23:48:15.298+0000] {processor.py:925} INFO - DAG(s) 'extract_raw_data_pipeline' retrieved from /opt/airflow/dags/driven_data_pipeline.py
[2025-06-27T23:48:15.358+0000] {logging_mixin.py:190} INFO - [2025-06-27T23:48:15.357+0000] {dag.py:3239} INFO - Sync 1 DAGs
[2025-06-27T23:48:15.409+0000] {logging_mixin.py:190} INFO - [2025-06-27T23:48:15.408+0000] {dag.py:4180} INFO - Setting next_dagrun for extract_raw_data_pipeline to 2025-06-27 07:59:00+00:00, run_after=2025-06-28 07:00:00+00:00
[2025-06-27T23:48:15.452+0000] {processor.py:208} INFO - Processing /opt/airflow/dags/driven_data_pipeline.py took 0.674 seconds
[2025-06-27T23:48:45.763+0000] {processor.py:186} INFO - Started process (PID=913) to work on /opt/airflow/dags/driven_data_pipeline.py
[2025-06-27T23:48:45.766+0000] {processor.py:914} INFO - Processing file /opt/airflow/dags/driven_data_pipeline.py for tasks to queue
[2025-06-27T23:48:45.774+0000] {logging_mixin.py:190} INFO - [2025-06-27T23:48:45.773+0000] {dagbag.py:588} INFO - Filling up the DagBag from /opt/airflow/dags/driven_data_pipeline.py
[2025-06-27T23:48:46.188+0000] {processor.py:925} INFO - DAG(s) 'extract_raw_data_pipeline' retrieved from /opt/airflow/dags/driven_data_pipeline.py
[2025-06-27T23:48:46.244+0000] {logging_mixin.py:190} INFO - [2025-06-27T23:48:46.243+0000] {dag.py:3239} INFO - Sync 1 DAGs
[2025-06-27T23:48:46.294+0000] {logging_mixin.py:190} INFO - [2025-06-27T23:48:46.293+0000] {dag.py:4180} INFO - Setting next_dagrun for extract_raw_data_pipeline to 2025-06-27 07:59:00+00:00, run_after=2025-06-28 07:00:00+00:00
[2025-06-27T23:48:46.340+0000] {processor.py:208} INFO - Processing /opt/airflow/dags/driven_data_pipeline.py took 0.592 seconds
[2025-06-27T23:49:16.906+0000] {processor.py:186} INFO - Started process (PID=921) to work on /opt/airflow/dags/driven_data_pipeline.py
[2025-06-27T23:49:16.909+0000] {processor.py:914} INFO - Processing file /opt/airflow/dags/driven_data_pipeline.py for tasks to queue
[2025-06-27T23:49:16.916+0000] {logging_mixin.py:190} INFO - [2025-06-27T23:49:16.915+0000] {dagbag.py:588} INFO - Filling up the DagBag from /opt/airflow/dags/driven_data_pipeline.py
[2025-06-27T23:49:17.313+0000] {processor.py:925} INFO - DAG(s) 'extract_raw_data_pipeline' retrieved from /opt/airflow/dags/driven_data_pipeline.py
[2025-06-27T23:49:17.370+0000] {logging_mixin.py:190} INFO - [2025-06-27T23:49:17.369+0000] {dag.py:3239} INFO - Sync 1 DAGs
[2025-06-27T23:49:17.420+0000] {logging_mixin.py:190} INFO - [2025-06-27T23:49:17.419+0000] {dag.py:4180} INFO - Setting next_dagrun for extract_raw_data_pipeline to 2025-06-27 07:59:00+00:00, run_after=2025-06-28 07:00:00+00:00
[2025-06-27T23:49:17.469+0000] {processor.py:208} INFO - Processing /opt/airflow/dags/driven_data_pipeline.py took 0.578 seconds
[2025-06-27T23:49:48.162+0000] {processor.py:186} INFO - Started process (PID=929) to work on /opt/airflow/dags/driven_data_pipeline.py
[2025-06-27T23:49:48.166+0000] {processor.py:914} INFO - Processing file /opt/airflow/dags/driven_data_pipeline.py for tasks to queue
[2025-06-27T23:49:48.173+0000] {logging_mixin.py:190} INFO - [2025-06-27T23:49:48.172+0000] {dagbag.py:588} INFO - Filling up the DagBag from /opt/airflow/dags/driven_data_pipeline.py
[2025-06-27T23:49:48.655+0000] {processor.py:925} INFO - DAG(s) 'extract_raw_data_pipeline' retrieved from /opt/airflow/dags/driven_data_pipeline.py
[2025-06-27T23:49:48.713+0000] {logging_mixin.py:190} INFO - [2025-06-27T23:49:48.712+0000] {dag.py:3239} INFO - Sync 1 DAGs
[2025-06-27T23:49:48.765+0000] {logging_mixin.py:190} INFO - [2025-06-27T23:49:48.764+0000] {dag.py:4180} INFO - Setting next_dagrun for extract_raw_data_pipeline to 2025-06-27 07:59:00+00:00, run_after=2025-06-28 07:00:00+00:00
[2025-06-27T23:49:48.811+0000] {processor.py:208} INFO - Processing /opt/airflow/dags/driven_data_pipeline.py took 0.666 seconds
[2025-06-27T23:50:19.275+0000] {processor.py:186} INFO - Started process (PID=937) to work on /opt/airflow/dags/driven_data_pipeline.py
[2025-06-27T23:50:19.278+0000] {processor.py:914} INFO - Processing file /opt/airflow/dags/driven_data_pipeline.py for tasks to queue
[2025-06-27T23:50:19.285+0000] {logging_mixin.py:190} INFO - [2025-06-27T23:50:19.284+0000] {dagbag.py:588} INFO - Filling up the DagBag from /opt/airflow/dags/driven_data_pipeline.py
[2025-06-27T23:50:19.691+0000] {processor.py:925} INFO - DAG(s) 'extract_raw_data_pipeline' retrieved from /opt/airflow/dags/driven_data_pipeline.py
[2025-06-27T23:50:19.751+0000] {logging_mixin.py:190} INFO - [2025-06-27T23:50:19.750+0000] {dag.py:3239} INFO - Sync 1 DAGs
[2025-06-27T23:50:19.803+0000] {logging_mixin.py:190} INFO - [2025-06-27T23:50:19.802+0000] {dag.py:4180} INFO - Setting next_dagrun for extract_raw_data_pipeline to 2025-06-27 07:59:00+00:00, run_after=2025-06-28 07:00:00+00:00
[2025-06-27T23:50:19.849+0000] {processor.py:208} INFO - Processing /opt/airflow/dags/driven_data_pipeline.py took 0.589 seconds
[2025-06-27T23:50:50.566+0000] {processor.py:186} INFO - Started process (PID=945) to work on /opt/airflow/dags/driven_data_pipeline.py
[2025-06-27T23:50:50.586+0000] {processor.py:914} INFO - Processing file /opt/airflow/dags/driven_data_pipeline.py for tasks to queue
[2025-06-27T23:50:50.669+0000] {logging_mixin.py:190} INFO - [2025-06-27T23:50:50.651+0000] {dagbag.py:588} INFO - Filling up the DagBag from /opt/airflow/dags/driven_data_pipeline.py
[2025-06-27T23:50:51.839+0000] {processor.py:925} INFO - DAG(s) 'extract_raw_data_pipeline' retrieved from /opt/airflow/dags/driven_data_pipeline.py
[2025-06-27T23:50:51.980+0000] {logging_mixin.py:190} INFO - [2025-06-27T23:50:51.980+0000] {dag.py:3239} INFO - Sync 1 DAGs
[2025-06-27T23:50:52.083+0000] {logging_mixin.py:190} INFO - [2025-06-27T23:50:52.082+0000] {dag.py:4180} INFO - Setting next_dagrun for extract_raw_data_pipeline to 2025-06-27 07:59:00+00:00, run_after=2025-06-28 07:00:00+00:00
[2025-06-27T23:50:52.171+0000] {processor.py:208} INFO - Processing /opt/airflow/dags/driven_data_pipeline.py took 1.710 seconds
[2025-06-27T23:51:22.826+0000] {processor.py:186} INFO - Started process (PID=958) to work on /opt/airflow/dags/driven_data_pipeline.py
[2025-06-27T23:51:22.830+0000] {processor.py:914} INFO - Processing file /opt/airflow/dags/driven_data_pipeline.py for tasks to queue
[2025-06-27T23:51:22.841+0000] {logging_mixin.py:190} INFO - [2025-06-27T23:51:22.839+0000] {dagbag.py:588} INFO - Filling up the DagBag from /opt/airflow/dags/driven_data_pipeline.py
[2025-06-27T23:51:23.776+0000] {processor.py:925} INFO - DAG(s) 'extract_raw_data_pipeline' retrieved from /opt/airflow/dags/driven_data_pipeline.py
[2025-06-27T23:51:23.879+0000] {logging_mixin.py:190} INFO - [2025-06-27T23:51:23.878+0000] {dag.py:3239} INFO - Sync 1 DAGs
[2025-06-27T23:51:23.943+0000] {logging_mixin.py:190} INFO - [2025-06-27T23:51:23.942+0000] {dag.py:4180} INFO - Setting next_dagrun for extract_raw_data_pipeline to 2025-06-27 07:59:00+00:00, run_after=2025-06-28 07:00:00+00:00
[2025-06-27T23:51:24.045+0000] {processor.py:208} INFO - Processing /opt/airflow/dags/driven_data_pipeline.py took 1.237 seconds
[2025-06-27T23:51:54.529+0000] {processor.py:186} INFO - Started process (PID=966) to work on /opt/airflow/dags/driven_data_pipeline.py
[2025-06-27T23:51:54.532+0000] {processor.py:914} INFO - Processing file /opt/airflow/dags/driven_data_pipeline.py for tasks to queue
[2025-06-27T23:51:54.539+0000] {logging_mixin.py:190} INFO - [2025-06-27T23:51:54.538+0000] {dagbag.py:588} INFO - Filling up the DagBag from /opt/airflow/dags/driven_data_pipeline.py
[2025-06-27T23:51:54.955+0000] {processor.py:925} INFO - DAG(s) 'extract_raw_data_pipeline' retrieved from /opt/airflow/dags/driven_data_pipeline.py
[2025-06-27T23:51:55.013+0000] {logging_mixin.py:190} INFO - [2025-06-27T23:51:55.013+0000] {dag.py:3239} INFO - Sync 1 DAGs
[2025-06-27T23:51:55.066+0000] {logging_mixin.py:190} INFO - [2025-06-27T23:51:55.066+0000] {dag.py:4180} INFO - Setting next_dagrun for extract_raw_data_pipeline to 2025-06-27 07:59:00+00:00, run_after=2025-06-28 07:00:00+00:00
[2025-06-27T23:51:55.114+0000] {processor.py:208} INFO - Processing /opt/airflow/dags/driven_data_pipeline.py took 0.599 seconds
[2025-06-27T23:52:25.844+0000] {processor.py:186} INFO - Started process (PID=974) to work on /opt/airflow/dags/driven_data_pipeline.py
[2025-06-27T23:52:25.847+0000] {processor.py:914} INFO - Processing file /opt/airflow/dags/driven_data_pipeline.py for tasks to queue
[2025-06-27T23:52:25.856+0000] {logging_mixin.py:190} INFO - [2025-06-27T23:52:25.855+0000] {dagbag.py:588} INFO - Filling up the DagBag from /opt/airflow/dags/driven_data_pipeline.py
[2025-06-27T23:52:26.259+0000] {processor.py:925} INFO - DAG(s) 'extract_raw_data_pipeline' retrieved from /opt/airflow/dags/driven_data_pipeline.py
[2025-06-27T23:52:26.319+0000] {logging_mixin.py:190} INFO - [2025-06-27T23:52:26.318+0000] {dag.py:3239} INFO - Sync 1 DAGs
[2025-06-27T23:52:26.376+0000] {logging_mixin.py:190} INFO - [2025-06-27T23:52:26.376+0000] {dag.py:4180} INFO - Setting next_dagrun for extract_raw_data_pipeline to 2025-06-27 07:59:00+00:00, run_after=2025-06-28 07:00:00+00:00
[2025-06-27T23:52:26.426+0000] {processor.py:208} INFO - Processing /opt/airflow/dags/driven_data_pipeline.py took 0.598 seconds
[2025-06-27T23:52:56.760+0000] {processor.py:186} INFO - Started process (PID=982) to work on /opt/airflow/dags/driven_data_pipeline.py
[2025-06-27T23:52:56.763+0000] {processor.py:914} INFO - Processing file /opt/airflow/dags/driven_data_pipeline.py for tasks to queue
[2025-06-27T23:52:56.770+0000] {logging_mixin.py:190} INFO - [2025-06-27T23:52:56.769+0000] {dagbag.py:588} INFO - Filling up the DagBag from /opt/airflow/dags/driven_data_pipeline.py
[2025-06-27T23:52:57.161+0000] {processor.py:925} INFO - DAG(s) 'extract_raw_data_pipeline' retrieved from /opt/airflow/dags/driven_data_pipeline.py
[2025-06-27T23:52:57.218+0000] {logging_mixin.py:190} INFO - [2025-06-27T23:52:57.217+0000] {dag.py:3239} INFO - Sync 1 DAGs
[2025-06-27T23:52:57.271+0000] {logging_mixin.py:190} INFO - [2025-06-27T23:52:57.270+0000] {dag.py:4180} INFO - Setting next_dagrun for extract_raw_data_pipeline to 2025-06-27 07:59:00+00:00, run_after=2025-06-28 07:00:00+00:00
[2025-06-27T23:52:57.322+0000] {processor.py:208} INFO - Processing /opt/airflow/dags/driven_data_pipeline.py took 0.578 seconds
[2025-06-27T23:53:27.637+0000] {processor.py:186} INFO - Started process (PID=989) to work on /opt/airflow/dags/driven_data_pipeline.py
[2025-06-27T23:53:27.640+0000] {processor.py:914} INFO - Processing file /opt/airflow/dags/driven_data_pipeline.py for tasks to queue
[2025-06-27T23:53:27.647+0000] {logging_mixin.py:190} INFO - [2025-06-27T23:53:27.646+0000] {dagbag.py:588} INFO - Filling up the DagBag from /opt/airflow/dags/driven_data_pipeline.py
[2025-06-27T23:53:28.482+0000] {processor.py:925} INFO - DAG(s) 'extract_raw_data_pipeline' retrieved from /opt/airflow/dags/driven_data_pipeline.py
[2025-06-27T23:53:28.546+0000] {logging_mixin.py:190} INFO - [2025-06-27T23:53:28.545+0000] {dag.py:3239} INFO - Sync 1 DAGs
[2025-06-27T23:53:28.608+0000] {logging_mixin.py:190} INFO - [2025-06-27T23:53:28.607+0000] {dag.py:4180} INFO - Setting next_dagrun for extract_raw_data_pipeline to 2025-06-27 07:59:00+00:00, run_after=2025-06-28 07:00:00+00:00
[2025-06-27T23:53:28.656+0000] {processor.py:208} INFO - Processing /opt/airflow/dags/driven_data_pipeline.py took 1.035 seconds
[2025-06-27T23:53:59.451+0000] {processor.py:186} INFO - Started process (PID=997) to work on /opt/airflow/dags/driven_data_pipeline.py
[2025-06-27T23:53:59.461+0000] {processor.py:914} INFO - Processing file /opt/airflow/dags/driven_data_pipeline.py for tasks to queue
[2025-06-27T23:53:59.484+0000] {logging_mixin.py:190} INFO - [2025-06-27T23:53:59.483+0000] {dagbag.py:588} INFO - Filling up the DagBag from /opt/airflow/dags/driven_data_pipeline.py
[2025-06-27T23:54:00.655+0000] {processor.py:925} INFO - DAG(s) 'extract_raw_data_pipeline' retrieved from /opt/airflow/dags/driven_data_pipeline.py
[2025-06-27T23:54:00.958+0000] {logging_mixin.py:190} INFO - [2025-06-27T23:54:00.943+0000] {dag.py:3239} INFO - Sync 1 DAGs
[2025-06-27T23:54:01.246+0000] {logging_mixin.py:190} INFO - [2025-06-27T23:54:01.245+0000] {dag.py:4180} INFO - Setting next_dagrun for extract_raw_data_pipeline to 2025-06-27 07:59:00+00:00, run_after=2025-06-28 07:00:00+00:00
[2025-06-27T23:54:01.349+0000] {processor.py:208} INFO - Processing /opt/airflow/dags/driven_data_pipeline.py took 1.945 seconds
[2025-06-27T23:54:32.064+0000] {processor.py:186} INFO - Started process (PID=1005) to work on /opt/airflow/dags/driven_data_pipeline.py
[2025-06-27T23:54:32.071+0000] {processor.py:914} INFO - Processing file /opt/airflow/dags/driven_data_pipeline.py for tasks to queue
[2025-06-27T23:54:32.089+0000] {logging_mixin.py:190} INFO - [2025-06-27T23:54:32.083+0000] {dagbag.py:588} INFO - Filling up the DagBag from /opt/airflow/dags/driven_data_pipeline.py
[2025-06-27T23:54:32.556+0000] {processor.py:925} INFO - DAG(s) 'extract_raw_data_pipeline' retrieved from /opt/airflow/dags/driven_data_pipeline.py
[2025-06-27T23:54:32.636+0000] {logging_mixin.py:190} INFO - [2025-06-27T23:54:32.636+0000] {dag.py:3239} INFO - Sync 1 DAGs
[2025-06-27T23:54:32.801+0000] {logging_mixin.py:190} INFO - [2025-06-27T23:54:32.797+0000] {dag.py:4180} INFO - Setting next_dagrun for extract_raw_data_pipeline to 2025-06-27 07:59:00+00:00, run_after=2025-06-28 07:00:00+00:00
[2025-06-27T23:54:32.984+0000] {processor.py:208} INFO - Processing /opt/airflow/dags/driven_data_pipeline.py took 0.961 seconds
[2025-06-27T23:55:03.695+0000] {processor.py:186} INFO - Started process (PID=1012) to work on /opt/airflow/dags/driven_data_pipeline.py
[2025-06-27T23:55:03.698+0000] {processor.py:914} INFO - Processing file /opt/airflow/dags/driven_data_pipeline.py for tasks to queue
[2025-06-27T23:55:03.705+0000] {logging_mixin.py:190} INFO - [2025-06-27T23:55:03.704+0000] {dagbag.py:588} INFO - Filling up the DagBag from /opt/airflow/dags/driven_data_pipeline.py
[2025-06-27T23:55:04.253+0000] {processor.py:925} INFO - DAG(s) 'extract_raw_data_pipeline' retrieved from /opt/airflow/dags/driven_data_pipeline.py
[2025-06-27T23:55:04.310+0000] {logging_mixin.py:190} INFO - [2025-06-27T23:55:04.310+0000] {dag.py:3239} INFO - Sync 1 DAGs
[2025-06-27T23:55:04.369+0000] {logging_mixin.py:190} INFO - [2025-06-27T23:55:04.368+0000] {dag.py:4180} INFO - Setting next_dagrun for extract_raw_data_pipeline to 2025-06-27 07:59:00+00:00, run_after=2025-06-28 07:00:00+00:00
[2025-06-27T23:55:04.415+0000] {processor.py:208} INFO - Processing /opt/airflow/dags/driven_data_pipeline.py took 0.735 seconds
[2025-06-27T23:55:35.053+0000] {processor.py:186} INFO - Started process (PID=1020) to work on /opt/airflow/dags/driven_data_pipeline.py
[2025-06-27T23:55:35.057+0000] {processor.py:914} INFO - Processing file /opt/airflow/dags/driven_data_pipeline.py for tasks to queue
[2025-06-27T23:55:35.064+0000] {logging_mixin.py:190} INFO - [2025-06-27T23:55:35.063+0000] {dagbag.py:588} INFO - Filling up the DagBag from /opt/airflow/dags/driven_data_pipeline.py
[2025-06-27T23:55:35.461+0000] {processor.py:925} INFO - DAG(s) 'extract_raw_data_pipeline' retrieved from /opt/airflow/dags/driven_data_pipeline.py
[2025-06-27T23:55:35.519+0000] {logging_mixin.py:190} INFO - [2025-06-27T23:55:35.518+0000] {dag.py:3239} INFO - Sync 1 DAGs
[2025-06-27T23:55:35.569+0000] {logging_mixin.py:190} INFO - [2025-06-27T23:55:35.568+0000] {dag.py:4180} INFO - Setting next_dagrun for extract_raw_data_pipeline to 2025-06-27 07:59:00+00:00, run_after=2025-06-28 07:00:00+00:00
[2025-06-27T23:55:35.619+0000] {processor.py:208} INFO - Processing /opt/airflow/dags/driven_data_pipeline.py took 0.581 seconds
[2025-06-27T23:56:05.948+0000] {processor.py:186} INFO - Started process (PID=1028) to work on /opt/airflow/dags/driven_data_pipeline.py
[2025-06-27T23:56:05.951+0000] {processor.py:914} INFO - Processing file /opt/airflow/dags/driven_data_pipeline.py for tasks to queue
[2025-06-27T23:56:05.959+0000] {logging_mixin.py:190} INFO - [2025-06-27T23:56:05.958+0000] {dagbag.py:588} INFO - Filling up the DagBag from /opt/airflow/dags/driven_data_pipeline.py
[2025-06-27T23:56:06.356+0000] {processor.py:925} INFO - DAG(s) 'extract_raw_data_pipeline' retrieved from /opt/airflow/dags/driven_data_pipeline.py
[2025-06-27T23:56:06.419+0000] {logging_mixin.py:190} INFO - [2025-06-27T23:56:06.418+0000] {dag.py:3239} INFO - Sync 1 DAGs
[2025-06-27T23:56:06.470+0000] {logging_mixin.py:190} INFO - [2025-06-27T23:56:06.470+0000] {dag.py:4180} INFO - Setting next_dagrun for extract_raw_data_pipeline to 2025-06-27 07:59:00+00:00, run_after=2025-06-28 07:00:00+00:00
[2025-06-27T23:56:06.516+0000] {processor.py:208} INFO - Processing /opt/airflow/dags/driven_data_pipeline.py took 0.583 seconds
[2025-06-27T23:56:36.981+0000] {processor.py:186} INFO - Started process (PID=1036) to work on /opt/airflow/dags/driven_data_pipeline.py
[2025-06-27T23:56:36.986+0000] {processor.py:914} INFO - Processing file /opt/airflow/dags/driven_data_pipeline.py for tasks to queue
[2025-06-27T23:56:36.995+0000] {logging_mixin.py:190} INFO - [2025-06-27T23:56:36.993+0000] {dagbag.py:588} INFO - Filling up the DagBag from /opt/airflow/dags/driven_data_pipeline.py
[2025-06-27T23:56:37.638+0000] {processor.py:925} INFO - DAG(s) 'extract_raw_data_pipeline' retrieved from /opt/airflow/dags/driven_data_pipeline.py
[2025-06-27T23:56:37.699+0000] {logging_mixin.py:190} INFO - [2025-06-27T23:56:37.698+0000] {dag.py:3239} INFO - Sync 1 DAGs
[2025-06-27T23:56:37.751+0000] {logging_mixin.py:190} INFO - [2025-06-27T23:56:37.750+0000] {dag.py:4180} INFO - Setting next_dagrun for extract_raw_data_pipeline to 2025-06-27 07:59:00+00:00, run_after=2025-06-28 07:00:00+00:00
[2025-06-27T23:56:37.797+0000] {processor.py:208} INFO - Processing /opt/airflow/dags/driven_data_pipeline.py took 0.835 seconds
[2025-06-27T23:57:08.426+0000] {processor.py:186} INFO - Started process (PID=1044) to work on /opt/airflow/dags/driven_data_pipeline.py
[2025-06-27T23:57:08.429+0000] {processor.py:914} INFO - Processing file /opt/airflow/dags/driven_data_pipeline.py for tasks to queue
[2025-06-27T23:57:08.436+0000] {logging_mixin.py:190} INFO - [2025-06-27T23:57:08.435+0000] {dagbag.py:588} INFO - Filling up the DagBag from /opt/airflow/dags/driven_data_pipeline.py
[2025-06-27T23:57:09.045+0000] {processor.py:925} INFO - DAG(s) 'extract_raw_data_pipeline' retrieved from /opt/airflow/dags/driven_data_pipeline.py
[2025-06-27T23:57:09.101+0000] {logging_mixin.py:190} INFO - [2025-06-27T23:57:09.100+0000] {dag.py:3239} INFO - Sync 1 DAGs
[2025-06-27T23:57:09.154+0000] {logging_mixin.py:190} INFO - [2025-06-27T23:57:09.154+0000] {dag.py:4180} INFO - Setting next_dagrun for extract_raw_data_pipeline to 2025-06-27 07:59:00+00:00, run_after=2025-06-28 07:00:00+00:00
[2025-06-27T23:57:09.199+0000] {processor.py:208} INFO - Processing /opt/airflow/dags/driven_data_pipeline.py took 0.788 seconds
[2025-06-27T23:57:39.906+0000] {processor.py:186} INFO - Started process (PID=1051) to work on /opt/airflow/dags/driven_data_pipeline.py
[2025-06-27T23:57:39.909+0000] {processor.py:914} INFO - Processing file /opt/airflow/dags/driven_data_pipeline.py for tasks to queue
[2025-06-27T23:57:39.917+0000] {logging_mixin.py:190} INFO - [2025-06-27T23:57:39.916+0000] {dagbag.py:588} INFO - Filling up the DagBag from /opt/airflow/dags/driven_data_pipeline.py
[2025-06-27T23:57:40.454+0000] {processor.py:925} INFO - DAG(s) 'extract_raw_data_pipeline' retrieved from /opt/airflow/dags/driven_data_pipeline.py
[2025-06-27T23:57:40.521+0000] {logging_mixin.py:190} INFO - [2025-06-27T23:57:40.521+0000] {dag.py:3239} INFO - Sync 1 DAGs
[2025-06-27T23:57:40.578+0000] {logging_mixin.py:190} INFO - [2025-06-27T23:57:40.577+0000] {dag.py:4180} INFO - Setting next_dagrun for extract_raw_data_pipeline to 2025-06-27 07:59:00+00:00, run_after=2025-06-28 07:00:00+00:00
[2025-06-27T23:57:40.628+0000] {processor.py:208} INFO - Processing /opt/airflow/dags/driven_data_pipeline.py took 0.753 seconds
[2025-06-27T23:58:11.279+0000] {processor.py:186} INFO - Started process (PID=1059) to work on /opt/airflow/dags/driven_data_pipeline.py
[2025-06-27T23:58:11.281+0000] {processor.py:914} INFO - Processing file /opt/airflow/dags/driven_data_pipeline.py for tasks to queue
[2025-06-27T23:58:11.289+0000] {logging_mixin.py:190} INFO - [2025-06-27T23:58:11.287+0000] {dagbag.py:588} INFO - Filling up the DagBag from /opt/airflow/dags/driven_data_pipeline.py
[2025-06-27T23:58:11.689+0000] {processor.py:925} INFO - DAG(s) 'extract_raw_data_pipeline' retrieved from /opt/airflow/dags/driven_data_pipeline.py
[2025-06-27T23:58:11.746+0000] {logging_mixin.py:190} INFO - [2025-06-27T23:58:11.746+0000] {dag.py:3239} INFO - Sync 1 DAGs
[2025-06-27T23:58:11.799+0000] {logging_mixin.py:190} INFO - [2025-06-27T23:58:11.798+0000] {dag.py:4180} INFO - Setting next_dagrun for extract_raw_data_pipeline to 2025-06-27 07:59:00+00:00, run_after=2025-06-28 07:00:00+00:00
[2025-06-27T23:58:11.845+0000] {processor.py:208} INFO - Processing /opt/airflow/dags/driven_data_pipeline.py took 0.583 seconds
[2025-06-27T23:58:42.332+0000] {processor.py:186} INFO - Started process (PID=1066) to work on /opt/airflow/dags/driven_data_pipeline.py
[2025-06-27T23:58:42.335+0000] {processor.py:914} INFO - Processing file /opt/airflow/dags/driven_data_pipeline.py for tasks to queue
[2025-06-27T23:58:42.343+0000] {logging_mixin.py:190} INFO - [2025-06-27T23:58:42.341+0000] {dagbag.py:588} INFO - Filling up the DagBag from /opt/airflow/dags/driven_data_pipeline.py
[2025-06-27T23:58:42.753+0000] {processor.py:925} INFO - DAG(s) 'extract_raw_data_pipeline' retrieved from /opt/airflow/dags/driven_data_pipeline.py
[2025-06-27T23:58:42.828+0000] {logging_mixin.py:190} INFO - [2025-06-27T23:58:42.828+0000] {dag.py:3239} INFO - Sync 1 DAGs
[2025-06-27T23:58:42.909+0000] {logging_mixin.py:190} INFO - [2025-06-27T23:58:42.909+0000] {dag.py:4180} INFO - Setting next_dagrun for extract_raw_data_pipeline to 2025-06-27 07:59:00+00:00, run_after=2025-06-28 07:00:00+00:00
[2025-06-27T23:58:43.040+0000] {processor.py:208} INFO - Processing /opt/airflow/dags/driven_data_pipeline.py took 0.723 seconds
[2025-06-27T23:59:13.971+0000] {processor.py:186} INFO - Started process (PID=1073) to work on /opt/airflow/dags/driven_data_pipeline.py
[2025-06-27T23:59:13.974+0000] {processor.py:914} INFO - Processing file /opt/airflow/dags/driven_data_pipeline.py for tasks to queue
[2025-06-27T23:59:13.982+0000] {logging_mixin.py:190} INFO - [2025-06-27T23:59:13.981+0000] {dagbag.py:588} INFO - Filling up the DagBag from /opt/airflow/dags/driven_data_pipeline.py
[2025-06-27T23:59:14.522+0000] {processor.py:925} INFO - DAG(s) 'extract_raw_data_pipeline' retrieved from /opt/airflow/dags/driven_data_pipeline.py
[2025-06-27T23:59:14.580+0000] {logging_mixin.py:190} INFO - [2025-06-27T23:59:14.579+0000] {dag.py:3239} INFO - Sync 1 DAGs
[2025-06-27T23:59:14.632+0000] {logging_mixin.py:190} INFO - [2025-06-27T23:59:14.632+0000] {dag.py:4180} INFO - Setting next_dagrun for extract_raw_data_pipeline to 2025-06-27 07:59:00+00:00, run_after=2025-06-28 07:00:00+00:00
[2025-06-27T23:59:14.679+0000] {processor.py:208} INFO - Processing /opt/airflow/dags/driven_data_pipeline.py took 0.744 seconds
[2025-06-27T23:59:45.470+0000] {processor.py:186} INFO - Started process (PID=1081) to work on /opt/airflow/dags/driven_data_pipeline.py
[2025-06-27T23:59:45.474+0000] {processor.py:914} INFO - Processing file /opt/airflow/dags/driven_data_pipeline.py for tasks to queue
[2025-06-27T23:59:45.481+0000] {logging_mixin.py:190} INFO - [2025-06-27T23:59:45.480+0000] {dagbag.py:588} INFO - Filling up the DagBag from /opt/airflow/dags/driven_data_pipeline.py
[2025-06-27T23:59:45.886+0000] {processor.py:925} INFO - DAG(s) 'extract_raw_data_pipeline' retrieved from /opt/airflow/dags/driven_data_pipeline.py
[2025-06-27T23:59:45.956+0000] {logging_mixin.py:190} INFO - [2025-06-27T23:59:45.955+0000] {dag.py:3239} INFO - Sync 1 DAGs
[2025-06-27T23:59:46.007+0000] {logging_mixin.py:190} INFO - [2025-06-27T23:59:46.007+0000] {dag.py:4180} INFO - Setting next_dagrun for extract_raw_data_pipeline to 2025-06-27 07:59:00+00:00, run_after=2025-06-28 07:00:00+00:00
[2025-06-27T23:59:46.057+0000] {processor.py:208} INFO - Processing /opt/airflow/dags/driven_data_pipeline.py took 0.602 seconds
